g Face
v -0.0257376656 1.3671881 0.0653123856
v -0.0314322375 1.3733052 0.0653277636
v -0.0305629745 1.3721354 0.0648657009
v -0.0658462495 1.36971283 0.0566551574
v -0.0676131397 1.36625481 0.0536177419
v -0.0672834888 1.36664653 0.0543445684
v -0.0376759917 1.37284052 0.0694409907
v -0.0368525609 1.37296999 0.0692659393
v -0.0361198671 1.37254167 0.0689587221
v 0.0257376656 1.3671881 0.0653123856
v 0.0305629745 1.3721354 0.0648657009
v 0.0314322375 1.3733052 0.0653277636
v 0.0658462495 1.36971283 0.0566551574
v 0.0672834888 1.36664653 0.0543445684
v 0.0676131472 1.36625481 0.0536177419
v 0.0376759917 1.37284052 0.0694409907
v 0.0361198671 1.37254167 0.0689587221
v 0.0368525609 1.37296999 0.0692659393
v 0.0222196449 1.32655025 0.0620899424
v 0.0222196449 1.32655025 0.0620899461
v 0.0222196449 1.32655025 0.0620899387
v 0.0222196411 1.32655025 0.0620899387
v 0.0222196449 1.32655025 0.0620899424
v 0.0222196449 1.32655025 0.0620899387
v -0.0222197473 1.32655025 0.0620899424
v -0.0222197473 1.32655025 0.0620899387
v -0.0222197473 1.32655025 0.0620899461
v -0.037336424 1.33642077 0.032929901
v -0.0375729278 1.3353647 0.032756675
v -0.0347401127 1.33609128 0.0322142504
v -0.0569471307 1.3375603 0.0291425698
v -0.0547070354 1.33656847 0.0302909911
v -0.0545044877 1.33757675 0.0302665029
v -0.0356381349 1.3786366 0.0280492399
v -0.0359375551 1.37783766 0.028752923
v -0.0326377712 1.37767112 0.0276759565
v -0.0590937994 1.37810147 0.0259265695
v -0.0563578159 1.37814283 0.0272876024
v -0.0561156459 1.37876451 0.0264939014
v 0.037336424 1.33642077 0.032929901
v 0.0347401127 1.33609128 0.0322142504
v 0.0375729278 1.3353647 0.032756675
v 0.0569471307 1.3375603 0.0291425698
v 0.0545044877 1.33757675 0.0302665029
v 0.0547070354 1.33656847 0.0302909911
v 0.0356381349 1.3786366 0.0280492399
v 0.0326377712 1.37767112 0.0276759565
v 0.0359375551 1.37783766 0.028752923
v 0.0590937994 1.37810147 0.0259265695
v 0.0561156459 1.37876451 0.0264939014
v 0.0563578159 1.37814283 0.0272876024
v -0.0714942217 1.35678041 0.0502089262
v -0.0690468848 1.35602641 0.0509023406
v -0.0694990829 1.3596139 0.0508514978
v -0.0718330443 1.36019421 0.0500867702
v -0.0689706281 1.36457491 0.0525647067
v -0.0714139044 1.36380446 0.0514724627
v -0.0750153735 1.36127937 0.049455788
v -0.0754523054 1.35912681 0.0495100357
v -0.0748209804 1.36348403 0.0501772389
v -0.0775562897 1.36179781 0.0497643352
v -0.0773890987 1.36276734 0.0496390052
v -0.0771855786 1.36367583 0.0501040444
v -0.0782562122 1.36371827 0.0503957942
v -0.0216616504 1.36148083 0.0650413409
v -0.0184748247 1.35896921 0.0660167411
v -0.0211318769 1.36202693 0.0652941316
v -0.0236255303 1.36299026 0.0648308024
v -0.0230362453 1.36408591 0.0651633143
v -0.0257376656 1.3671881 0.0653123856
v -0.0265779365 1.36537075 0.0647375509
v -0.0298614446 1.36799586 0.0648058578
v -0.0305629745 1.3721354 0.0648657009
v -0.0338922963 1.37578106 0.0663832575
v -0.0335368514 1.37066376 0.0648899674
v -0.0314351581 1.37449276 0.0655888543
v -0.0364358984 1.37704742 0.0668871179
v -0.0263005011 1.37084603 0.0653753653
v -0.036362756 1.37203157 0.06495516
v -0.0266535152 1.37029672 0.0654376522
v -0.0388106257 1.37805021 0.0670468435
v -0.0225482415 1.36827409 0.0654956102
v -0.0228506513 1.36812294 0.0656846687
v -0.0188441481 1.36581326 0.0663874149
v -0.0383538231 1.37268448 0.0650037155
v -0.0420885608 1.37900698 0.0669970438
v -0.0405269042 1.37302864 0.064924404
v -0.043656569 1.37324536 0.0646728128
v -0.0455079637 1.37913978 0.0665464774
v -0.049155388 1.37862444 0.0657637641
v -0.0468352698 1.37296844 0.0643069148
v -0.0512087792 1.37190366 0.0633269846
v -0.0532678887 1.37744796 0.0643349811
v -0.0549246594 1.37051296 0.0617040321
v -0.057143338 1.37553251 0.0622465424
v -0.0579373837 1.3688482 0.0600649789
v -0.0612720512 1.37303507 0.05979589
v -0.0641690418 1.37029481 0.057494726
v -0.0609013438 1.36637414 0.0580389909
v -0.0632864609 1.36369228 0.0560254604
v -0.0676131397 1.36625481 0.0536177419
v -0.0672834888 1.36664653 0.0543445684
v -0.0689706281 1.36457491 0.0525647067
v -0.0647925287 1.36096692 0.0542734787
v -0.0683925822 1.36647868 0.0533780977
v -0.0694990829 1.3596139 0.0508514978
v -0.0653880984 1.35840738 0.0533601306
v -0.0664898977 1.37044191 0.0558079891
v -0.0658462495 1.36971283 0.0566551574
v -0.0655588582 1.3564837 0.0529545285
v -0.0690468848 1.35602641 0.0509023406
v -0.0631599948 1.37360168 0.0593623668
v -0.0636895373 1.37451005 0.0588090308
v -0.0680078194 1.35308909 0.0512094088
v -0.0655261576 1.35480571 0.0526274107
v -0.0596705787 1.37816024 0.0617535338
v -0.0594055727 1.37721264 0.0619898401
v -0.0653385967 1.3533355 0.0525601804
v -0.0672023222 1.35130525 0.0515243933
v -0.0664207563 1.34984887 0.0518059805
v -0.0648004487 1.35086524 0.0526006483
v -0.0649506003 1.3477695 0.0526353009
v -0.0637727305 1.34803545 0.0528933257
v -0.0633105189 1.34598124 0.0536785498
v -0.0629736036 1.34639442 0.0534800626
v -0.0616582558 1.34443235 0.0545287915
v -0.0560757779 1.37937975 0.0635775402
v -0.0561777689 1.3801496 0.0633138567
v -0.0521533899 1.38187647 0.0651731789
v -0.0520990789 1.38147092 0.0654863641
v -0.0477003269 1.38267756 0.0669773966
v -0.0616582558 1.34443235 0.0545287915
v -0.0630269498 1.34604537 0.054040201
v -0.0629736036 1.34639442 0.0534800626
v -0.0643856898 1.34789288 0.0536277369
v -0.0637727305 1.34803545 0.0528933257
v -0.0658361614 1.35015726 0.05309131
v -0.0648004487 1.35086524 0.0526006483
v -0.0667194128 1.352054 0.0529461838
v -0.0653385967 1.3533355 0.0525601804
v -0.0672946572 1.35413814 0.0530252866
v -0.0655261576 1.35480571 0.0526274107
v -0.0655588582 1.3564837 0.0529545285
v -0.0649506003 1.3477695 0.0526353009
v -0.0633105189 1.34598124 0.0536785498
v -0.0616582558 1.34443235 0.0545287915
v -0.0664207563 1.34984887 0.0518059805
v -0.0672023222 1.35130525 0.0515243933
v -0.0680078194 1.35308909 0.0512094088
v -0.0690468848 1.35602641 0.0509023406
v -0.0680726916 1.35725307 0.0535516106
v -0.0714942217 1.35678041 0.0502089262
v -0.0682021752 1.35948288 0.0548727214
v -0.0714797005 1.36004472 0.0534006022
v -0.0677494109 1.362028 0.0565432198
v -0.0682684779 1.3636868 0.0547937714
v -0.0653880984 1.35840738 0.0533601306
v -0.0647925287 1.36096692 0.0542734787
v -0.0632864609 1.36369228 0.0560254604
v -0.0653161407 1.36600184 0.0601812825
v -0.0626428276 1.36855066 0.0628308505
v -0.0609013438 1.36637414 0.0580389909
v -0.0579373837 1.3688482 0.0600649789
v -0.0601603352 1.37025309 0.0646841452
v -0.0563606955 1.37199736 0.0666619018
v -0.0549246594 1.37051296 0.0617040321
v -0.0529601388 1.37314796 0.0682846978
v -0.0512087792 1.37190366 0.0633269846
v -0.0475906171 1.3733722 0.0667695925
v -0.0468352698 1.37296844 0.0643069148
v -0.0434561856 1.37309551 0.0661205947
v -0.043656569 1.37324536 0.0646728128
v -0.0431605056 1.37099099 0.0669441745
v -0.045933675 1.37104952 0.0675314665
v -0.0392747447 1.37307024 0.0676609203
v -0.0405269042 1.37302864 0.064924404
v -0.0405026823 1.37088311 0.068109341
v -0.0376759917 1.37284052 0.0694409907
v -0.0383538231 1.37268448 0.0650037155
v -0.0361198671 1.37254167 0.0689587221
v -0.036362756 1.37203157 0.06495516
v -0.0335368514 1.37066376 0.0648899674
v -0.0334237926 1.37108779 0.0682678744
v -0.0298614446 1.36799586 0.0648058578
v -0.0303311683 1.36906493 0.0674220473
v -0.0265779365 1.36537075 0.0647375509
v -0.0266326088 1.36602461 0.0665499419
v -0.0236255303 1.36299026 0.0648308024
v -0.0233919136 1.36325467 0.0659347698
v -0.0213744603 1.36144388 0.0658178255
v -0.0216616504 1.36148083 0.0650413409
v -0.0184748247 1.35896921 0.0660167411
v -0.0317484401 1.37491298 0.0660660863
v -0.0316695981 1.37442243 0.0658139661
v -0.0338922963 1.37578106 0.0663832575
v -0.0261261314 1.37136042 0.0659792721
v -0.0263001397 1.37084603 0.0657031834
v -0.0223608781 1.36864805 0.065807119
v -0.0226378608 1.36836588 0.0658321455
v -0.0188441481 1.36581326 0.0663874149
v -0.0314322375 1.3733052 0.0653277636
v -0.0338922963 1.37578106 0.0663832575
v -0.0316695981 1.37442243 0.0658139661
v -0.0263001397 1.37084603 0.0657031834
v -0.0266535152 1.37029672 0.0654376522
v -0.0305629745 1.3721354 0.0648657009
v -0.0226378608 1.36836588 0.0658321455
v -0.0228506513 1.36812294 0.0656846687
v -0.0188441481 1.36581326 0.0663874149
v -0.0317484401 1.37491298 0.0660660863
v -0.0338922963 1.37578106 0.0663832575
v -0.0314351581 1.37449276 0.0655888543
v -0.0261261314 1.37136042 0.0659792721
v -0.0263005011 1.37084603 0.0653753653
v -0.0225482415 1.36827409 0.0654956102
v -0.0223608781 1.36864805 0.065807119
v -0.0188441481 1.36581326 0.0663874149
v -0.0477003269 1.38267756 0.0669773966
v -0.0522413477 1.3821106 0.0656329617
v -0.0521533899 1.38187647 0.0651731789
v -0.0561777689 1.3801496 0.0633138567
v -0.0563304983 1.38064039 0.0639909431
v -0.0599898323 1.37863541 0.0622665361
v -0.0596705787 1.37816024 0.0617535338
v -0.0638925657 1.37517166 0.0594088957
v -0.0636895373 1.37451005 0.0588090308
v -0.0664898977 1.37044191 0.0558079891
v -0.0668656155 1.37095261 0.0564408749
v -0.0683925822 1.36647868 0.0533780977
v -0.0686226711 1.36663377 0.0536815263
v -0.0689706281 1.36457491 0.0525647067
v -0.0477003269 1.38267756 0.0669773966
v -0.0521522015 1.38183296 0.0656492189
v -0.0522413477 1.3821106 0.0656329617
v -0.056176424 1.37991679 0.0639124811
v -0.0563304983 1.38064039 0.0639909431
v -0.0596707985 1.37784076 0.0621115081
v -0.0599898323 1.37863541 0.0622665361
v -0.0638925657 1.37517166 0.0594088957
v -0.0635702908 1.37416899 0.0592147484
v -0.066462867 1.37019145 0.056368392
v -0.0668656155 1.37095261 0.0564408749
v -0.0683543012 1.36650217 0.0538469218
v -0.0686226711 1.36663377 0.0536815263
v -0.0689706281 1.36457491 0.0525647067
v -0.0477003269 1.38267756 0.0669773966
v -0.0520990789 1.38147092 0.0654863641
v -0.0521522015 1.38183296 0.0656492189
v -0.0560757779 1.37937975 0.0635775402
v -0.056176424 1.37991679 0.0639124811
v -0.0594055727 1.37721264 0.0619898401
v -0.0596707985 1.37784076 0.0621115081
v -0.0631599948 1.37360168 0.0593623668
v -0.0635702908 1.37416899 0.0592147484
v -0.066462867 1.37019145 0.056368392
v -0.0658462495 1.36971283 0.0566551574
v -0.0672834888 1.36664653 0.0543445684
v -0.0683543012 1.36650217 0.0538469218
v -0.0689706281 1.36457491 0.0525647067
v 0.0714942217 1.35678053 0.0502089262
v 0.0694990829 1.3596139 0.0508514978
v 0.0690468922 1.35602641 0.0509023406
v 0.0718330443 1.36019409 0.0500867702
v 0.0689706281 1.36457491 0.0525647067
v 0.0714139044 1.36380446 0.0514724627
v 0.0750153735 1.36127937 0.049455788
v 0.0754523054 1.35912681 0.0495100357
v 0.0748209804 1.36348414 0.0501772389
v 0.0775562897 1.36179781 0.0497643352
v 0.0773890987 1.36276746 0.0496390052
v 0.0771855786 1.36367583 0.0501040444
v 0.0782562122 1.36371827 0.0503957942
v 0.0216616504 1.36148083 0.0650413409
v 0.0211318769 1.36202693 0.0652941316
v 0.0184748247 1.35896921 0.0660167411
v 0.0236255303 1.36299026 0.0648308024
v 0.0230362453 1.36408591 0.0651633143
v 0.0257376656 1.3671881 0.0653123856
v 0.0265779365 1.36537075 0.0647375509
v 0.0298614446 1.36799586 0.0648058578
v 0.0305629745 1.3721354 0.0648657009
v 0.0338922963 1.37578106 0.0663832575
v 0.0335368514 1.37066376 0.0648899674
v 0.0314351581 1.37449276 0.0655888543
v 0.0364358984 1.37704742 0.0668871179
v 0.0263005011 1.37084603 0.0653753653
v 0.036362756 1.37203157 0.06495516
v 0.0266535152 1.37029672 0.0654376522
v 0.0388106257 1.37805021 0.0670468435
v 0.0225482415 1.36827409 0.0654956102
v 0.0228506513 1.36812294 0.0656846687
v 0.0188441481 1.36581326 0.0663874149
v 0.0383538231 1.37268448 0.0650037155
v 0.0420885608 1.37900698 0.0669970438
v 0.0405269042 1.37302864 0.064924404
v 0.043656569 1.37324536 0.0646728128
v 0.0455079637 1.37913978 0.0665464774
v 0.049155388 1.37862444 0.0657637641
v 0.0468352698 1.37296844 0.0643069148
v 0.0512087792 1.37190366 0.0633269846
v 0.0532678887 1.37744796 0.0643349811
v 0.0549246594 1.37051296 0.0617040321
v 0.057143338 1.37553251 0.0622465424
v 0.0579373837 1.3688482 0.0600649789
v 0.0612720512 1.37303507 0.05979589
v 0.0641690418 1.37029481 0.057494726
v 0.0609013438 1.36637414 0.0580389909
v 0.0632864609 1.36369228 0.0560254604
v 0.0676131472 1.36625481 0.0536177419
v 0.0672834888 1.36664653 0.0543445684
v 0.0689706281 1.36457491 0.0525647067
v 0.0647925287 1.36096692 0.0542734787
v 0.0683925822 1.36647868 0.0533780977
v 0.0694990829 1.3596139 0.0508514978
v 0.0653880984 1.35840738 0.0533601306
v 0.0664898977 1.37044191 0.0558079891
v 0.0658462495 1.36971283 0.0566551574
v 0.0655588582 1.3564837 0.0529545285
v 0.0690468922 1.35602641 0.0509023406
v 0.0631599948 1.37360168 0.0593623668
v 0.0636895373 1.37451005 0.0588090308
v 0.0680078268 1.35308909 0.0512094088
v 0.0655261576 1.35480571 0.0526274107
v 0.0596705787 1.37816024 0.0617535338
v 0.0594055727 1.37721264 0.0619898401
v 0.0653386042 1.3533355 0.0525601804
v 0.0672023222 1.35130525 0.0515243933
v 0.0664207488 1.34984887 0.0518059805
v 0.0648004487 1.35086524 0.0526006483
v 0.0649505928 1.3477695 0.0526353009
v 0.0637727305 1.34803545 0.0528933257
v 0.0633105189 1.34598124 0.0536785498
v 0.0629736036 1.34639442 0.0534800626
v 0.0616582558 1.34443235 0.0545287915
v 0.0560757779 1.37937975 0.0635775402
v 0.0561777689 1.3801496 0.0633138567
v 0.0521533899 1.38165188 0.0651731789
v 0.0520990789 1.38147092 0.0654863641
v 0.0477003269 1.38267756 0.0669773966
v 0.0616582558 1.34443235 0.0545287915
v 0.0629736036 1.34639442 0.0534800626
v 0.0630269498 1.34604537 0.054040201
v 0.0643856898 1.347893 0.0536277369
v 0.0637727305 1.34803545 0.0528933257
v 0.0658361614 1.35015726 0.05309131
v 0.0648004487 1.35086524 0.0526006483
v 0.0667194128 1.352054 0.0529461838
v 0.0653386042 1.3533355 0.0525601804
v 0.0672946572 1.35413814 0.0530252866
v 0.0655261576 1.35480571 0.0526274107
v 0.0655588582 1.3564837 0.0529545285
v 0.0649505928 1.3477695 0.0526353009
v 0.0633105189 1.34598124 0.0536785498
v 0.0616582558 1.34443235 0.0545287915
v 0.0664207488 1.34984887 0.0518059805
v 0.0672023222 1.35130525 0.0515243933
v 0.0680078268 1.35308909 0.0512094088
v 0.0690468922 1.35602641 0.0509023406
v 0.0680726916 1.35725307 0.0535516106
v 0.0714942217 1.35678053 0.0502089262
v 0.0682021752 1.35948288 0.0548727214
v 0.071479708 1.36004472 0.0534006022
v 0.0677494109 1.362028 0.0565432198
v 0.0682684779 1.3636868 0.0547937714
v 0.0653880984 1.35840738 0.0533601306
v 0.0647925287 1.36096692 0.0542734787
v 0.0632864609 1.36369228 0.0560254604
v 0.0653161407 1.36600184 0.0601812825
v 0.0626428276 1.36855066 0.0628308505
v 0.0609013438 1.36637414 0.0580389909
v 0.0579373837 1.3688482 0.0600649789
v 0.0601603352 1.37025309 0.0646841452
v 0.0563606955 1.37199736 0.0666619018
v 0.0549246594 1.37051296 0.0617040321
v 0.0529601388 1.37314796 0.0682846978
v 0.0512087792 1.37190366 0.0633269846
v 0.0475906171 1.3733722 0.0667695925
v 0.0468352698 1.37296844 0.0643069148
v 0.0434561856 1.37309551 0.0661205947
v 0.043656569 1.37324536 0.0646728128
v 0.0431605056 1.37099099 0.0669441745
v 0.045933675 1.37104952 0.0675314665
v 0.0444967896 1.36903512 0.0681921691
v 0.0392747447 1.37307024 0.0676609203
v 0.0405269042 1.37302864 0.064924404
v 0.0376759917 1.37284052 0.0694409907
v 0.0383538231 1.37268448 0.0650037155
v 0.0405026861 1.37088311 0.068109341
v 0.0361198671 1.37254167 0.0689587221
v 0.036362756 1.37203157 0.06495516
v 0.0335368514 1.37066376 0.0648899674
v 0.0334237926 1.37108779 0.0682678744
v 0.0298614446 1.36799586 0.0648058578
v 0.0303311683 1.36906493 0.0674220473
v 0.0265779365 1.36537075 0.0647375509
v 0.0266326088 1.36602461 0.0665499419
v 0.0236255303 1.36299026 0.0648308024
v 0.0233919136 1.36325467 0.0659347698
v 0.0213744603 1.36144388 0.0658178255
v 0.0216616504 1.36148083 0.0650413409
v 0.0184748247 1.35896921 0.0660167411
v 0.0429070517 1.369187 0.0676501468
v 0.0428833328 1.36655331 0.0703340396
v 0.0414690264 1.36916208 0.0684622228
v 0.0317484401 1.37491298 0.0660660863
v 0.0338922963 1.37578106 0.0663832575
v 0.0316695981 1.37442243 0.0658139661
v 0.0261261314 1.37136042 0.0659792721
v 0.0263001397 1.37084603 0.0657031834
v 0.0223608781 1.36864805 0.065807119
v 0.0226378608 1.36836588 0.0658321455
v 0.0188441481 1.36581326 0.0663874149
v 0.0314322375 1.3733052 0.0653277636
v 0.0316695981 1.37442243 0.0658139661
v 0.0338922963 1.37578106 0.0663832575
v 0.0263001397 1.37084603 0.0657031834
v 0.0266535152 1.37029672 0.0654376522
v 0.0305629745 1.3721354 0.0648657009
v 0.0226378608 1.36836588 0.0658321455
v 0.0228506513 1.36812294 0.0656846687
v 0.0188441481 1.36581326 0.0663874149
v 0.0317484401 1.37491298 0.0660660863
v 0.0314351581 1.37449276 0.0655888543
v 0.0338922963 1.37578106 0.0663832575
v 0.0261261314 1.37136042 0.0659792721
v 0.0263005011 1.37084603 0.0653753653
v 0.0225482415 1.36827409 0.0654956102
v 0.0223608781 1.36864805 0.065807119
v 0.0188441481 1.36581326 0.0663874149
v 0.0477003269 1.38267756 0.0669773966
v 0.0521533899 1.38165188 0.0651731789
v 0.0522413477 1.3821106 0.0656329617
v 0.0561777689 1.3801496 0.0633138567
v 0.0563304983 1.38064039 0.0639909431
v 0.0599898323 1.37863541 0.0622665286
v 0.0596705787 1.37816024 0.0617535338
v 0.0638925657 1.37517166 0.0594088957
v 0.0636895373 1.37451005 0.0588090308
v 0.0664898977 1.37044191 0.0558079891
v 0.0668656155 1.37095261 0.0564408749
v 0.0683925822 1.36647868 0.0533780977
v 0.0686226711 1.36663377 0.0536815263
v 0.0689706281 1.36457491 0.0525647067
v 0.0477003269 1.38267756 0.0669773966
v 0.0522413477 1.3821106 0.0656329617
v 0.0521833561 1.38163674 0.0655145943
v 0.056176424 1.37991679 0.0639124811
v 0.0563304983 1.38064039 0.0639909431
v 0.0596707985 1.37784076 0.0621115081
v 0.0599898323 1.37863541 0.0622665286
v 0.0638925657 1.37517166 0.0594088957
v 0.0635702908 1.37416899 0.0592147484
v 0.066462867 1.37019145 0.056368392
v 0.0668656155 1.37095261 0.0564408749
v 0.0683543012 1.36650217 0.0538469218
v 0.0686226711 1.36663377 0.0536815263
v 0.0689706281 1.36457491 0.0525647067
v 0.0477003269 1.38267756 0.0669773966
v 0.0521833561 1.38163674 0.0655145943
v 0.0520990789 1.38147092 0.0654863641
v 0.0560757779 1.37937975 0.0635775402
v 0.056176424 1.37991679 0.0639124811
v 0.0594055727 1.37721264 0.0619898401
v 0.0596707985 1.37784076 0.0621115081
v 0.0631599948 1.37360168 0.0593623668
v 0.0635702908 1.37416899 0.0592147484
v 0.066462867 1.37019145 0.056368392
v 0.0658462495 1.36971283 0.0566551574
v 0.0672834888 1.36664653 0.0543445684
v 0.0683543012 1.36650217 0.0538469218
v 0.0689706281 1.36457491 0.0525647067
v -0.0479064696 1.34056807 0.0613368489
v -0.0478896908 1.34046352 0.0617488883
v -0.0504811369 1.34045959 0.0606123321
v -0.0444057733 1.34089112 0.0620109066
v -0.0445580296 1.3406558 0.062724866
v -0.0411309227 1.34082544 0.063316077
v -0.0412260816 1.34110832 0.062456727
v -0.0377244353 1.34112549 0.0627398938
v -0.0374521539 1.34093451 0.0633405
v -0.0350281745 1.34122467 0.0630248934
v -0.0349199623 1.34102631 0.0635023266
v -0.031729497 1.34124398 0.0634280592
v -0.0458351113 1.33959639 0.0631936118
v -0.0451122932 1.33954358 0.063403286
v -0.0443785191 1.3395772 0.0635349825
v -0.0411467105 1.33964038 0.0640335009
v -0.0377666093 1.3397584 0.0638378039
v -0.0367918089 1.33980894 0.0637430996
v -0.035843756 1.33993268 0.0639750063
v -0.047533147 1.33998072 0.0623744577
v -0.0486237891 1.34016168 0.0618411228
v -0.049594745 1.34023881 0.0613536723
v -0.0504811369 1.34045959 0.0606123321
v -0.0336945876 1.34081995 0.0638813302
v -0.0330806598 1.34092283 0.0637190789
v -0.0323543698 1.34106779 0.0635484979
v -0.031729497 1.34124398 0.0634280592
v -0.0551094376 1.34118652 0.0580772161
v -0.0553620905 1.34044385 0.058143232
v -0.0560305119 1.34072852 0.0583205074
v -0.0564727299 1.33981705 0.0577646382
v -0.0551094376 1.34118652 0.0580772161
v -0.0554462224 1.34135628 0.0577325523
v -0.0561235473 1.34089637 0.0575546138
v -0.0553620905 1.34044385 0.058143232
v -0.0564727299 1.33981705 0.0577646382
v -0.0551094376 1.34118652 0.0580772161
v -0.0560305119 1.34072852 0.0583205074
v -0.0554462224 1.34135628 0.0577325523
v -0.0561235473 1.34089637 0.0575546138
v -0.0564727299 1.33981705 0.0577646382
v -0.0530377477 1.34007645 0.0592754297
v -0.0538173057 1.34042168 0.0589906238
v -0.0541227236 1.3393414 0.0589045882
v -0.0528962277 1.34069037 0.0591787212
v -0.0531996489 1.34084451 0.0588933267
v -0.0538173057 1.34042168 0.0589906238
v -0.0535111651 1.34025073 0.0594529174
v -0.0541227236 1.3393414 0.0589045882
v -0.0531996489 1.34084451 0.0588933267
v -0.0528962277 1.34069037 0.0591787212
v -0.0535111651 1.34025073 0.0594529174
v -0.0530377477 1.34007645 0.0592754297
v -0.0541227236 1.3393414 0.0589045882
v -0.0528962277 1.34069037 0.0591787212
v 0.0479064696 1.34056807 0.0613368489
v 0.0504811369 1.34045959 0.0606123321
v 0.0478896908 1.34046352 0.0617488883
v 0.0444057733 1.34089112 0.0620109066
v 0.0445580296 1.3406558 0.062724866
v 0.0411309227 1.34082544 0.063316077
v 0.0412260816 1.34110832 0.062456727
v 0.0377244353 1.34112549 0.0627398938
v 0.0374521539 1.34093451 0.0633405
v 0.0350281745 1.34122467 0.0630248934
v 0.0349199623 1.34102631 0.0635023266
v 0.031729497 1.34124398 0.0634280592
v 0.0458351113 1.33959639 0.0631936118
v 0.0451122932 1.33954358 0.063403286
v 0.0443785191 1.3395772 0.0635349825
v 0.0411467105 1.33964038 0.0640335009
v 0.0377666093 1.3397584 0.0638378039
v 0.0367918089 1.33980894 0.0637430996
v 0.035843756 1.33993268 0.0639750063
v 0.047533147 1.33998072 0.0623744577
v 0.0486237891 1.34016168 0.0618411228
v 0.049594745 1.34023881 0.0613536723
v 0.0504811369 1.34045959 0.0606123321
v 0.0336945876 1.34081995 0.0638813302
v 0.0330806598 1.34092283 0.0637190789
v 0.0323543698 1.34106779 0.0635484979
v 0.031729497 1.34124398 0.0634280592
v 0.0551094376 1.34118652 0.0580772161
v 0.0560305119 1.34072852 0.0583205074
v 0.0553620905 1.34044385 0.058143232
v 0.0564727299 1.33981705 0.0577646382
v 0.0551094376 1.34118652 0.0580772161
v 0.0561235473 1.34089637 0.0575546138
v 0.0554462224 1.34135628 0.0577325523
v 0.0553620905 1.34044385 0.058143232
v 0.0564727299 1.33981705 0.0577646382
v 0.0551094376 1.34118652 0.0580772161
v 0.0554462224 1.34135628 0.0577325523
v 0.0560305119 1.34072852 0.0583205074
v 0.0561235473 1.34089637 0.0575546138
v 0.0564727299 1.33981705 0.0577646382
v 0.0530377477 1.34007645 0.0592754297
v 0.0541227236 1.3393414 0.0589045882
v 0.0538173057 1.34042168 0.0589906238
v 0.0528962277 1.34069037 0.0591787212
v 0.0531996489 1.34084451 0.0588933267
v 0.0538173057 1.34042168 0.0589906238
v 0.0541227236 1.3393414 0.0589045882
v 0.0535111651 1.34025073 0.0594529174
v 0.0531996489 1.34084451 0.0588933267
v 0.0528962277 1.34069037 0.0591787212
v 0.0535111651 1.34025073 0.0594529174
v 0.0541227236 1.3393414 0.0589045882
v 0.0530377477 1.34007645 0.0592754297
v 0.0528962277 1.34069037 0.0591787212
v -0.050972905 1.39695919 0.0694202334
v -0.057993602 1.39641702 0.0670743287
v -0.050972905 1.39781046 0.070419088
v -0.0454778746 1.39693296 0.0703749284
v -0.045353163 1.39789486 0.0715762824
v -0.0402836017 1.39680839 0.070936732
v -0.0399564244 1.39754057 0.0722081587
v -0.0351659432 1.397035 0.0720056295
v -0.0352292024 1.39631605 0.0713033006
v -0.0309243798 1.39607859 0.0715881065
v -0.057993602 1.39641702 0.0670743287
v -0.050972905 1.39695919 0.0694202334
v -0.0509523302 1.3960731 0.0692300349
v -0.0454778746 1.39693296 0.0703749284
v -0.0453680046 1.39602172 0.0702361465
v -0.0402836017 1.39680839 0.070936732
v -0.0402763262 1.39572144 0.0707717091
v -0.0353097133 1.39548087 0.0711164773
v -0.0352292024 1.39631605 0.0713033006
v -0.0309243798 1.39607859 0.0715881065
v 0.050972905 1.39695919 0.0694202334
v 0.050972905 1.39781046 0.070419088
v 0.057993602 1.39641702 0.0670743287
v 0.0454778746 1.39693296 0.0703749284
v 0.045353163 1.39789486 0.0715762824
v 0.0402836017 1.39680839 0.070936732
v 0.0399564244 1.39754057 0.0722081587
v 0.0351659432 1.397035 0.0720056295
v 0.0352292024 1.39631605 0.0713033006
v 0.0309243798 1.39607859 0.0715881065
v 0.057993602 1.39641702 0.0670743287
v 0.0509523302 1.3960731 0.0692300349
v 0.050972905 1.39695919 0.0694202334
v 0.0454778746 1.39693296 0.0703749284
v 0.0453680046 1.39602172 0.0702361465
v 0.0402836017 1.39680839 0.070936732
v 0.0402763262 1.39572144 0.0707717091
v 0.0353097133 1.39548087 0.0711164773
v 0.0352292024 1.39631605 0.0713033006
v 0.0309243798 1.39607859 0.0715881065
v -0.0496650338 1.39431131 0.0684905499
v -0.0467104837 1.39475214 0.0691679567
v -0.0467283987 1.39451158 0.0691667199
v -0.0496273711 1.39458144 0.0684856623
v -0.0524877124 1.39417124 0.0677385479
v -0.0525085479 1.39393675 0.0678807124
v -0.0560266003 1.39325607 0.0666330978
v -0.0439765044 1.3946414 0.0694257542
v -0.0467283987 1.39451158 0.0691667199
v -0.0467104837 1.39475214 0.0691679567
v -0.0440374762 1.39432871 0.0693518743
v -0.0410011299 1.39418149 0.069203876
v -0.0411143117 1.39373207 0.0690048262
v -0.0383926779 1.39278948 0.0689683259
v -0.0384308212 1.39324486 0.0691881254
v -0.0360101275 1.39231682 0.0691638961
v -0.036098104 1.39198554 0.0690241978
v -0.0333991013 1.3911103 0.0691891238
v -0.0560266003 1.39325607 0.0666330978
v -0.0524585694 1.39437211 0.0677858517
v -0.0524877124 1.39417124 0.0677385479
v -0.0495878831 1.39477313 0.0686438754
v -0.0496273711 1.39458144 0.0684856623
v -0.0467104837 1.39475214 0.0691679567
v -0.0466862395 1.39497316 0.0690653995
v -0.0439765044 1.3946414 0.0694257542
v -0.0438812785 1.39501488 0.069496803
v -0.0410011299 1.39418149 0.069203876
v -0.040913213 1.39500964 0.0697024614
v -0.0380893238 1.39468598 0.0701570287
v -0.0384308212 1.39324486 0.0691881254
v -0.0354552828 1.39378917 0.0704542324
v -0.0360101275 1.39231682 0.0691638961
v -0.0334302932 1.39228821 0.0702462718
v -0.0333991013 1.3911103 0.0691891238
v -0.0328809842 1.39136088 0.0696142688
v -0.0330453068 1.39099443 0.0692398846
v -0.0332753621 1.39089167 0.0691421553
v -0.0337164216 1.3909719 0.0690126345
v -0.0361656286 1.391868 0.0689350888
v -0.036098104 1.39198554 0.0690241978
v -0.0383926779 1.39278948 0.0689683259
v 0.0496650338 1.39431131 0.0684905499
v 0.0467283987 1.39451158 0.0691667199
v 0.0467104837 1.39475214 0.0691679567
v 0.0496273711 1.39458144 0.0684856623
v 0.0524877124 1.39417124 0.0677385479
v 0.0525085479 1.39393675 0.0678807124
v 0.0560266003 1.39325607 0.0666330978
v 0.0439765044 1.3946414 0.0694257542
v 0.0467104837 1.39475214 0.0691679567
v 0.0467283987 1.39451158 0.0691667199
v 0.0440374762 1.39432871 0.0693518743
v 0.0410011299 1.39418149 0.069203876
v 0.0411143117 1.39373207 0.0690048262
v 0.0383926779 1.39278948 0.0689683259
v 0.0384308174 1.39324486 0.0691881254
v 0.0360101275 1.39231682 0.0691638961
v 0.036098104 1.39198554 0.0690241978
v 0.0333991013 1.3911103 0.0691891238
v 0.0560266003 1.39325607 0.0666330978
v 0.0524877124 1.39417124 0.0677385479
v 0.0524585694 1.39437211 0.0677858517
v 0.0495878831 1.39477313 0.0686438754
v 0.0496273711 1.39458144 0.0684856623
v 0.0467104837 1.39475214 0.0691679567
v 0.0466862395 1.39497316 0.0690653995
v 0.0439765044 1.3946414 0.0694257542
v 0.0438812785 1.39501488 0.069496803
v 0.0410011299 1.39418149 0.069203876
v 0.040913213 1.39500964 0.0697024614
v 0.0380893238 1.39468598 0.0701570287
v 0.0384308174 1.39324486 0.0691881254
v 0.0354552828 1.39378929 0.0704542324
v 0.0360101275 1.39231682 0.0691638961
v 0.0334302932 1.39228821 0.0702462718
v 0.0333991013 1.3911103 0.0691891238
v 0.0328809842 1.39136088 0.0696142688
v 0.0330453068 1.39099443 0.0692398846
v 0.0332753621 1.39089167 0.0691421553
v 0.0337164216 1.3909719 0.0690126345
v 0.0361656286 1.391868 0.0689350888
v 0.036098104 1.39198554 0.0690241978
v 0.0383926779 1.39278948 0.0689683259
v -0.0158215333 1.29593766 0.0229880381
v -5.17268184E-08 1.29696333 0.0375122689
v -5.16893657E-08 1.29544961 0.0233007539
v -0.0167633537 1.29738295 0.0376233011
v -0.0198864006 1.30145812 0.0377181247
v -0.0199840907 1.29964113 0.0212822147
v -0.0173559431 1.30457187 0.0193767603
v -0.0161098856 1.29658461 0.049685128
v -5.18608658E-08 1.2961365 0.0496851876
v -5.18608658E-08 1.2946862 0.0570912175
v -0.0185430329 1.29988039 0.050506454
v -0.0143123697 1.29507637 0.0573635511
v -5.18608694E-08 1.29230785 0.0626598373
v -0.0176044442 1.30600464 0.0378355533
v -0.0126907201 1.30928063 0.0380909443
v -0.0127196712 1.30701172 0.0181605145
v -0.00653275289 1.30873764 0.0176091213
v -0.0166171044 1.30343306 0.0513397716
v -0.0158907585 1.2973454 0.0585869439
v -0.01130185 1.29291415 0.0630564541
v -0.00649849046 1.31128669 0.0382860005
v -5.17268184E-08 1.31197298 0.0384802036
v -5.16893657E-08 1.30928326 0.0173906405
v -0.00598906213 1.30765557 0.0527059175
v -5.18608658E-08 1.30834222 0.0531344078
v -0.0116840433 1.30601692 0.0521407872
v -0.00507114083 1.3024739 0.0621957779
v -5.18608658E-08 1.30267251 0.0625847802
v -5.18608658E-08 1.29802895 0.0671709254
v -0.00996061042 1.30168617 0.0613023154
v -0.00423350651 1.29795229 0.0668682382
v -5.18608658E-08 1.2955513 0.069054991
v -0.0143210432 1.29967344 0.060024254
v -0.00374050881 1.29541075 0.0686336383
v -5.18608658E-08 1.29283524 0.0697948933
v -0.00827845838 1.29753399 0.0659735948
v -0.0120135043 1.29403281 0.0642516911
v -0.00336515158 1.29281211 0.0694772154
v -5.18608658E-08 1.29062283 0.0697933212
v -0.0110781929 1.29610789 0.0651730075
v -0.00748233404 1.29553962 0.0676329881
v -0.00310586765 1.2908709 0.0693387985
v -5.18608658E-08 1.28970909 0.0686990395
v -0.00746115949 1.29405534 0.0680241361
v -0.0074167219 1.29190528 0.0674837679
v -0.00290652085 1.28997886 0.068307668
v -5.18608694E-08 1.2908448 0.0661335737
v -0.00698896311 1.29105771 0.0662992001
v -0.00209834753 1.29094112 0.0660038814
v -0.00538705476 1.29142392 0.0652926937
v -5.17268184E-08 1.31197298 0.0384802036
v -5.16893657E-08 1.30928326 0.0173906405
v 0.00653264904 1.30873764 0.0176091213
v 0.00649838662 1.31128669 0.0382860005
v 0.00598895829 1.30765557 0.0527059175
v -5.18608658E-08 1.30834222 0.0531344078
v 0.0126906168 1.30928063 0.0380909443
v 0.0127195669 1.30701172 0.0181605145
v 0.0173558369 1.30457187 0.0193767603
v 0.00507103745 1.3024739 0.0621957779
v -5.18608658E-08 1.30267251 0.0625847802
v -5.18608658E-08 1.29802895 0.0671709254
v 0.011683939 1.30601692 0.0521407872
v 0.017604338 1.30600464 0.0378355533
v 0.0199839864 1.29964113 0.0212822147
v 0.00423340173 1.29795229 0.0668682382
v -5.18608658E-08 1.2955513 0.069054991
v 0.0166170001 1.30343306 0.0513397716
v 0.00996050704 1.30168617 0.0613023154
v 0.00374040497 1.29541075 0.0686336309
v -5.18608658E-08 1.29283524 0.0697948933
v 0.00827835314 1.29753399 0.0659735948
v 0.00336504774 1.29281211 0.0694772154
v -5.18608658E-08 1.29062283 0.0697933212
v 0.0143209379 1.29967344 0.060024254
v 0.00748223066 1.29553962 0.0676329881
v 0.00310576404 1.2908709 0.0693387985
v -5.18608658E-08 1.28970909 0.0686990395
v 0.0110780876 1.29610789 0.0651730075
v 0.00746105611 1.29405534 0.0680241361
v 0.00741661852 1.29190528 0.0674837679
v 0.00290641747 1.28997886 0.068307668
v -5.18608694E-08 1.2908448 0.0661335737
v 0.0120134009 1.29403281 0.0642516911
v 0.0069888588 1.29105771 0.0662992001
v 0.00209824368 1.29094112 0.0660038814
v -5.18608694E-08 1.29230785 0.0626598373
v 0.015890656 1.2973454 0.0585869439
v 0.0113017438 1.29291415 0.0630564541
v 0.00538695045 1.29142392 0.0652926937
v -5.18608658E-08 1.2946862 0.0570912175
v 0.0185429286 1.29988039 0.050506454
v 0.0143122654 1.29507637 0.0573635511
v 0.0161097832 1.29658461 0.049685128
v 0.0167632494 1.29738295 0.0376233011
v -5.18608658E-08 1.2961365 0.0496851876
v -5.17268184E-08 1.29696333 0.0375122689
v -5.16893657E-08 1.29544961 0.0233007539
v 0.0158214271 1.29593766 0.0229880381
v 0.0198862925 1.30145812 0.0377181247
v -0.0025710878 1.29924512 0.0759843141
v -0.00137767137 1.29914558 0.0764947757
v -0.00334899081 1.31542695 0.0669644699
v -0.00747990701 1.31549156 0.0654458478
v -0.0131304814 1.31406307 0.0636874959
v -0.0054787416 1.29942608 0.0747355819
v -0.00780265313 1.29978955 0.0739190355
v -0.017771719 1.31065798 0.0623064823
v -0.00836877711 1.29995573 0.0732928291
v -0.016369449 1.32033014 0.0343341045
v -0.0235653874 1.31631386 0.0340165421
v -0.0217979215 1.30373073 0.0609157346
v -0 1.29723656 0.0250741504
v -0.00955020543 1.32192826 0.0344604589
v -0.021430444 1.29660547 0.0601965711
v -0.00840237457 1.29988039 0.0732164457
v -0.029346576 1.30550885 0.0331622623
v -0 1.29723656 0.0250741504
v -0.0297034401 1.29556501 0.0322667025
v -0.00409077061 1.32222176 0.0344836861
v -0 1.29723656 0.0250741504
v -0 1.32238948 0.0344969369
v -0 1.31535912 0.0676060691
v -0.00137767137 1.29914558 0.0764947757
v -0 1.29903698 0.0767211542
v -0.00128054561 1.2991699 0.0765380561
v -0 1.2816546 0.064746581
v -0 1.29906046 0.0768871829
v -0.0034740332 1.28213036 0.0639071912
v -0.00257476512 1.29928231 0.0758682936
v -0.0031412458 1.28536415 0.0307837259
v -0 1.28514361 0.030766286
v -0 1.29723656 0.0250741504
v -0.00859425403 1.28626919 0.0306172483
v -0.00802660361 1.28337204 0.0629548728
v -0.00473968033 1.29940486 0.0747961849
v -0.0141445184 1.28571606 0.0619897954
v -0.00712628756 1.29969287 0.074013114
v -0.0164557323 1.28795528 0.0314553566
v -0 1.29723656 0.0250741504
v -0.018783018 1.28919446 0.0605761372
v -0.00840237457 1.29988039 0.0732164457
v -0.021430444 1.29660547 0.0601965711
v -0.0297034401 1.29556501 0.0322667025
v -0.029346576 1.30550885 0.0331622623
v -0.0238436498 1.29118454 0.0318039581
v 0.0025710878 1.29924512 0.0759843141
v 0.00334899081 1.31542695 0.0669644699
v 0.00137767137 1.29914558 0.0764947757
v 0.00747990701 1.31549156 0.0654458478
v 0.0131304814 1.31406307 0.0636874959
v 0.0054787416 1.29942608 0.0747355819
v 0.00780265313 1.29978955 0.0739190355
v 0.017771719 1.31065798 0.0623064823
v 0.00836877711 1.29995573 0.0732928291
v 0.016369449 1.32033014 0.0343341045
v 0.0235653874 1.31631386 0.0340165421
v 0.0217979215 1.30373073 0.0609157346
v -0 1.29723656 0.0250741504
v 0.00955020543 1.32192826 0.0344604589
v 0.021430444 1.29660547 0.0601965711
v 0.00840237271 1.29988039 0.0732164457
v 0.029346576 1.30550885 0.0331622623
v -0 1.29723656 0.0250741504
v 0.0297034401 1.29556501 0.0322667025
v 0.00409077061 1.32222176 0.0344836861
v -0 1.29723656 0.0250741504
v -0 1.32238948 0.0344969369
v -0 1.31535912 0.0676060691
v 0.00137767137 1.29914558 0.0764947757
v -0 1.29903698 0.0767211542
v 0.00128054561 1.2991699 0.0765380561
v -0 1.29906046 0.0768871829
v -0 1.2816546 0.064746581
v 0.0034740332 1.28213036 0.0639071912
v 0.00257476512 1.29928231 0.0758682936
v 0.0031412458 1.28536415 0.0307837259
v -0 1.28514361 0.030766286
v -0 1.29723656 0.0250741504
v 0.00859425403 1.28626919 0.0306172483
v 0.00802660361 1.28337204 0.0629548728
v 0.00473968033 1.29940486 0.0747961849
v 0.0141445184 1.28571606 0.0619897954
v 0.00712628756 1.29969287 0.074013114
v 0.0164557323 1.28795528 0.0314553566
v -0 1.29723656 0.0250741504
v 0.018783018 1.28919446 0.0605761372
v 0.00840237271 1.29988039 0.0732164457
v 0.021430444 1.29660547 0.0601965711
v 0.0297034401 1.29556501 0.0322667025
v 0.029346576 1.30550885 0.0331622623
v 0.0238436498 1.29118454 0.0318039581
v -0.00520979706 1.27708304 0.0595002621
v -5.1722143E-08 1.27674878 0.0600342825
v -5.17087706E-08 1.28107846 0.0621237867
v -0.00571945775 1.28140938 0.0611956194
v -5.17112291E-08 1.28074586 0.0625028685
v -0.0117474711 1.28226149 0.0579539053
v -0.0113186073 1.27781701 0.056827113
v -0.0150147034 1.27854645 0.0516803972
v -0.00626959605 1.28118408 0.0617736988
v -5.17398639E-08 1.27606499 0.0628495663
v -0.00698187714 1.27625489 0.0624251254
v -0.0129873687 1.2820369 0.0588988587
v -0.0135832299 1.27705884 0.0595297739
v -0.0154049508 1.28341579 0.0524801202
v -0.0171517935 1.28312695 0.0538936332
v -0.0185334999 1.27789414 0.0535488203
v -0.0221720003 1.27911127 0.0468884185
v -0.0167939737 1.28466928 0.0460390933
v -0.0159971714 1.27936327 0.0456578583
v -0.0200834218 1.284266 0.0470831916
v -0.0224652402 1.28058743 0.0391837284
v -0.0170267001 1.28591895 0.0390624627
v -0.0165143069 1.28086174 0.0381808169
v -0.017162865 1.28339791 0.0338407718
v -0.0210240502 1.28529918 0.0400431044
v -0.0205215346 1.28325915 0.0340102315
v 0.00520969322 1.27708304 0.0595002696
v -5.17087706E-08 1.28107846 0.0621237867
v -5.1722143E-08 1.27674878 0.0600342825
v 0.00571935484 1.28140938 0.0611956194
v -5.17112291E-08 1.28074586 0.0625028685
v 0.0117473686 1.28226149 0.0579539053
v 0.011318502 1.27781701 0.056827113
v 0.0150145991 1.27854645 0.0516803972
v 0.00626949314 1.28118408 0.0617737025
v -5.17398639E-08 1.27606499 0.0628495663
v 0.0069817733 1.27625489 0.0624251254
v 0.0129872644 1.2820369 0.0588988587
v 0.0135831246 1.27705884 0.0595297813
v 0.0154048475 1.28341579 0.0524801202
v 0.017151691 1.28312695 0.0538936406
v 0.0185333956 1.27789414 0.0535488203
v 0.0221718978 1.27911127 0.0468884185
v 0.0167938713 1.28466928 0.0460390933
v 0.0159970671 1.27936327 0.045657862
v 0.0200834218 1.284266 0.0470831916
v 0.0224651378 1.28058743 0.0391837284
v 0.0170265995 1.28591895 0.0390624627
v 0.0165142026 1.28086174 0.0381808169
v 0.017162865 1.28339791 0.0338407718
v 0.0210239477 1.28529918 0.0400431044
v 0.0205215346 1.28325915 0.0340102315
v -0.0222197529 1.32655025 0.0620899387
v -0.0222197473 1.32655025 0.0620899387
v -0.0222197454 1.32655025 0.0620899387
v -0.0222197454 1.32655025 0.0620899387
v -0.0222197454 1.32655025 0.0620899424
v -0.0222197454 1.32655025 0.0620899424
v -0.0222197473 1.32655025 0.0620899424
v -0.0222197473 1.32655025 0.0620899387
v -0.0446139127 1.32430339 0.0592055209
v -0.044613909 1.32430339 0.0592055209
v -0.044613909 1.32430339 0.0592055209
v -0.044613909 1.32430339 0.0592055209
v -0.044613909 1.32430339 0.0592055209
v -0.044613909 1.32430339 0.0592055134
v -0.044613909 1.32430339 0.0592055134
v -0.044613909 1.32430339 0.0592055023
v -0.044613909 1.32430339 0.0592055209
v -0.044613909 1.32430339 0.0592055209
v -0.044613909 1.32430339 0.0592055134
v -0.044613909 1.32430339 0.0592055134
v -0.044613909 1.32430339 0.0592055134
v -0.044613909 1.32430339 0.059205506
v -0.044613909 1.32430339 0.059205506
v -0.044613909 1.32430339 0.0592055023
v -0.044613909 1.32430339 0.0592055023
v -0.044613909 1.32430339 0.059205506
v -0.044613909 1.32430339 0.0592055134
v -0.044613909 1.32430339 0.0592055209
v -0.044613909 1.32430339 0.0592055134
v -0.044613909 1.32430339 0.0592055209
v -0.044613909 1.32430339 0.0592055209
v -0.044613909 1.32430339 0.0592055209
v 0.0446138084 1.32430339 0.0592055209
v 0.0446138047 1.32430339 0.0592055209
v 0.0446138047 1.32430339 0.0592055209
v 0.0446138047 1.32430339 0.0592055209
v 0.0446138047 1.32430339 0.0592055209
v 0.0446138047 1.32430339 0.0592055134
v 0.0446138047 1.32430339 0.0592055134
v 0.0446138047 1.32430339 0.0592055023
v 0.0446138047 1.32430339 0.0592055209
v 0.0446138047 1.32430339 0.0592055134
v 0.0446138047 1.32430339 0.0592055209
v 0.0446138047 1.32430339 0.0592055134
v 0.0446138047 1.32430339 0.0592055134
v 0.0446138047 1.32430339 0.059205506
v 0.0446138047 1.32430339 0.059205506
v 0.0446138047 1.32430339 0.0592055023
v 0.0446138047 1.32430339 0.0592055023
v 0.0446138047 1.32430339 0.0592055134
v 0.0446138047 1.32430339 0.059205506
v 0.0446138047 1.32430339 0.0592055209
v 0.0446138047 1.32430339 0.0592055134
v 0.0446138047 1.32430339 0.0592055209
v 0.0446138047 1.32430339 0.0592055209
v 0.0446138047 1.32430339 0.0592055209
v -0.056927748 1.33628583 0.0288814399
v -0.0544542931 1.33550453 0.0301957484
v -0.0547070354 1.33656847 0.0302909911
v -0.052250728 1.33547115 0.0309534259
v -0.0523076579 1.33752084 0.030950563
v -0.0545044877 1.33757675 0.0302665029
v -0.0498052649 1.33536935 0.0316687375
v -0.0498720556 1.33747637 0.0315950774
v -0.0474022366 1.33747673 0.0320751034
v -0.0473348238 1.33536637 0.0321517661
v -0.0448229238 1.33531797 0.0325123332
v -0.0448909327 1.33742881 0.0324342288
v -0.0424694046 1.33533001 0.032663472
v -0.0425402746 1.33747542 0.0326357447
v -0.0399901569 1.33535159 0.0327167436
v -0.0400578305 1.33744919 0.0327150822
v -0.037336424 1.33642077 0.032929901
v -0.0375729278 1.3353647 0.032756675
v -0.0376350693 1.33745348 0.0327529386
v -0.0347594619 1.33736575 0.032475315
v -0.0374980718 1.33592725 0.0331528075
v -0.037336424 1.33642077 0.032929901
v -0.0347401127 1.33609128 0.0322142504
v -0.0399913006 1.33586729 0.0331363976
v -0.0399286672 1.33630204 0.0331808813
v -0.0424622037 1.33588529 0.0330757499
v -0.0424673185 1.33630717 0.0331253707
v -0.0448364876 1.33629715 0.0329723507
v -0.044831194 1.33587074 0.0329209454
v -0.0473489463 1.33634067 0.0326147117
v -0.047336109 1.33591485 0.0325700231
v -0.0498228408 1.33593118 0.0320697017
v -0.0498372838 1.33634961 0.032125257
v -0.0523358285 1.33642161 0.031396497
v -0.0522589274 1.33597732 0.0314179584
v -0.0545270815 1.33605576 0.0306525659
v -0.0547070354 1.33656847 0.0302909911
v -0.056927748 1.33628583 0.0288814399
v -0.0544542931 1.33550453 0.0301957484
v -0.056927748 1.33628583 0.0288814399
v -0.0545270815 1.33605576 0.0306525659
v -0.0522589274 1.33597732 0.0314179584
v -0.052250728 1.33547115 0.0309534259
v -0.0498228408 1.33593118 0.0320697017
v -0.0498052649 1.33536935 0.0316687375
v -0.047336109 1.33591485 0.0325700231
v -0.0473348238 1.33536637 0.0321517661
v -0.044831194 1.33587074 0.0329209454
v -0.0448229238 1.33531797 0.0325123332
v -0.0424622037 1.33588529 0.0330757499
v -0.0424694046 1.33533001 0.032663472
v -0.0399913006 1.33586729 0.0331363976
v -0.0399901569 1.33535159 0.0327167436
v -0.0375729278 1.3353647 0.032756675
v -0.0374980718 1.33592725 0.0331528075
v -0.0347401127 1.33609128 0.0322142504
v -0.0375315547 1.33704209 0.0331472047
v -0.0376350693 1.33745348 0.0327529386
v -0.0347594619 1.33736575 0.032475315
v -0.0400307737 1.33702087 0.0331373662
v -0.0400578305 1.33744919 0.0327150822
v -0.0425027423 1.33703589 0.0330602266
v -0.0425402746 1.33747542 0.0326357447
v -0.0448909327 1.33742881 0.0324342288
v -0.0448687933 1.33698893 0.0328580551
v -0.0474022366 1.33747673 0.0320751034
v -0.0473735258 1.33703148 0.0325059444
v -0.0498591848 1.33704185 0.0320117176
v -0.0498720556 1.33747637 0.0315950774
v -0.0523076579 1.33752084 0.030950563
v -0.0522941761 1.33709061 0.0313757807
v -0.0545602739 1.33716762 0.030643804
v -0.0545044877 1.33757675 0.0302665029
v -0.0569471307 1.3375603 0.0291425698
v -0.0547070354 1.33656847 0.0302909911
v -0.0569471307 1.3375603 0.0291425698
v -0.0545602739 1.33716762 0.030643804
v -0.0522941761 1.33709061 0.0313757807
v -0.0523358285 1.33642161 0.031396497
v -0.0498591848 1.33704185 0.0320117176
v -0.0498372838 1.33634961 0.032125257
v -0.0473735258 1.33703148 0.0325059444
v -0.0473489463 1.33634067 0.0326147117
v -0.0448687933 1.33698893 0.0328580551
v -0.0448364876 1.33629715 0.0329723507
v -0.0425027423 1.33703589 0.0330602266
v -0.0424673185 1.33630717 0.0331253707
v -0.0400307737 1.33702087 0.0331373662
v -0.0399286672 1.33630204 0.0331808813
v -0.037336424 1.33642077 0.032929901
v -0.0375315547 1.33704209 0.0331472047
v -0.0347594619 1.33736575 0.032475315
v -0.0590999499 1.37707305 0.0267233457
v -0.0560733639 1.37735808 0.0280179121
v -0.0563578159 1.37814283 0.0272876024
v -0.0534088686 1.37773097 0.0284000728
v -0.053465493 1.37906754 0.0268456265
v -0.0561156459 1.37876451 0.0264939014
v -0.0504629612 1.37800753 0.0287919268
v -0.0505369641 1.37932873 0.0271486901
v -0.0475818962 1.37949228 0.0273086354
v -0.0475068986 1.37817109 0.0289564263
v -0.0445126519 1.37820888 0.0290734284
v -0.044588469 1.37952936 0.0274244212
v -0.0417228565 1.37814069 0.0290183108
v -0.0417975374 1.37952173 0.0273761079
v -0.03879302 1.37799454 0.0288848672
v -0.0388619639 1.37936401 0.0272954833
v -0.0356381349 1.3786366 0.0280492399
v -0.0359375551 1.37783766 0.028752923
v -0.0360001884 1.37919939 0.0271686073
v -0.0326315835 1.37869978 0.0268790722
v -0.0358124003 1.37849724 0.0285783
v -0.0356381349 1.3786366 0.0280492399
v -0.0326377712 1.37767112 0.0276759565
v -0.0387557745 1.37864745 0.0287657063
v -0.0386757739 1.37895882 0.0284608509
v -0.0416761823 1.37881315 0.0288639162
v -0.0416757539 1.37912583 0.0285761729
v -0.0444841571 1.37919521 0.0286295079
v -0.0444845706 1.37887847 0.02891941
v -0.0474788621 1.37915647 0.0285180993
v -0.0474697761 1.37884438 0.0288114771
v -0.050446447 1.37867796 0.0286265984
v -0.0504565462 1.37899351 0.0283458699
v -0.0534664057 1.37869143 0.0279712677
v -0.0533761717 1.37841225 0.0283177458
v -0.0561173037 1.37806821 0.0279002562
v -0.0563578159 1.37814283 0.0272876024
v -0.0590999499 1.37707305 0.0267233457
v -0.0560733639 1.37735808 0.0280179121
v -0.0590999499 1.37707305 0.0267233457
v -0.0561173037 1.37806821 0.0279002562
v -0.0533761717 1.37841225 0.0283177458
v -0.0534088686 1.37773097 0.0284000728
v -0.050446447 1.37867796 0.0286265984
v -0.0504629612 1.37800753 0.0287919268
v -0.0474697761 1.37884438 0.0288114771
v -0.0475068986 1.37817109 0.0289564263
v -0.0444845706 1.37887847 0.02891941
v -0.0445126519 1.37820888 0.0290734284
v -0.0416761823 1.37881315 0.0288639162
v -0.0417228565 1.37814069 0.0290183108
v -0.0387557745 1.37864745 0.0287657063
v -0.03879302 1.37799454 0.0288848672
v -0.0359375551 1.37783766 0.028752923
v -0.0358124003 1.37849724 0.0285783
v -0.0326377712 1.37767112 0.0276759565
v -0.035846509 1.3792212 0.0277304985
v -0.0360001884 1.37919939 0.0271686073
v -0.0326315835 1.37869978 0.0268790722
v -0.0387961939 1.37940228 0.0278930031
v -0.0388619639 1.37936401 0.0272954833
v -0.0417192802 1.37955379 0.0279827882
v -0.0417975374 1.37952173 0.0273761079
v -0.0445284173 1.37956178 0.0280321352
v -0.044588469 1.37952936 0.0274244212
v -0.0475818962 1.37949228 0.0273086354
v -0.0475135334 1.3795259 0.0279244706
v -0.0504884422 1.37935984 0.0277480353
v -0.0505369641 1.37932873 0.0271486901
v -0.053465493 1.37906754 0.0268456265
v -0.0534155108 1.37910795 0.0274473764
v -0.056151364 1.37878799 0.0270525347
v -0.0561156459 1.37876451 0.0264939014
v -0.0590937994 1.37810147 0.0259265695
v -0.0563578159 1.37814283 0.0272876024
v -0.0590937994 1.37810147 0.0259265695
v -0.056151364 1.37878799 0.0270525347
v -0.0534155108 1.37910795 0.0274473764
v -0.0534664057 1.37869143 0.0279712677
v -0.0504884422 1.37935984 0.0277480353
v -0.0504565462 1.37899351 0.0283458699
v -0.0475135334 1.3795259 0.0279244706
v -0.0474788621 1.37915647 0.0285180993
v -0.0445284173 1.37956178 0.0280321352
v -0.0444841571 1.37919521 0.0286295079
v -0.0417192802 1.37955379 0.0279827882
v -0.0416757539 1.37912583 0.0285761729
v -0.0387961939 1.37940228 0.0278930031
v -0.0386757739 1.37895882 0.0284608509
v -0.0356381349 1.3786366 0.0280492399
v -0.035846509 1.3792212 0.0277304985
v -0.0326315835 1.37869978 0.0268790722
v 0.056927748 1.33628583 0.0288814399
v 0.0547070354 1.33656847 0.0302909911
v 0.0544542931 1.33550453 0.0301957484
v 0.052250728 1.33547115 0.0309534259
v 0.0523076579 1.33752084 0.030950563
v 0.0545044877 1.33757675 0.0302665029
v 0.0498052649 1.33536935 0.0316687375
v 0.0498720556 1.33747637 0.0315950774
v 0.0474022366 1.33747673 0.0320751034
v 0.0473348238 1.33536637 0.0321517661
v 0.0448229238 1.33531797 0.0325123332
v 0.0448909327 1.33742881 0.0324342288
v 0.0424694046 1.33533001 0.032663472
v 0.0425402746 1.33747542 0.0326357447
v 0.0399901569 1.33535159 0.0327167436
v 0.0400578305 1.33744919 0.0327150822
v 0.037336424 1.33642077 0.032929901
v 0.0375729278 1.3353647 0.032756675
v 0.0376350693 1.33745348 0.0327529386
v 0.0347594619 1.33736575 0.032475315
v 0.0374980718 1.33592725 0.0331528075
v 0.0347401127 1.33609128 0.0322142504
v 0.037336424 1.33642077 0.032929901
v 0.0399913006 1.33586729 0.0331363976
v 0.0399286672 1.33630204 0.0331808813
v 0.0424622037 1.33588529 0.0330757499
v 0.0424673185 1.33630717 0.0331253707
v 0.0448364876 1.33629715 0.0329723507
v 0.044831194 1.33587074 0.0329209454
v 0.0473489463 1.33634067 0.0326147117
v 0.047336109 1.33591485 0.0325700231
v 0.0498228408 1.33593118 0.0320697017
v 0.0498372838 1.33634961 0.032125257
v 0.0523358285 1.33642161 0.031396497
v 0.0522589274 1.33597732 0.0314179584
v 0.0545270815 1.33605576 0.0306525659
v 0.0547070354 1.33656847 0.0302909911
v 0.056927748 1.33628583 0.0288814399
v 0.0544542931 1.33550453 0.0301957484
v 0.0545270815 1.33605576 0.0306525659
v 0.056927748 1.33628583 0.0288814399
v 0.0522589274 1.33597732 0.0314179584
v 0.052250728 1.33547115 0.0309534259
v 0.0498228408 1.33593118 0.0320697017
v 0.0498052649 1.33536935 0.0316687375
v 0.047336109 1.33591485 0.0325700231
v 0.0473348238 1.33536637 0.0321517661
v 0.044831194 1.33587074 0.0329209454
v 0.0448229238 1.33531797 0.0325123332
v 0.0424622037 1.33588529 0.0330757499
v 0.0424694046 1.33533001 0.032663472
v 0.0399913006 1.33586729 0.0331363976
v 0.0399901569 1.33535159 0.0327167436
v 0.0375729278 1.3353647 0.032756675
v 0.0374980718 1.33592725 0.0331528075
v 0.0347401127 1.33609128 0.0322142504
v 0.0375315547 1.33704209 0.0331472047
v 0.0347594619 1.33736575 0.032475315
v 0.0376350693 1.33745348 0.0327529386
v 0.0400307737 1.33702087 0.0331373662
v 0.0400578305 1.33744919 0.0327150822
v 0.0425027423 1.33703589 0.0330602266
v 0.0425402746 1.33747542 0.0326357447
v 0.0448909327 1.33742881 0.0324342288
v 0.0448687933 1.33698893 0.0328580551
v 0.0474022366 1.33747673 0.0320751034
v 0.0473735258 1.33703148 0.0325059444
v 0.0498591848 1.33704185 0.0320117176
v 0.0498720556 1.33747637 0.0315950774
v 0.0523076579 1.33752084 0.030950563
v 0.0522941761 1.33709061 0.0313757807
v 0.0545602739 1.33716762 0.030643804
v 0.0545044877 1.33757675 0.0302665029
v 0.0569471307 1.3375603 0.0291425698
v 0.0547070354 1.33656847 0.0302909911
v 0.0545602739 1.33716762 0.030643804
v 0.0569471307 1.3375603 0.0291425698
v 0.0522941761 1.33709061 0.0313757807
v 0.0523358285 1.33642161 0.031396497
v 0.0498591848 1.33704185 0.0320117176
v 0.0498372838 1.33634961 0.032125257
v 0.0473735258 1.33703148 0.0325059444
v 0.0473489463 1.33634067 0.0326147117
v 0.0448687933 1.33698893 0.0328580551
v 0.0448364876 1.33629715 0.0329723507
v 0.0425027423 1.33703589 0.0330602266
v 0.0424673185 1.33630717 0.0331253707
v 0.0400307737 1.33702087 0.0331373662
v 0.0399286672 1.33630204 0.0331808813
v 0.037336424 1.33642077 0.032929901
v 0.0375315547 1.33704209 0.0331472047
v 0.0347594619 1.33736575 0.032475315
v 0.0590999499 1.37707305 0.0267233457
v 0.0563578159 1.37814283 0.0272876024
v 0.0560733639 1.37735808 0.0280179121
v 0.0534088686 1.37773097 0.0284000728
v 0.053465493 1.37906754 0.0268456265
v 0.0561156459 1.37876451 0.0264939014
v 0.0504629612 1.37800753 0.0287919268
v 0.0505369641 1.37932873 0.0271486901
v 0.0475818962 1.37949228 0.0273086354
v 0.0475068986 1.37817109 0.0289564263
v 0.0445126519 1.37820888 0.0290734284
v 0.044588469 1.37952936 0.0274244212
v 0.0417228565 1.37814069 0.0290183108
v 0.0417975374 1.37952173 0.0273761079
v 0.03879302 1.37799454 0.0288848672
v 0.0388619639 1.37936401 0.0272954833
v 0.0356381349 1.3786366 0.0280492399
v 0.0359375551 1.37783766 0.028752923
v 0.0360001884 1.37919939 0.0271686073
v 0.0326315835 1.37869978 0.0268790722
v 0.0358124003 1.37849724 0.0285783
v 0.0326377712 1.37767112 0.0276759565
v 0.0356381349 1.3786366 0.0280492399
v 0.0387557745 1.37864745 0.0287657063
v 0.0386757739 1.37895882 0.0284608509
v 0.0416761823 1.37881315 0.0288639162
v 0.0416757539 1.37912583 0.0285761729
v 0.0444841571 1.37919521 0.0286295079
v 0.0444845706 1.37887847 0.02891941
v 0.0474788621 1.37915647 0.0285180993
v 0.0474697761 1.37884438 0.0288114771
v 0.050446447 1.37867796 0.0286265984
v 0.0504565462 1.37899351 0.0283458699
v 0.0534664057 1.37869143 0.0279712677
v 0.0533761717 1.37841225 0.0283177458
v 0.0561173037 1.37806821 0.0279002562
v 0.0563578159 1.37814283 0.0272876024
v 0.0590999499 1.37707305 0.0267233457
v 0.0560733639 1.37735808 0.0280179121
v 0.0561173037 1.37806821 0.0279002562
v 0.0590999499 1.37707305 0.0267233457
v 0.0533761717 1.37841225 0.0283177458
v 0.0534088686 1.37773097 0.0284000728
v 0.050446447 1.37867796 0.0286265984
v 0.0504629612 1.37800753 0.0287919268
v 0.0474697761 1.37884438 0.0288114771
v 0.0475068986 1.37817109 0.0289564263
v 0.0444845706 1.37887847 0.02891941
v 0.0445126519 1.37820888 0.0290734284
v 0.0416761823 1.37881315 0.0288639162
v 0.0417228565 1.37814069 0.0290183108
v 0.0387557745 1.37864745 0.0287657063
v 0.03879302 1.37799454 0.0288848672
v 0.0359375551 1.37783766 0.028752923
v 0.0358124003 1.37849724 0.0285783
v 0.0326377712 1.37767112 0.0276759565
v 0.035846509 1.3792212 0.0277304985
v 0.0326315835 1.37869978 0.0268790722
v 0.0360001884 1.37919939 0.0271686073
v 0.0387961939 1.37940228 0.0278930031
v 0.0388619639 1.37936401 0.0272954833
v 0.0417192802 1.37955379 0.0279827882
v 0.0417975374 1.37952173 0.0273761079
v 0.0445284173 1.37956178 0.0280321352
v 0.044588469 1.37952936 0.0274244212
v 0.0475818962 1.37949228 0.0273086354
v 0.0475135334 1.3795259 0.0279244706
v 0.0504884422 1.37935984 0.0277480353
v 0.0505369641 1.37932873 0.0271486901
v 0.053465493 1.37906754 0.0268456265
v 0.0534155108 1.37910795 0.0274473764
v 0.056151364 1.37878799 0.0270525347
v 0.0561156459 1.37876451 0.0264939014
v 0.0590937994 1.37810147 0.0259265695
v 0.0563578159 1.37814283 0.0272876024
v 0.056151364 1.37878799 0.0270525347
v 0.0590937994 1.37810147 0.0259265695
v 0.0534155108 1.37910795 0.0274473764
v 0.0534664057 1.37869143 0.0279712677
v 0.0504884422 1.37935984 0.0277480353
v 0.0504565462 1.37899351 0.0283458699
v 0.0475135334 1.3795259 0.0279244706
v 0.0474788621 1.37915647 0.0285180993
v 0.0445284173 1.37956178 0.0280321352
v 0.0444841571 1.37919521 0.0286295079
v 0.0417192802 1.37955379 0.0279827882
v 0.0416757539 1.37912583 0.0285761729
v 0.0387961939 1.37940228 0.0278930031
v 0.0386757739 1.37895882 0.0284608509
v 0.0356381349 1.3786366 0.0280492399
v 0.035846509 1.3792212 0.0277304985
v 0.0326315835 1.37869978 0.0268790722
v 0.000456252223 1.32313371 0.0904138386
v -0 1.32129478 0.0893145427
v -0 1.3230716 0.0912238881
v 0.00070844224 1.32504916 0.0912759379
v -0 1.32510221 0.0919460356
v -0 1.32680917 0.0922150761
v 0.0308522601 1.29901886 0.0567988753
v 0.0309112668 1.2986207 0.0564829633
v 0.0308217071 1.29903793 0.0568029732
v 0.0307739377 1.29978395 0.0571112894
v 0.0307272952 1.29975355 0.0571030788
v 0.0307249278 1.3004632 0.0577374697
v 0.0308848955 1.29901564 0.0567656606
v 0.0309112668 1.2986207 0.0564829633
v 0.030838849 1.29983044 0.0570560768
v 0.0308904424 1.30054283 0.0576899275
v 0.0308216382 1.30055034 0.0577512905
v 0.0307542644 1.30090022 0.0576498024
v 0.0308852959 1.3008709 0.0576150082
v 0.0308536906 1.30088282 0.0577086397
v 0.0308256447 1.301566 0.0571660474
v 0.0308942664 1.30157304 0.0571407415
v 0.0308624133 1.30157065 0.0571670458
v 0.0309517253 1.30281353 0.0564653277
v 0.0309517253 1.30281353 0.0564653277
v -0 1.29903698 0.0767211542
v -0 1.29897499 0.0772956982
v 0.00153106521 1.29919708 0.0768617019
v 0.00137767137 1.29914558 0.0764947757
v 0.00296980911 1.2993654 0.0763290375
v 0.0025710878 1.29924512 0.0759843141
v 0.00716004334 1.29983795 0.0747758672
v 0.0054787416 1.29942608 0.0747355819
v 0.00912453234 1.30006635 0.0738687143
v 0.00780265313 1.29978955 0.0739190355
v 0.00971644465 1.29996085 0.0735058561
v 0.00836877711 1.29995573 0.0732928291
v 0.00961785018 1.29958308 0.0734435692
v 0.00840237457 1.29988039 0.0732164457
v -0 1.29906046 0.0768871829
v 0.00152374676 1.29901457 0.0767892897
v -0 1.29891801 0.0772443935
v 0.00128054561 1.2991699 0.0765380561
v 0.00276148482 1.2991029 0.0760904774
v 0.00257476512 1.29928231 0.0758682936
v 0.00473968033 1.29940486 0.0747961849
v 0.00491800951 1.29913831 0.0750655532
v 0.00712628756 1.29969287 0.074013114
v 0.00767525472 1.29928017 0.0740846545
v 0.00961785018 1.29958308 0.0734435692
v 0.00840237457 1.29988039 0.0732164457
v -0 1.42486978 -0.0199950263
v -0 1.34403658 -0.0613738894
v 0.0221388843 1.34171355 -0.0558204204
v 0.0375467315 1.33842814 -0.0462963283
v 0.0530443192 1.33520782 -0.028507553
v 0.0612621047 1.33945107 -0.0200152844
v 0.0617272444 1.33416486 -0.0119711123
v 0.0649534166 1.34078324 -0.0117222676
v 0.066843234 1.3475492 -0.0167859811
v 0.068386808 1.34797359 -0.00952006876
v 0.0714633092 1.35349286 -0.00695680315
v 0.0721754432 1.36002946 -0.0138089079
v 0.074120611 1.35804391 -0.00196268456
v 0.0764973015 1.36782682 0.00129717554
v 0.0761633441 1.36002862 0.00224657776
v 0.0773345381 1.35928786 0.00713277422
v 0.0782787129 1.36840999 0.00871793646
v 0.080059059 1.39013505 0.012630214
v 0.0785115585 1.40992081 0.0170272123
v 0.0716317371 1.43194711 0.022891501
v 0.0632131472 1.44811797 0.0332958549
v 0.0541175194 1.45772278 0.0408618078
v 0.0398426279 1.46356273 0.0476570465
v 0.0197565723 1.46787429 0.0527757145
v -0 1.46934283 0.0551513247
v -0.000456252223 1.32313371 0.0904138386
v -0 1.3230716 0.0912238881
v -0 1.32129478 0.0893145427
v -0.00070844224 1.32504916 0.0912759379
v -0 1.32510221 0.0919460356
v -0 1.32680917 0.0922150761
v -0.0308522601 1.29901886 0.0567988753
v -0.0308217071 1.29903793 0.0568029732
v -0.0309112668 1.2986207 0.0564829633
v -0.0307739377 1.29978395 0.0571112894
v -0.0307272952 1.29975355 0.0571030788
v -0.0307249278 1.3004632 0.0577374697
v -0.0308216382 1.30055034 0.0577512905
v -0.0307542644 1.30090022 0.0576498024
v -0.0308536906 1.30088282 0.0577086397
v -0.0308256447 1.301566 0.0571660474
v -0.0308624133 1.30157065 0.0571670458
v -0.0309517253 1.30281353 0.0564653277
v -0.0308942646 1.30157304 0.0571407415
v -0.0309517253 1.30281353 0.0564653277
v -0.0308624133 1.30157065 0.0571670458
v -0.0308536906 1.30088282 0.0577086397
v -0.0308852959 1.3008709 0.0576150082
v -0.0308216382 1.30055034 0.0577512905
v -0.0308904424 1.30054283 0.0576899275
v -0.0307739377 1.29978395 0.0571112894
v -0.0308388472 1.29983044 0.0570560768
v -0.0308848955 1.29901564 0.0567656606
v -0.0308522601 1.29901886 0.0567988753
v -0.0309112668 1.2986207 0.0564829633
v -0 1.29903698 0.0767211542
v -0.00153106521 1.29919708 0.0768617019
v -0 1.29897499 0.0772956982
v -0.00137767137 1.29914558 0.0764947757
v -0.00296980911 1.2993654 0.0763290375
v -0.0025710878 1.29924512 0.0759843141
v -0.00716004334 1.29983795 0.0747758672
v -0.0054787416 1.29942608 0.0747355819
v -0.00912453234 1.30006635 0.0738687143
v -0.00780265313 1.29978955 0.0739190355
v -0.00971644465 1.29996085 0.0735058561
v -0.00836877711 1.29995573 0.0732928291
v -0.00961785018 1.29958308 0.0734435692
v -0.00840237457 1.29988039 0.0732164457
v -0 1.29906046 0.0768871829
v -0 1.29891801 0.0772443935
v -0.00152374676 1.29901457 0.0767892897
v -0.00128054561 1.2991699 0.0765380561
v -0.00276148482 1.2991029 0.0760904774
v -0.00257476512 1.29928231 0.0758682936
v -0.00473968033 1.29940486 0.0747961849
v -0.00491800951 1.29913831 0.0750655532
v -0.00712628756 1.29969287 0.074013114
v -0.00767525472 1.29928017 0.0740846545
v -0.00961785018 1.29958308 0.0734435692
v -0.00840237457 1.29988039 0.0732164457
v -0 1.42486978 -0.0199950263
v -0.0221388843 1.34171355 -0.0558204204
v -0 1.34403658 -0.0613738894
v -0.0375467315 1.33842814 -0.0462963283
v -0.0530443192 1.33520782 -0.028507553
v -0.0612621047 1.33945107 -0.0200152844
v -0.0617272444 1.33416486 -0.0119711123
v -0.0649534166 1.34078324 -0.0117222676
v -0.066843234 1.3475492 -0.0167859811
v -0.068386808 1.34797359 -0.00952006876
v -0.0714633092 1.35349286 -0.00695680315
v -0.0721754432 1.36002946 -0.0138089079
v -0.074120611 1.35804391 -0.00196268456
v -0.0764973015 1.36782682 0.00129717554
v -0.0761633441 1.36002862 0.00224657776
v -0.0773345381 1.35928786 0.00713277422
v -0.0782787129 1.36840999 0.00871793646
v -0.080059059 1.39013505 0.012630214
v -0.0785115585 1.40992081 0.0170272123
v -0.0716317371 1.43194711 0.022891501
v -0.0632131472 1.44811797 0.0332958549
v -0.0541175194 1.45772278 0.0408618078
v -0.0398426279 1.46356273 0.0476570465
v -0.0197565723 1.46787429 0.0527757145
v -0 1.46934283 0.0551513247
v -0.0414690189 1.36916208 0.0684622154
v -0.0429070517 1.369187 0.0676501468
v -0.0428833328 1.36655319 0.0703340396
v -0.0444967896 1.36903512 0.0681921691
v 0.0659741461 1.36618125 0.0597812459
v 0.0653161407 1.36600184 0.0601812825
v 0.0643458813 1.36798918 0.0616671629
v 0.0626428276 1.36855066 0.0628308505
v 0.0632787868 1.36940122 0.0627723038
v 0.0666138902 1.36654782 0.0575180054
v 0.0620524958 1.36986923 0.0637478977
v 0.0601603352 1.37025309 0.0646841452
v 0.0609336123 1.37141228 0.064502582
v 0.0640820339 1.36984062 0.0605066381
v 0.0589920394 1.37190676 0.0656643063
v 0.0563606955 1.37199736 0.0666619018
v 0.0567727685 1.37325501 0.0666417554
v 0.0612106845 1.37205362 0.0628820211
v 0.0641690418 1.37029481 0.057494726
v 0.0672834888 1.36664653 0.0543445684
v 0.0612720512 1.37303507 0.05979589
v 0.0689706281 1.36457491 0.0525647067
v 0.057143338 1.37553251 0.0622465424
v 0.0714139044 1.36380446 0.0514724627
v 0.0568665452 1.37428796 0.0654440522
v 0.0532678887 1.37744796 0.0643349811
v 0.0713927597 1.36296165 0.0527707487
v 0.0748209804 1.36348414 0.0501772389
v 0.0749057829 1.36298525 0.0512886494
v 0.0771855786 1.36367583 0.0501040444
v 0.0772908255 1.36341476 0.0504825115
v 0.0782562122 1.36371827 0.0503957942
v 0.0773857981 1.36284995 0.0507823564
v 0.0751565993 1.36135221 0.0518516712
v 0.0775059089 1.36223125 0.0503483489
v 0.0775562897 1.36179781 0.0497643352
v 0.0754523054 1.35912681 0.0495100357
v 0.0752625018 1.35990226 0.050848335
v 0.0716015026 1.35805213 0.05229491
v 0.0529601388 1.37314796 0.0682846978
v 0.0547620952 1.37353635 0.0676727593
v 0.0530376025 1.37445366 0.0682737827
v 0.050860513 1.37387025 0.0690125152
v 0.0475906171 1.3733722 0.0667695925
v 0.0531246699 1.37584424 0.0669837669
v 0.0482527725 1.37493908 0.0701738596
v 0.0486484617 1.37699533 0.0681992024
v 0.049155388 1.37862444 0.0657637641
v 0.0455079637 1.37913978 0.0665464774
v 0.0475510843 1.37431383 0.0698159784
v 0.0431612656 1.37299538 0.0698484257
v 0.0431044102 1.3713125 0.0685096309
v 0.045933675 1.37104952 0.0675314665
v 0.0444967896 1.36903512 0.0681921691
v 0.0466692857 1.37509811 0.0708028302
v 0.0458648875 1.37735438 0.0687029585
v 0.0420885608 1.37900698 0.0669970438
v 0.0429699756 1.3694247 0.0688214302
v 0.0428833328 1.36655331 0.0703340396
v 0.0414690264 1.36916208 0.0684622228
v 0.0405026861 1.37088311 0.068109341
v 0.0392747447 1.37307024 0.0676609203
v 0.043119736 1.37704194 0.0704145357
v 0.0428180769 1.3776927 0.0687852427
v 0.0387345031 1.37649214 0.0684309155
v 0.0388106257 1.37805021 0.0670468435
v 0.0408526734 1.37484825 0.070835039
v 0.0364358984 1.37704742 0.0668871179
v 0.0431086645 1.37445474 0.0716713592
v 0.0451036096 1.37696362 0.073621653
v 0.0400084667 1.37387705 0.069886066
v 0.0389623567 1.37372172 0.0696618631
v 0.0376759917 1.37284052 0.0694409907
v 0.0431345887 1.37636995 0.0742771626
v 0.0439925566 1.37951386 0.0761036351
v 0.0417305566 1.37673998 0.0740707591
v 0.0428892002 1.37927961 0.0767570585
v 0.0432418957 1.38202929 0.077317521
v 0.0420334078 1.37941194 0.0763163492
v 0.0427232794 1.38171506 0.0776406378
v 0.0423557051 1.38536727 0.0779900551
v 0.0421761349 1.38194633 0.077416636
v 0.037664149 1.37391245 0.0699449033
v 0.0368525609 1.37296999 0.0692659393
v 0.0385514796 1.37421429 0.0702415258
v 0.0361024775 1.37305713 0.0693080574
v 0.0361198671 1.37254167 0.0689587221
v 0.0363487899 1.3753078 0.0680578128
v 0.0332279466 1.37144828 0.0685152113
v 0.0349737369 1.37212968 0.0688876584
v 0.0334237926 1.37108779 0.0682678744
v 0.0335230678 1.37352884 0.0674069077
v 0.0338922963 1.37578106 0.0663832575
v 0.0314322375 1.3733052 0.0653277636
v 0.0306738913 1.37112761 0.0667696074
v 0.0316043682 1.37003124 0.0678844377
v 0.0303311683 1.36906493 0.0674220473
v 0.030297555 1.36958218 0.067643635
v 0.0266326088 1.36602461 0.0665499419
v 0.0258929506 1.36672878 0.0660766289
v 0.0257376656 1.3671881 0.0653123856
v 0.0233919136 1.36325467 0.0659347698
v 0.0230753701 1.36385584 0.0656496212
v 0.0230362453 1.36408591 0.0651633143
v 0.0213176627 1.36186647 0.0657021925
v 0.0213744603 1.36144388 0.0658178255
v 0.0211318769 1.36202693 0.0652941316
v 0.0184748247 1.35896921 0.0660167411
v -0.0659741461 1.36618125 0.0597812459
v -0.0653161407 1.36600184 0.0601812825
v -0.0643458813 1.36798918 0.0616671629
v -0.0626428276 1.36855066 0.0628308505
v -0.0632787868 1.36940122 0.0627723038
v -0.0666138902 1.36654782 0.0575180054
v -0.0620524958 1.36986923 0.0637478977
v -0.0601603352 1.37025309 0.0646841452
v -0.0609336123 1.37141228 0.064502582
v -0.0640820339 1.36984062 0.0605066381
v -0.0589920394 1.37190676 0.0656643063
v -0.0563606955 1.37199736 0.0666619018
v -0.0567727685 1.37325501 0.0666417554
v -0.0612106845 1.37205362 0.0628820211
v -0.0641690418 1.37029481 0.057494726
v -0.0672834888 1.36664653 0.0543445684
v -0.0612720512 1.37303507 0.05979589
v -0.0689706281 1.36457491 0.0525647067
v -0.057143338 1.37553251 0.0622465424
v -0.0714139044 1.36380446 0.0514724627
v -0.0568665452 1.37428796 0.0654440522
v -0.0532678887 1.37744796 0.0643349811
v -0.0713927597 1.36296189 0.0527707487
v -0.0748209804 1.36348403 0.0501772389
v -0.0749057829 1.36298525 0.0512886494
v -0.0771855786 1.36367583 0.0501040444
v -0.0772908181 1.36341476 0.0504825115
v -0.0782562122 1.36371827 0.0503957942
v -0.0773857981 1.36284995 0.0507823564
v -0.0751565993 1.36135221 0.0518516712
v -0.0775059089 1.36223125 0.0503483489
v -0.0775562897 1.36179781 0.0497643352
v -0.0754523054 1.35912681 0.0495100357
v -0.0752625018 1.35990226 0.050848335
v -0.0716015026 1.35805213 0.05229491
v -0.0547620952 1.37353635 0.0676727593
v -0.0529601388 1.37314796 0.0682846978
v -0.0530376025 1.37445366 0.0682737827
v -0.050860513 1.37387025 0.0690125152
v -0.0475906171 1.3733722 0.0667695925
v -0.0531246699 1.37584424 0.0669837669
v -0.0482527725 1.37493908 0.0701738596
v -0.0486484617 1.37699533 0.0681992024
v -0.049155388 1.37862444 0.0657637641
v -0.0455079637 1.37913978 0.0665464774
v -0.0475510843 1.37431383 0.0698159784
v -0.0431612656 1.37299538 0.0698484257
v -0.0431044102 1.3713125 0.0685096309
v -0.045933675 1.37104952 0.0675314665
v -0.0444967896 1.36903512 0.0681921691
v -0.0466692857 1.37509811 0.0708028302
v -0.0458648875 1.37735438 0.0687029585
v -0.0420885608 1.37900698 0.0669970438
v -0.0429699756 1.3694247 0.0688214302
v -0.0428833328 1.36655319 0.0703340396
v -0.0414690189 1.36916208 0.0684622154
v -0.0405026823 1.37088311 0.068109341
v -0.0392747447 1.37307024 0.0676609203
v -0.043119736 1.37704194 0.0704145357
v -0.0428180769 1.3776927 0.0687852427
v -0.0387345031 1.37649214 0.0684309155
v -0.0388106257 1.37805021 0.0670468435
v -0.0408526734 1.37484825 0.070835039
v -0.0364358984 1.37704742 0.0668871179
v -0.0431086645 1.37445474 0.0716713592
v -0.0451036096 1.37696362 0.073621653
v -0.0400084667 1.37387705 0.069886066
v -0.0389623567 1.37372172 0.0696618631
v -0.0376759917 1.37284052 0.0694409907
v -0.0431345887 1.37636995 0.0742771626
v -0.0439925566 1.37951386 0.0761036351
v -0.0417305566 1.37673998 0.0740707591
v -0.0428892002 1.37927961 0.0767570585
v -0.0432418957 1.38202929 0.077317521
v -0.0420334078 1.37941194 0.0763163492
v -0.0427232794 1.38171506 0.0776406378
v -0.0423557051 1.38536727 0.0779900551
v -0.0421761349 1.38194633 0.077416636
v -0.037664149 1.37391245 0.0699449033
v -0.0368525609 1.37296999 0.0692659393
v -0.0385514796 1.37421429 0.0702415258
v -0.0361024775 1.37305713 0.0693080574
v -0.0361198671 1.37254167 0.0689587221
v -0.0363487899 1.3753078 0.0680578128
v -0.0332279466 1.37144828 0.0685152113
v -0.0349737369 1.37212968 0.0688876584
v -0.0334237926 1.37108779 0.0682678744
v -0.0335230678 1.37352884 0.0674069077
v -0.0338922963 1.37578106 0.0663832575
v -0.0314322375 1.3733052 0.0653277636
v -0.0306738913 1.37112761 0.0667696074
v -0.0316043682 1.37003124 0.0678844377
v -0.0303311683 1.36906493 0.0674220473
v -0.030297555 1.36958218 0.067643635
v -0.0266326088 1.36602461 0.0665499419
v -0.0258929506 1.36672878 0.0660766289
v -0.0257376656 1.3671881 0.0653123856
v -0.0233919136 1.36325467 0.0659347698
v -0.0230753701 1.36385584 0.0656496212
v -0.0230362453 1.36408591 0.0651633143
v -0.0213176627 1.36186647 0.0657021925
v -0.0213744603 1.36144388 0.0658178255
v -0.0211318769 1.36202693 0.0652941316
v -0.0184748247 1.35896921 0.0660167411
v -0.0709000975 1.34877741 0.0420359746
v -0.0644919276 1.35268641 0.0522594303
v -0.0652505904 1.35513031 0.0523181297
v -0.0633517131 1.3499397 0.0528375916
v -0.06111883 1.34631622 0.0539202243
v -0.0735986903 1.35708582 0.0417743474
v -0.0656129867 1.35894668 0.0530747175
v -0.074541986 1.36446238 0.043073535
v -0.065565221 1.36205184 0.0547575764
v -0.0647368804 1.36442363 0.0559872277
v -0.0759532228 1.36022639 0.0374305397
v -0.0666568428 1.34012723 0.0440096408
v -0.0589347593 1.34405518 0.0553641692
v -0.0749202371 1.37187517 0.0446546264
v -0.0749491751 1.37947655 0.0461981818
v -0.0632597059 1.36708617 0.0572344176
v -0.0711211264 1.34479368 0.0365673527
v -0.0518483855 1.35682249 0.0252204668
v -0.0616468191 1.33760953 0.0368284024
v -0.0641386211 1.33306456 0.0476358086
v -0.0571909547 1.34292555 0.0564678796
v -0.0546723753 1.34174466 0.0579884164
v -0.0735759884 1.37708008 0.0373349562
v -0.0698932782 1.38857937 0.0495126322
v -0.0608007275 1.37003493 0.0589124337
v -0.061736431 1.38465142 0.0376808345
v -0.0644904822 1.39066637 0.0502999425
v -0.0581379645 1.37204552 0.0604871772
v -0.0527994484 1.37413895 0.0631010756
v -0.0616235472 1.32919145 0.0494782142
v -0.0570400283 1.32666576 0.050575681
v -0.0506410189 1.34059441 0.0601275191
v -0.0463756248 1.34045029 0.0617922656
v -0.044063352 1.38464844 0.0388999172
v -0.0246783104 1.36114728 0.037680883
v -0.0559141375 1.3918457 0.052300375
v -0.0446814671 1.39162195 0.0540075675
v -0.0460235029 1.37514377 0.0650726408
v -0.0385684185 1.37415206 0.066034846
v -0.0350398645 1.38912499 0.0548257008
v -0.0288813114 1.38117599 0.0553397387
v -0.0338386707 1.37199104 0.0658398122
v -0.0284091029 1.36794722 0.0645297691
v -0.0241737533 1.37326825 0.0559871085
v -0.0251992848 1.36228418 0.0640893951
v -0.0206036754 1.36348796 0.05637151
v -0.0189136546 1.35515809 0.0565630868
v -0.0232076515 1.35272396 0.0644238666
v -0.0285612252 1.34226143 0.0376808345
v -0.0189407207 1.34563017 0.0564798675
v -0.0232974663 1.34868288 0.0642462224
v -0.0244177245 1.3456198 0.0640473291
v -0.0278095901 1.34274948 0.063426435
v -0.0215160176 1.33782768 0.0561471395
v -0.0275893304 1.33071375 0.0562275872
v -0.0354011245 1.34075809 0.0631090328
v -0.049437549 1.33591998 0.0370707326
v -0.0392999426 1.32698596 0.0539208911
v -0.0413883999 1.34029007 0.0627602488
v -0.0487646535 1.3262043 0.0522144921
v 0.0456957892 1.37848794 0.0666710138
v 0.0460235029 1.37514377 0.0650726408
v 0.0385684185 1.37415206 0.066034846
v 0.0527994484 1.37413895 0.0631010756
v 0.0376550481 1.37676299 0.0665428415
v 0.0338386707 1.37199104 0.0658398122
v 0.0526931956 1.37793469 0.0645276606
v 0.0581379645 1.37204552 0.0604871772
v 0.0313700326 1.37234437 0.0642589256
v 0.0284091029 1.36794722 0.0645297691
v 0.044811707 1.38007045 0.0664813519
v 0.0598621927 1.37457442 0.0604498908
v 0.0608007275 1.37003493 0.0589124337
v 0.0344528183 1.37856209 0.0672703981
v 0.0258072782 1.36709213 0.0639015734
v 0.0251992848 1.36228418 0.0640893951
v 0.0250213444 1.37495315 0.0658047795
v 0.0216065068 1.36075652 0.0647069141
v 0.0232076515 1.35272396 0.0644238666
v 0.0522683039 1.38210833 0.0650018603
v 0.0641825125 1.37186134 0.0574890934
v 0.0632597059 1.36708617 0.0572344176
v 0.0328380466 1.38192058 0.0689133108
v 0.0205982998 1.36739242 0.0648626834
v 0.0601246431 1.38073397 0.0621412694
v 0.0661117584 1.3694098 0.0551051684
v 0.0647368804 1.36442363 0.0559872277
v 0.0440874808 1.38406277 0.0674211457
v 0.0517754704 1.38400912 0.0661884323
v 0.0514296442 1.38999617 0.0703940317
v 0.0645477548 1.37735474 0.0597583391
v 0.0408877805 1.38888896 0.0735094175
v 0.0375667401 1.3956449 0.077469334
v 0.0305328593 1.38449657 0.0730727836
v 0.0194117986 1.3751992 0.0703455955
v 0.0281356312 1.3870858 0.0768487304
v 0.0600898601 1.38935196 0.0659673139
v 0.0682155788 1.37451768 0.0570616983
v 0.0660425201 1.38669634 0.062169373
v 0.060262654 1.39650023 0.0671669543
v 0.0507978871 1.39749694 0.0717717931
v 0.0676536933 1.36687827 0.0534272566
v 0.0687428042 1.36468351 0.0524182543
v 0.065565221 1.36205184 0.0547575764
v 0.0656129867 1.35894668 0.0530747175
v 0.0706732199 1.37040973 0.0539471656
v 0.0706596449 1.38062966 0.0581269301
v 0.0502644181 1.40631485 0.0718890429
v 0.06734965 1.39257538 0.0623323284
v 0.0688921511 1.3588376 0.0511436313
v 0.0652505904 1.35513031 0.0523181297
v 0.059786357 1.40541899 0.0668399483
v 0.0677106827 1.35493052 0.0515100025
v 0.0644919276 1.35268641 0.0522594303
v 0.0669702515 1.3520745 0.0516266376
v 0.0633517131 1.3499397 0.0528375916
v 0.0651562884 1.34907043 0.0521592684
v 0.06111883 1.34631622 0.0539202243
v 0.0637066886 1.34610331 0.0529380366
v 0.0589347593 1.34405518 0.0553641692
v 0.071248211 1.35870898 0.0504122861
v 0.0695763305 1.35466564 0.0504711084
v 0.0683785826 1.35110533 0.0505135208
v 0.0674419478 1.34888291 0.0508984327
v 0.0717061535 1.36514819 0.051206205
v 0.0725101233 1.35761726 0.0497468188
v 0.0712464899 1.35415554 0.0496933647
v 0.0736977905 1.3737613 0.0531571507
v 0.0745209381 1.36572218 0.0499453284
v 0.0739152282 1.35798883 0.0477976501
v 0.0698992535 1.3509413 0.0499165393
v 0.0657539368 1.34606397 0.0516511798
v 0.0713904873 1.38780999 0.0578314923
v 0.0760756508 1.3684051 0.0471032858
v 0.0732074976 1.35560405 0.0475288555
v 0.0686869249 1.34867704 0.0502609946
v 0.0747917816 1.3577826 0.0450089909
v 0.0712137595 1.34967005 0.0476492792
v 0.0670717284 1.34569979 0.0508566685
v 0.0673821867 1.40110588 0.0596535467
v 0.0638320819 1.34285653 0.052752845
v 0.0620340817 1.34343553 0.0538433827
v 0.0594006032 1.33986437 0.0558833219
v 0.0571909547 1.34292555 0.0564678796
v 0.0558995046 1.33695614 0.058273837
v 0.0546723753 1.34174466 0.0579884164
v 0.0511029176 1.33533764 0.0611380152
v 0.0506410189 1.34059441 0.0601275191
v 0.04627214 1.33490694 0.0629752725
v 0.0463756248 1.34045029 0.0617922656
v 0.0407518335 1.33528054 0.0644223392
v 0.0413883999 1.34029007 0.0627602488
v 0.0345844887 1.33653522 0.065099068
v 0.0354011245 1.34075809 0.0631090328
v 0.0264964495 1.33958626 0.0645366013
v 0.0278095901 1.34274948 0.063426435
v 0.0217202753 1.34478259 0.0652764812
v 0.0244177245 1.3456198 0.0640473291
v 0.0201699566 1.34790504 0.0654518008
v 0.0232974663 1.34868288 0.0642462224
v 0.0199688375 1.3519665 0.0650686845
v 0.0170810316 1.34672999 0.0668411404
v 0.0190793555 1.34291267 0.0673192218
v 0.025162803 1.33633697 0.0685913339
v 0.0327434987 1.33285058 0.0682280064
v 0.0173162203 1.33070934 0.0745327994
v 0.0176464636 1.35951769 0.0656901523
v 0.0166295972 1.35100305 0.0663693175
v 0.0142136784 1.33949387 0.0703676417
v 0.0131087694 1.34493113 0.0687213615
v 0.0403085649 1.33135831 0.0661522448
v 0.0161597747 1.36690712 0.068716228
v 0.0135404607 1.35791862 0.0681501105
v 0.0128537295 1.34973764 0.0681310669
v 0.0083261244 1.35754824 0.0716522783
v 0.0154235745 1.37600267 0.0744324848
v 0.011894729 1.36750114 0.0726210698
v 0.00892535318 1.34426939 0.0705908686
v 0.0092401756 1.36788821 0.0751875415
v 0.0118660647 1.37752175 0.0783398971
v 0.00842413772 1.34958446 0.0701227039
v 0.00439807773 1.34404266 0.0723200887
v 0.00917384122 1.33865368 0.0729049668
v 0.0245035794 1.3902204 0.080055654
v 0.00525007164 1.36889148 0.077938959
v 0.00440649688 1.34950042 0.0718810856
v -0 1.34948099 0.0729108378
v 0.00436016591 1.35729444 0.0739020631
v 0.00665486697 1.37907183 0.0815337151
v -0 1.37968349 0.0835390761
v -0 1.36914623 0.0794984624
v 0.0173409693 1.39337432 0.0834859237
v -0 1.35713732 0.0749539733
v -0.00436016591 1.35729444 0.0739020631
v -0.00525007164 1.36889148 0.077938959
v -0.0083261244 1.35754824 0.0716522783
v 0.0346795432 1.4009608 0.07892517
v -0.00440649688 1.34950042 0.0718810856
v 0.0152614294 1.41016603 0.0830873922
v 0.0317550786 1.41337824 0.0785098076
v 0.0130948909 1.43383086 0.0753165632
v 0.0488591902 1.41715395 0.0704768449
v 0.00900662038 1.393731 0.0849179253
v -0 1.39391685 0.0861515328
v 0.0294870604 1.43529725 0.071378395
v -0 1.40905535 0.0848554894
v 0.0596300364 1.41688454 0.0634739101
v 0.0454636998 1.43692183 0.065290533
v 0.0675469041 1.41226304 0.0567066073
v 0.0270768907 1.45424449 0.0627678782
v 0.0584328435 1.43382585 0.0566871613
v 0.0721252263 1.39709413 0.0552047715
v 0.0421129018 1.45208907 0.0574651472
v 0.0748568103 1.37964821 0.051682394
v 0.0767038465 1.38780999 0.0432093367
v 0.0727889836 1.4037466 0.0512616001
v 0.0676658079 1.42362511 0.0509070568
v 0.0655631945 1.43892908 0.0433697626
v 0.0742701814 1.40956473 0.0452545956
v 0.0780140013 1.37443948 0.0389850214
v 0.0790289491 1.39869928 0.0311072264
v 0.0563912764 1.44696093 0.0486336946
v 0.0753262639 1.41875422 0.0367852971
v 0.0398426279 1.46356273 0.0476570465
v 0.0541175194 1.45772278 0.0408618078
v 0.0632131472 1.44811797 0.0332958549
v 0.0716317371 1.43194711 0.022891501
v 0.0785115585 1.40992081 0.0170272123
v 0.0197565723 1.46787429 0.0527757145
v 0.080059059 1.39013505 0.012630214
v 0.011704769 1.45528924 0.0656657219
v -0 1.46934283 0.0551513247
v 0.0800966471 1.382653 0.0263413023
v 0.0780515224 1.36361194 0.0225206148
v 0.0782787129 1.36840999 0.00871793646
v 0.0749192759 1.35282743 0.0148145286
v 0.0773345381 1.35928786 0.00713277422
v 0.0789356977 1.35899961 0.00865563564
v -0 1.45536363 0.0670474097
v 0.0825468227 1.36026502 0.00439597107
v 0.0761633441 1.36002862 0.00224657776
v 0.074120611 1.35804391 -0.00196268456
v 0.0765189901 1.35958076 0.0374925286
v 0.0730652213 1.35013461 0.0436829515
v 0.0746206641 1.35140085 0.0365539938
v 0.0720609948 1.34207749 0.0357837714
v 0.0755436569 1.35266793 0.0200798381
v 0.068922095 1.34515762 0.048656553
v 0.0704738945 1.34409571 0.0448009707
v 0.0674512759 1.3421098 0.0490923002
v 0.0724085346 1.34164059 0.0188588575
v 0.0656401068 1.34239113 0.0512079149
v 0.061080303 1.33657897 0.0544479787
v 0.0693906173 1.34152782 0.0454251245
v 0.0635838136 1.33595502 0.0518659949
v 0.066368714 1.33488262 0.0473371893
v 0.0557213873 1.33050227 0.0587950312
v 0.0598784536 1.32941771 0.0550565571
v 0.0638476238 1.32857156 0.0493943617
v 0.050906539 1.3304019 0.0622066595
v 0.0460980311 1.33060634 0.0641958341
v 0.0698356554 1.3345257 0.035546992
v 0.0670547038 1.32633281 0.0359038077
v 0.0695740357 1.33338392 0.018052781
v 0.0710272044 1.34031582 0.0149400495
v 0.0494053215 1.32494199 0.063933149
v 0.0451774858 1.3258816 0.0660833344
v 0.039122548 1.32672727 0.0682417899
v 0.0535348356 1.3243289 0.0611917675
v 0.0309895929 1.32823205 0.0709534883
v 0.0370693728 1.32057381 0.070642516
v 0.0476664342 1.31820071 0.0660789683
v 0.0580131151 1.32292354 0.0566706061
v 0.0618536472 1.32113886 0.0509988144
v 0.0560717955 1.31610465 0.0584854223
v 0.029250659 1.32249367 0.0732491463
v 0.043239411 1.31927276 0.0685492381
v 0.0518157929 1.31714642 0.0632434189
v 0.035296496 1.31514704 0.0718325824
v 0.064336516 1.31914949 0.0360443443
v 0.0593636036 1.31375206 0.0525906868
v 0.054323785 1.31149244 0.0597975664
v 0.0504267626 1.31182182 0.0644445866
v 0.0456822142 1.31239879 0.0675710365
v 0.0411813483 1.31336045 0.0698307753
v 0.0663087517 1.32533109 0.0176676754
v 0.0685619786 1.33280337 0.0147627955
v 0.0572833829 1.30874598 0.0535345301
v 0.0521307774 1.30621219 0.0607821085
v 0.0610046759 1.31146288 0.0360812284
v 0.0633045807 1.31899917 0.0178610254
v 0.0484094433 1.30640209 0.0647627041
v 0.0656509399 1.32508409 0.0146479821
v 0.0546470769 1.3034147 0.0539166182
v 0.0577853099 1.30524457 0.0361881256
v 0.0493886881 1.30055642 0.0605848283
v 0.0596666522 1.31048846 0.0197187439
v 0.060929995 1.31637573 0.01418975
v 0.0633221343 1.32008147 0.0144483373
v 0.0646337718 1.32022822 0.0129766185
v 0.0663651899 1.32474649 0.0126894712
v 0.0695757046 1.33202088 0.0128307622
v 0.0726749152 1.34000671 0.0124892415
v 0.076622501 1.34824288 0.0118535357
v 0.0756720603 1.35060441 0.0141577292
v 0.0830935836 1.36328006 0.0108591653
v 0.0836303979 1.35827529 0.00860689394
v 0.0873671696 1.36123729 0.00576575985
v 0.0814906284 1.36392915 0.0100750634
v 0.0881752148 1.36687601 0.00593358371
v 0.0911174491 1.3612982 0.00122275681
v 0.086395435 1.36749339 0.00365173724
v 0.0927244797 1.36680794 -8.41712899E-05
v 0.084309265 1.35824478 -0.000316896418
v 0.0903816298 1.36763263 -0.00228801649
v 0.0843105614 1.35362756 -0.00405007834
v 0.0714633092 1.35349286 -0.00695680315
v 0.0955751762 1.36206341 -0.0040171924
v 0.0927547365 1.35762787 -0.00152668625
v 0.0929934308 1.36274385 -0.00611687452
v 0.0828143954 1.34547508 -0.00729088066
v 0.068386808 1.34797359 -0.00952006876
v 0.0649534166 1.34078324 -0.0117222676
v 0.0969616026 1.34692657 -0.00847563986
v 0.0933356658 1.34489775 -0.00500958599
v 0.0945756286 1.34820521 -0.010928384
v 0.0799141675 1.33861268 -0.00843333919
v 0.0953308344 1.3373028 -0.00959520694
v 0.0917858407 1.33836412 -0.00579888374
v 0.0936383829 1.33770347 -0.0119165378
v 0.0750284567 1.33119845 -0.00632079924
v 0.0617272444 1.33416486 -0.0119711123
v 0.0851796195 1.32661724 -0.00440298859
v 0.0832263157 1.32902598 -0.00120489229
v 0.0766272694 1.32325268 0.00290493481
v 0.0835852697 1.32733166 -0.00705698971
v 0.0686474517 1.32370913 -0.00186770374
v 0.0583040603 1.32309937 -0.00553580886
v 0.076031737 1.32024288 -0.00207581255
v 0.078058131 1.320068 0.000151365093
v 0.0653369501 1.32005 0.000540901383
v 0.0709149465 1.31330943 0.00540347397
v 0.0721643791 1.31941938 0.00623813318
v 0.0690112635 1.31300581 0.00331592164
v 0.0616470501 1.31769526 0.00353308907
v 0.0533347316 1.3166678 0.00610106345
v 0.0656731054 1.31262183 0.00980706327
v 0.0686202124 1.31874323 0.00904126279
v 0.063664414 1.31252885 0.00760030234
v 0.0590163842 1.31396639 0.0105663706
v 0.0561799742 1.31667864 0.0101475129
v 0.0620427243 1.31487536 0.0130397175
v 0.0532306768 1.30932307 0.0107979244
v 0.0570425168 1.3096776 0.0147893736
v 0.0503064096 1.30382776 0.0124358628
v 0.0560276359 1.30351388 0.021173453
v 0.0535874367 1.30357873 0.0159791484
v 0.0457624868 1.29779446 0.0146428607
v 0.0539254211 1.29949212 0.0367669873
v 0.0513666198 1.29672849 0.0233315695
v 0.0512034483 1.29822862 0.0544785969
v 0.0471570082 1.29228806 0.0257414654
v 0.0416935869 1.29270291 0.0165480245
v 0.0497474596 1.29489672 0.0375691578
v 0.0422610231 1.28823447 0.0279016756
v 0.0357013084 1.28796244 0.0194097031
v 0.0474472083 1.29389536 0.0544782765
v 0.0456347652 1.29107857 0.0387561396
v 0.0375340171 1.28469205 0.0301164668
v 0.0312767886 1.28490031 0.0216078609
v 0.0409490615 1.28735566 0.0405470319
v 0.0430420265 1.28992891 0.05417867
v 0.0455189683 1.29550123 0.0603007413
v 0.0326485299 1.28158867 0.0325539932
v 0.0264748111 1.28180361 0.0242207572
v 0.0363405682 1.28400338 0.0422344767
v 0.0386050306 1.28656125 0.0544575639
v 0.0262556672 1.2779671 0.0357496254
v 0.0217518769 1.27896297 0.0267610829
v 0.0306345057 1.28041863 0.0441634171
v 0.0186275803 1.27412009 0.0394345038
v 0.0152993053 1.27526474 0.0304563735
v 0.0455161333 1.30109918 0.0644714013
v 0.0420120955 1.29211438 0.0597242154
v 0.0334674008 1.28316998 0.0549286939
v 0.0224001911 1.27599573 0.0471885577
v 0.0113862343 1.27066851 0.0433915891
v 0.00977302995 1.27197969 0.0342478491
v 0.0436257832 1.30718839 0.0679327399
v 0.0388050042 1.28917277 0.0595471747
v 0.0231458731 1.27707064 0.0560520366
v 0.0119089605 1.27072608 0.0502743609
v 0.00634132745 1.26878285 0.0459954999
v 0.00587050663 1.27037334 0.036723163
v 0.0032609473 1.26916981 0.0385642387
v 0.0391008817 1.30833554 0.0701726004
v 0.0327966027 1.28464401 0.0597311482
v 0.0125439521 1.27138352 0.0579980947
v 0.00578200677 1.26819646 0.052798111
v 0.00299618929 1.26785839 0.047338631
v -0 1.26836789 0.0399725214
v 0.00261154864 1.26727092 0.0544152707
v -0 1.26737165 0.0481195822
v -0.0032609473 1.26916981 0.0385642387
v 0.00595501764 1.26815581 0.0598959103
v 0.00231891102 1.26675379 0.0612216853
v -0 1.26640618 0.0620752648
v 0.00626851432 1.26897597 0.0625011548
v -0 1.26674283 0.0551908948
v -0.00299618929 1.26785839 0.047338631
v -0.00587050663 1.27037334 0.036723163
v -0.00261154864 1.26727092 0.0544152707
v -0.00634132745 1.26878285 0.0459954999
v -0.00977302995 1.27197969 0.0342478491
v -0.0113862343 1.27066851 0.0433915891
v -0.0152993053 1.27526474 0.0304563735
v -0.00578200677 1.26819646 0.052798111
v -0.0186275803 1.27412009 0.0394345038
v -0.0217518769 1.27896297 0.0267610829
v -0.00231891102 1.26675379 0.0612216853
v -0.0119089605 1.27072608 0.0502743609
v -0.0262556672 1.2779671 0.0357496254
v -0.0264748111 1.28180361 0.0242207572
v -0.00595501764 1.26815581 0.0598959103
v -0.0224001911 1.27599573 0.0471885577
v -0.0326485299 1.28158867 0.0325539932
v -0.0312767886 1.28490031 0.0216078609
v -0.0125439521 1.27138352 0.0579980947
v -0.00626851432 1.26897597 0.0625011548
v -0.0306345057 1.28041863 0.0441634171
v -0.0375340171 1.28469205 0.0301164668
v -0.0357013084 1.28796244 0.0194097031
v -0.0231458731 1.27707064 0.0560520366
v -0.0363405682 1.28400338 0.0422344767
v -0.0422610231 1.28823447 0.0279016756
v -0.0416935869 1.29270291 0.0165480245
v -0.00276722037 1.26753879 0.0642820895
v -0.012933461 1.27234566 0.0605772808
v -0.0334674008 1.28316998 0.0549286939
v -0.0409490615 1.28735566 0.0405470319
v -0.0471570082 1.29228806 0.0257414654
v -0.0457624868 1.29779446 0.0146428607
v -0.0386050306 1.28656125 0.0544575639
v -0.0456347652 1.29107857 0.0387561396
v -0.0430420265 1.28992891 0.05417867
v -0.0327966027 1.28464401 0.0597311482
v -0.0388050042 1.28917277 0.0595471747
v -0.0420120955 1.29211438 0.0597242154
v -0.0234039892 1.27846467 0.0598896593
v -0.0513666198 1.29672849 0.0233315695
v -0.0497474596 1.29489672 0.0375691578
v -0.0474472083 1.29389536 0.0544782765
v -0.0455189683 1.29550123 0.0603007413
v -0.0535874367 1.30357873 0.0159791484
v -0.0503064096 1.30382776 0.0124358628
v -0.0532306768 1.30932307 0.0107979244
v -0.0570425168 1.3096776 0.0147893736
v -0.0561799742 1.31667864 0.0101475129
v -0.0560276359 1.30351388 0.021173453
v -0.0539254211 1.29949212 0.0367669873
v -0.0512034483 1.29822862 0.0544785969
v -0.0493886881 1.30055642 0.0605848283
v -0.0546470769 1.3034147 0.0539166182
v -0.0577853099 1.30524457 0.0361881256
v -0.0596666522 1.31048846 0.0197187439
v -0.060929995 1.31637573 0.01418975
v -0.0572833829 1.30874598 0.0535345301
v -0.0610046759 1.31146288 0.0360812284
v -0.0521307774 1.30621219 0.0607821085
v -0.0633045807 1.31899917 0.0178610254
v -0.0455161333 1.30109918 0.0644714013
v -0.0484094433 1.30640209 0.0647627041
v -0.0419753939 1.29594052 0.0636269301
v -0.0390411615 1.292781 0.0631981269
v -0.0361026339 1.29011238 0.0629938245
v -0.0315834507 1.28632402 0.0627810583
v -0.0231845174 1.28046823 0.0629514903
v -0.0300397146 1.28778195 0.0650623515
v -0.0131384432 1.27421117 0.063193582
v -0.0227028299 1.28224778 0.0648141876
v -0.00675061531 1.27041626 0.0646057054
v -0.0129797738 1.27578259 0.0654058605
v -0.0352259614 1.29296792 0.065897122
v -0.0331571512 1.29036343 0.0653622821
v -0.0296871252 1.29385209 0.0683583319
v -0.0331880338 1.29816484 0.0690902621
v -0.0381009616 1.29672396 0.0667195618
v -0.0273108315 1.29002047 0.0672868714
v -0.0411693193 1.30178559 0.0676353872
v -0.0436257832 1.30718839 0.0679327399
v -0.0367136672 1.3036375 0.0699534565
v -0.0205202866 1.28534615 0.0672319382
v -0.0239074323 1.29097581 0.0685519278
v -0.0126011241 1.27875316 0.0669941381
v -0.0456822142 1.31239879 0.0675710365
v -0.0391008817 1.30833554 0.0701726004
v -0.0311409868 1.30618262 0.0721505508
v -0.0504267626 1.31182182 0.0644445866
v -0.054323785 1.31149244 0.0597975664
v -0.0593636036 1.31375206 0.0525906868
v -0.064336516 1.31914949 0.0360443443
v -0.0518157929 1.31714642 0.0632434189
v -0.0560717955 1.31610465 0.0584854223
v -0.0476664342 1.31820071 0.0660789683
v -0.0618536472 1.32113886 0.0509988144
v -0.0535348356 1.3243289 0.0611917675
v -0.0580131151 1.32292354 0.0566706061
v -0.0670547038 1.32633281 0.0359038077
v -0.0638476238 1.32857156 0.0493943617
v -0.0663087517 1.32533109 0.0176676754
v -0.0598784536 1.32941771 0.0550565571
v -0.043239411 1.31927276 0.0685492381
v -0.0411813483 1.31336045 0.0698307753
v -0.0336540528 1.31051099 0.0721832663
v -0.035296496 1.31514704 0.0718325824
v -0.024883423 1.3132714 0.0758100376
v -0.0494053215 1.32494199 0.063933149
v -0.0451774858 1.3258816 0.0660833344
v -0.0557213873 1.33050227 0.0587950312
v -0.0370693728 1.32057381 0.070642516
v -0.050906539 1.3304019 0.0622066595
v -0.022453526 1.30913842 0.0759628788
v -0.0149478754 1.31657803 0.0794849992
v -0.0271138027 1.3174727 0.0749808475
v -0.029250659 1.32249367 0.0732491463
v -0.0282386411 1.30293345 0.0721841678
v -0.025944924 1.30154967 0.0722615272
v -0.022760069 1.30025709 0.0724417865
v -0.0177224483 1.30377841 0.0758015066
v -0.0199176203 1.30595887 0.0759301707
v -0.0246701743 1.29495406 0.0698665157
v -0.0120380819 1.30775785 0.0787534416
v -0.0107659716 1.30574095 0.0785903707
v -0.013832571 1.31207621 0.0793240517
v -0.00437225727 1.31479764 0.0832403898
v -0.0202462971 1.29231012 0.069659546
v -0.0209049359 1.29619825 0.070901081
v -0.0176747106 1.2885263 0.0689659268
v -0.0118880617 1.28309262 0.0685311705
v -0.00452572526 1.30666947 0.0804421976
v -0.00457285438 1.30982816 0.0812971219
v -0.0144105554 1.29191828 0.0707269907
v -0.0107265478 1.28854442 0.070308432
v -0.00738671562 1.2802124 0.0686613396
v -0.00712534366 1.28670454 0.0706123486
v -0.00738840271 1.27576423 0.067381911
v -0.00406691758 1.27936113 0.0690412894
v -0.00719227828 1.2726562 0.0661088228
v -0.0039403541 1.27448583 0.0677160323
v -0 1.27891994 0.0691913217
v -0.00396478083 1.28591037 0.070745796
v -0.00601867959 1.29260826 0.0731600448
v -0.00322827743 1.26948202 0.0659259036
v -0 1.26900065 0.0663881078
v -0.00342677673 1.27142859 0.0667800829
v -0 1.27094889 0.067377679
v -0 1.27363622 0.0680679157
v 0.0039403541 1.27448583 0.0677160323
v -0.00859144703 1.29402816 0.0730006844
v -0.00432147365 1.2966646 0.0760105699
v -0 1.26722634 0.0648686141
v 0.00276722037 1.26753879 0.0642820895
v 0.00342677673 1.27142859 0.0667800829
v 0.00322827743 1.26948202 0.0659259036
v 0.00675061531 1.27041626 0.0646057054
v 0.00719227828 1.2726562 0.0661088228
v 0.0131384432 1.27421117 0.063193582
v 0.0129797738 1.27578259 0.0654058605
v 0.00738840271 1.27576423 0.067381911
v 0.012933461 1.27234566 0.0605772808
v 0.0234039892 1.27846467 0.0598896593
v 0.0231845174 1.28046823 0.0629514903
v 0.0227028299 1.28224778 0.0648141876
v 0.0315834507 1.28632402 0.0627810583
v 0.0361026339 1.29011238 0.0629938245
v 0.0300397146 1.28778195 0.0650623515
v 0.0126011241 1.27875316 0.0669941381
v 0.0390411615 1.292781 0.0631981269
v 0.0419753939 1.29594052 0.0636269301
v 0.0411693193 1.30178559 0.0676353872
v 0.0381009616 1.29672396 0.0667195618
v 0.0331880338 1.29816484 0.0690902621
v 0.0367136672 1.3036375 0.0699534565
v 0.0352259614 1.29296792 0.065897122
v 0.0296871252 1.29385209 0.0683583319
v 0.0331571512 1.29036343 0.0653622821
v 0.0273108315 1.29002047 0.0672868714
v 0.0311409868 1.30618262 0.0721505508
v 0.0205202866 1.28534615 0.0672319382
v 0.0239074323 1.29097581 0.0685519278
v 0.0336540528 1.31051099 0.0721832663
v 0.024883423 1.3132714 0.0758100376
v 0.0271138027 1.3174727 0.0749808475
v 0.0149478754 1.31657803 0.0794849992
v 0.022453526 1.30913842 0.0759628788
v 0.0168875717 1.32568192 0.0767849311
v 0.01593519 1.32049203 0.0789145455
v 0.00665967679 1.32168579 0.0838419124
v 0.00747820316 1.32451797 0.082485348
v 0.00908443332 1.32798386 0.0796611905
v 0.0282386411 1.30293345 0.0721841678
v 0.0098024942 1.33215976 0.0766407847
v 0.00404574955 1.33350968 0.0779346451
v 0.00359748187 1.32984054 0.0820906162
v 0.00295935152 1.32809842 0.0850566551
v 0.025944924 1.30154967 0.0722615272
v 0.022760069 1.30025709 0.0724417865
v 0.0177224483 1.30377841 0.0758015066
v 0.00438965904 1.33897686 0.0744667873
v -0 1.3394134 0.0757046789
v -0 1.33483458 0.079154022
v -0 1.33097589 0.0832264274
v 0.0246701743 1.29495406 0.0698665157
v 0.0199176203 1.30595887 0.0759301707
v -0 1.34403491 0.0734033212
v -0.00439807773 1.34404266 0.0723200887
v -0.00438965904 1.33897686 0.0744667873
v -0.00404574955 1.33350968 0.0779346451
v -0.00917384122 1.33865368 0.0729049668
v -0.00892535318 1.34426939 0.0705908686
v -0.00359748187 1.32984054 0.0820906162
v -0.00842413772 1.34958446 0.0701227039
v -0.0098024942 1.33215976 0.0766407847
v -0.0142136784 1.33949387 0.0703676417
v -0.0173162203 1.33070934 0.0745327994
v -0.00908443332 1.32798386 0.0796611905
v -0.0131087694 1.34493113 0.0687213615
v -0.0128537295 1.34973764 0.0681310669
v -0.00295935152 1.32809842 0.0850566551
v -0.00747820316 1.32451797 0.082485348
v -0.00665967679 1.32168579 0.0838419124
v -0.01593519 1.32049203 0.0789145455
v -0.0168875717 1.32568192 0.0767849311
v -0 1.32929146 0.0859390795
v -0 1.32852471 0.0883865207
v -0.0021193258 1.32741654 0.087804541
v 0.0021193258 1.32741654 0.087804541
v -0.0014518539 1.32690942 0.0901284888
v 0.0014518539 1.32690942 0.0901284888
v -0 1.32780087 0.0907336324
v -0 1.32754683 0.0926015377
v -0.00108941656 1.32650912 0.0920283496
v 0.00108941656 1.32650912 0.0920283496
v -0 1.32008696 0.0887008458
v 0.00263553252 1.32081187 0.0886644945
v -0.00263553252 1.32081187 0.0886644945
v 0.00556323398 1.31956434 0.0844661817
v 0.00437225727 1.31479764 0.0832403898
v -0 1.31631708 0.0858295336
v 0.013832571 1.31207621 0.0793240517
v 0.0120380819 1.30775785 0.0787534416
v 0.0107659716 1.30574095 0.0785903707
v -0.00556323398 1.31956434 0.0844661817
v -0 1.31016481 0.0826535746
v 0.00457285438 1.30982816 0.0812971219
v -0 1.30706894 0.081546016
v -0 1.30395019 0.0809055194
v 0.00452572526 1.30666947 0.0804421976
v 0.00438373163 1.30400193 0.0800693333
v -0.0309895929 1.32823205 0.0709534883
v -0.00438373163 1.30400193 0.0800693333
v 0.00937335286 1.30323601 0.0783725828
v -0.039122548 1.32672727 0.0682417899
v -0.0460980311 1.33060634 0.0641958341
v -0.0403085649 1.33135831 0.0661522448
v -0.00937335286 1.30323601 0.0783725828
v 0.0154698454 1.3023349 0.0756758749
v 0.0139154475 1.30160534 0.0756447762
v -0.0327434987 1.33285058 0.0682280064
v -0.0154698454 1.3023349 0.0756758749
v -0.0139154475 1.30160534 0.0756447762
v -0.00850914139 1.302351 0.0784370676
v 0.00850914139 1.302351 0.0784370676
v -0.025162803 1.33633697 0.0685913339
v -0.0196373072 1.29942107 0.0727581605
v -0.00418018084 1.30270159 0.0800661072
v 0.00418018084 1.30270159 0.0800661072
v -0.0190793555 1.34291267 0.0673192218
v -0 1.30279768 0.0808594748
v -0 1.30186522 0.0808563009
v -0.00404637167 1.30200076 0.080172658
v 0.00404637167 1.30200076 0.080172658
v -0.0170810316 1.34672999 0.0668411404
v -0.00780451391 1.30179453 0.0783158615
v -0 1.30078781 0.0801655501
v 0.00780451391 1.30179453 0.0783158615
v -0.0121767707 1.30137968 0.0756133944
v -0.00362722576 1.30093825 0.0794366449
v 0.00362722576 1.30093825 0.0794366449
v -0.0161003768 1.29914451 0.0730889961
v -0.00672569359 1.3009994 0.0779836178
v -0 1.29982531 0.0791765749
v -0.0170772877 1.29720008 0.0718445107
v -0.0168687291 1.2945509 0.071161285
v -0.0128640803 1.29729402 0.0724326819
v -0.0135790128 1.29805613 0.072682336
v -0.0132506881 1.29961014 0.0735872835
v -0.0107057868 1.30093813 0.0754887015
v -0.00903038681 1.30056262 0.075213939
v -0.00510025024 1.30032289 0.077368103
v -0.0107972845 1.30014205 0.073920019
v -0.0111645795 1.29583144 0.0726357549
v -0.00617316272 1.29725206 0.0751674846
v -0.00831762608 1.29806137 0.0741045624
v -0.0109254299 1.29959667 0.0733578876
v -0.0100329733 1.29887736 0.0735358298
v -0.00491800951 1.29913831 0.0750655532
v -0.00767525472 1.29928017 0.0740846545
v -0.00961785018 1.29958308 0.0734435692
v -0.00276148482 1.2991029 0.0760904774
v -0.00971644465 1.29996085 0.0735058561
v -0.00912453234 1.30006635 0.0738687143
v -0.00716004334 1.29983795 0.0747758672
v -0.00296980911 1.2993654 0.0763290375
v -0.00153106521 1.29919708 0.0768617019
v -0.00152374676 1.29901457 0.0767892897
v -0.00254347641 1.30008113 0.0785865113
v -0 1.29897499 0.0772956982
v 0.00254347641 1.30008113 0.0785865113
v 0.00153106521 1.29919708 0.0768617019
v 0.00510025024 1.30032289 0.077368103
v 0.00296980911 1.2993654 0.0763290375
v 0.00716004334 1.29983795 0.0747758672
v -0.00238276343 1.2962712 0.0767059326
v -0 1.29891801 0.0772443935
v 0.00672569359 1.3009994 0.0779836178
v 0.00903038681 1.30056262 0.075213939
v -0.0033794886 1.29218459 0.0736006945
v -0 1.29603601 0.077031292
v 0.0121767707 1.30137968 0.0756133944
v -0 1.29193377 0.0738548115
v 0.00238276343 1.2962712 0.0767059326
v 0.00152374676 1.29901457 0.0767892897
v 0.00432147365 1.2966646 0.0760105699
v 0.00276148482 1.2991029 0.0760904774
v 0.00491800951 1.29913831 0.0750655532
v 0.0033794886 1.29218459 0.0736006945
v -0 1.28519344 0.0709396601
v 0.00396478083 1.28591037 0.070745796
v 0.00601867959 1.29260826 0.0731600448
v 0.00406691758 1.27936113 0.0690412894
v 0.00712534366 1.28670454 0.0706123486
v 0.00738671562 1.2802124 0.0686613396
v 0.0118880617 1.28309262 0.0685311705
v 0.0107265478 1.28854442 0.070308432
v 0.0176747106 1.2885263 0.0689659268
v 0.00859144703 1.29402816 0.0730006844
v 0.0202462971 1.29231012 0.069659546
v 0.0144105554 1.29191828 0.0707269907
v 0.00617316272 1.29725206 0.0751674846
v 0.0111645795 1.29583144 0.0726357549
v 0.0128640803 1.29729402 0.0724326819
v 0.00831762608 1.29806137 0.0741045624
v 0.00767525472 1.29928017 0.0740846545
v 0.0100329733 1.29887736 0.0735358298
v 0.00961785018 1.29958308 0.0734435692
v 0.00971644465 1.29996085 0.0735058561
v 0.0109254299 1.29959667 0.0733578876
v 0.0107972845 1.30014205 0.073920019
v 0.00912453234 1.30006635 0.0738687143
v 0.0135790128 1.29805613 0.072682336
v 0.0168687291 1.2945509 0.071161285
v 0.0170772877 1.29720008 0.0718445107
v 0.0132506881 1.29961014 0.0735872835
v 0.0209049359 1.29619825 0.070901081
v 0.0161003768 1.29914451 0.0730889961
v 0.0196373072 1.29942107 0.0727581605
v 0.0107057868 1.30093813 0.0754887015
v -0 1.43399811 0.0761914328
v -0.0130948909 1.43383086 0.0753165632
v -0.0152614294 1.41016603 0.0830873922
v -0.011704769 1.45528924 0.0656657219
v -0.0197565723 1.46787429 0.0527757145
v -0.0270768907 1.45424449 0.0627678782
v -0.00900662038 1.393731 0.0849179253
v -0.0173409693 1.39337432 0.0834859237
v -0.0421129018 1.45208907 0.0574651472
v -0.0398426279 1.46356273 0.0476570465
v -0.00665486697 1.37907183 0.0815337151
v -0.0563912764 1.44696093 0.0486336946
v -0.0541175194 1.45772278 0.0408618078
v -0.0655631945 1.43892908 0.0433697626
v -0.0632131472 1.44811797 0.0332958549
v -0.0716317371 1.43194711 0.022891501
v -0.0584328435 1.43382585 0.0566871613
v -0.0454636998 1.43692183 0.065290533
v -0.0753262639 1.41875422 0.0367852971
v -0.0785115585 1.40992081 0.0170272123
v -0.0790289491 1.39869928 0.0311072264
v -0.080059059 1.39013505 0.012630214
v -0.0742701814 1.40956473 0.0452545956
v -0.0767038465 1.38780999 0.0432093367
v -0.0800966471 1.382653 0.0263413023
v -0.0782787129 1.36840999 0.00871793646
v -0.0676658079 1.42362511 0.0509070568
v -0.0727889836 1.4037466 0.0512616001
v -0.0675469041 1.41226304 0.0567066073
v -0.0596300364 1.41688454 0.0634739101
v -0.0721252263 1.39709413 0.0552047715
v -0.0488591902 1.41715395 0.0704768449
v -0.059786357 1.40541899 0.0668399483
v -0.0673821867 1.40110588 0.0596535467
v -0.0294870604 1.43529725 0.071378395
v -0.0317550786 1.41337824 0.0785098076
v -0.0502644181 1.40631485 0.0718890429
v -0.0346795432 1.4009608 0.07892517
v -0.0375667401 1.3956449 0.077469334
v -0.0245035794 1.3902204 0.080055654
v -0.0118660647 1.37752175 0.0783398971
v -0.0281356312 1.3870858 0.0768487304
v -0.0092401756 1.36788821 0.0751875415
v -0.0154235745 1.37600267 0.0744324848
v -0.011894729 1.36750114 0.0726210698
v -0.0135404607 1.35791862 0.0681501105
v -0.0161597747 1.36690712 0.068716228
v -0.0166295972 1.35100305 0.0663693175
v -0.0194117986 1.3751992 0.0703455955
v -0.0176464636 1.35951769 0.0656901523
v -0.0205982998 1.36739242 0.0648626834
v -0.0201699566 1.34790504 0.0654518008
v -0.0199688375 1.3519665 0.0650686845
v -0.0216065068 1.36075652 0.0647069141
v -0.0217202753 1.34478259 0.0652764812
v -0.0264964495 1.33958626 0.0645366013
v -0.0345844887 1.33653522 0.065099068
v -0.0407518335 1.33528054 0.0644223392
v -0.04627214 1.33490694 0.0629752725
v -0.0511029176 1.33533764 0.0611380152
v -0.0558995046 1.33695614 0.058273837
v -0.0244177245 1.3456198 0.0640473291
v -0.0232974663 1.34868288 0.0642462224
v -0.0278095901 1.34274948 0.063426435
v -0.0232076515 1.35272396 0.0644238666
v -0.0354011245 1.34075809 0.0631090328
v -0.0413883999 1.34029007 0.0627602488
v -0.0463756248 1.34045029 0.0617922656
v -0.0506410189 1.34059441 0.0601275191
v -0.0546723753 1.34174466 0.0579884164
v -0.0251992848 1.36228418 0.0640893951
v -0.0571909547 1.34292555 0.0564678796
v -0.0258072782 1.36709213 0.0639015734
v -0.0284091029 1.36794722 0.0645297691
v -0.0594006032 1.33986437 0.0558833219
v -0.0589347593 1.34405518 0.0553641692
v -0.0313700326 1.37234437 0.0642589256
v -0.0338386707 1.37199104 0.0658398122
v -0.0250213444 1.37495315 0.0658047795
v -0.0376550481 1.37676299 0.0665428415
v -0.0385684185 1.37415206 0.066034846
v -0.061080303 1.33657897 0.0544479787
v -0.0620340817 1.34343553 0.0538433827
v -0.06111883 1.34631622 0.0539202243
v -0.0638320819 1.34285653 0.052752845
v -0.0635838136 1.33595502 0.0518659949
v -0.0637066886 1.34610331 0.0529380366
v -0.0344528183 1.37856209 0.0672703981
v -0.0656401068 1.34239113 0.0512079149
v -0.066368714 1.33488262 0.0473371893
v -0.0674512759 1.3421098 0.0490923002
v -0.0670717284 1.34569979 0.0508566685
v -0.0651562884 1.34907043 0.0521592684
v -0.0633517131 1.3499397 0.0528375916
v -0.0657539368 1.34606397 0.0516511798
v -0.0669702515 1.3520745 0.0516266376
v -0.0644919276 1.35268641 0.0522594303
v -0.0652505904 1.35513031 0.0523181297
v -0.0674419478 1.34888291 0.0508984327
v -0.0677106827 1.35493052 0.0515100025
v -0.0656129867 1.35894668 0.0530747175
v -0.0686869249 1.34867704 0.0502609946
v -0.0683785826 1.35110533 0.0505135208
v -0.0698992535 1.3509413 0.0499165393
v -0.0712137595 1.34967005 0.0476492792
v -0.068922095 1.34515762 0.048656553
v -0.0712464899 1.35415554 0.0496933647
v -0.0695763305 1.35466564 0.0504711084
v -0.0732074976 1.35560405 0.0475288555
v -0.0688921511 1.3588376 0.0511436313
v -0.0687428042 1.36468351 0.0524182543
v -0.065565221 1.36205184 0.0547575764
v -0.0647368804 1.36442363 0.0559872277
v -0.071248211 1.35870898 0.0504122861
v -0.0725101233 1.35761726 0.0497468188
v -0.0739152282 1.35798883 0.0477976501
v -0.0747917816 1.3577826 0.0450089909
v -0.0717061535 1.36514819 0.051206205
v -0.0745209381 1.36572218 0.0499453284
v -0.0760756508 1.3684051 0.0471032858
v -0.0736977905 1.3737613 0.0531571507
v -0.0706732199 1.37040973 0.0539471656
v -0.0730652213 1.35013461 0.0436829515
v -0.0676536933 1.36687827 0.0534272566
v -0.0661117584 1.3694098 0.0551051684
v -0.0632597059 1.36708617 0.0572344176
v -0.0682155788 1.37451768 0.0570616983
v -0.0641825125 1.37186134 0.0574890934
v -0.0608007275 1.37003493 0.0589124337
v -0.0706596449 1.38062966 0.0581269301
v -0.0645477548 1.37735474 0.0597583391
v -0.0598621927 1.37457442 0.0604498908
v -0.0581379645 1.37204552 0.0604871772
v -0.0660425201 1.38669634 0.062169373
v -0.0601246431 1.38073397 0.0621412694
v -0.0526931956 1.37793469 0.0645276606
v -0.0527994484 1.37413895 0.0631010756
v -0.0600898601 1.38935196 0.0659673139
v -0.0514296442 1.38999617 0.0703940317
v -0.0522683039 1.38210833 0.0650018603
v -0.0456957892 1.37848794 0.0666710138
v -0.0460235029 1.37514377 0.0650726408
v -0.044811707 1.38007045 0.0664813519
v -0.060262654 1.39650023 0.0671669543
v -0.0517754704 1.38400912 0.0661884323
v -0.0440874808 1.38406277 0.0674211457
v -0.0328380466 1.38192058 0.0689133108
v -0.0408877805 1.38888896 0.0735094175
v -0.0305328593 1.38449657 0.0730727836
v -0.0507978871 1.39749694 0.0717717931
v -0.06734965 1.39257538 0.0623323284
v -0.0713904873 1.38780999 0.0578314923
v -0.0748568103 1.37964821 0.051682394
v -0.0780140013 1.37443948 0.0389850214
v -0.0765189901 1.35958076 0.0374925286
v -0.0780515224 1.36361194 0.0225206148
v -0.0749192759 1.35282743 0.0148145286
v -0.0773345381 1.35928786 0.00713277422
v -0.0755436569 1.35266793 0.0200798381
v -0.0746206641 1.35140085 0.0365539938
v -0.0720609948 1.34207749 0.0357837714
v -0.0724085346 1.34164059 0.0188588575
v -0.0704738945 1.34409571 0.0448009707
v -0.0693906173 1.34152782 0.0454251245
v -0.0698356554 1.3345257 0.035546992
v -0.0695740357 1.33338392 0.018052781
v -0.0685619786 1.33280337 0.0147627955
v -0.0710272044 1.34031582 0.0149400495
v -0.0656509399 1.32508409 0.0146479821
v -0.0633221343 1.32008147 0.0144483373
v -0.0646337718 1.32022822 0.0129766185
v -0.0663651899 1.32474649 0.0126894712
v -0.0695757046 1.33202088 0.0128307622
v -0.0726749152 1.34000671 0.0124892415
v -0.0620427243 1.31487536 0.0130397175
v -0.0686202124 1.31874323 0.00904126279
v -0.0756720603 1.35060441 0.0141577292
v -0.076622501 1.34824288 0.0118535357
v -0.0830935836 1.36328006 0.0108591653
v -0.0836303979 1.35827529 0.00860689394
v -0.0873671696 1.36123729 0.00576575985
v -0.0656731054 1.31262183 0.00980706327
v -0.0721643791 1.31941938 0.00623813318
v -0.0590163842 1.31396639 0.0105663706
v -0.0533347316 1.3166678 0.00610106345
v -0.0709149465 1.31330943 0.00540347397
v -0.0766272694 1.32325268 0.00290493481
v -0.0616470501 1.31769526 0.00353308907
v -0.0583040603 1.32309937 -0.00553580886
v -0.063664414 1.31252885 0.00760030234
v -0.0690112635 1.31300581 0.00331592164
v -0.078058131 1.320068 0.000151365093
v -0.0653369501 1.32005 0.000540901383
v -0.0851796195 1.32661724 -0.00440298859
v -0.0832263157 1.32902598 -0.00120489229
v -0.0917858407 1.33836412 -0.00579888374
v -0.076031737 1.32024288 -0.00207581255
v -0.0686474517 1.32370913 -0.00186770374
v -0.0617272444 1.33416486 -0.0119711123
v -0.0953308344 1.3373028 -0.00959520694
v -0.0933356658 1.34489775 -0.00500958599
v -0.0835852697 1.32733166 -0.00705698971
v -0.0750284567 1.33119845 -0.00632079924
v -0.0649534166 1.34078324 -0.0117222676
v -0.0969616026 1.34692657 -0.00847563986
v -0.0927547365 1.35762787 -0.00152668625
v -0.0936383829 1.33770347 -0.0119165378
v -0.0799141675 1.33861268 -0.00843333919
v -0.0955751762 1.36206341 -0.0040171924
v -0.0911174491 1.3612982 0.00122275681
v -0.0945756286 1.34820521 -0.010928384
v -0.0828143954 1.34547508 -0.00729088066
v -0.068386808 1.34797359 -0.00952006876
v -0.0714633092 1.35349286 -0.00695680315
v -0.0929934308 1.36274385 -0.00611687452
v -0.0843105614 1.35362756 -0.00405007834
v -0.074120611 1.35804391 -0.00196268456
v -0.0927244797 1.36680794 -8.41712899E-05
v -0.0903816298 1.36763263 -0.00228801649
v -0.086395435 1.36749339 0.00365173724
v -0.0881752148 1.36687601 0.00593358371
v -0.084309265 1.35824478 -0.000316896418
v -0.0825468227 1.36026502 0.00439597107
v -0.0761633441 1.36002862 0.00224657776
v -0.0789356977 1.35899961 0.00865563564
v -0.0814906284 1.36392915 0.0100750634
v 0.065565221 1.36205184 0.0547575764
v 0.0656129867 1.35894668 0.0530747175
v 0.074541986 1.36446238 0.043073535
v 0.0647368804 1.36442363 0.0559872277
v 0.0735986903 1.35708582 0.0417743474
v 0.0652505904 1.35513031 0.0523181297
v 0.0709000975 1.34877741 0.0420359746
v 0.0644919276 1.35268641 0.0522594303
v 0.0633517131 1.3499397 0.0528375916
v 0.0759532228 1.36022639 0.0374305397
v 0.0749202371 1.37187517 0.0446546264
v 0.0666568428 1.34012723 0.0440096408
v 0.06111883 1.34631622 0.0539202243
v 0.0589347593 1.34405518 0.0553641692
v 0.0749491751 1.37947655 0.0461981818
v 0.0632597059 1.36708617 0.0572344176
v 0.0735759884 1.37708008 0.0373349562
v 0.0518483855 1.35682249 0.0252204668
v 0.0711211264 1.34479368 0.0365673527
v 0.0698932782 1.38857937 0.0495126322
v 0.0608007275 1.37003493 0.0589124337
v 0.0641386211 1.33306456 0.0476358086
v 0.0571909547 1.34292555 0.0564678796
v 0.0546723753 1.34174466 0.0579884164
v 0.0616468191 1.33760953 0.0368284024
v 0.049437549 1.33591998 0.0370707326
v 0.0616235472 1.32919145 0.0494782142
v 0.0570400283 1.32666576 0.050575681
v 0.0506410189 1.34059441 0.0601275191
v 0.0463756248 1.34045029 0.0617922656
v 0.0644904822 1.39066637 0.0502999425
v 0.0581379645 1.37204552 0.0604871772
v 0.0527994484 1.37413895 0.0631010756
v 0.0487646535 1.3262043 0.0522144921
v 0.0392999426 1.32698596 0.0539208911
v 0.0413883999 1.34029007 0.0627602488
v 0.0354011245 1.34075809 0.0631090328
v 0.0275893304 1.33071375 0.0562275872
v 0.0278095901 1.34274948 0.063426435
v 0.0285612252 1.34226143 0.0376808345
v 0.0246783104 1.36114728 0.037680883
v 0.0215160176 1.33782768 0.0561471395
v 0.0189407207 1.34563017 0.0564798675
v 0.0244177245 1.3456198 0.0640473291
v 0.0232974663 1.34868288 0.0642462224
v 0.0232076515 1.35272396 0.0644238666
v 0.0189136546 1.35515809 0.0565630868
v 0.0251992848 1.36228418 0.0640893951
v 0.0206036754 1.36348796 0.05637151
v 0.0241737533 1.37326825 0.0559871085
v 0.0284091029 1.36794722 0.0645297691
v 0.0288813114 1.38117599 0.0553397387
v 0.0338386707 1.37199104 0.0658398122
v 0.0385684185 1.37415206 0.066034846
v 0.0350398645 1.38912499 0.0548257008
v 0.044063352 1.38464844 0.0388999172
v 0.0446814671 1.39162195 0.0540075675
v 0.0460235029 1.37514377 0.0650726408
v 0.0559141375 1.3918457 0.052300375
v 0.061736431 1.38465142 0.0376808345
v -0.0799413919 1.33896208 0.00372480555
v -0.0873671696 1.36123729 0.00576575985
v -0.0836303979 1.35827529 0.00860689394
v -0.076622501 1.34824288 0.0118535357
v -0.0911174491 1.3612982 0.00122275681
v -0.0726749152 1.34000671 0.0124892415
v -0.0927547365 1.35762787 -0.00152668625
v -0.0933356658 1.34489775 -0.00500958599
v -0.0917858407 1.33836412 -0.00579888374
v -0.0695757046 1.33202088 0.0128307622
v -0.0722785965 1.32553005 0.00665023923
v -0.0832263157 1.32902598 -0.00120489229
v -0.0663651899 1.32474649 0.0126894712
v -0.0766272694 1.32325268 0.00290493481
v -0.0646337718 1.32022822 0.0129766185
v -0.0721643791 1.31941938 0.00623813318
v -0.0686202124 1.31874323 0.00904126279
v 0.0911174491 1.3612982 0.00122275681
v 0.0799413919 1.33896208 0.00372480555
v 0.0873671696 1.36123729 0.00576575985
v 0.0927547365 1.35762787 -0.00152668625
v 0.0836303979 1.35827529 0.00860689394
v 0.0933356658 1.34489775 -0.00500958599
v 0.076622501 1.34824288 0.0118535357
v 0.0917858407 1.33836412 -0.00579888374
v 0.0726749152 1.34000671 0.0124892415
v 0.0832263157 1.32902598 -0.00120489229
v 0.0722785965 1.32553005 0.00665023923
v 0.0695757046 1.33202088 0.0128307622
v 0.0766272694 1.32325268 0.00290493481
v 0.0663651899 1.32474649 0.0126894712
v 0.0721643791 1.31941938 0.00623813318
v 0.0646337718 1.32022822 0.0129766185
v 0.0686202124 1.31874323 0.00904126279
v -5.18608658E-08 1.3176645 0.0773074552
v -0.00239419448 1.30984771 0.0766197369
v -5.18608658E-08 1.30966532 0.0768178254
v -0.00479501719 1.31785476 0.0766562223
v -0.00243666489 1.30937076 0.0772861019
v -5.18608658E-08 1.30925667 0.0774574131
v -5.18608658E-08 1.31701159 0.0796187893
v -0.0059420201 1.31740844 0.0790055469
v -0.00517174369 1.30968177 0.0768598765
v -0.00505520497 1.31018114 0.0761199817
v -0.00847055856 1.3102634 0.0759604424
v -0.0128596816 1.31808114 0.0760115162
v -0.00821942277 1.31067407 0.0749535859
v -0.010484078 1.31860423 0.0737507343
v -0.0123019554 1.31116486 0.0740874112
v -0.0185395963 1.31921768 0.0699333176
v -0.011804468 1.31144774 0.073006399
v -0.0178592745 1.31299973 0.0686637834
v -0.0228555296 1.32032931 0.0623932779
v -0.01618159 1.31347978 0.0673540756
v -0.0157089308 1.31939363 0.0680880323
v -0.0177715719 1.32010508 0.061304301
v -0.0215250924 1.3145076 0.0620973445
v -0.0232383888 1.32109392 0.0534363985
v -0.0183484331 1.31468427 0.0614081956
v -0.0216649473 1.31629014 0.0539947823
v -0.0213759821 1.32052517 0.0506735854
v -0.018361479 1.3163414 0.0540895611
v -0.0179009512 1.32081616 0.053513173
v -0.0183250718 1.32053232 0.0506270528
v 0.00243656104 1.30937076 0.0772861019
v -5.18608658E-08 1.31701159 0.0796187893
v 0.00594191579 1.31740844 0.0790055469
v -5.18608658E-08 1.30925667 0.0774574131
v 0.00239409087 1.30984771 0.0766197369
v -5.18608658E-08 1.30966532 0.0768178254
v -5.18608658E-08 1.3176645 0.0773074552
v 0.00479491334 1.31785476 0.0766562223
v 0.00517163984 1.30968177 0.0768598765
v 0.00505510066 1.31018114 0.0761199817
v 0.00821932033 1.31067407 0.0749535859
v 0.0104839755 1.31860423 0.0737507343
v 0.00847045612 1.3102634 0.0759604424
v 0.0128595764 1.31808114 0.0760115162
v 0.012301852 1.31116486 0.0740874112
v 0.0185394939 1.31921768 0.0699333176
v 0.0118043656 1.31144774 0.073006399
v 0.0178591739 1.31299973 0.0686637834
v 0.0228554253 1.32032931 0.0623932779
v 0.0161814857 1.31347978 0.0673540756
v 0.0157088265 1.31939363 0.0680880398
v 0.0177714676 1.32010508 0.061304301
v 0.02152499 1.3145076 0.0620973445
v 0.0232382845 1.32109392 0.0534363985
v 0.0183483306 1.31468427 0.0614081956
v 0.021664843 1.31629014 0.0539947823
v 0.0213759821 1.32052517 0.0506735854
v 0.0183613729 1.3163414 0.0540895611
v 0.0179008469 1.32081616 0.053513173
v 0.0183250718 1.32053232 0.0506270528
v 0.0408526734 1.37484825 0.070835039
v 0.043119736 1.37704194 0.0704145357
v 0.0432725325 1.37744308 0.0733890831
v 0.0417305566 1.37673998 0.0740707591
v 0.0466692857 1.37509811 0.0708028302
v 0.0420334078 1.37941194 0.0763163492
v 0.0451036096 1.37696362 0.073621653
v 0.0428007245 1.37962842 0.0759278536
v 0.0421761349 1.38194633 0.077416636
v 0.0439925566 1.37951386 0.0761036351
v 0.0426573642 1.38220429 0.0772323012
v 0.0423557051 1.38536727 0.0779900551
v 0.0432418957 1.38202929 0.077317521
v -0.0408526734 1.37484825 0.070835039
v -0.0417305566 1.37673998 0.0740707591
v -0.0432725325 1.37744308 0.0733890831
v -0.043119736 1.37704194 0.0704145357
v -0.0466692857 1.37509811 0.0708028302
v -0.0420334078 1.37941194 0.0763163492
v -0.0451036096 1.37696362 0.073621653
v -0.0428007245 1.37962842 0.0759278536
v -0.0421761349 1.38194633 0.077416636
v -0.0439925566 1.37951386 0.0761036351
v -0.0426573642 1.38220429 0.0772323012
v -0.0423557051 1.38536727 0.0779900551
v -0.0432418957 1.38202929 0.077317521
v 0.0465920977 1.34877479 0.0271594115
v 0.0465920977 1.34877479 0.0271594115
v 0.0465920977 1.34877479 0.0271594115
v 0.0465920977 1.34877479 0.0271594115
v 0.0465920977 1.34877479 0.0271594115
v 0.0465920977 1.34877479 0.0271594115
v 0.0465920977 1.34877479 0.0271594115
v -0.0465921946 1.34877479 0.0271594115
v -0.046592202 1.34877479 0.0271594115
v -0.0465921946 1.34877479 0.0271594115
v -0.0465921946 1.34877479 0.0271594115
v -0.0465921946 1.34877479 0.0271594115
v -0.0465921946 1.34877479 0.0271594115
v -0.0465921946 1.34877479 0.0271594115
vt 0.771449924 0.899434328
vt 0.793681741 0.915118217
vt 0.790288091 0.912119329
vt 0.828570724 0.767973065
vt 0.829380751 0.766528249
vt 0.829351187 0.766642809
vt 0.821312547 0.914797306
vt 0.816383004 0.91378361
vt 0.812229514 0.913001657
vt 0.771430373 0.899434328
vt 0.79026854 0.912119329
vt 0.79366225 0.915118217
vt 0.828571439 0.767973065
vt 0.829351783 0.766642809
vt 0.829381466 0.766528249
vt 0.821292877 0.914797306
vt 0.812209904 0.913001657
vt 0.816363335 0.91378361
vt 0.350937307 0.0255647004
vt 0.350937307 0.0363027155
vt 0.366470158 0.0305456221
vt 0.383085608 0.0255647004
vt 0.373558462 0.0255647004
vt 0.373711407 0.0283749402
vt 0.350937307 0.0255647004
vt 0.366470158 0.0305456221
vt 0.350937307 0.0363027155
vt 0.145710886 0.897409201
vt 0.145710886 0.89992547
vt 0.149945259 0.902310133
vt 0.0997083187 0.897409201
vt 0.105582893 0.89992547
vt 0.105582893 0.897409201
vt 0.145710886 0.897409201
vt 0.145710886 0.89992547
vt 0.149945259 0.902310133
vt 0.0997083187 0.897409201
vt 0.105582893 0.89992547
vt 0.105582893 0.897409201
vt 0.145710886 0.897409201
vt 0.149945259 0.902310133
vt 0.145710886 0.89992547
vt 0.0997083187 0.897409201
vt 0.105582893 0.897409201
vt 0.105582893 0.89992547
vt 0.145710886 0.897409201
vt 0.149945259 0.902310133
vt 0.145710886 0.89992547
vt 0.0997083187 0.897409201
vt 0.105582893 0.897409201
vt 0.105582893 0.89992547
vt 0.957287848 0.870034099
vt 0.953924119 0.864743233
vt 0.943067014 0.87574327
vt 0.954476714 0.878674388
vt 0.942838907 0.893913627
vt 0.953334391 0.889425576
vt 0.965415061 0.882562876
vt 0.966754794 0.877280951
vt 0.964563489 0.887806058
vt 0.97522819 0.883488417
vt 0.974702179 0.886071205
vt 0.97400856 0.887638569
vt 0.977318108 0.886836648
vt 0.800582051 0.764791012
vt 0.798554778 0.763777971
vt 0.800245047 0.765011311
vt 0.801831484 0.765399814
vt 0.801456571 0.765841842
vt 0.803175092 0.767093062
vt 0.803709745 0.766360044
vt 0.805798411 0.767418742
vt 0.806244731 0.769088507
vt 0.808251262 0.770558596
vt 0.808136582 0.76862359
vt 0.80679965 0.77003932
vt 0.809928656 0.771129131
vt 0.803533077 0.768568397
vt 0.809874058 0.769175529
vt 0.803757668 0.768346906
vt 0.811491609 0.771644711
vt 0.80114603 0.767531037
vt 0.801338434 0.767470121
vt 0.79878974 0.766538501
vt 0.811484337 0.769485235
vt 0.813596725 0.772041798
vt 0.813000441 0.769654632
vt 0.814668894 0.769592047
vt 0.815752149 0.77211225
vt 0.818072438 0.771761894
vt 0.816596746 0.769396663
vt 0.819493294 0.768945813
vt 0.820690036 0.771194935
vt 0.821753025 0.768361568
vt 0.823159695 0.770401359
vt 0.823734641 0.767665744
vt 0.825684667 0.769287944
vt 0.827618599 0.768048882
vt 0.825750232 0.766639233
vt 0.827331781 0.765532494
vt 0.829380751 0.766528249
vt 0.829351187 0.766642809
vt 0.830478191 0.765685081
vt 0.828292131 0.764406323
vt 0.8299613 0.766668558
vt 0.831273913 0.763754129
vt 0.828622818 0.763348579
vt 0.829058409 0.768292785
vt 0.828570724 0.767973065
vt 0.828675985 0.76255393
vt 0.830852389 0.762002587
vt 0.826994538 0.769599795
vt 0.827330351 0.769967914
vt 0.830059052 0.761170983
vt 0.828464746 0.761842489
vt 0.824764609 0.771473646
vt 0.824596405 0.771089435
vt 0.828241706 0.761220336
vt 0.829469323 0.760457516
vt 0.828914404 0.759916663
vt 0.827913046 0.760334611
vt 0.827915788 0.759159565
vt 0.82713294 0.759290457
vt 0.826713681 0.75848639
vt 0.826503396 0.758658409
vt 0.825489402 0.757835984
vt 0.822475195 0.771982074
vt 0.822539926 0.77232182
vt 0.819979668 0.772992253
vt 0.819945097 0.772840023
vt 0.817146778 0.773336053
vt 0.94568038 0.811036944
vt 0.949860096 0.823135853
vt 0.946552157 0.823081315
vt 0.950025976 0.832893014
vt 0.945881486 0.83245188
vt 0.94964093 0.840777159
vt 0.944496036 0.840227604
vt 0.949688137 0.84978646
vt 0.942956626 0.847730637
vt 0.94898814 0.85650146
vt 0.940891147 0.8533957
vt 0.938068688 0.860370457
vt 0.95404923 0.833451748
vt 0.953112125 0.823747098
vt 0.949792862 0.81050837
vt 0.95481509 0.841346443
vt 0.955080152 0.850697994
vt 0.954714715 0.858322322
vt 0.953924119 0.864743233
vt 0.947119474 0.866413534
vt 0.957287848 0.870034099
vt 0.942487001 0.87490499
vt 0.951720715 0.878994942
vt 0.934381247 0.881728888
vt 0.941478372 0.890844524
vt 0.935470164 0.868484318
vt 0.928789377 0.876637995
vt 0.920044839 0.882921696
vt 0.924624979 0.888614357
vt 0.912174225 0.895903707
vt 0.908635616 0.888730884
vt 0.896894932 0.892938972
vt 0.901139319 0.900433123
vt 0.887106776 0.904903412
vt 0.884871602 0.895740688
vt 0.872132599 0.9077245
vt 0.872100532 0.89985007
vt 0.859543025 0.905967355
vt 0.861433685 0.896927893
vt 0.850130975 0.89696455
vt 0.852281153 0.893482208
vt 0.8489241 0.898643076
vt 0.85597682 0.905646801
vt 0.839249611 0.891975462
vt 0.842412829 0.886537671
vt 0.842595994 0.896705568
vt 0.831431806 0.89210397
vt 0.835849404 0.882739365
vt 0.823421657 0.885118544
vt 0.827657521 0.877534926
vt 0.82009995 0.87262094
vt 0.815777421 0.878792882
vt 0.812019825 0.866550207
vt 0.808064818 0.870996356
vt 0.803896725 0.860277891
vt 0.801278889 0.864963949
vt 0.795535743 0.853464842
vt 0.793301284 0.857109845
vt 0.788207769 0.850663185
vt 0.789991617 0.848211944
vt 0.783153772 0.842382133
vt 0.613144934 0.972281873
vt 0.613144934 0.968582451
vt 0.614168763 0.970432043
vt 0.611601114 0.972281873
vt 0.611601114 0.968582451
vt 0.610522866 0.971335769
vt 0.610543847 0.969046295
vt 0.608790517 0.969815612
vt 0.793681741 0.915118217
vt 0.802602172 0.921464145
vt 0.794608474 0.917982757
vt 0.773645759 0.908813238
vt 0.775025487 0.907405019
vt 0.790288091 0.912119329
vt 0.759348154 0.902454317
vt 0.760178864 0.901831269
vt 0.744537234 0.895909548
vt 0.613144934 0.972281873
vt 0.614168763 0.970432043
vt 0.613144934 0.968582451
vt 0.611601114 0.972281873
vt 0.611601114 0.968582451
vt 0.610495687 0.969067454
vt 0.610522866 0.971335769
vt 0.608790517 0.969815612
vt 0.607047617 0.974545479
vt 0.608048499 0.976635218
vt 0.608069301 0.974545479
vt 0.608144343 0.974545479
vt 0.608125627 0.97679615
vt 0.608819544 0.978244901
vt 0.608819544 0.974545479
vt 0.611062527 0.97798574
vt 0.611062527 0.97480464
vt 0.612855077 0.975219309
vt 0.612855077 0.97757113
vt 0.614074111 0.976251841
vt 0.614097536 0.977239609
vt 0.614966631 0.977007747
vt 0.607047617 0.974545479
vt 0.608069301 0.974545479
vt 0.608048499 0.976635218
vt 0.608144343 0.974545479
vt 0.608125627 0.97679615
vt 0.608819544 0.974545479
vt 0.608819544 0.978244901
vt 0.611062527 0.97798574
vt 0.611062527 0.97480464
vt 0.612855077 0.975219309
vt 0.612855077 0.97757113
vt 0.614074111 0.976251841
vt 0.614097536 0.977239609
vt 0.614966631 0.977007747
vt 0.808771968 0.829887152
vt 0.815347135 0.828663707
vt 0.815251708 0.828170002
vt 0.822035313 0.827969432
vt 0.821912348 0.827184737
vt 0.828967214 0.827574611
vt 0.829046905 0.826496303
vt 0.837279081 0.827557921
vt 0.837812245 0.826463878
vt 0.84462744 0.827367604
vt 0.843746006 0.828406274
vt 0.849248886 0.83017087
vt 0.849916339 0.829453707
vt 0.852620065 0.830788016
vt 0.957279146 0.870034337
vt 0.943069398 0.875743508
vt 0.953917623 0.86473757
vt 0.954478741 0.878674626
vt 0.942830801 0.893913746
vt 0.953325808 0.889425814
vt 0.965417087 0.882563114
vt 0.966746032 0.87728107
vt 0.964554667 0.887806177
vt 0.975219607 0.883488536
vt 0.974704504 0.886071444
vt 0.974000037 0.887638807
vt 0.977309585 0.886836886
vt 0.800582767 0.764791012
vt 0.800245762 0.765011311
vt 0.798555493 0.763777971
vt 0.80183208 0.765399814
vt 0.801457286 0.765841842
vt 0.803175807 0.767093062
vt 0.803710341 0.766360044
vt 0.805799127 0.767418742
vt 0.806245446 0.769088507
vt 0.808251977 0.770558596
vt 0.808137298 0.76862359
vt 0.806800246 0.77003932
vt 0.80992949 0.771129131
vt 0.803533792 0.768568397
vt 0.809874773 0.769175529
vt 0.803758383 0.768346906
vt 0.811492205 0.771644711
vt 0.801146746 0.767531037
vt 0.801339149 0.767470121
vt 0.798790455 0.766538501
vt 0.811485052 0.769485235
vt 0.813597441 0.772041798
vt 0.813001156 0.769654632
vt 0.814669728 0.769592047
vt 0.815752864 0.77211225
vt 0.818073153 0.771761894
vt 0.816597581 0.769396663
vt 0.819494009 0.768945813
vt 0.820690751 0.771194935
vt 0.82175374 0.768361568
vt 0.82316041 0.770401359
vt 0.823735356 0.767665744
vt 0.825685382 0.769287944
vt 0.827619314 0.768048882
vt 0.825750947 0.766639233
vt 0.827332497 0.765532494
vt 0.829381466 0.766528249
vt 0.829351783 0.766642809
vt 0.830479145 0.765685081
vt 0.828292966 0.764406323
vt 0.829961896 0.766668558
vt 0.831274629 0.763754129
vt 0.828623414 0.763348579
vt 0.829059124 0.768292785
vt 0.828571439 0.767973065
vt 0.828676701 0.76255393
vt 0.830853224 0.762002587
vt 0.826995373 0.769599795
vt 0.827331066 0.769967914
vt 0.830059767 0.761170983
vt 0.828465462 0.761842489
vt 0.824765325 0.771473646
vt 0.82459712 0.771089435
vt 0.82824254 0.761220336
vt 0.829470038 0.760457516
vt 0.828915358 0.759916663
vt 0.82791388 0.760334611
vt 0.827916384 0.759159565
vt 0.827133656 0.759290457
vt 0.826714516 0.75848639
vt 0.826503992 0.758658409
vt 0.825490117 0.757835984
vt 0.822476029 0.771982074
vt 0.822540641 0.77232182
vt 0.819980383 0.772992253
vt 0.819945812 0.772840023
vt 0.817147493 0.773336053
vt 0.945669174 0.811025679
vt 0.946540952 0.823070049
vt 0.949848771 0.823122382
vt 0.950014651 0.832879722
vt 0.945870459 0.832440615
vt 0.949629545 0.840763807
vt 0.944485009 0.840216398
vt 0.949676692 0.849772871
vt 0.94294548 0.847719312
vt 0.948976755 0.856488049
vt 0.94088006 0.853384435
vt 0.938057542 0.860359132
vt 0.954037607 0.833436072
vt 0.953100562 0.823731542
vt 0.94978106 0.810492635
vt 0.954803407 0.841330707
vt 0.955068588 0.850682318
vt 0.954703212 0.858306646
vt 0.953917623 0.86473757
vt 0.947106063 0.866402149
vt 0.957279146 0.870034337
vt 0.942469418 0.874903738
vt 0.951701164 0.878994942
vt 0.934363544 0.881727695
vt 0.941458821 0.890844524
vt 0.935454547 0.868481815
vt 0.928773582 0.876635551
vt 0.920029104 0.882919252
vt 0.924607456 0.888613164
vt 0.912156641 0.895902455
vt 0.908620059 0.88872844
vt 0.896879137 0.892936528
vt 0.901121736 0.900431931
vt 0.887089252 0.90490222
vt 0.884856045 0.895738244
vt 0.872115016 0.907723248
vt 0.872084916 0.899847627
vt 0.859527469 0.905964851
vt 0.861418068 0.896925449
vt 0.850115418 0.896962106
vt 0.852265477 0.893479824
vt 0.848908424 0.898640633
vt 0.855961323 0.905644298
vt 0.852868736 0.905366361
vt 0.839234054 0.891972125
vt 0.842397451 0.886534333
vt 0.83141607 0.892100513
vt 0.835833967 0.882736027
vt 0.842580318 0.896702647
vt 0.82340616 0.885115206
vt 0.827642083 0.877531588
vt 0.820084512 0.872617602
vt 0.815761924 0.878789544
vt 0.812004149 0.866546869
vt 0.808049381 0.870993018
vt 0.803881288 0.860274553
vt 0.801263332 0.864960551
vt 0.795520246 0.853461504
vt 0.793285847 0.857106507
vt 0.788192332 0.850659788
vt 0.78997612 0.848208606
vt 0.783138275 0.842378795
vt 0.847873867 0.900079429
vt 0.847334266 0.904572666
vt 0.845213711 0.900425434
vt 0.613144934 0.972281873
vt 0.614168763 0.970432043
vt 0.613144934 0.968582451
vt 0.611601114 0.972281873
vt 0.611601114 0.968582451
vt 0.610522866 0.971335769
vt 0.610543847 0.969046295
vt 0.608790517 0.969815612
vt 0.79366225 0.915118217
vt 0.794588804 0.917982757
vt 0.802582741 0.921464145
vt 0.773626268 0.908813238
vt 0.775005817 0.907405019
vt 0.79026854 0.912119329
vt 0.759328544 0.902454317
vt 0.760159373 0.901831269
vt 0.744517624 0.895909548
vt 0.613144934 0.972281873
vt 0.613144934 0.968582451
vt 0.614168763 0.970432043
vt 0.611601114 0.972281873
vt 0.611601114 0.968582451
vt 0.610495687 0.969067454
vt 0.610522866 0.971335769
vt 0.608790517 0.969815612
vt 0.607047617 0.974545479
vt 0.608069301 0.974545479
vt 0.608048499 0.976635218
vt 0.608144343 0.974545479
vt 0.608125627 0.97679615
vt 0.608819544 0.978244901
vt 0.608819544 0.974545479
vt 0.611062527 0.97798574
vt 0.611062527 0.97480464
vt 0.612855077 0.975219309
vt 0.612855077 0.97757113
vt 0.614074111 0.976251841
vt 0.614097536 0.977239609
vt 0.614966631 0.977007747
vt 0.607047617 0.974545479
vt 0.608048499 0.976635218
vt 0.608069301 0.974545479
vt 0.608144343 0.974545479
vt 0.608125627 0.97679615
vt 0.608819544 0.974545479
vt 0.608819544 0.978244901
vt 0.611062527 0.97798574
vt 0.611062527 0.97480464
vt 0.612855077 0.975219309
vt 0.612855077 0.97757113
vt 0.614074111 0.976251841
vt 0.614097536 0.977239609
vt 0.614966631 0.977007747
vt 0.808756173 0.829893947
vt 0.815235913 0.828176856
vt 0.815331399 0.828670502
vt 0.822019398 0.827976286
vt 0.821896553 0.827191591
vt 0.828951418 0.827581465
vt 0.829030991 0.826503158
vt 0.837263286 0.827564776
vt 0.83779645 0.826470733
vt 0.844611645 0.827374399
vt 0.843730092 0.828413129
vt 0.84923321 0.830177665
vt 0.849900663 0.829460502
vt 0.85260427 0.830794811
vt 0.931476235 0.794804871
vt 0.931476235 0.792696595
vt 0.937512279 0.795265436
vt 0.923467755 0.794654071
vt 0.923694372 0.792545795
vt 0.919849992 0.792465568
vt 0.919849992 0.794654071
vt 0.914994717 0.794654071
vt 0.915715098 0.792545795
vt 0.907199144 0.795265436
vt 0.909345269 0.792696595
vt 0.905160189 0.795265436
vt 0.928133726 0.786708355
vt 0.92378521 0.786864638
vt 0.921953678 0.786864638
vt 0.919849992 0.786864638
vt 0.917598844 0.786864638
vt 0.915822983 0.786864638
vt 0.911890268 0.786631644
vt 0.929864287 0.786708355
vt 0.931488991 0.786708355
vt 0.933916569 0.787025332
vt 0.941885829 0.791589081
vt 0.910289407 0.786631644
vt 0.908716559 0.786631644
vt 0.907778025 0.786631644
vt 0.903623581 0.78865993
vt 0.96378243 0.772488713
vt 0.962026119 0.776764989
vt 0.958534479 0.782315791
vt 0.967790365 0.793757379
vt 0.983035922 0.773891866
vt 0.980867624 0.778160751
vt 0.980915546 0.78303951
vt 0.987606287 0.78303951
vt 0.983035922 0.793019712
vt 0.953617692 0.772488713
vt 0.958534479 0.782315791
vt 0.951738119 0.77707845
vt 0.949609756 0.782315791
vt 0.949609756 0.793757379
vt 0.958534479 0.782315791
vt 0.973968387 0.782315791
vt 0.967790365 0.793757379
vt 0.96378243 0.772488713
vt 0.975344658 0.774834991
vt 0.987606287 0.78303951
vt 0.978408098 0.78303951
vt 0.983035922 0.793019712
vt 0.98551476 0.778857648
vt 0.983035922 0.773891866
vt 0.949609756 0.782315791
vt 0.958534479 0.782315791
vt 0.949609756 0.793757379
vt 0.953617692 0.772488713
vt 0.931476235 0.794804871
vt 0.937512279 0.795265436
vt 0.931476235 0.792696595
vt 0.923467755 0.794654071
vt 0.923694372 0.792545795
vt 0.919849992 0.792465568
vt 0.919849992 0.794654071
vt 0.914994717 0.794654071
vt 0.915715098 0.792545795
vt 0.907199144 0.795265436
vt 0.909345269 0.792696595
vt 0.905160189 0.795265436
vt 0.928133726 0.786708355
vt 0.92378521 0.786864638
vt 0.921953678 0.786864638
vt 0.919849992 0.786864638
vt 0.917598844 0.786864638
vt 0.915822983 0.786864638
vt 0.911890268 0.786631644
vt 0.929864287 0.786708355
vt 0.931488991 0.786708355
vt 0.933916569 0.787025332
vt 0.941885829 0.791589081
vt 0.910289407 0.786631644
vt 0.908716559 0.786631644
vt 0.907778025 0.786631644
vt 0.903623581 0.78865993
vt 0.96378243 0.772488713
vt 0.958534479 0.782315791
vt 0.962026119 0.776764989
vt 0.967790365 0.793757379
vt 0.983035922 0.773891866
vt 0.980915546 0.78303951
vt 0.980867624 0.778160751
vt 0.987606287 0.78303951
vt 0.983035922 0.793019712
vt 0.953617692 0.772488713
vt 0.951738119 0.77707845
vt 0.958534479 0.782315791
vt 0.949609756 0.782315791
vt 0.949609756 0.793757379
vt 0.958534479 0.782315791
vt 0.967790365 0.793757379
vt 0.973968387 0.782315791
vt 0.96378243 0.772488713
vt 0.975344658 0.774834991
vt 0.987606287 0.78303951
vt 0.983035922 0.793019712
vt 0.978408098 0.78303951
vt 0.98551476 0.778857648
vt 0.983035922 0.773891866
vt 0.949609756 0.782315791
vt 0.949609756 0.793757379
vt 0.958534479 0.782315791
vt 0.953617692 0.772488713
vt 0.493024588 0.0216402225
vt 0.470515251 0.0204084236
vt 0.492929608 0.0232434198
vt 0.509277463 0.0215351228
vt 0.509902239 0.0232847296
vt 0.524233758 0.0203820113
vt 0.524947703 0.022347603
vt 0.536702454 0.0196731817
vt 0.536646605 0.0189773925
vt 0.540835083 0.018264547
vt 0.608417511 0.989096761
vt 0.637946069 0.992326379
vt 0.637813807 0.98707509
vt 0.659133613 0.992326379
vt 0.658516347 0.98707509
vt 0.67863071 0.992326379
vt 0.677701354 0.98707509
vt 0.694387853 0.98707509
vt 0.694812357 0.992326379
vt 0.700093925 0.988051653
vt 0.493024588 0.0216402225
vt 0.492929608 0.0232434198
vt 0.469065249 0.0201384462
vt 0.509277463 0.0215351228
vt 0.509902239 0.0232847296
vt 0.524233758 0.0203820113
vt 0.524947703 0.022347603
vt 0.536702454 0.0196731817
vt 0.536646605 0.0189773925
vt 0.540835083 0.018264547
vt 0.606564343 0.988692462
vt 0.637813807 0.98707509
vt 0.637946069 0.992326379
vt 0.659133613 0.992326379
vt 0.658516347 0.98707509
vt 0.67863071 0.992326379
vt 0.677701354 0.98707509
vt 0.694387853 0.98707509
vt 0.694812357 0.992326379
vt 0.700093925 0.988051653
vt 0.674345791 0.98707509
vt 0.611763179 0.992326379
vt 0.611630857 0.98707509
vt 0.674655259 0.992326379
vt 0.679180205 0.989910483
vt 0.678990901 0.98707515
vt 0.68154341 0.98707509
vt 0.614506006 0.992326379
vt 0.611630857 0.98707509
vt 0.611763179 0.992326379
vt 0.613888741 0.98707509
vt 0.647995055 0.992326379
vt 0.647065699 0.98707509
vt 0.674164891 0.98707509
vt 0.674589396 0.992326379
vt 0.678407788 0.990004778
vt 0.677978516 0.98707509
vt 0.683226466 0.98707509
vt 0.573801816 0.0554157794
vt 0.553365529 0.056840986
vt 0.553365529 0.0508910418
vt 0.536015749 0.0578900278
vt 0.536015749 0.049842
vt 0.514306426 0.0491863489
vt 0.514306426 0.0585456491
vt 0.49715668 0.0491863489
vt 0.49715668 0.0585456491
vt 0.485498279 0.0491863489
vt 0.485498279 0.0585456491
vt 0.47558853 0.0585456491
vt 0.47558856 0.0491863489
vt 0.460646451 0.0585456491
vt 0.460646451 0.0491863489
vt 0.442684859 0.0585456491
vt 0.442684859 0.0491863489
vt 0.430912048 0.0585456491
vt 0.426734686 0.0491863489
vt 0.430912048 0.0395529568
vt 0.442684859 0.0395529568
vt 0.460646451 0.0395529568
vt 0.460646451 0.0471360683
vt 0.47558853 0.0395529568
vt 0.674345791 0.98707509
vt 0.611630857 0.98707509
vt 0.611763179 0.992326379
vt 0.674655259 0.992326379
vt 0.679180205 0.989910483
vt 0.678990901 0.98707515
vt 0.68154341 0.98707509
vt 0.614506006 0.992326379
vt 0.611763179 0.992326379
vt 0.611630857 0.98707509
vt 0.613888741 0.98707509
vt 0.647995055 0.992326379
vt 0.647065699 0.98707509
vt 0.674164891 0.98707509
vt 0.674589396 0.992326379
vt 0.678407788 0.990004778
vt 0.677978516 0.98707509
vt 0.683226466 0.98707509
vt 0.573801816 0.0554157794
vt 0.553365529 0.0508910418
vt 0.553365529 0.056840986
vt 0.536015689 0.0578900278
vt 0.536015689 0.049842
vt 0.514306426 0.0491863489
vt 0.514306426 0.0585456491
vt 0.49715665 0.0491863489
vt 0.49715665 0.0585456491
vt 0.485498309 0.0491863489
vt 0.485498309 0.0585456491
vt 0.47558862 0.0585456491
vt 0.4755885 0.0491863489
vt 0.46064651 0.0585456491
vt 0.46064651 0.0491863489
vt 0.442684948 0.0585456491
vt 0.442684948 0.0491863489
vt 0.430912137 0.0585456491
vt 0.426734746 0.0491863489
vt 0.430912137 0.0395529568
vt 0.442684948 0.0395529568
vt 0.460646451 0.0395529568
vt 0.460646451 0.0473090112
vt 0.4755885 0.0395529568
vt 0.126749992 0.0716040134
vt 0.123535991 0.0309540033
vt 0.141570985 0.0469279885
vt 0.110010982 0.053609997
vt 0.106495023 0.0577439964
vt 0.12135601 0.0784350038
vt 0.112988003 0.0846399963
vt 0.102782957 0.045859009
vt 0.109493971 0.0222550035
vt 0.090618968 0.0198630095
vt 0.100543022 0.0496279895
vt 0.0961409807 0.0399950147
vt 0.0870003998 0.022250792
vt 0.101047993 0.0616930127
vt 0.096827507 0.0636335015
vt 0.105903506 0.0872970074
vt 0.0988190174 0.0899540186
vt 0.0967760086 0.0523030162
vt 0.0952249765 0.043197006
vt 0.0923230052 0.0364010036
vt 0.0926070213 0.0655739903
vt 0.0831660032 0.0688500106
vt 0.0831660032 0.0904769897
vt 0.0902670026 0.0549170077
vt 0.0831660032 0.0573790073
vt 0.0935215056 0.0536100119
vt 0.0880960226 0.045540005
vt 0.0831660032 0.0463939905
vt 0.0831660032 0.0419298112
vt 0.0904135108 0.0452229977
vt 0.0872778893 0.0418846495
vt 0.0831660032 0.0392040536
vt 0.092730999 0.0449059904
vt 0.0868858099 0.0401329026
vt 0.0831660032 0.0363259912
vt 0.0886849463 0.0414898172
vt 0.0911799669 0.0385409892
vt 0.0864310265 0.0381009877
vt 0.0831660032 0.0300770104
vt 0.0900920033 0.0410949886
vt 0.0884211212 0.0404072776
vt 0.086261034 0.0327830017
vt 0.0831660032 0.0247809887
vt 0.0882145166 0.0395595543
vt 0.0888138413 0.0357712507
vt 0.0875849724 0.0301299989
vt 0.0848857909 0.0236461535
vt 0.0897691995 0.0330209211
vt 0.0873402804 0.0268319845
vt 0.0886845663 0.0288018957
vt 0.0831660032 0.0688500032
vt 0.0831660032 0.0904769972
vt 0.0988190025 0.0899540037
vt 0.092606999 0.0655739978
vt 0.0902670026 0.0549170002
vt 0.0831660032 0.0573789999
vt 0.0968274996 0.0636335015
vt 0.105903506 0.087297
vt 0.112988003 0.0846399963
vt 0.0880960003 0.0455400012
vt 0.0831660032 0.0463940017
vt 0.0831660032 0.0419298187
vt 0.0935215056 0.0536100008
vt 0.101048 0.0616930015
vt 0.121356003 0.0784349963
vt 0.0872778594 0.0418846533
vt 0.0831660032 0.039204061
vt 0.0967760012 0.0523030013
vt 0.0904134959 0.0452230014
vt 0.0868857801 0.04013291
vt 0.0831660032 0.0363259986
vt 0.0886849314 0.0414898247
vt 0.0864309967 0.0381009988
vt 0.0831660032 0.0300769992
vt 0.092730999 0.0449060015
vt 0.0884211063 0.0404072851
vt 0.0862609968 0.0327830017
vt 0.0831660032 0.0247809999
vt 0.0900920033 0.0410949998
vt 0.0882145017 0.0395595655
vt 0.0888138413 0.0357712582
vt 0.0875850022 0.0301300008
vt 0.0848858058 0.0236461591
vt 0.0911799967 0.0385410003
vt 0.0897692144 0.0330209211
vt 0.0873403102 0.0268319845
vt 0.0870004147 0.0222507939
vt 0.0952249989 0.0431969985
vt 0.0923229977 0.0364009999
vt 0.0886845812 0.0288018957
vt 0.0906189978 0.0198630001
vt 0.100543 0.0496280007
vt 0.0961410031 0.0399949998
vt 0.102783002 0.0458590016
vt 0.110010996 0.0536100008
vt 0.109494001 0.0222549997
vt 0.123535998 0.0309539996
vt 0.141571 0.0469279997
vt 0.126750007 0.0716039985
vt 0.106495 0.0577440001
vt 0.486692101 0.933360934
vt 0.491360694 0.933360934
vt 0.493828952 0.919889092
vt 0.486534953 0.919889092
vt 0.470299512 0.919889092
vt 0.482023507 0.933360934
vt 0.473858505 0.933360934
vt 0.465023041 0.919889092
vt 0.463273555 0.933360934
vt 0.483004481 0.901390791
vt 0.464440495 0.901390791
vt 0.461393535 0.919889092
vt 0.486557901 0.857370853
vt 0.489063174 0.901390791
vt 0.43778953 0.919889092
vt 0.445439488 0.933360934
vt 0.43778953 0.901390791
vt 0.486226112 0.85301131
vt 0.452919513 0.901390791
vt 0.494893134 0.901390791
vt 0.486226112 0.85301131
vt 0.501541555 0.901390791
vt 0.501541555 0.919889092
vt 0.491501302 0.933360934
vt 0.501541555 0.933360934
vt 0.494068533 0.933360934
vt 0.501541555 0.919889092
vt 0.501541555 0.933360934
vt 0.494167775 0.919889092
vt 0.486093551 0.933360934
vt 0.497867823 0.901390791
vt 0.501541555 0.901390791
vt 0.499833345 0.857370853
vt 0.493393123 0.901390791
vt 0.487207472 0.919889092
vt 0.479432493 0.933360934
vt 0.47389552 0.919889092
vt 0.469429523 0.933360934
vt 0.483864516 0.901390791
vt 0.469816476 0.854464531
vt 0.459793985 0.919889092
vt 0.462509543 0.933360934
vt 0.444766551 0.919889092
vt 0.452919513 0.901390791
vt 0.43778953 0.901390791
vt 0.466160566 0.901390791
vt 0.486692101 0.933360934
vt 0.493828952 0.919889092
vt 0.491360694 0.933360934
vt 0.486534953 0.919889092
vt 0.470299512 0.919889092
vt 0.482023507 0.933360934
vt 0.473858505 0.933360934
vt 0.465023041 0.919889092
vt 0.463273555 0.933360934
vt 0.483004481 0.901390791
vt 0.464440495 0.901390791
vt 0.461393535 0.919889092
vt 0.486557901 0.857370853
vt 0.489063174 0.901390791
vt 0.43778953 0.919889092
vt 0.445439488 0.933360934
vt 0.43778953 0.901390791
vt 0.486226112 0.85301131
vt 0.452919513 0.901390791
vt 0.494893134 0.901390791
vt 0.486226112 0.85301131
vt 0.501541555 0.901390791
vt 0.501541555 0.919889092
vt 0.491501302 0.933360934
vt 0.501541555 0.933360934
vt 0.494068533 0.933360934
vt 0.501541555 0.933360934
vt 0.501541555 0.919889092
vt 0.494167775 0.919889092
vt 0.486093551 0.933360934
vt 0.497867823 0.901390791
vt 0.501541555 0.901390791
vt 0.499833345 0.857370853
vt 0.493393123 0.901390791
vt 0.487207472 0.919889092
vt 0.479432493 0.933360934
vt 0.47389552 0.919889092
vt 0.469429523 0.933360934
vt 0.483864516 0.901390791
vt 0.469816476 0.854464531
vt 0.459793985 0.919889092
vt 0.462509543 0.933360934
vt 0.444766551 0.919889092
vt 0.452919513 0.901390791
vt 0.43778953 0.901390791
vt 0.466160566 0.901390791
vt 0.93870002 0.0564659834
vt 0.931434989 0.0564659834
vt 0.931434989 0.0399070084
vt 0.93870002 0.0399070084
vt 0.931434989 0.0352090001
vt 0.947393 0.0399070084
vt 0.947393 0.0564659834
vt 0.956929982 0.0564659834
vt 0.93870002 0.0352090001
vt 0.931434989 0.0207229853
vt 0.93870002 0.0207229853
vt 0.947393 0.0360800847
vt 0.947393 0.0207229853
vt 0.956929982 0.0399070084
vt 0.956929982 0.0360800847
vt 0.956929982 0.0207229853
vt 0.965223014 0.0207229853
vt 0.965223014 0.0399070084
vt 0.965223014 0.0564659834
vt 0.965223014 0.0360800847
vt 0.97261101 0.0207229853
vt 0.97261101 0.0399070084
vt 0.97261101 0.0564659834
vt 0.979596019 0.0481864959
vt 0.97261101 0.0360800847
vt 0.979596019 0.0279659927
vt 0.93870002 0.0564659983
vt 0.931434989 0.039907001
vt 0.931434989 0.0564659983
vt 0.93870002 0.039907001
vt 0.931434989 0.0352090001
vt 0.947393 0.039907001
vt 0.947393 0.0564659983
vt 0.956929982 0.0564659983
vt 0.93870002 0.0352090001
vt 0.931434989 0.0207230002
vt 0.93870002 0.0207230002
vt 0.947393 0.0360800847
vt 0.947393 0.0207230002
vt 0.956929982 0.039907001
vt 0.956929982 0.0360800847
vt 0.956929982 0.0207230002
vt 0.965223014 0.0207230002
vt 0.965223014 0.039907001
vt 0.965223014 0.0564659983
vt 0.965223014 0.0360800847
vt 0.97261101 0.0207230002
vt 0.97261101 0.039907001
vt 0.97261101 0.0564659983
vt 0.979596019 0.0481864996
vt 0.97261101 0.0360800847
vt 0.979596019 0.0279660001
vt 0.383085608 0.0255647004
vt 0.383085608 0.0316067785
vt 0.373711407 0.0283749402
vt 0.373711407 0.0283749402
vt 0.373558462 0.0255647004
vt 0.383085608 0.0363027155
vt 0.366470158 0.0255647004
vt 0.366470158 0.0305456221
vt 0.665026546 0.984299064
vt 0.665026546 0.984520674
vt 0.664838314 0.984905362
vt 0.665295005 0.984085798
vt 0.665295005 0.984387517
vt 0.665532351 0.984460711
vt 0.665537357 0.984283566
vt 0.665798068 0.984905362
vt 0.904719889 0.697897434
vt 0.917802036 0.691328883
vt 0.917802155 0.700499892
vt 0.936460435 0.691328883
vt 0.936460555 0.700499892
vt 0.953305781 0.701709628
vt 0.952466547 0.691379309
vt 0.971421421 0.697897434
vt 0.665318251 0.984495521
vt 0.656699181 0.981814504
vt 0.656920552 0.978525639
vt 0.649420857 0.977543473
vt 0.649420977 0.981793761
vt 0.640936613 0.981793761
vt 0.640936613 0.979330182
vt 0.63498795 0.984495521
vt 0.665026546 0.984299064
vt 0.664838314 0.984905362
vt 0.665026546 0.984520674
vt 0.665295005 0.984085798
vt 0.665295005 0.984387517
vt 0.665532351 0.984460711
vt 0.665537357 0.984283566
vt 0.665798068 0.984905362
vt 0.904719889 0.697897434
vt 0.917802155 0.700499892
vt 0.917802036 0.691328883
vt 0.936460435 0.691328883
vt 0.936460555 0.700499892
vt 0.953305781 0.701709628
vt 0.952466547 0.691379309
vt 0.971421421 0.697897434
vt 0.665318251 0.984495521
vt 0.656920552 0.978525639
vt 0.656699181 0.981814504
vt 0.649420857 0.977543473
vt 0.649420977 0.981793761
vt 0.640936613 0.981793761
vt 0.640936613 0.979330182
vt 0.63498795 0.984495521
vt 0.0997083187 0.897409201
vt 0.105582893 0.89992547
vt 0.105582893 0.897409201
vt 0.110694528 0.89992547
vt 0.110694528 0.897409201
vt 0.105582893 0.897409201
vt 0.11836195 0.89992547
vt 0.11836195 0.897409201
vt 0.123519957 0.897409201
vt 0.123519957 0.89992547
vt 0.128677964 0.89992547
vt 0.128677964 0.897409201
vt 0.133354545 0.89992547
vt 0.133354545 0.897409201
vt 0.138031125 0.89992547
vt 0.138031125 0.897409201
vt 0.145710886 0.89992547
vt 0.145710886 0.89992547
vt 0.145710886 0.897409201
vt 0.149945259 0.902310133
vt 0.20722574 0.903082013
vt 0.20722574 0.913506806
vt 0.224615321 0.913506806
vt 0.175686479 0.903082013
vt 0.175686479 0.913506806
vt 0.156480744 0.903082013
vt 0.156480744 0.913506806
vt 0.13727501 0.913506806
vt 0.13727501 0.903082013
vt 0.116092101 0.913506806
vt 0.116092101 0.903082013
vt 0.0949091837 0.903082013
vt 0.0949091837 0.913506806
vt 0.0634206533 0.913506866
vt 0.0634206533 0.903082013
vt 0.0424282998 0.903082013
vt 0.0424282998 0.913506806
vt 0.018302694 0.913506806
vt 0.0424282998 0.923841
vt 0.018302694 0.933634043
vt 0.0424282998 0.933634043
vt 0.0634206533 0.933634043
vt 0.0634206533 0.923841
vt 0.0949091837 0.933634043
vt 0.0949091837 0.923841
vt 0.116092101 0.933634043
vt 0.116092101 0.923841
vt 0.13727501 0.933634043
vt 0.13727501 0.923841
vt 0.156480744 0.933634043
vt 0.156480744 0.923841
vt 0.175686479 0.933634043
vt 0.175686479 0.923841
vt 0.20722574 0.923841
vt 0.20722574 0.933634043
vt 0.224615321 0.933634043
vt 0.20722574 0.903082013
vt 0.20722574 0.913506806
vt 0.224615321 0.913506806
vt 0.175686479 0.903082013
vt 0.175686479 0.913506806
vt 0.156480744 0.903082013
vt 0.156480744 0.913506806
vt 0.13727501 0.913506806
vt 0.13727501 0.903082013
vt 0.116092101 0.913506806
vt 0.116092101 0.903082013
vt 0.0949091837 0.903082013
vt 0.0949091837 0.913506806
vt 0.0634206533 0.913506866
vt 0.0634206533 0.903082013
vt 0.0424282998 0.903082013
vt 0.0424282998 0.913506806
vt 0.018302694 0.913506806
vt 0.0424282998 0.923841
vt 0.018302694 0.933634043
vt 0.0424282998 0.933634043
vt 0.0634206533 0.933634043
vt 0.0634206533 0.923841
vt 0.0949091837 0.933634043
vt 0.0949091837 0.923841
vt 0.116092101 0.933634043
vt 0.116092101 0.923841
vt 0.13727501 0.933634043
vt 0.13727501 0.923841
vt 0.156480744 0.933634043
vt 0.156480744 0.923841
vt 0.175686479 0.933634043
vt 0.175686479 0.923841
vt 0.20722574 0.923841
vt 0.20722574 0.933634043
vt 0.224615321 0.933634043
vt 0.0997083187 0.897409201
vt 0.105582893 0.89992547
vt 0.105582893 0.897409201
vt 0.110694528 0.89992547
vt 0.110694528 0.897409201
vt 0.105582893 0.897409201
vt 0.11836195 0.89992547
vt 0.11836195 0.897409201
vt 0.123519957 0.897409201
vt 0.123519957 0.89992547
vt 0.128677964 0.89992547
vt 0.128677964 0.897409201
vt 0.133354545 0.89992547
vt 0.133354545 0.897409201
vt 0.138031125 0.89992547
vt 0.138031125 0.897409201
vt 0.145710886 0.89992547
vt 0.145710886 0.89992547
vt 0.145710886 0.897409201
vt 0.149945259 0.902310133
vt 0.20722574 0.903082013
vt 0.20722574 0.913506806
vt 0.224615321 0.913506806
vt 0.175686479 0.903082013
vt 0.175686479 0.913506806
vt 0.156480744 0.903082013
vt 0.156480744 0.913506806
vt 0.13727501 0.913506806
vt 0.13727501 0.903082013
vt 0.116092101 0.913506806
vt 0.116092101 0.903082013
vt 0.0949091837 0.903082013
vt 0.0949091837 0.913506806
vt 0.0634206533 0.913506866
vt 0.0634206533 0.903082013
vt 0.0424282998 0.903082013
vt 0.0424282998 0.913506806
vt 0.018302694 0.913506806
vt 0.0424282998 0.923841
vt 0.018302694 0.933634043
vt 0.0424282998 0.933634043
vt 0.0634206533 0.933634043
vt 0.0634206533 0.923841
vt 0.0949091837 0.933634043
vt 0.0949091837 0.923841
vt 0.116092101 0.933634043
vt 0.116092101 0.923841
vt 0.13727501 0.933634043
vt 0.13727501 0.923841
vt 0.156480744 0.933634043
vt 0.156480744 0.923841
vt 0.175686479 0.933634043
vt 0.175686479 0.923841
vt 0.20722574 0.923841
vt 0.20722574 0.933634043
vt 0.224615321 0.933634043
vt 0.20722574 0.903082013
vt 0.20722574 0.913506806
vt 0.224615321 0.913506806
vt 0.175686479 0.903082013
vt 0.175686479 0.913506806
vt 0.156480744 0.903082013
vt 0.156480744 0.913506806
vt 0.13727501 0.903082013
vt 0.13727501 0.913506806
vt 0.116092101 0.913506806
vt 0.116092101 0.903082013
vt 0.0949091837 0.903082013
vt 0.0949091837 0.913506806
vt 0.0634206533 0.913506866
vt 0.0634206533 0.903082013
vt 0.0424282998 0.903082013
vt 0.0424282998 0.913506806
vt 0.018302694 0.913506806
vt 0.0424282998 0.923841
vt 0.018302694 0.933634043
vt 0.0424282998 0.933634043
vt 0.0634206533 0.933634043
vt 0.0634206533 0.923841
vt 0.0949091837 0.933634043
vt 0.0949091837 0.923841
vt 0.116092101 0.933634043
vt 0.116092101 0.923841
vt 0.13727501 0.933634043
vt 0.13727501 0.923841
vt 0.156480744 0.933634043
vt 0.156480744 0.923841
vt 0.175686479 0.933634043
vt 0.175686479 0.923841
vt 0.20722574 0.923841
vt 0.20722574 0.933634043
vt 0.224615321 0.933634043
vt 0.0997083187 0.897409201
vt 0.105582893 0.897409201
vt 0.105582893 0.89992547
vt 0.110694528 0.89992547
vt 0.110694528 0.897409201
vt 0.105582893 0.897409201
vt 0.11836195 0.89992547
vt 0.11836195 0.897409201
vt 0.123519957 0.897409201
vt 0.123519957 0.89992547
vt 0.128677964 0.89992547
vt 0.128677964 0.897409201
vt 0.133354545 0.89992547
vt 0.133354545 0.897409201
vt 0.138031125 0.89992547
vt 0.138031125 0.897409201
vt 0.145710886 0.89992547
vt 0.145710886 0.89992547
vt 0.145710886 0.897409201
vt 0.149945259 0.902310133
vt 0.20722574 0.903082013
vt 0.224615321 0.913506806
vt 0.20722574 0.913506806
vt 0.175686479 0.903082013
vt 0.175686479 0.913506806
vt 0.156480744 0.903082013
vt 0.156480744 0.913506806
vt 0.13727501 0.913506806
vt 0.13727501 0.903082013
vt 0.116092101 0.913506806
vt 0.116092101 0.903082013
vt 0.0949091837 0.903082013
vt 0.0949091837 0.913506806
vt 0.0634206533 0.913506866
vt 0.0634206533 0.903082013
vt 0.0424282998 0.903082013
vt 0.0424282998 0.913506806
vt 0.018302694 0.913506806
vt 0.0424282998 0.923841
vt 0.0424282998 0.933634043
vt 0.018302694 0.933634043
vt 0.0634206533 0.933634043
vt 0.0634206533 0.923841
vt 0.0949091837 0.933634043
vt 0.0949091837 0.923841
vt 0.116092101 0.933634043
vt 0.116092101 0.923841
vt 0.13727501 0.933634043
vt 0.13727501 0.923841
vt 0.156480744 0.933634043
vt 0.156480744 0.923841
vt 0.175686479 0.933634043
vt 0.175686479 0.923841
vt 0.20722574 0.923841
vt 0.20722574 0.933634043
vt 0.224615321 0.933634043
vt 0.20722574 0.903082013
vt 0.224615321 0.913506806
vt 0.20722574 0.913506806
vt 0.175686479 0.903082013
vt 0.175686479 0.913506806
vt 0.156480744 0.903082013
vt 0.156480744 0.913506806
vt 0.13727501 0.913506806
vt 0.13727501 0.903082013
vt 0.116092101 0.913506806
vt 0.116092101 0.903082013
vt 0.0949091837 0.903082013
vt 0.0949091837 0.913506806
vt 0.0634206533 0.913506866
vt 0.0634206533 0.903082013
vt 0.0424282998 0.903082013
vt 0.0424282998 0.913506806
vt 0.018302694 0.913506806
vt 0.0424282998 0.923841
vt 0.0424282998 0.933634043
vt 0.018302694 0.933634043
vt 0.0634206533 0.933634043
vt 0.0634206533 0.923841
vt 0.0949091837 0.933634043
vt 0.0949091837 0.923841
vt 0.116092101 0.933634043
vt 0.116092101 0.923841
vt 0.13727501 0.933634043
vt 0.13727501 0.923841
vt 0.156480744 0.933634043
vt 0.156480744 0.923841
vt 0.175686479 0.933634043
vt 0.175686479 0.923841
vt 0.20722574 0.923841
vt 0.20722574 0.933634043
vt 0.224615321 0.933634043
vt 0.0997083187 0.897409201
vt 0.105582893 0.897409201
vt 0.105582893 0.89992547
vt 0.110694528 0.89992547
vt 0.110694528 0.897409201
vt 0.105582893 0.897409201
vt 0.11836195 0.89992547
vt 0.11836195 0.897409201
vt 0.123519957 0.897409201
vt 0.123519957 0.89992547
vt 0.128677964 0.89992547
vt 0.128677964 0.897409201
vt 0.133354545 0.89992547
vt 0.133354545 0.897409201
vt 0.138031125 0.89992547
vt 0.138031125 0.897409201
vt 0.145710886 0.89992547
vt 0.145710886 0.89992547
vt 0.145710886 0.897409201
vt 0.149945259 0.902310133
vt 0.20722574 0.903082013
vt 0.224615321 0.913506806
vt 0.20722574 0.913506806
vt 0.175686479 0.903082013
vt 0.175686479 0.913506806
vt 0.156480744 0.903082013
vt 0.156480744 0.913506806
vt 0.13727501 0.913506806
vt 0.13727501 0.903082013
vt 0.116092101 0.913506806
vt 0.116092101 0.903082013
vt 0.0949091837 0.903082013
vt 0.0949091837 0.913506806
vt 0.0634206533 0.913506866
vt 0.0634206533 0.903082013
vt 0.0424282998 0.903082013
vt 0.0424282998 0.913506806
vt 0.018302694 0.913506806
vt 0.0424282998 0.923841
vt 0.0424282998 0.933634043
vt 0.018302694 0.933634043
vt 0.0634206533 0.933634043
vt 0.0634206533 0.923841
vt 0.0949091837 0.933634043
vt 0.0949091837 0.923841
vt 0.116092101 0.933634043
vt 0.116092101 0.923841
vt 0.13727501 0.933634043
vt 0.13727501 0.923841
vt 0.156480744 0.933634043
vt 0.156480744 0.923841
vt 0.175686479 0.933634043
vt 0.175686479 0.923841
vt 0.20722574 0.923841
vt 0.20722574 0.933634043
vt 0.224615321 0.933634043
vt 0.20722574 0.903082013
vt 0.224615321 0.913506806
vt 0.20722574 0.913506806
vt 0.175686479 0.903082013
vt 0.175686479 0.913506806
vt 0.156480744 0.903082013
vt 0.156480744 0.913506806
vt 0.13727501 0.903082013
vt 0.13727501 0.913506806
vt 0.116092101 0.913506806
vt 0.116092101 0.903082013
vt 0.0949091837 0.903082013
vt 0.0949091837 0.913506806
vt 0.0634206533 0.913506866
vt 0.0634206533 0.903082013
vt 0.0424282998 0.903082013
vt 0.0424282998 0.913506806
vt 0.018302694 0.913506806
vt 0.0424282998 0.923841
vt 0.0424282998 0.933634043
vt 0.018302694 0.933634043
vt 0.0634206533 0.933634043
vt 0.0634206533 0.923841
vt 0.0949091837 0.933634043
vt 0.0949091837 0.923841
vt 0.116092101 0.933634043
vt 0.116092101 0.923841
vt 0.13727501 0.933634043
vt 0.13727501 0.923841
vt 0.156480744 0.933634043
vt 0.156480744 0.923841
vt 0.175686479 0.933634043
vt 0.175686479 0.923841
vt 0.20722574 0.923841
vt 0.20722574 0.933634043
vt 0.224615321 0.933634043
vt 0.706552804 0.992828012
vt 0.711589515 0.983064115
vt 0.706727505 0.983064115
vt 0.693908334 0.9923051
vt 0.694169819 0.983064115
vt 0.684292614 0.983064115
vt 0.609382749 0.966144085
vt 0.601347804 0.975588679
vt 0.609315157 0.975588679
vt 0.624436021 0.966144085
vt 0.623570204 0.975588679
vt 0.641816139 0.975588679
vt 0.609777689 0.957366467
vt 0.601347804 0.957366467
vt 0.625300527 0.957366467
vt 0.643147826 0.957366467
vt 0.642573595 0.966144085
vt 0.662399173 0.975588679
vt 0.662406802 0.957366467
vt 0.662283659 0.966144085
vt 0.686884046 0.975588679
vt 0.687315106 0.957366467
vt 0.687027454 0.966144085
vt 0.698373079 0.975588679
vt 0.698373079 0.957366467
vt 0.499946356 0.960945785
vt 0.499946356 0.971907079
vt 0.515714407 0.971907079
vt 0.515714407 0.960945785
vt 0.534085572 0.971907079
vt 0.534085572 0.960945785
vt 0.553330481 0.971907079
vt 0.553330481 0.960945785
vt 0.563360214 0.971907079
vt 0.563360214 0.960945785
vt 0.571971714 0.971907079
vt 0.571971714 0.960945785
vt 0.583852053 0.97190702
vt 0.583852053 0.960945785
vt 0.499946356 0.957856834
vt 0.515714407 0.947896838
vt 0.499946356 0.947896838
vt 0.515714407 0.957856834
vt 0.534085572 0.947896838
vt 0.534085572 0.957856834
vt 0.553330481 0.957856834
vt 0.553330481 0.947896838
vt 0.571971714 0.957856834
vt 0.571971714 0.947896838
vt 0.583852053 0.947896838
vt 0.583852053 0.957856834
vt 0.653720021 0.0469631366
vt 0.653720021 0.0412675664
vt 0.651565969 0.0409997515
vt 0.649509549 0.0406340696
vt 0.647852123 0.0399525687
vt 0.647324026 0.0401792265
vt 0.646945298 0.0397774652
vt 0.646598101 0.0403766856
vt 0.646971762 0.0407222584
vt 0.646355808 0.0407948717
vt 0.646265686 0.0415191539
vt 0.646594822 0.0417595133
vt 0.646175802 0.0422417969
vt 0.64628607 0.0425314754
vt 0.64601779 0.0423715487
vt 0.645849645 0.0425096005
vt 0.645560741 0.0435558856
vt 0.645790279 0.0441075377
vt 0.646102011 0.044856593
vt 0.646703303 0.0476337783
vt 0.647298098 0.0503810458
vt 0.648681462 0.051808808
vt 0.650132835 0.0533068143
vt 0.652041733 0.0535444357
vt 0.653720021 0.0537533425
vt 0.705201447 0.968072295
vt 0.705462575 0.977836192
vt 0.711589515 0.977836192
vt 0.683437347 0.968595207
vt 0.683828413 0.977836192
vt 0.66906029 0.977836192
vt 0.609382749 0.966144085
vt 0.609315157 0.975588679
vt 0.601347804 0.975588679
vt 0.624436021 0.966144085
vt 0.623570204 0.975588679
vt 0.641816139 0.975588679
vt 0.642573595 0.966144085
vt 0.662399173 0.975588679
vt 0.662283659 0.966144085
vt 0.686884046 0.975588679
vt 0.687027454 0.966144085
vt 0.698373079 0.975588679
vt 0.567014277 0.822313547
vt 0.56817323 0.822313547
vt 0.566984117 0.823233485
vt 0.564390838 0.823233485
vt 0.564403713 0.822313547
vt 0.56232506 0.823233485
vt 0.562385261 0.822313547
vt 0.560424089 0.823233485
vt 0.560514748 0.822313547
vt 0.558887839 0.822313547
vt 0.558846414 0.823233485
vt 0.55800432 0.822313547
vt 0.499946356 0.960945785
vt 0.515714407 0.971907079
vt 0.499946356 0.971907079
vt 0.515714407 0.960945785
vt 0.534085572 0.971907079
vt 0.534085572 0.960945785
vt 0.553330481 0.971907079
vt 0.553330481 0.960945785
vt 0.563360214 0.971907079
vt 0.563360214 0.960945785
vt 0.571971714 0.971907079
vt 0.571971714 0.960945785
vt 0.583852053 0.97190702
vt 0.583852053 0.960945785
vt 0.499946356 0.957856834
vt 0.499946356 0.947896838
vt 0.515714407 0.947896838
vt 0.515714407 0.957856834
vt 0.534085572 0.947896838
vt 0.534085572 0.957856834
vt 0.553330481 0.957856834
vt 0.553330481 0.947896838
vt 0.571971714 0.957856834
vt 0.571971714 0.947896838
vt 0.583852053 0.947896838
vt 0.583852053 0.957856834
vt 0.653720021 0.0469631366
vt 0.651565969 0.0409997515
vt 0.653720021 0.0412675664
vt 0.649509549 0.0406340696
vt 0.647852123 0.0399525687
vt 0.647324085 0.0401792303
vt 0.646945298 0.0397774652
vt 0.646598101 0.0403766856
vt 0.646971762 0.0407222547
vt 0.646355808 0.0407948717
vt 0.646265686 0.0415191539
vt 0.646594763 0.0417595096
vt 0.646175802 0.0422417969
vt 0.64628607 0.0425314717
vt 0.64601779 0.0423715487
vt 0.645849645 0.0425096005
vt 0.645560741 0.0435558856
vt 0.645790339 0.0441075377
vt 0.646102011 0.044856593
vt 0.646703303 0.0476337783
vt 0.647298098 0.0503810458
vt 0.648681462 0.051808808
vt 0.650132835 0.0533068143
vt 0.652041733 0.0535444357
vt 0.653720021 0.0537533425
vt 0.845229447 0.900427938
vt 0.847889543 0.900081873
vt 0.847350001 0.90457505
vt 0.852884293 0.905368805
vt 0.928828359 0.892483234
vt 0.9257707 0.889311075
vt 0.920453608 0.89730376
vt 0.913880527 0.897766948
vt 0.917568684 0.901695013
vt 0.931630492 0.897812366
vt 0.911894202 0.903722823
vt 0.902753651 0.902063787
vt 0.905766368 0.907806873
vt 0.920102 0.905609488
vt 0.897941113 0.908202946
vt 0.888712287 0.907349408
vt 0.890608609 0.9131127
vt 0.908583999 0.911919117
vt 0.922180712 0.907907605
vt 0.933060288 0.900459826
vt 0.910064697 0.914825737
vt 0.942830801 0.893913746
vt 0.894568861 0.92142427
vt 0.953325808 0.889425814
vt 0.892545879 0.91829288
vt 0.878918231 0.925509572
vt 0.952670097 0.887364388
vt 0.964554667 0.887806177
vt 0.965010226 0.885923386
vt 0.974000037 0.887638807
vt 0.973981202 0.886917651
vt 0.977309585 0.886836886
vt 0.974671006 0.885828018
vt 0.966039896 0.882547915
vt 0.975085437 0.884025276
vt 0.975219607 0.883488536
vt 0.966746032 0.87728107
vt 0.966457069 0.879592299
vt 0.95435822 0.874533653
vt 0.875230908 0.910239518
vt 0.882776141 0.913461328
vt 0.876811087 0.916422248
vt 0.868999839 0.916275799
vt 0.855865836 0.914127886
vt 0.877871871 0.921437204
vt 0.858754933 0.91953814
vt 0.86087507 0.924725652
vt 0.862854183 0.929113567
vt 0.848614454 0.931340635
vt 0.853941858 0.918642521
vt 0.839798748 0.916010797
vt 0.83952868 0.912414908
vt 0.849613726 0.911008716
vt 0.844191909 0.908303797
vt 0.853148401 0.920275688
vt 0.850008726 0.926753879
vt 0.835387051 0.930892766
vt 0.839279115 0.909090817
vt 0.839409113 0.905607045
vt 0.83531481 0.90908587
vt 0.83285284 0.911946893
vt 0.829724431 0.915582359
vt 0.839290738 0.922998905
vt 0.83811307 0.926333368
vt 0.822170675 0.923282146
vt 0.822467804 0.92836833
vt 0.831125319 0.919041038
vt 0.812877059 0.925091386
vt 0.841733694 0.918868899
vt 0.848187745 0.924457192
vt 0.830491245 0.917475581
vt 0.825834572 0.915370524
vt 0.821292877 0.914797306
vt 0.843044162 0.922948301
vt 0.844998002 0.930819809
vt 0.834923267 0.924522996
vt 0.842049897 0.930433154
vt 0.843877375 0.937404096
vt 0.838493526 0.930935025
vt 0.842289269 0.93669945
vt 0.84325707 0.946107447
vt 0.84038198 0.937902927
vt 0.820395648 0.916657805
vt 0.816363335 0.91378361
vt 0.823859811 0.917427301
vt 0.811895132 0.914472461
vt 0.812209904 0.913001657
vt 0.812806249 0.919810176
vt 0.80067277 0.910357356
vt 0.807488382 0.912099242
vt 0.801437318 0.909432173
vt 0.801824987 0.915691733
vt 0.802582741 0.921464145
vt 0.79366225 0.915118217
vt 0.790701568 0.90953505
vt 0.794967413 0.906723797
vt 0.788932323 0.902922988
vt 0.789232314 0.905572772
vt 0.774924219 0.896451294
vt 0.772036552 0.898257017
vt 0.771430373 0.899434328
vt 0.762272477 0.889349222
vt 0.761036515 0.890890896
vt 0.760883927 0.891481042
vt 0.754174471 0.885790169
vt 0.7543962 0.884706616
vt 0.753449202 0.88620162
vt 0.743075848 0.878361702
vt 0.928847969 0.892483234
vt 0.925788224 0.889312267
vt 0.920473099 0.89730376
vt 0.91389811 0.897768199
vt 0.917588115 0.901695013
vt 0.931650102 0.897812366
vt 0.911913633 0.903722823
vt 0.902771235 0.902064979
vt 0.905785859 0.907806873
vt 0.920121491 0.905609488
vt 0.897960603 0.908202946
vt 0.88872987 0.907350659
vt 0.890628099 0.9131127
vt 0.908603549 0.911919117
vt 0.922200322 0.907907605
vt 0.933079779 0.900459826
vt 0.910084188 0.914825737
vt 0.942838907 0.893913627
vt 0.89458847 0.92142427
vt 0.953334391 0.889425576
vt 0.892565429 0.91829288
vt 0.878937781 0.925509572
vt 0.952689707 0.887364388
vt 0.964563489 0.887806058
vt 0.965029776 0.885923386
vt 0.97400856 0.887638569
vt 0.974000752 0.886917651
vt 0.977318108 0.886836648
vt 0.974690557 0.885828018
vt 0.966059446 0.882547915
vt 0.975105047 0.884025276
vt 0.97522819 0.883488417
vt 0.966754794 0.877280951
vt 0.9664765 0.879592299
vt 0.954377651 0.874533653
vt 0.882795632 0.913461328
vt 0.875248492 0.910240769
vt 0.876830757 0.916422248
vt 0.86901933 0.916275799
vt 0.855885267 0.914127886
vt 0.877891481 0.921437204
vt 0.858774602 0.91953814
vt 0.86089474 0.924725652
vt 0.862873793 0.929113567
vt 0.848634005 0.931340635
vt 0.853961468 0.918642521
vt 0.839818239 0.916010797
vt 0.839548111 0.912414908
vt 0.849633217 0.911008716
vt 0.8442114 0.908303797
vt 0.853167951 0.920275688
vt 0.850028217 0.926753879
vt 0.835406661 0.930892766
vt 0.839298487 0.909090817
vt 0.839428604 0.905607045
vt 0.83533442 0.90908587
vt 0.83287245 0.911946893
vt 0.829743981 0.915582359
vt 0.839310288 0.922998905
vt 0.83813262 0.926333368
vt 0.822190166 0.923282146
vt 0.822487414 0.92836833
vt 0.83114481 0.919041038
vt 0.81289649 0.925091386
vt 0.841753304 0.918868899
vt 0.848207295 0.924457192
vt 0.830510736 0.917475581
vt 0.825854123 0.915370524
vt 0.821312547 0.914797306
vt 0.843063712 0.922948301
vt 0.845017552 0.930819809
vt 0.834942758 0.924522996
vt 0.842069328 0.930433154
vt 0.843896985 0.937404096
vt 0.838513076 0.930935025
vt 0.842308819 0.93669945
vt 0.843276739 0.946107447
vt 0.84040153 0.937902927
vt 0.82041508 0.916657805
vt 0.816383004 0.91378361
vt 0.823879242 0.917427301
vt 0.811914563 0.914472461
vt 0.812229514 0.913001657
vt 0.81282568 0.919810176
vt 0.80069226 0.910357356
vt 0.807507992 0.912099242
vt 0.801456869 0.909432173
vt 0.801844478 0.915691733
vt 0.802602172 0.921464145
vt 0.793681741 0.915118217
vt 0.790721118 0.90953505
vt 0.794986904 0.906723797
vt 0.788951755 0.902922988
vt 0.789251924 0.905572772
vt 0.774943829 0.896451294
vt 0.772056103 0.898257017
vt 0.771449924 0.899434328
vt 0.762291968 0.889349222
vt 0.761056125 0.890890896
vt 0.760903418 0.891481042
vt 0.754193962 0.885790169
vt 0.75441581 0.884706616
vt 0.753468692 0.88620162
vt 0.743095398 0.878361702
vt 0.311796188 0.878095448
vt 0.299954116 0.885214806
vt 0.299677312 0.887539923
vt 0.300203919 0.883116305
vt 0.308584541 0.86747539
vt 0.311510772 0.891271353
vt 0.299266934 0.890987277
vt 0.311334789 0.899396181
vt 0.297318935 0.900381267
vt 0.30054158 0.911929131
vt 0.321143925 0.892531276
vt 0.33047092 0.854042292
vt 0.31791693 0.850058258
vt 0.310897887 0.91956526
vt 0.316404015 0.924240053
vt 0.303632915 0.923006296
vt 0.327955574 0.861606836
vt 0.344759881 0.893215299
vt 0.339327991 0.863287866
vt 0.340252787 0.851563454
vt 0.323091954 0.846611738
vt 0.329850912 0.842110276
vt 0.319782913 0.913045287
vt 0.326722205 0.933000267
vt 0.332827806 0.944951177
vt 0.338469923 0.920505285
vt 0.332501888 0.937907279
vt 0.345375896 0.947367251
vt 0.364783883 0.946505308
vt 0.346193165 0.850058079
vt 0.354960918 0.847836256
vt 0.362188935 0.838924289
vt 0.371480912 0.843100786
vt 0.363544881 0.921692252
vt 0.37131089 0.897043288
vt 0.358713925 0.93814528
vt 0.369746089 0.932180405
vt 0.374233902 0.941686273
vt 0.390535891 0.929863274
vt 0.381501913 0.925824285
vt 0.387679696 0.916013837
vt 0.397386611 0.919891
vt 0.401971936 0.913216293
vt 0.391771913 0.909515262
vt 0.404014885 0.898459256
vt 0.39382261 0.898275971
vt 0.395676911 0.88811326
vt 0.404798925 0.882719278
vt 0.376355886 0.875156283
vt 0.392075896 0.877491772
vt 0.403646916 0.879842043
vt 0.402494907 0.876964808
vt 0.40019089 0.871210277
vt 0.390725255 0.873507977
vt 0.388474882 0.866870284
vt 0.395025909 0.858785272
vt 0.349748909 0.864828289
vt 0.375870883 0.855203271
vt 0.380772889 0.847277284
vt 0.365415901 0.851519763
vt 0.635613203 0.517023742
vt 0.640690327 0.505711794
vt 0.617594957 0.493192315
vt 0.660976052 0.510179937
vt 0.610011458 0.507534504
vt 0.607130647 0.486611485
vt 0.658614039 0.523785591
vt 0.674105048 0.512118518
vt 0.590491176 0.493280143
vt 0.600082874 0.480696559
vt 0.632746041 0.526853144
vt 0.682568192 0.523923934
vt 0.696316481 0.510079086
vt 0.603205383 0.520252168
vt 0.583548188 0.483514428
vt 0.592953801 0.468224347
vt 0.569457591 0.504883289
vt 0.57935524 0.469112188
vt 0.588587999 0.45312348
vt 0.657549679 0.533670068
vt 0.702928424 0.519534409
vt 0.727981091 0.492303163
vt 0.598565578 0.524384797
vt 0.564636528 0.490213782
vt 0.686190903 0.536615968
vt 0.729641199 0.508047879
vt 0.729847074 0.488597721
vt 0.630726635 0.533616483
vt 0.65679878 0.539183557
vt 0.653973997 0.561742306
vt 0.708319783 0.531842947
vt 0.627819538 0.55287528
vt 0.61191988 0.579004169
vt 0.590888977 0.532460332
vt 0.557270467 0.513143957
vt 0.584495604 0.548770249
vt 0.685414076 0.56122148
vt 0.729198456 0.52264452
vt 0.710427523 0.552802563
vt 0.682607114 0.592682421
vt 0.651764691 0.589720011
vt 0.736672401 0.49770245
vt 0.744919538 0.487609148
vt 0.73179245 0.484734863
vt 0.731618285 0.477157205
vt 0.74213779 0.508348644
vt 0.731446207 0.539033592
vt 0.650544465 0.615678787
vt 0.710925579 0.58346504
vt 0.743115187 0.476803303
vt 0.729938269 0.470194519
vt 0.685621023 0.616001964
vt 0.740941763 0.4695656
vt 0.728805184 0.465498418
vt 0.739244461 0.463913381
vt 0.727782488 0.46126008
vt 0.73778373 0.459049225
vt 0.725031734 0.45156008
vt 0.734437168 0.448560059
vt 0.721968532 0.440758467
vt 0.749759138 0.476507545
vt 0.747041225 0.469525278
vt 0.745372057 0.462819189
vt 0.743091822 0.458434343
vt 0.755961299 0.49197197
vt 0.754035771 0.476317167
vt 0.751861274 0.469493389
vt 0.751465321 0.523531437
vt 0.769942045 0.498150438
vt 0.768008411 0.476797789
vt 0.749499559 0.462082118
vt 0.740151942 0.447775662
vt 0.739709914 0.565168679
vt 0.784872115 0.504565418
vt 0.766859055 0.471886754
vt 0.748150408 0.4578484
vt 0.788310826 0.474840403
vt 0.763885736 0.459182262
vt 0.744085908 0.447235644
vt 0.715070069 0.605278492
vt 0.735502303 0.437659323
vt 0.730949819 0.437629461
vt 0.719728649 0.427010655
vt 0.715652823 0.435925663
vt 0.709545851 0.421845973
vt 0.707404017 0.42961365
vt 0.679702342 0.418230265
vt 0.678079367 0.422690749
vt 0.655683637 0.420228302
vt 0.657227874 0.423987716
vt 0.635198355 0.42222631
vt 0.636376381 0.425284684
vt 0.60159117 0.425170511
vt 0.604625106 0.431975245
vt 0.581310332 0.434268773
vt 0.590847731 0.438374251
vt 0.578318715 0.442047179
vt 0.589717865 0.444204271
vt 0.577036023 0.448172092
vt 0.589152932 0.44866389
vt 0.575753331 0.454297006
vt 0.565188229 0.447476238
vt 0.566932917 0.439211875
vt 0.572015047 0.427529365
vt 0.596915781 0.416614354
vt 0.556962252 0.413024008
vt 0.563503683 0.472680181
vt 0.563443542 0.455740601
vt 0.553902745 0.434408963
vt 0.551952302 0.44695127
vt 0.627885342 0.410350323
vt 0.55128932 0.49586454
vt 0.549837589 0.474207014
vt 0.55000186 0.45606035
vt 0.531834662 0.47961399
vt 0.547394037 0.519929528
vt 0.538084984 0.502540529
vt 0.535253286 0.445128888
vt 0.530783415 0.503157139
vt 0.535097241 0.530056953
vt 0.533482194 0.455536783
vt 0.513759017 0.443009913
vt 0.537024319 0.431287795
vt 0.574579954 0.560933232
vt 0.514874578 0.504610777
vt 0.513755202 0.455766737
vt 0.499947459 0.456255436
vt 0.515539706 0.482500643
vt 0.520066023 0.535684645
vt 0.499940515 0.538527429
vt 0.499940515 0.506792903
vt 0.554385602 0.574394524
vt 0.499940515 0.483218372
vt 0.484460294 0.482500643
vt 0.485125422 0.504610777
vt 0.468165338 0.47961399
vt 0.603413522 0.597015202
vt 0.486244768 0.455766737
vt 0.545594096 0.629265964
vt 0.598351896 0.636291623
vt 0.540064692 0.698589504
vt 0.648611546 0.645811081
vt 0.529831648 0.575875401
vt 0.499940515 0.576785743
vt 0.594302297 0.699969113
vt 0.499919534 0.623993516
vt 0.686144471 0.64526403
vt 0.641242504 0.696592569
vt 0.718124866 0.628791451
vt 0.583656073 0.755180836
vt 0.686832666 0.688421249
vt 0.747812092 0.58391124
vt 0.631457269 0.750492513
vt 0.764310539 0.541451752
vt 0.794488072 0.555727243
vt 0.756286442 0.596183479
vt 0.723410964 0.658379614
vt 0.740807593 0.700873077
vt 0.767175972 0.613891482
vt 0.815326571 0.513373137
vt 0.819387794 0.58121556
vt 0.6882689 0.736071169
vt 0.783543348 0.641124725
vt 0.634009063 0.80475527
vt 0.700016916 0.783781111
vt 0.751694977 0.754769206
vt 0.81596154 0.687167764
vt 0.845264196 0.614077806
vt 0.562809825 0.811275661
vt 0.874476612 0.557188213
vt 0.535439789 0.756535053
vt 0.499940515 0.813731849
vt 0.847387195 0.533113599
vt 0.870573044 0.484240025
vt 0.902776718 0.512292027
vt 0.91140914 0.447423637
vt 0.930289149 0.461715996
vt 0.932548702 0.456434935
vt 0.499936849 0.757984936
vt 0.95283246 0.448920369
vt 0.954356492 0.451889008
vt 0.97543937 0.441603333
vt 0.824323654 0.472602189
vt 0.790357649 0.455839574
vt 0.827753901 0.445642143
vt 0.828844428 0.419126987
vt 0.877393484 0.43721354
vt 0.759775877 0.444605291
vt 0.785889387 0.438486218
vt 0.757338047 0.435958713
vt 0.881692767 0.400030047
vt 0.740430772 0.437691599
vt 0.732227683 0.425438195
vt 0.784317255 0.432380289
vt 0.751309395 0.42089808
vt 0.780011535 0.408650607
vt 0.718909323 0.407758474
vt 0.74476707 0.404554337
vt 0.775428534 0.390315443
vt 0.680756986 0.406314135
vt 0.652325869 0.409212589
vt 0.82838428 0.395034045
vt 0.826309502 0.374172717
vt 0.882643461 0.378782988
vt 0.900698066 0.401116043
vt 0.676195621 0.387520224
vt 0.645511985 0.391187072
vt 0.621415734 0.397362143
vt 0.70895952 0.382701725
vt 0.591396213 0.405330092
vt 0.613063812 0.378766119
vt 0.669598103 0.366098166
vt 0.736729085 0.379193127
vt 0.768936872 0.366621763
vt 0.72997129 0.357384026
vt 0.585287809 0.389534771
vt 0.640264988 0.372447044
vt 0.701931477 0.359548807
vt 0.605601847 0.36089021
vt 0.823602617 0.348677516
vt 0.763574719 0.343850255
vt 0.722762942 0.331820905
vt 0.693080664 0.336188555
vt 0.660814047 0.342345536
vt 0.63253665 0.350291967
vt 0.883553982 0.353255302
vt 0.899895728 0.381192446
vt 0.756664395 0.321262658
vt 0.710886478 0.311036527
vt 0.816451252 0.32085979
vt 0.885263443 0.325714231
vt 0.684126019 0.316467732
vt 0.904898047 0.352280468
vt 0.746805787 0.296274334
vt 0.807872534 0.297221422
vt 0.701591015 0.294656932
vt 0.877647936 0.299671352
vt 0.908354163 0.311749041
vt 0.90948832 0.323774099
vt 0.922536969 0.330895245
vt 0.91592896 0.35635826
vt 0.909944952 0.379966319
vt 0.912163436 0.403932422
vt 0.918368578 0.423730761
vt 0.914701223 0.436548501
vt 0.938493133 0.447076291
vt 0.938573182 0.433115482
vt 0.943365455 0.431676716
vt 0.936170161 0.451517016
vt 0.949689984 0.439505517
vt 0.947290838 0.427319199
vt 0.951497495 0.445303589
vt 0.955232501 0.432937056
vt 0.965752542 0.439966887
vt 0.958900928 0.436453998
vt 0.971783638 0.424762398
vt 0.980785072 0.421900511
vt 0.957651854 0.423418581
vt 0.950012922 0.42056796
vt 0.964117885 0.422888011
vt 0.975134671 0.409711272
vt 0.984095573 0.407970428
vt 0.98591435 0.39143163
vt 0.959470391 0.408612937
vt 0.952731967 0.402878821
vt 0.965819955 0.410162985
vt 0.974256635 0.39656499
vt 0.960555792 0.397106856
vt 0.951824963 0.391182095
vt 0.966147065 0.398563355
vt 0.970620036 0.378378123
vt 0.984341145 0.368830264
vt 0.958704352 0.381509036
vt 0.951287866 0.381995916
vt 0.948887944 0.371543974
vt 0.963671207 0.380981088
vt 0.964406669 0.353959918
vt 0.974629819 0.342566222
vt 0.959409952 0.358945578
vt 0.95476836 0.364928961
vt 0.959017158 0.335375726
vt 0.943639696 0.333784282
vt 0.938554764 0.345200688
vt 0.948601723 0.330312282
vt 0.954183042 0.321171343
vt 0.950990617 0.293871254
vt 0.937297702 0.323459327
vt 0.930543065 0.334664643
vt 0.945636272 0.32041353
vt 0.941142082 0.310566694
vt 0.925634146 0.303710401
vt 0.928951621 0.317880422
vt 0.919153094 0.286573499
vt 0.901560843 0.293938011
vt 0.910279274 0.265172839
vt 0.867144227 0.274775535
vt 0.889594913 0.267558903
vt 0.896808982 0.222026005
vt 0.798539698 0.272733599
vt 0.853289783 0.245328635
vt 0.734475136 0.275384903
vt 0.840078473 0.221206993
vt 0.886301398 0.200045496
vt 0.786286771 0.243734047
vt 0.819408059 0.188001201
vt 0.865309477 0.166190654
vt 0.724061191 0.261184573
vt 0.773445964 0.222729459
vt 0.801549196 0.159262508
vt 0.831770062 0.13268663
vt 0.752283573 0.201978952
vt 0.710056424 0.246080458
vt 0.692202091 0.277977169
vt 0.76691401 0.132023215
vt 0.790678501 0.101948597
vt 0.728308558 0.189406767
vt 0.68786025 0.227540776
vt 0.720469594 0.113915317
vt 0.726027489 0.0922430307
vt 0.690968633 0.171172202
vt 0.656626701 0.110939421
vt 0.66422236 0.088994801
vt 0.676215529 0.30197674
vt 0.681931496 0.262232006
vt 0.659225464 0.206681326
vt 0.640173614 0.158473879
vt 0.60580039 0.116219707
vt 0.610714078 0.0943364874
vt 0.653831601 0.324950516
vt 0.665446877 0.243822202
vt 0.621951342 0.188157395
vt 0.598827362 0.147274435
vt 0.557058811 0.123694897
vt 0.561437368 0.106578268
vt 0.527567029 0.116367318
vt 0.625546455 0.332486719
vt 0.641546488 0.22342366
vt 0.587417483 0.175616696
vt 0.550236225 0.150365904
vt 0.524165213 0.131442845
vt 0.499940515 0.124639302
vt 0.518618941 0.156021789
vt 0.499940515 0.139694124
vt 0.472432971 0.116367318
vt 0.543772101 0.167404026
vt 0.515209913 0.166350543
vt 0.499940515 0.169955626
vt 0.540435076 0.181718051
vt 0.499940515 0.161825001
vt 0.475834787 0.131442845
vt 0.438562632 0.106578268
vt 0.481381059 0.156021789
vt 0.442941189 0.123694897
vt 0.389285922 0.0943364874
vt 0.39419961 0.116219707
vt 0.33577764 0.088994801
vt 0.449763775 0.150365904
vt 0.343373299 0.110939421
vt 0.273972511 0.0922430307
vt 0.484790087 0.166350543
vt 0.401172638 0.147274435
vt 0.279530406 0.113915317
vt 0.209321499 0.101948597
vt 0.456227899 0.167404026
vt 0.359826386 0.158473879
vt 0.23308599 0.132023215
vt 0.168229938 0.13268663
vt 0.412582517 0.175616696
vt 0.459564924 0.181718051
vt 0.309031367 0.171172202
vt 0.198450804 0.159262508
vt 0.134690523 0.166190654
vt 0.378048658 0.188157395
vt 0.271691442 0.189406767
vt 0.180591941 0.188001201
vt 0.113698602 0.200045496
vt 0.486953139 0.183136702
vt 0.419139147 0.192729101
vt 0.340774536 0.206681326
vt 0.247716427 0.201978952
vt 0.159921527 0.221206993
vt 0.103191018 0.222026005
vt 0.31213975 0.227540776
vt 0.226554036 0.222729459
vt 0.289943576 0.246080458
vt 0.358453512 0.22342366
vt 0.334553123 0.243822202
vt 0.318068504 0.262232006
vt 0.387318015 0.206161916
vt 0.146710217 0.245328635
vt 0.213713229 0.243734047
vt 0.275938809 0.261184573
vt 0.307797909 0.277977169
vt 0.110405087 0.267558903
vt 0.089720726 0.265172839
vt 0.0808469057 0.286573499
vt 0.098439157 0.293938011
vt 0.0743658543 0.303710401
vt 0.132855773 0.274775535
vt 0.201460302 0.272733599
vt 0.265524864 0.275384903
vt 0.298408985 0.294656932
vt 0.253194213 0.296274334
vt 0.192127466 0.297221422
vt 0.122352064 0.299671352
vt 0.091645807 0.311749041
vt 0.243335605 0.321262658
vt 0.183548748 0.32085979
vt 0.289113522 0.311036527
vt 0.114736557 0.325714231
vt 0.323784471 0.30197674
vt 0.315873981 0.316467732
vt 0.331660032 0.288169682
vt 0.342997432 0.271548629
vt 0.356314301 0.252722502
vt 0.372130036 0.236751094
vt 0.394741178 0.220819056
vt 0.387207627 0.246585146
vt 0.426808834 0.208564326
vt 0.404316545 0.234692007
vt 0.459704876 0.198474377
vt 0.432113767 0.219720691
vt 0.362595797 0.280474454
vt 0.375616848 0.262587428
vt 0.38920784 0.292183638
vt 0.384111285 0.305570006
vt 0.35542649 0.297139972
vt 0.390714407 0.269212455
vt 0.35093677 0.309941769
vt 0.346168399 0.324950516
vt 0.378278732 0.319629043
vt 0.414600015 0.247110009
vt 0.402899384 0.270158798
vt 0.440109968 0.235615999
vt 0.339185953 0.342345536
vt 0.374453545 0.332486719
vt 0.409670591 0.330544919
vt 0.306919336 0.336188555
vt 0.277237058 0.331820905
vt 0.236425281 0.343850255
vt 0.176397383 0.348677516
vt 0.298068523 0.359548807
vt 0.27002871 0.357384026
vt 0.330401897 0.366098166
vt 0.231063128 0.366621763
vt 0.29104048 0.382701725
vt 0.263270915 0.379193127
vt 0.173690498 0.374172717
vt 0.224571466 0.390315443
vt 0.116445988 0.353255302
vt 0.25523293 0.404554337
vt 0.359735012 0.372447044
vt 0.36746335 0.350291967
vt 0.402765334 0.343741
vt 0.394398153 0.36089021
vt 0.431897223 0.357524991
vt 0.323804379 0.387520224
vt 0.354488015 0.391187072
vt 0.281090677 0.407758474
vt 0.386936188 0.378766119
vt 0.319243014 0.406314135
vt 0.437661052 0.34479031
vt 0.456825912 0.367156595
vt 0.423854828 0.372865438
vt 0.414712191 0.389534771
vt 0.414391577 0.322139889
vt 0.420530379 0.306657076
vt 0.426252007 0.300000995
vt 0.446935058 0.322488993
vt 0.44195497 0.335317254
vt 0.407226443 0.286195636
vt 0.467060685 0.342280358
vt 0.469511986 0.328830004
vt 0.463642478 0.352469712
vt 0.489036858 0.355974406
vt 0.416398883 0.272420704
vt 0.418854952 0.281722009
vt 0.425465703 0.257630557
vt 0.447161615 0.247974455
vt 0.487964988 0.333507001
vt 0.488757372 0.344167918
vt 0.437365353 0.26610899
vt 0.451897383 0.258370996
vt 0.463998199 0.243892774
vt 0.468535602 0.253268063
vt 0.461743474 0.231941491
vt 0.483060479 0.242078453
vt 0.460143685 0.213249221
vt 0.483428478 0.230365008
vt 0.499940515 0.241502941
vt 0.485209525 0.249901444
vt 0.472331464 0.259832859
vt 0.485430717 0.197046205
vt 0.499940515 0.197039813
vt 0.483630478 0.211497501
vt 0.499940515 0.21132414
vt 0.499940515 0.228679001
vt 0.516571522 0.230365008
vt 0.457674563 0.265591323
vt 0.475284934 0.265714109
vt 0.499940515 0.184080079
vt 0.513046861 0.183136702
vt 0.516369522 0.211497501
vt 0.514569283 0.197046205
vt 0.540295124 0.198474377
vt 0.539856315 0.213249221
vt 0.573191166 0.208564326
vt 0.567886233 0.219720691
vt 0.538256526 0.231941491
vt 0.580860853 0.192729101
vt 0.612681985 0.206161916
vt 0.605258822 0.220819056
vt 0.595683455 0.234692007
vt 0.627869964 0.236751094
vt 0.643685699 0.252722502
vt 0.612792373 0.246585146
vt 0.559890032 0.235615999
vt 0.657002568 0.271548629
vt 0.668339968 0.288169682
vt 0.64906323 0.309941769
vt 0.64457351 0.297139972
vt 0.615888715 0.305570006
vt 0.621721268 0.319629043
vt 0.637404203 0.280474454
vt 0.61079216 0.292183638
vt 0.624383152 0.262587428
vt 0.609285593 0.269212455
vt 0.590329409 0.330544919
vt 0.585399985 0.247110009
vt 0.597100616 0.270158798
vt 0.597234666 0.343741
vt 0.568102777 0.357524991
vt 0.576145172 0.372865438
vt 0.543174088 0.367156595
vt 0.562338948 0.34479031
vt 0.555477142 0.398746252
vt 0.550133169 0.385065287
vt 0.526663423 0.372667164
vt 0.531136036 0.387328923
vt 0.533810616 0.398830742
vt 0.585608423 0.322139889
vt 0.535509646 0.413783908
vt 0.512413025 0.415071517
vt 0.513423264 0.400702119
vt 0.511985719 0.391332686
vt 0.579469621 0.306657076
vt 0.573747993 0.300000995
vt 0.553064942 0.322488993
vt 0.513169885 0.429448575
vt 0.499949723 0.430605501
vt 0.49995932 0.416003883
vt 0.499955088 0.401324958
vt 0.592773557 0.286195636
vt 0.55804503 0.335317254
vt 0.499947459 0.443832725
vt 0.486240983 0.443009913
vt 0.486830115 0.429448575
vt 0.487586975 0.415071517
vt 0.462975681 0.431287795
vt 0.464746743 0.445128888
vt 0.486576825 0.400702119
vt 0.466517806 0.455536783
vt 0.464490354 0.413783908
vt 0.446097255 0.434408963
vt 0.443037748 0.413024008
vt 0.466189414 0.398830742
vt 0.448047698 0.44695127
vt 0.44999814 0.45606035
vt 0.4880144 0.391332686
vt 0.468863964 0.387328923
vt 0.473336577 0.372667164
vt 0.449866831 0.385065287
vt 0.444522858 0.398746252
vt 0.499955088 0.392625034
vt 0.499961317 0.383637875
vt 0.490574032 0.382963955
vt 0.509425938 0.382963955
vt 0.490997374 0.37729162
vt 0.509002626 0.37729162
vt 0.49996382 0.37967658
vt 0.49996382 0.375959516
vt 0.493546844 0.369983613
vt 0.506453156 0.369983613
vt 0.49996382 0.364879072
vt 0.508577228 0.363385737
vt 0.491422772 0.363385707
vt 0.518356323 0.363661617
vt 0.510963142 0.355974406
vt 0.50000006 0.357511103
vt 0.536357522 0.352469712
vt 0.532939315 0.342280358
vt 0.530488014 0.328830004
vt 0.481643677 0.363661617
vt 0.499960393 0.343401998
vt 0.511242628 0.344167918
vt 0.499940515 0.333635002
vt 0.499940515 0.326671004
vt 0.512035012 0.333507001
vt 0.512874961 0.326460004
vt 0.408603787 0.405330092
vt 0.487125039 0.326460004
vt 0.530037045 0.32091701
vt 0.378584266 0.397362143
vt 0.347674131 0.409212589
vt 0.372114658 0.410350323
vt 0.469962955 0.32091701
vt 0.550217032 0.312700003
vt 0.547508001 0.302399993
vt 0.403084219 0.416614354
vt 0.449782968 0.312700003
vt 0.452491999 0.302399993
vt 0.471861959 0.310083985
vt 0.528138041 0.310083985
vt 0.427984953 0.427529365
vt 0.431787014 0.292991996
vt 0.488247991 0.316947997
vt 0.511752009 0.316947997
vt 0.433067083 0.439211875
vt 0.499940515 0.318358004
vt 0.499940515 0.308703005
vt 0.490097046 0.307372987
vt 0.509902954 0.307372987
vt 0.434811771 0.447476238
vt 0.474256039 0.302080989
vt 0.499940515 0.299625009
vt 0.525743961 0.302080989
vt 0.458442688 0.295166999
vt 0.489122987 0.297744989
vt 0.510877013 0.297744989
vt 0.446171641 0.288471013
vt 0.476106048 0.293307006
vt 0.499940515 0.285614997
vt 0.428953052 0.282072484
vt 0.427418947 0.274176002
vt 0.439353347 0.276297778
vt 0.440235496 0.281467676
vt 0.453247011 0.284877002
vt 0.46370554 0.288926989
vt 0.464797258 0.282941014
vt 0.47637856 0.284839988
vt 0.454657018 0.281293988
vt 0.447216988 0.272643
vt 0.4608953 0.270309895
vt 0.452963114 0.275336146
vt 0.442930579 0.280340523
vt 0.443497837 0.277636558
vt 0.465547919 0.278040618
vt 0.455122352 0.278933913
vt 0.444297135 0.278822005
vt 0.477378905 0.278040618
vt 0.444033802 0.279032618
vt 0.455193222 0.280229002
vt 0.465299904 0.2792117
vt 0.477035403 0.279782385
vt 0.488374889 0.279298514
vt 0.487765014 0.278040618
vt 0.488933206 0.284750015
vt 0.499940515 0.279788911
vt 0.511066794 0.284750015
vt 0.511625111 0.279298514
vt 0.52362144 0.284839988
vt 0.522964597 0.279782385
vt 0.534700096 0.2792117
vt 0.487201691 0.263086587
vt 0.499940515 0.278040618
vt 0.523893952 0.293307006
vt 0.535202742 0.282941014
vt 0.48714906 0.257551223
vt 0.499940515 0.262658566
vt 0.541557312 0.295166999
vt 0.499940515 0.256682217
vt 0.512798309 0.263086587
vt 0.512234986 0.278040618
vt 0.524715066 0.265714109
vt 0.522621095 0.278040618
vt 0.534452081 0.278040618
vt 0.51285094 0.257551223
vt 0.499940515 0.249167442
vt 0.514790475 0.249901444
vt 0.527668536 0.259832859
vt 0.516939521 0.242078453
vt 0.531464398 0.253268063
vt 0.536001801 0.243892774
vt 0.552838385 0.247974455
vt 0.548102617 0.258370996
vt 0.574534297 0.257630557
vt 0.542325437 0.265591323
vt 0.583601117 0.272420704
vt 0.562634647 0.26610899
vt 0.5391047 0.270309895
vt 0.552783012 0.272643
vt 0.560646653 0.276297778
vt 0.547036886 0.275336146
vt 0.544877648 0.278933913
vt 0.556502163 0.277636558
vt 0.555702865 0.278822005
vt 0.555966198 0.279032618
vt 0.557069421 0.280340523
vt 0.545342982 0.281293988
vt 0.544806778 0.280229002
vt 0.559764504 0.281467676
vt 0.572581053 0.274176002
vt 0.571046948 0.282072484
vt 0.546752989 0.284877002
vt 0.581145048 0.281722009
vt 0.553828359 0.288471013
vt 0.568212986 0.292991996
vt 0.53629446 0.288926989
vt 0.499931186 0.698449552
vt 0.459935337 0.698589504
vt 0.454405904 0.629265964
vt 0.464560211 0.756535053
vt 0.437190175 0.811275661
vt 0.416343957 0.755180836
vt 0.470168352 0.575875401
vt 0.445614398 0.574394524
vt 0.368542731 0.750492513
vt 0.365990937 0.80475527
vt 0.479933977 0.535684645
vt 0.31173113 0.736071169
vt 0.299983084 0.783781111
vt 0.259192407 0.700873077
vt 0.248305023 0.754769206
vt 0.18403846 0.687167764
vt 0.313167334 0.688421249
vt 0.358757555 0.696592569
vt 0.216456652 0.641124725
vt 0.154735804 0.614077806
vt 0.180612206 0.58121556
vt 0.125523388 0.557188213
vt 0.232824028 0.613891482
vt 0.205511928 0.555727243
vt 0.152612805 0.533113599
vt 0.0972232819 0.512292027
vt 0.276589036 0.658379614
vt 0.243713558 0.596183479
vt 0.281875134 0.628791451
vt 0.313855529 0.64526403
vt 0.252187908 0.58391124
vt 0.351388425 0.645811081
vt 0.314378947 0.616001964
vt 0.284929931 0.605278492
vt 0.405697703 0.699969113
vt 0.401648164 0.636291623
vt 0.349455535 0.615678787
vt 0.396586537 0.597015202
vt 0.38808012 0.579004169
vt 0.425420016 0.560933232
vt 0.464902759 0.530056953
vt 0.415504396 0.548770249
vt 0.469216585 0.503157139
vt 0.452605963 0.519929528
vt 0.461915016 0.502540529
vt 0.450162411 0.474207014
vt 0.44871068 0.49586454
vt 0.436556458 0.455740601
vt 0.442729533 0.513143957
vt 0.436496317 0.472680181
vt 0.435363472 0.490213782
vt 0.422963977 0.448172092
vt 0.424246669 0.454297006
vt 0.42064476 0.469112188
vt 0.421681285 0.442047179
vt 0.418689668 0.434268773
vt 0.39840883 0.425170511
vt 0.364801645 0.42222631
vt 0.344316363 0.420228302
vt 0.320297658 0.418230265
vt 0.290454149 0.421845973
vt 0.410282135 0.444204271
vt 0.410847068 0.44866389
vt 0.409152269 0.438374251
vt 0.411412001 0.45312348
vt 0.395374894 0.431975245
vt 0.363623619 0.425284684
vt 0.342772126 0.423987716
vt 0.321920633 0.422690749
vt 0.292595983 0.42961365
vt 0.407046199 0.468224347
vt 0.284347177 0.435925663
vt 0.416451812 0.483514428
vt 0.399917126 0.480696559
vt 0.280271351 0.427010655
vt 0.278031468 0.440758467
vt 0.409508824 0.493280143
vt 0.392869353 0.486611485
vt 0.430542409 0.504883289
vt 0.389988542 0.507534504
vt 0.382405043 0.493192315
vt 0.267772317 0.425438195
vt 0.269050181 0.437629461
vt 0.274968266 0.45156005
vt 0.264497727 0.437659293
vt 0.248690605 0.42089808
vt 0.265562803 0.448560059
vt 0.396794647 0.520252168
vt 0.259569228 0.437691599
vt 0.219988465 0.408650607
vt 0.242661953 0.435958713
vt 0.255914032 0.447235674
vt 0.26221627 0.459049225
vt 0.272217512 0.46126008
vt 0.259848058 0.447775662
vt 0.260755599 0.463913351
vt 0.271194875 0.465498388
vt 0.270061731 0.470194519
vt 0.256908089 0.458434343
vt 0.259058267 0.46956557
vt 0.268381715 0.477157205
vt 0.251849592 0.4578484
vt 0.254628032 0.462819159
vt 0.250500441 0.462082088
vt 0.236114264 0.459182262
vt 0.240224123 0.444605291
vt 0.248138726 0.469493389
vt 0.252958775 0.469525218
vt 0.233140945 0.471886784
vt 0.256884813 0.476803303
vt 0.255080462 0.487609148
vt 0.26820755 0.484734863
vt 0.270152926 0.488597721
vt 0.250240862 0.476507545
vt 0.245964229 0.476317167
vt 0.231991589 0.476797789
vt 0.211689174 0.474840403
vt 0.244038701 0.49197197
vt 0.230057955 0.498150438
vt 0.215127885 0.504565418
vt 0.248534679 0.523531437
vt 0.25786221 0.508348644
vt 0.209642351 0.455839574
vt 0.263327599 0.49770245
vt 0.270358801 0.508047879
vt 0.272018909 0.492303163
vt 0.270801544 0.52264452
vt 0.297071576 0.519534409
vt 0.303683519 0.510079086
vt 0.268553793 0.539033592
vt 0.291680217 0.531842947
vt 0.317431808 0.523923934
vt 0.325894952 0.512118518
vt 0.289572477 0.552802563
vt 0.313809097 0.536615968
vt 0.341385961 0.523785591
vt 0.339023948 0.510179937
vt 0.314585924 0.56122148
vt 0.346026003 0.561742306
vt 0.342450321 0.533670068
vt 0.364386797 0.517023742
vt 0.359309673 0.505711794
vt 0.367253959 0.526853144
vt 0.317392886 0.592682421
vt 0.34320122 0.539183557
vt 0.369273365 0.533616483
vt 0.401434422 0.524384797
vt 0.372180462 0.55287528
vt 0.409111023 0.532460332
vt 0.348235309 0.589720011
vt 0.289074421 0.58346504
vt 0.260290086 0.565168679
vt 0.235689461 0.541451752
vt 0.184673429 0.513373137
vt 0.175676346 0.472602189
vt 0.129426986 0.484240025
vt 0.0885908604 0.447423637
vt 0.0697108507 0.461715996
vt 0.122606456 0.43721354
vt 0.172246128 0.445642143
vt 0.171155572 0.419126987
vt 0.118307203 0.400030047
vt 0.214110553 0.438486218
vt 0.215682745 0.432380289
vt 0.17161572 0.395034045
vt 0.117356569 0.378782988
vt 0.100104272 0.381192446
vt 0.0993019342 0.401116043
vt 0.0951019824 0.352280468
vt 0.0905116498 0.323774099
vt 0.0774630606 0.330895245
vt 0.0840710402 0.35635826
vt 0.0900550485 0.379966319
vt 0.0878365636 0.403932422
vt 0.0710484087 0.317880422
vt 0.0694569349 0.334664643
vt 0.0852987766 0.436548501
vt 0.081631422 0.423730761
vt 0.0615068674 0.447076291
vt 0.0614268184 0.433115482
vt 0.0566345453 0.431676716
vt 0.0627022684 0.323459327
vt 0.0614452362 0.345200688
vt 0.0588579476 0.310566694
vt 0.0490093827 0.293871254
vt 0.0563603044 0.333784282
vt 0.0511120558 0.371543974
vt 0.0458169281 0.321171343
vt 0.0253701806 0.342566222
vt 0.0543637574 0.32041353
vt 0.0513982475 0.330312282
vt 0.0452316403 0.364928961
vt 0.0409828126 0.335375726
vt 0.0412956476 0.381509036
vt 0.0487121642 0.381995916
vt 0.0481750369 0.391182095
vt 0.0405900478 0.358945578
vt 0.0355933309 0.353959918
vt 0.0156588554 0.368830264
vt 0.0394442081 0.397106856
vt 0.047268033 0.402878821
vt 0.0363287926 0.380981088
vt 0.0293799639 0.378378123
vt 0.0140856504 0.39143163
vt 0.0405296087 0.408612937
vt 0.0499870777 0.42056796
vt 0.0338529348 0.398563355
vt 0.0257433653 0.39656499
vt 0.0423481464 0.423418581
vt 0.0527091622 0.427319199
vt 0.0341800451 0.410162985
vt 0.0248653293 0.409711272
vt 0.0159044266 0.407970428
vt 0.0192149282 0.421900511
vt 0.0358821154 0.422888011
vt 0.028216362 0.424762398
vt 0.0245606303 0.441603333
vt 0.044767499 0.432937056
vt 0.0410990715 0.436453998
vt 0.0485025048 0.445303589
vt 0.0503100157 0.439505517
vt 0.034247458 0.439966887
vt 0.0471675396 0.448920369
vt 0.0456435084 0.451889008
vt 0.0674512982 0.456434935
vt 0.0638298392 0.451517016
vt 0.297318935 0.900381267
vt 0.299266934 0.890987277
vt 0.311334789 0.899396181
vt 0.30054158 0.911929131
vt 0.311510772 0.891271353
vt 0.299677312 0.887539923
vt 0.311796188 0.878095448
vt 0.299954116 0.885214806
vt 0.300203919 0.883116305
vt 0.321143925 0.892531276
vt 0.310897887 0.91956526
vt 0.33047092 0.854042292
vt 0.308584571 0.86747539
vt 0.31791693 0.850058258
vt 0.316403985 0.924239993
vt 0.303632915 0.923006296
vt 0.319782913 0.913045287
vt 0.344759881 0.893215299
vt 0.327955574 0.861606836
vt 0.326722205 0.933000267
vt 0.332827806 0.944951177
vt 0.340252787 0.851563454
vt 0.323091954 0.846611738
vt 0.329850912 0.842110276
vt 0.339327991 0.863287866
vt 0.349748909 0.864828289
vt 0.346193165 0.850058079
vt 0.354960918 0.847836256
vt 0.362188935 0.838924289
vt 0.371480912 0.843100786
vt 0.332501888 0.937907279
vt 0.345375896 0.947367251
vt 0.364783883 0.946505308
vt 0.365415901 0.851519763
vt 0.375870883 0.855203271
vt 0.380772889 0.847277284
vt 0.395025909 0.858785272
vt 0.388474882 0.866870284
vt 0.40019089 0.871210277
vt 0.376355886 0.875156283
vt 0.37131089 0.897043288
vt 0.390725255 0.873507977
vt 0.392075896 0.877491772
vt 0.402494907 0.876964808
vt 0.403646916 0.879842043
vt 0.404798925 0.882719278
vt 0.395676911 0.88811326
vt 0.404014885 0.898459256
vt 0.39382261 0.898275971
vt 0.391771913 0.909515262
vt 0.401971936 0.913216293
vt 0.387679696 0.916013837
vt 0.397386611 0.919891
vt 0.390535891 0.929863274
vt 0.381501913 0.925824285
vt 0.363544881 0.921692252
vt 0.369746089 0.932180405
vt 0.374233902 0.941686273
vt 0.358713925 0.93814528
vt 0.338469923 0.920505285
vt 0.0587396622 0.629466832
vt 0.0493324399 0.687194824
vt 0.0649275184 0.67764616
vt 0.0822107196 0.651150465
vt 0.0290077329 0.682782352
vt 0.0852879882 0.626465917
vt 0.0206407905 0.676232874
vt 0.0133042932 0.650949001
vt 0.0128921866 0.63497293
vt 0.0835766196 0.600544214
vt 0.0658233762 0.583898246
vt 0.0294415355 0.60048604
vt 0.0838364959 0.58081764
vt 0.0448330045 0.577773213
vt 0.0828413367 0.562931955
vt 0.0563905835 0.567445517
vt 0.0724069476 0.561686754
vt 0.970734477 0.682782352
vt 0.941002548 0.629466832
vt 0.950409591 0.687194824
vt 0.97910136 0.676232874
vt 0.934814572 0.67764616
vt 0.986437917 0.650949001
vt 0.91753149 0.651150465
vt 0.986850023 0.63497293
vt 0.914454162 0.626465917
vt 0.970300674 0.60048604
vt 0.933918834 0.583898246
vt 0.916165531 0.600544214
vt 0.954909205 0.577773213
vt 0.915905654 0.58081764
vt 0.943351626 0.567445517
vt 0.916900694 0.562931955
vt 0.927335262 0.561686754
vt 0.931434989 0.06378299
vt 0.935720086 0.0806640089
vt 0.931434989 0.0806640089
vt 0.938731015 0.06378299
vt 0.935421824 0.0859078914
vt 0.931434989 0.0860678554
vt 0.931434989 0.0998049974
vt 0.938731015 0.0998049974
vt 0.938731015 0.0857208148
vt 0.938731015 0.0806640089
vt 0.943064928 0.0853379965
vt 0.947423995 0.0998049974
vt 0.943226337 0.0806640089
vt 0.947423995 0.06378299
vt 0.947423995 0.0853379965
vt 0.956960976 0.0998049974
vt 0.947423995 0.0806640089
vt 0.956960976 0.0853379965
vt 0.965254009 0.0998049974
vt 0.956960976 0.0806640089
vt 0.956960976 0.06378299
vt 0.965254009 0.06378299
vt 0.965254009 0.0853379965
vt 0.972642004 0.0998049974
vt 0.965254009 0.0806640089
vt 0.972642004 0.0853379965
vt 0.979627013 0.092571497
vt 0.972642004 0.0806640089
vt 0.972642004 0.06378299
vt 0.979627013 0.0722234994
vt 0.935421824 0.0859078914
vt 0.931434989 0.0998049974
vt 0.938731015 0.0998049974
vt 0.931434989 0.0860678554
vt 0.935720086 0.0806640014
vt 0.931434989 0.0806640014
vt 0.931434989 0.0637829974
vt 0.938731015 0.0637829974
vt 0.938731015 0.0857208148
vt 0.938731015 0.0806640014
vt 0.943226337 0.0806640014
vt 0.947423995 0.0637829974
vt 0.943064928 0.0853379965
vt 0.947423995 0.0998049974
vt 0.947423995 0.0853379965
vt 0.956960976 0.0998049974
vt 0.947423995 0.0806640014
vt 0.956960976 0.0853379965
vt 0.965254009 0.0998049974
vt 0.956960976 0.0806640014
vt 0.956960976 0.0637829974
vt 0.965254009 0.0637829974
vt 0.965254009 0.0853379965
vt 0.972642004 0.0998049974
vt 0.965254009 0.0806640014
vt 0.972642004 0.0853379965
vt 0.979627013 0.092571497
vt 0.972642004 0.0806640014
vt 0.972642004 0.0637829974
vt 0.979627013 0.0722234994
vt 0.831125319 0.919041038
vt 0.839290738 0.922998905
vt 0.841306031 0.925697267
vt 0.834923267 0.924522996
vt 0.853148401 0.920275688
vt 0.838493526 0.930935025
vt 0.848187745 0.924457192
vt 0.842091382 0.931340337
vt 0.84038198 0.937902927
vt 0.844998002 0.930819809
vt 0.842519045 0.937962651
vt 0.84325707 0.946107447
vt 0.843877375 0.937404096
vt 0.83114481 0.919041038
vt 0.834942758 0.924522996
vt 0.841325521 0.925697267
vt 0.839310288 0.922998905
vt 0.853167951 0.920275688
vt 0.838513076 0.930935025
vt 0.848207295 0.924457192
vt 0.842110872 0.931340337
vt 0.84040153 0.937902927
vt 0.845017552 0.930819809
vt 0.842538714 0.937962651
vt 0.843276739 0.946107447
vt 0.843896985 0.937404096
vt 0.591586828 0.921642661
vt 0.591586828 0.949185133
vt 0.61492461 0.934912562
vt 0.61492461 0.921642661
vt 0.61492461 0.949185133
vt 0.638582945 0.921642661
vt 0.638582945 0.949185133
vt 0.591586828 0.921642661
vt 0.61492461 0.934912562
vt 0.591586828 0.949185133
vt 0.61492461 0.921642661
vt 0.61492461 0.949185133
vt 0.638582945 0.921642661
vt 0.638582945 0.949185133
vn 0.6331532 0.585577667 0.506177664
vn 0.643521726 0.528034031 0.554129899
vn 0.690565526 0.643704116 -0.329794377
vn 0.724975169 0.0466109924 -0.687196016
vn 0.546891153 0.216765404 -0.808654964
vn -0.100772262 0.894089222 -0.436405063
vn -0.251155645 -0.690993905 0.677826107
vn 0.1316365 -0.461625546 0.877253532
vn -0.0912817717 -0.553715527 0.827687621
vn -0.633152783 0.585578084 0.506177723
vn -0.690565646 0.643703878 -0.329794407
vn -0.643520057 0.528032959 0.5541327
vn -0.724961042 0.0466123372 -0.687210858
vn 0.100755341 0.893958867 -0.436675847
vn -0.546889663 0.216765419 -0.808656037
vn 0.251158714 -0.691003382 0.677815378
vn 0.0912787989 -0.55368489 0.827708423
vn -0.131635532 -0.46162042 0.877256393
vn -0 1 0
vn -0 1 0
vn -0 1 0
vn -0 1 0
vn -0 1 0
vn -0 1 0
vn -0 1 0
vn -0 1 0
vn -0 1 0
vn -0.0652506426 0.00804828387 -0.997836411
vn -0.091366671 0.181042463 -0.979222
vn -0.235205576 0.208375707 -0.949345946
vn 0.416237563 -0.105544262 -0.903109431
vn 0.380758911 0.0436590798 -0.923643112
vn 0.354200453 -0.093745105 -0.930459023
vn -0.146179795 -0.745853782 -0.649871945
vn -0.158424601 -0.6184811 -0.769664168
vn -0.28022632 -0.573168695 -0.770033002
vn 0.279557735 -0.795560718 -0.537522614
vn 0.251879901 -0.7052297 -0.662727356
vn 0.220601201 -0.799485564 -0.558710814
vn 0.0652588531 0.00805345643 -0.997835934
vn 0.235226706 0.208393872 -0.949336827
vn 0.0913747922 0.181060478 -0.979217887
vn -0.416237265 -0.105544284 -0.90310967
vn -0.354222804 -0.0937515795 -0.930449784
vn -0.380779326 0.0436632894 -0.92363447
vn 0.146179214 -0.745852232 -0.649873912
vn 0.28022632 -0.573168695 -0.770033002
vn 0.158425167 -0.61848104 -0.76966399
vn -0.279557884 -0.795560122 -0.537523448
vn -0.220601261 -0.799485564 -0.558711052
vn -0.251879543 -0.705227315 -0.662729979
vn 0.248391122 -0.00635326561 -0.968639076
vn 0.452709585 0.073150456 -0.888652325
vn 0.446220726 0.162931651 -0.879966021
vn 0.271395773 0.144592434 -0.951544702
vn 0.494659543 0.213869065 -0.842360973
vn 0.323561221 0.290612131 -0.900473535
vn 0.167157441 0.141791359 -0.975681067
vn 0.121408492 -0.034096282 -0.992016912
vn 0.251529515 0.309529424 -0.917019248
vn -0.151148751 -0.0306287371 -0.988036394
vn -0.0587366708 0.198992074 -0.978239238
vn 0.0655397102 0.36090976 -0.930294931
vn -0.400917828 0.318125695 -0.859104633
vn 0.281487554 0.145247295 -0.948508263
vn 0.354023248 0.0875867829 -0.931126297
vn 0.285478741 0.142158687 -0.947783172
vn 0.208760098 0.194818467 -0.958365738
vn 0.202023804 0.198782176 -0.958995283
vn 0.152619824 0.126271203 -0.980185032
vn 0.161070645 0.144074976 -0.976370156
vn 0.0792659521 0.117045298 -0.989958227
vn 0.00673376396 0.173281699 -0.984849334
vn 0.0197467636 0.283519119 -0.958763242
vn -0.0406094268 0.20852229 -0.977174103
vn 0.227648973 0.520016909 -0.823260725
vn 0.0789283216 0.345430464 -0.935119271
vn 0.277105749 0.387099892 -0.879412353
vn 0.0697357804 0.335242778 -0.9395473
vn 0.121152058 0.134104893 -0.983533442
vn 0.102520481 0.357164145 -0.928398192
vn 0.23457329 0.204189941 -0.950411439
vn -0.124987565 -0.308947146 -0.942830682
vn 0.30259642 0.112580419 -0.946446478
vn 0.0993354917 0.358103365 -0.928382695
vn 0.114670672 0.347494334 -0.930644095
vn 0.112131581 0.350242227 -0.929923058
vn 0.119786397 0.331271201 -0.935900927
vn 0.120282285 0.327299714 -0.937233806
vn 0.163948968 0.295703262 -0.941105962
vn 0.157654822 0.298685312 -0.941239595
vn 0.257989496 0.274869293 -0.926222563
vn 0.254849732 0.275243819 -0.926980317
vn 0.348105669 0.25719136 -0.901484966
vn 0.34586677 0.258131266 -0.902077854
vn 0.391460598 0.250909477 -0.885326564
vn 0.393556714 0.251103789 -0.884341598
vn 0.477425754 0.253082097 -0.841435671
vn 0.479640722 0.252623409 -0.840313137
vn 0.530390441 0.230077296 -0.815935314
vn 0.546891153 0.216765404 -0.808654964
vn -0.100772262 0.894089222 -0.436405063
vn 0.494659543 0.213869065 -0.842360973
vn 0.534432292 0.196038127 -0.822162509
vn 0.320644408 0.389606774 -0.863361776
vn 0.446220726 0.162931651 -0.879966021
vn 0.530833483 0.160849109 -0.832071781
vn 0.413295001 0.332106382 -0.847875297
vn 0.724975169 0.0466109924 -0.687196016
vn 0.501878023 0.0919725001 -0.860034704
vn 0.452709585 0.073150456 -0.888652325
vn 0.689000666 -0.0504083037 -0.723005593
vn 0.407430738 0.288253367 -0.866550744
vn 0.459035277 0.0940924212 -0.883421302
vn 0.463192254 0.102270015 -0.880337298
vn 0.299183905 0.324446321 -0.897342503
vn 0.581203103 -0.0912496001 -0.808626354
vn 0.437166363 0.0674493313 -0.896847963
vn 0.42949301 0.0669527054 -0.900584817
vn 0.393806815 0.0235014781 -0.918892801
vn 0.396100134 0.0274667703 -0.917796433
vn 0.334636122 -0.077531822 -0.939152539
vn 0.303657502 -0.128822654 -0.944032192
vn 0.130649015 -0.36341399 -0.922421396
vn 0.15371412 -0.340764314 -0.927497566
vn 0.0324404128 -0.454104036 -0.890357852
vn 0.501626134 -0.210578382 -0.839063764
vn 0.249730796 0.340244293 -0.9065696
vn 0.280260146 0.363648891 -0.888376951
vn 0.49073559 -0.384194762 -0.782031357
vn 0.304111093 0.319507062 -0.897458494
vn 0.219847202 0.448833704 0.866149783
vn -0.109461106 0.168904677 0.979535282
vn 0.635525525 0.561870158 0.529536784
vn -0.428937376 -0.0759520009 0.900135577
vn 0.579181015 0.491487741 0.65037626
vn -0.562591255 -0.221200228 0.796593606
vn 0.275386393 0.165243462 0.947025299
vn -0.594278991 -0.217234358 0.774365306
vn 0.227535635 0.0308154412 0.973282039
vn -0.589279354 -0.257972807 0.765636802
vn 0.222076461 -0.115524054 0.968161225
vn 0.224990129 -0.244217485 0.943258822
vn -0.784217596 -0.388919055 0.483471513
vn -0.742122412 -0.405970663 0.533331215
vn 0.219847202 0.448833704 0.866149783
vn -0.806872129 -0.364254087 0.465055197
vn -0.8319484 -0.308526546 0.461165011
vn -0.845389307 -0.271591574 0.459950924
vn -0.623434901 -0.595996678 0.506079793
vn -0.285514653 -0.489155948 0.824140668
vn -0.445539594 -0.763119578 0.468127042
vn -0.0385780111 -0.487220109 0.872426629
vn -0.517450929 -0.127479434 0.846164048
vn -0.209623858 -0.423119396 0.88149178
vn -0.806944907 0.325881392 0.492586315
vn 0.291861802 -0.431704134 0.853491783
vn 0.34450826 -0.616217256 0.708230376
vn 0.331292897 -0.732607424 0.594585061
vn 0.326934725 -0.762486219 0.558326542
vn 0.319981337 -0.818125665 0.477789134
vn 0.321582884 -0.802683055 0.502279222
vn 0.288955092 -0.863447726 0.413476706
vn 0.280062169 -0.871813536 0.401878446
vn 0.215395212 -0.916260421 0.337744892
vn 0.226099595 -0.910577714 0.346016258
vn 0.170262113 -0.940118313 0.295276672
vn 0.166802198 -0.942029595 0.291130751
vn 0.0837536603 -0.993919015 0.0714868084
vn 0.0994086415 -0.974330008 0.201987565
vn 0.0196882226 -0.847424805 -0.530550361
vn -0.0108701242 -0.999458134 0.0310676508
vn 0.0893686786 -0.385133982 -0.918523312
vn -0.188902691 -0.403889537 -0.895091593
vn 0.00131785648 -0.959653854 -0.281180829
vn -0.0791712478 -0.996767998 0.0136226267
vn 0.3557221 -0.335200518 -0.872411847
vn -0.229927391 -0.968406379 0.0965536237
vn -0.216705844 -0.972022414 0.0906141028
vn -0.345261037 -0.930888951 0.119333826
vn -0.360676706 -0.924704134 0.121797532
vn -0.495392799 -0.854841888 0.154373825
vn -0.484510988 -0.861734748 0.150540054
vn -0.573754609 -0.79299134 0.204867154
vn -0.559272468 -0.807366252 0.18807961
vn -0.5977633 -0.761901736 0.249368787
vn -0.596449733 -0.765534103 0.241257474
vn -0.607039094 -0.747388065 0.27002719
vn -0.606964529 -0.747433186 0.270069569
vn -0.632195652 -0.738441408 0.234590888
vn -0.627207041 -0.73841846 0.247688413
vn -0.643674731 -0.737903535 0.202931508
vn -0.207943812 -0.440501779 0.87333703
vn -0.207039952 -0.414638013 0.886120617
vn -0.0223640352 -0.417295039 0.908495903
vn -0.228666738 -0.366477728 0.901890039
vn -0.231793061 -0.350297719 0.907504022
vn -0.118187077 -0.103478551 0.987584949
vn -0.19383499 -0.215108916 0.957160473
vn -0.173558533 -0.0439833812 0.983840883
vn -0.247660875 -0.400516838 0.882184982
vn -0.0223640352 -0.417295039 0.908495903
vn -0.207039952 -0.414638013 0.886120617
vn -0.231793061 -0.350297719 0.907504022
vn -0.250069797 -0.367519468 0.895764768
vn -0.374221414 -0.567649186 0.733302712
vn -0.19383499 -0.215108916 0.957160473
vn -0.255264491 -0.301891655 0.918532252
vn -0.173558533 -0.0439833812 0.983840883
vn 0.394884408 0.735362828 -0.550733864
vn 0.0197467636 0.283519119 -0.958763242
vn 0.227648973 0.520016909 -0.823260725
vn 0.436771899 0.659524679 -0.611765921
vn 0.277105749 0.387099892 -0.879412353
vn 0.23457329 0.204189941 -0.950411439
vn 0.416875482 0.536343217 -0.733860135
vn 0.30259642 0.112580419 -0.946446478
vn 0.304111093 0.319507062 -0.897458494
vn -0.0475068577 0.856771171 -0.513503969
vn 0.280260146 0.363648891 -0.888376951
vn 0.249730796 0.340244293 -0.9065696
vn -0.116537794 0.814253032 -0.568692327
vn -0.113869533 0.726892769 -0.677244842
vn 0.299183905 0.324446321 -0.897342503
vn -0.105982929 0.676046252 -0.729197562
vn 0.407430738 0.288253367 -0.866550744
vn 0.413295001 0.332106382 -0.847875297
vn -0.242469564 0.652005315 -0.718399286
vn 0.320644408 0.389606774 -0.863361776
vn -0.408686727 0.599030614 -0.68857646
vn 0.494659543 0.213869065 -0.842360973
vn -0.222730502 -0.284917802 0.932315946
vn -0.252033144 -0.284328192 0.92500639
vn -0.319027036 -0.1193574 0.940199733
vn -0.255226314 -0.320792794 0.912113726
vn -0.319127232 -0.198992595 0.926584959
vn -0.336595714 -0.296392739 0.893786669
vn -0.340969414 -0.276745617 0.898416162
vn -0.38605985 -0.302993059 0.871293962
vn -0.438986957 -0.262459964 0.859305143
vn -0.484159261 -0.289836973 0.825581253
vn -0.441331446 -0.302504838 0.844818056
vn -0.458335489 -0.35296157 0.815687835
vn -0.524080455 -0.29969579 0.797196448
vn -0.36547783 -0.431679934 0.824668646
vn -0.222730502 -0.284917802 0.932315946
vn -0.161347732 -0.473544538 0.865865171
vn -0.252033144 -0.284328192 0.92500639
vn -0.18613176 -0.419911295 0.888273299
vn -0.255226314 -0.320792794 0.912113726
vn -0.35493505 -0.277912676 0.892628551
vn -0.336595714 -0.296392739 0.893786669
vn -0.489831358 -0.205833912 0.847170353
vn -0.438986957 -0.262459964 0.859305143
vn -0.484159261 -0.289836973 0.825581253
vn -0.503404438 -0.270097375 0.820750475
vn -0.440884233 -0.36917904 0.818124592
vn -0.458335489 -0.35296157 0.815687835
vn -0.36547783 -0.431679934 0.824668646
vn -0.248400599 -0.00635372801 -0.968636513
vn -0.446221441 0.16293484 -0.879965127
vn -0.452719301 0.073152937 -0.888647258
vn -0.271399677 0.14459008 -0.951543987
vn -0.49465552 0.213868365 -0.842363417
vn -0.323553503 0.290598691 -0.900480688
vn -0.1671644 0.141790763 -0.975679994
vn -0.12140999 -0.0340993702 -0.992016554
vn -0.251537919 0.309510976 -0.917023182
vn 0.151139319 -0.0306248795 -0.988037944
vn 0.0587462559 0.19899562 -0.978237987
vn -0.0655494258 0.360929102 -0.930286765
vn 0.400961906 0.318091571 -0.859096825
vn -0.281488866 0.145250648 -0.948507428
vn -0.285479218 0.142161712 -0.947782516
vn -0.354012102 0.0875844657 -0.931130707
vn -0.208764762 0.194822371 -0.95836401
vn -0.202027738 0.198785737 -0.958993733
vn -0.152622059 0.126272589 -0.980184615
vn -0.161073014 0.144076735 -0.976369441
vn -0.0792676136 0.117046177 -0.989957988
vn -0.0067332359 0.173282668 -0.984849095
vn -0.0197476447 0.283520848 -0.958762705
vn 0.0406087823 0.208523169 -0.977174044
vn -0.227655783 0.520040095 -0.823244274
vn -0.0789292976 0.345433772 -0.93511802
vn -0.277114213 0.387110591 -0.879404962
vn -0.0697370395 0.335245609 -0.939546227
vn -0.121150374 0.134102285 -0.983534038
vn -0.102520972 0.357168376 -0.928396583
vn -0.23457776 0.204186663 -0.950411022
vn 0.124985963 -0.308947414 -0.94283092
vn -0.302596688 0.112552576 -0.946449697
vn -0.0993360057 0.358107448 -0.928381085
vn -0.114672042 0.347498327 -0.930642426
vn -0.112132631 0.35024634 -0.929921389
vn -0.119788446 0.331275553 -0.935899258
vn -0.120284386 0.327304244 -0.937231898
vn -0.163950384 0.295705259 -0.941105008
vn -0.157656372 0.298687786 -0.941238582
vn -0.257990032 0.274869174 -0.926222503
vn -0.254850268 0.27524367 -0.926980197
vn -0.348106354 0.25719133 -0.901484668
vn -0.345867366 0.258131206 -0.902077556
vn -0.39145869 0.250907898 -0.885327876
vn -0.393554479 0.25110206 -0.884343028
vn -0.477420956 0.253078759 -0.841439486
vn -0.479635864 0.252620101 -0.840316892
vn -0.530386209 0.230076015 -0.815938413
vn -0.546889663 0.216765419 -0.808656037
vn 0.100755341 0.893958867 -0.436675847
vn -0.49465552 0.213868365 -0.842363417
vn -0.534430683 0.196038082 -0.822163582
vn -0.320657194 0.389589161 -0.863365114
vn -0.446221441 0.16293484 -0.879965127
vn -0.53083384 0.160848871 -0.832071602
vn -0.413296074 0.332091004 -0.8478809
vn -0.724961042 0.0466123372 -0.687210858
vn -0.50188309 0.0919731185 -0.860031486
vn -0.452719301 0.073152937 -0.888647258
vn -0.688981295 -0.0504067354 -0.723024249
vn -0.40742293 0.288251638 -0.866554916
vn -0.459027588 0.0940906554 -0.883425474
vn -0.46318987 0.102268912 -0.880338669
vn -0.29917711 0.324454457 -0.897341847
vn -0.581195176 -0.0912481472 -0.808632135
vn -0.437153995 0.0674475804 -0.896854103
vn -0.429491997 0.0669529513 -0.900585294
vn -0.393812895 0.0235033277 -0.918890059
vn -0.396107018 0.0274686981 -0.917793334
vn -0.334632903 -0.0775297359 -0.93915391
vn -0.303655654 -0.128821164 -0.944033086
vn -0.130648166 -0.363418728 -0.922419548
vn -0.153713137 -0.340770215 -0.927495539
vn -0.0324404128 -0.454104036 -0.890357852
vn -0.501619816 -0.21057497 -0.839068472
vn -0.249726087 0.340264469 -0.906563282
vn -0.280256867 0.363672316 -0.888368428
vn -0.490743428 -0.384200215 -0.782023728
vn -0.304111093 0.319507062 -0.897458494
vn -0.219847202 0.448833704 0.866149783
vn -0.63559866 0.561895013 0.52942276
vn 0.109474212 0.168891713 0.979536116
vn 0.428935111 -0.0759462491 0.900137067
vn -0.579242289 0.491522193 0.650295496
vn 0.562587261 -0.221203595 0.796595693
vn -0.275381178 0.165239826 0.947027445
vn 0.594275296 -0.217233449 0.774368465
vn -0.227538019 0.0308160223 0.973281503
vn 0.589286387 -0.25797382 0.765631139
vn -0.22207652 -0.115523785 0.968161345
vn -0.224986508 -0.244214877 0.943260372
vn 0.784188747 -0.388903052 0.483531237
vn 0.742069542 -0.405908942 0.533451676
vn -0.219847202 0.448833704 0.866149783
vn 0.80686599 -0.364256054 0.465064317
vn 0.831946075 -0.308527499 0.461168587
vn 0.84538871 -0.271591097 0.459952354
vn 0.623454273 -0.595990956 0.506062627
vn 0.28552106 -0.489152253 0.824140668
vn 0.445546299 -0.763136029 0.468093842
vn 0.0385773219 -0.487216234 0.872428894
vn 0.517449558 -0.127481297 0.846164525
vn 0.209619686 -0.423118502 0.88149327
vn 0.806942999 0.325880617 0.492589921
vn -0.291857213 -0.431698442 0.853496194
vn -0.344507426 -0.616215408 0.708232343
vn -0.331292421 -0.732605875 0.594587207
vn -0.326933742 -0.762483299 0.558331013
vn -0.319980204 -0.81812191 0.477796257
vn -0.321581692 -0.802679241 0.502286136
vn -0.288954288 -0.863444328 0.413484275
vn -0.280061394 -0.871810257 0.401886046
vn -0.215395689 -0.916260839 0.337743759
vn -0.226099834 -0.910577118 0.346017659
vn -0.170262739 -0.940120816 0.295268178
vn -0.166802794 -0.942032278 0.291122168
vn -0.0837549567 -0.99391973 0.0714752376
vn -0.0994090512 -0.974333048 0.201972947
vn -0.0196886007 -0.847411036 -0.530572295
vn 0.0108701512 -0.999459565 0.0310220346
vn -0.0893704742 -0.385129809 -0.918524921
vn 0.188898131 -0.403880924 -0.895096481
vn 0.20631285 -0.511869669 -0.833921075
vn -0.00131558266 -0.959641039 -0.281224847
vn 0.0791715831 -0.996768951 0.0135534713
vn 0.229927152 -0.968406022 0.0965565145
vn 0.216705978 -0.972024024 0.0905964971
vn -0.355723113 -0.335201561 -0.872411013
vn 0.345260948 -0.930886865 0.119349703
vn 0.360676706 -0.924702227 0.121812157
vn 0.495393097 -0.854841053 0.154377624
vn 0.484511346 -0.861733794 0.150544688
vn 0.57375437 -0.7929914 0.204867139
vn 0.559272408 -0.807366312 0.188079521
vn 0.597763777 -0.761901975 0.249366641
vn 0.596449912 -0.765534401 0.241256297
vn 0.607039511 -0.747386456 0.270030856
vn 0.606965005 -0.747431517 0.270073056
vn 0.632195055 -0.738437593 0.23460485
vn 0.627205253 -0.738413274 0.247708216
vn 0.643676281 -0.737902343 0.202931181
vn -0.095076561 -0.503871918 -0.858529866
vn -0.090592511 -0.710415423 -0.697927594
vn -0.392507523 -0.458684683 -0.797211528
vn 0.207940578 -0.440503657 0.873336792
vn 0.022360703 -0.417302102 0.908492684
vn 0.207035065 -0.414634705 0.886123359
vn 0.228663072 -0.366470605 0.901893914
vn 0.231791124 -0.350293726 0.907505989
vn 0.118180268 -0.103463687 0.987587273
vn 0.193844602 -0.21511443 0.957157314
vn 0.173585072 -0.0440073498 0.983835101
vn 0.247656316 -0.400510371 0.882189274
vn 0.207035065 -0.414634705 0.886123359
vn 0.022360703 -0.417302102 0.908492684
vn 0.231791124 -0.350293726 0.907505989
vn 0.250069678 -0.367519826 0.895764709
vn 0.374244601 -0.567689002 0.733259976
vn 0.193844602 -0.21511443 0.957157314
vn 0.255287498 -0.301915944 0.918517888
vn 0.173585072 -0.0440073498 0.983835101
vn -0.394902647 0.735404491 -0.5506652
vn -0.227655783 0.520040095 -0.823244274
vn -0.0197476447 0.283520848 -0.958762705
vn -0.436787874 0.659545541 -0.611732006
vn -0.277114213 0.387110591 -0.879404962
vn -0.23457776 0.204186663 -0.950411022
vn -0.416884035 0.536353469 -0.733847916
vn -0.302596688 0.112552576 -0.946449697
vn -0.304111093 0.319507062 -0.897458494
vn -0.280256867 0.363672316 -0.888368428
vn 0.0475081243 0.856774032 -0.513498902
vn -0.249726087 0.340264469 -0.906563282
vn 0.116539665 0.81426537 -0.568674266
vn 0.113871336 0.726906896 -0.677229404
vn -0.29917711 0.324454457 -0.897341847
vn 0.10598205 0.676052928 -0.729191422
vn -0.40742293 0.288251638 -0.866554916
vn -0.413296074 0.332091004 -0.8478809
vn 0.24247025 0.652007937 -0.718396783
vn -0.320657194 0.389589161 -0.863365114
vn 0.408672482 0.598997474 -0.688613653
vn -0.49465552 0.213868365 -0.842363417
vn 0.222730502 -0.284917802 0.932315946
vn 0.319030255 -0.119359247 0.940198481
vn 0.252033174 -0.284329116 0.925006032
vn 0.255225092 -0.320791274 0.91211462
vn 0.319131136 -0.198994458 0.92658323
vn 0.336595058 -0.296390951 0.893787503
vn 0.340970635 -0.276744306 0.898416162
vn 0.386058778 -0.302990973 0.871295035
vn 0.438990802 -0.262461305 0.859302759
vn 0.484157532 -0.289836735 0.825582325
vn 0.441327095 -0.302503079 0.844820857
vn 0.458327442 -0.352958858 0.815693557
vn 0.524068415 -0.29968968 0.797206581
vn 0.365474164 -0.431682348 0.824669003
vn 0.222730502 -0.284917802 0.932315946
vn 0.252033174 -0.284329116 0.925006032
vn 0.161346495 -0.47353822 0.865868807
vn 0.186124012 -0.419901371 0.888279617
vn 0.255225092 -0.320791274 0.91211462
vn 0.354936987 -0.277913839 0.892627418
vn 0.336595058 -0.296390951 0.893787503
vn 0.489842236 -0.205838501 0.847162902
vn 0.438990802 -0.262461305 0.859302759
vn 0.484157532 -0.289836735 0.825582325
vn 0.503409147 -0.270100802 0.820746422
vn 0.440881491 -0.369178534 0.81812638
vn 0.458327442 -0.352958858 0.815693557
vn 0.365474164 -0.431682348 0.824669003
vn -0.130261108 0.955295146 0.265411347
vn -0.169385061 0.892176449 0.418724179
vn -0.196186289 0.874203622 0.444160849
vn -0.117463708 0.948906839 0.292878926
vn -0.159437656 0.834609628 0.527263165
vn -0.0669073239 0.790930092 0.608237565
vn -0.0717535764 0.947611988 0.311260223
vn -0.0377587825 0.944963694 0.324988991
vn -0.0452636927 0.765238881 0.642153203
vn -0.0615863949 0.927619636 0.368413955
vn -0.0981954932 0.757196605 0.645763874
vn -0.0444281176 0.836915076 0.545526743
vn -0.242780015 0.626574457 0.740582407
vn -0.180938184 0.576348126 0.79692167
vn -0.162225962 0.562836409 0.810492337
vn -0.0538718849 0.517595053 0.853928089
vn 0.00426176284 0.413641751 0.910429776
vn -0.13952364 0.259906173 0.955500901
vn -0.111338861 0.428013057 0.896888196
vn -0.158573598 0.735818923 0.65835011
vn -0.23108831 0.750905752 0.618658841
vn -0.229580611 0.820488155 0.523537874
vn -0.196186289 0.874203622 0.444160849
vn -0.0932032764 0.716550469 0.691280484
vn -0.0221464448 0.816113532 0.577467024
vn -0.0241536479 0.641978562 0.766342103
vn -0.0444281176 0.836915076 0.545526743
vn -0.0327321775 0.519500017 0.853843272
vn 0.135118693 -0.275281787 0.95182091
vn -0.509625316 0.135857344 0.849602759
vn -0.705568075 -0.0865962356 0.703331232
vn 0.504385531 -0.315251321 -0.803873122
vn 0.504385412 -0.315251321 -0.803873122
vn 0.48002699 -0.312763542 -0.81960541
vn 0.485472709 -0.313339055 -0.816170931
vn 0.458972543 -0.310437143 -0.832449913
vn -0.0327321775 0.519500017 0.853843272
vn -0.509625316 0.135857344 0.849602759
vn -0.396167934 0.796568274 0.456650794
vn -0.799672425 0.558835328 0.219606414
vn -0.705568075 -0.0865962356 0.703331232
vn 0.315788686 -0.216670692 -0.923759282
vn 0.322624981 -0.161427841 -0.932659686
vn 0.335300654 -0.0197937842 -0.941903234
vn 0.289546371 -0.376636147 -0.879947782
vn 0.289546371 -0.376636147 -0.879947782
vn -0.682263494 0.411800593 0.604099929
vn -0.292429 0.00659011258 0.956264555
vn -0.47863096 -0.194333658 0.856239974
vn -0.313212782 0.733054221 0.603762507
vn -0.0437650792 0.571878374 0.819170058
vn -0.292429 0.00659011258 0.956264555
vn 0.22472468 -0.324957788 0.918641031
vn -0.47863096 -0.194333658 0.856239974
vn -0.0437650792 0.571878374 0.819170058
vn 0.130258799 0.955285907 0.265445709
vn 0.196173087 0.874153554 0.444265455
vn 0.169383243 0.89216876 0.418741077
vn 0.117461935 0.948898137 0.292908013
vn 0.159437433 0.834603667 0.527272701
vn 0.0669068843 0.7909199 0.608250856
vn 0.0717528313 0.947601378 0.311292857
vn 0.0377593227 0.944960058 0.324999481
vn 0.0452646799 0.765249968 0.642139912
vn 0.0615882277 0.927645862 0.368347675
vn 0.0981969982 0.757216871 0.645739973
vn 0.0444271602 0.836874306 0.545589209
vn 0.242777735 0.626567364 0.740589142
vn 0.180922002 0.57629621 0.796963036
vn 0.162232161 0.562854826 0.81047833
vn 0.0538715683 0.517599165 0.853925586
vn -0.00426212512 0.41364336 0.910429001
vn 0.139523745 0.259906322 0.955500782
vn 0.11133901 0.428013206 0.896888137
vn 0.15857631 0.735859036 0.658304632
vn 0.231124043 0.751018345 0.618508816
vn 0.229564279 0.820426047 0.523642182
vn 0.196173087 0.874153554 0.444265455
vn 0.0932032317 0.716550767 0.691280127
vn 0.0221475493 0.816113889 0.577466488
vn 0.0241479632 0.641828477 0.76646781
vn 0.0444271602 0.836874306 0.545589209
vn 0.0327099413 0.519502819 0.853842378
vn 0.509646893 0.135869727 0.849587798
vn -0.135136262 -0.275281847 0.951818287
vn 0.705582559 -0.0865964144 0.703316689
vn -0.504416525 -0.31527102 -0.803845823
vn -0.480042815 -0.312774122 -0.819591999
vn -0.504416466 -0.31527102 -0.803845942
vn -0.485492289 -0.31335175 -0.81615442
vn -0.458972067 -0.310439467 -0.832449377
vn 0.0327099413 0.519502819 0.853842378
vn 0.396180332 0.796593606 0.456595898
vn 0.509646893 0.135869727 0.849587798
vn 0.799685717 0.558848381 0.21952489
vn 0.705582559 -0.0865964144 0.703316689
vn -0.315787017 -0.216670111 -0.923760056
vn -0.335300654 -0.0197937842 -0.941903234
vn -0.322623819 -0.161427453 -0.932660222
vn -0.289543331 -0.376635075 -0.879949212
vn -0.289543331 -0.376634985 -0.879949212
vn 0.682239473 0.411760241 0.604154527
vn 0.478629231 -0.19433631 0.856240273
vn 0.292408109 0.00656947168 0.956271112
vn 0.313191563 0.733011961 0.603824854
vn 0.0437650792 0.571878374 0.819170058
vn 0.292408109 0.00656947168 0.956271112
vn 0.478629231 -0.19433631 0.856240273
vn -0.224730104 -0.324959308 0.918639064
vn 0.0437650792 0.571878374 0.819170058
vn -0.337931037 -0.360686243 0.869314611
vn -0.352955163 -0.366927445 0.860689759
vn -0.339923024 -0.351621628 0.872246861
vn -0.339493006 -0.348223418 0.873776197
vn -0.340860575 -0.344513297 0.874714017
vn -0.335790813 -0.359652758 0.870571256
vn -0.335449398 -0.35950774 0.870762765
vn -0.337035805 -0.355939209 0.871615887
vn -0.338020116 -0.35425809 0.871919513
vn -0.0847693756 -0.51054275 0.855663538
vn -0.352955163 -0.366927445 0.860689759
vn -0.337931037 -0.360686243 0.869314611
vn -0.338250458 -0.360819668 0.869135141
vn -0.339493006 -0.348223418 0.873776197
vn -0.336896807 -0.360173762 0.86992836
vn -0.335790813 -0.359652758 0.870571256
vn -0.336655825 -0.360016793 0.87008667
vn -0.338533431 -0.35389331 0.871868432
vn -0.338020116 -0.35425809 0.871919513
vn -0.0847693756 -0.51054275 0.855663538
vn 0.337931037 -0.360686243 0.869314611
vn 0.339923024 -0.351621628 0.872246861
vn 0.353218287 -0.366173595 0.860902846
vn 0.339493006 -0.348223418 0.873776197
vn 0.340860575 -0.344513297 0.874714017
vn 0.335790813 -0.359652758 0.870571256
vn 0.335449398 -0.35950774 0.870762765
vn 0.337035805 -0.355939209 0.871615887
vn 0.338020116 -0.35425809 0.871919513
vn 0.0847685412 -0.510526836 0.855673254
vn 0.353218287 -0.366173595 0.860902846
vn 0.338250458 -0.360819668 0.869135141
vn 0.337931037 -0.360686243 0.869314611
vn 0.339493006 -0.348223418 0.873776197
vn 0.336896807 -0.360173762 0.86992836
vn 0.335790813 -0.359652758 0.870571256
vn 0.336655825 -0.360016793 0.87008667
vn 0.338533431 -0.35389331 0.871868432
vn 0.338020116 -0.35425809 0.871919513
vn 0.0847685412 -0.510526836 0.855673254
vn -0.240380704 -0.252305418 0.937314868
vn -0.167468876 -0.241829798 0.955757618
vn -0.165855765 -0.386072218 0.907436013
vn -0.235366985 -0.261012316 0.936202347
vn -0.275153011 -0.173671082 0.945584059
vn -0.298132986 -0.0632241219 0.952428162
vn -0.30627346 -0.05204539 0.9505198
vn -0.0892679542 -0.350508243 0.93229568
vn -0.165855765 -0.386072218 0.907436013
vn -0.167468876 -0.241829798 0.955757618
vn -0.0795971602 -0.419908077 0.904069424
vn -0.136434853 -0.463059872 0.875763178
vn -0.0947676003 -0.41546458 0.904659212
vn -0.145991549 -0.404931724 0.90261656
vn -0.203473642 -0.506310463 0.838002503
vn -0.262613118 -0.546790123 0.795018852
vn -0.179812744 -0.434306443 0.882635355
vn -0.306381524 -0.586337149 0.749892771
vn -0.30627346 -0.05204539 0.9505198
vn -0.259214133 -0.280951411 0.924053252
vn -0.275153011 -0.173671082 0.945584059
vn -0.232744128 -0.177674621 0.95617038
vn -0.235366985 -0.261012316 0.936202347
vn -0.167468876 -0.241829798 0.955757618
vn -0.167082563 -0.0705226287 0.983417451
vn -0.0892679542 -0.350508243 0.93229568
vn -0.0917204395 -0.338087797 0.936634362
vn -0.136434853 -0.463059872 0.875763178
vn -0.15313217 -0.481258929 0.863099277
vn -0.219559506 -0.532129228 0.817699313
vn -0.203473642 -0.506310463 0.838002503
vn -0.275175601 -0.56846565 0.775322616
vn -0.262613118 -0.546790123 0.795018852
vn -0.316253811 -0.594061255 0.739644945
vn -0.306381524 -0.586337149 0.749892771
vn -0.27409336 -0.644355893 0.713917613
vn -0.298538804 -0.578466058 0.759112418
vn -0.279111594 -0.349897981 0.894241631
vn -0.221270502 -0.52119559 0.824253857
vn -0.214135394 -0.521911502 0.82568419
vn -0.179812744 -0.434306443 0.882635355
vn -0.145991549 -0.404931724 0.90261656
vn 0.240397498 -0.252321154 0.937306285
vn 0.165864632 -0.3861233 0.907412648
vn 0.167482406 -0.241853729 0.955749094
vn 0.235372007 -0.261008978 0.936202109
vn 0.275147319 -0.173681125 0.94558382
vn 0.298120946 -0.0632304549 0.9524315
vn 0.306240052 -0.0520507321 0.950530231
vn 0.0892766118 -0.350507706 0.932295024
vn 0.167482406 -0.241853729 0.955749094
vn 0.165864632 -0.3861233 0.907412648
vn 0.0796116367 -0.419936597 0.90405494
vn 0.13643384 -0.46304968 0.875768661
vn 0.0947642922 -0.415447474 0.904667377
vn 0.145987213 -0.404916435 0.90262413
vn 0.203465506 -0.506306112 0.838007092
vn 0.262604713 -0.54677093 0.795034766
vn 0.179815501 -0.434307635 0.882634223
vn 0.306373686 -0.586299658 0.749925196
vn 0.306240052 -0.0520507321 0.950530231
vn 0.275147319 -0.173681125 0.94558382
vn 0.259203494 -0.280939043 0.924059987
vn 0.232734442 -0.177664787 0.956174612
vn 0.235372007 -0.261008978 0.936202109
vn 0.167482406 -0.241853729 0.955749094
vn 0.167099372 -0.0705312341 0.983413994
vn 0.0892766118 -0.350507706 0.932295024
vn 0.0917221159 -0.338065058 0.936642408
vn 0.13643384 -0.46304968 0.875768661
vn 0.153131098 -0.481250405 0.863104284
vn 0.219551891 -0.532130122 0.817700744
vn 0.203465506 -0.506306112 0.838007092
vn 0.275164872 -0.568446636 0.775340319
vn 0.262604713 -0.54677093 0.795034766
vn 0.316246361 -0.594018936 0.739682198
vn 0.306373686 -0.586299658 0.749925196
vn 0.274101704 -0.644371927 0.71389991
vn 0.298524916 -0.578447282 0.759132206
vn 0.279022813 -0.349790663 0.894311428
vn 0.221270144 -0.521195352 0.824254096
vn 0.214143559 -0.521921635 0.825675666
vn 0.179815501 -0.434307635 0.882634223
vn 0.145987213 -0.404916435 0.90262413
vn -0.239784122 -0.966363788 0.0929760784
vn -0 -0.999688625 0.0249508228
vn -0 -0.994873822 0.101123661
vn -0.23896268 -0.970615447 0.0283282343
vn -0.993901372 -0.108261295 0.0209627058
vn -0.999960065 0.00194784766 -0.00872075278
vn -0.689136147 0.721010745 -0.0723526105
vn -0.224453479 -0.971158206 -0.0804513097
vn -0 -0.993712604 -0.111960657
vn -0 -0.965790689 -0.259322584
vn -0.958851576 -0.256673098 0.12133684
vn -0.208830699 -0.961133301 -0.180589646
vn -0 -0.929594755 -0.368583202
vn -0.688756943 0.7245 0.0267130844
vn -0.400591016 0.915535152 0.0363641158
vn -0.386736631 0.916547477 -0.101860054
vn -0.188375786 0.974869668 -0.118927844
vn -0.632683039 0.726533771 0.268068969
vn -0.91602838 -0.291806698 0.275210649
vn -0.186454117 -0.942097306 -0.2787247
vn -0.198910803 0.979623973 0.0277763978
vn -0 0.999601424 0.0282329544
vn -0 0.992234111 -0.124384589
vn -0.195260957 0.924733102 0.326713771
vn -0 0.936790645 0.349890292
vn -0.394693345 0.871863902 0.289949149
vn -0.151586682 0.821817636 0.549215138
vn -0 0.834262669 0.551367104
vn 2.34667269E-07 0.677028656 0.735956609
vn -0.351503819 0.759272575 0.5476771
vn -0.150319234 0.655447185 0.740130484
vn -3.21245921E-07 0.444535732 0.895761073
vn -0.644852519 0.547362745 0.533440888
vn -0.172434971 0.419159293 0.891387522
vn 9.55907012E-07 0.158432484 0.987369835
vn -0.336377203 0.608176291 0.719007611
vn -0.803531468 -0.390044332 0.44966948
vn -0.217288241 0.0997630879 0.970995963
vn -5.90240063E-07 -0.477401346 0.878685355
vn -0.629968047 0.279625177 0.724534273
vn -0.332565486 0.408982784 0.849784255
vn -0.327817708 -0.558349133 0.762090385
vn -8.86684461E-07 -0.999282658 0.0378707014
vn -0.510039508 -0.0447361283 0.858986795
vn -0.545045197 -0.515962243 0.660839438
vn -0.190829307 -0.980787992 0.040485546
vn -1.44143058E-07 -0.918508947 -0.395400167
vn -0.303589612 -0.952800393 -0.00216195616
vn -0.0374207124 -0.915904403 -0.399648517
vn -0.0569596179 -0.905682981 -0.420111835
vn -0 0.999601424 0.0282329544
vn -0 0.992234111 -0.124384589
vn 0.188375816 0.974869668 -0.118927114
vn 0.198910818 0.979623854 0.027777141
vn 0.195260912 0.924732864 0.326714337
vn -0 0.936790645 0.349890292
vn 0.400591016 0.915535152 0.0363647938
vn 0.386736631 0.916547477 -0.101859942
vn 0.689136326 0.721010625 -0.0723528489
vn 0.151587173 0.821819007 0.549213052
vn -0 0.834262669 0.551367104
vn 2.34667269E-07 0.677028656 0.735956609
vn 0.394693226 0.871863723 0.289950073
vn 0.688757122 0.724499822 0.0267139729
vn 0.999960184 0.00194782251 -0.00871746801
vn 0.150320351 0.655447245 0.740130186
vn -3.21245921E-07 0.444535732 0.895761073
vn 0.632682681 0.726533115 0.268071264
vn 0.351504534 0.759274781 0.547673523
vn 0.172437623 0.419159085 0.891387105
vn 9.55907012E-07 0.158432484 0.987369835
vn 0.33637324 0.608173788 0.719011605
vn 0.217288658 0.0997716412 0.970994949
vn -5.90240063E-07 -0.477401346 0.878685355
vn 0.644851089 0.547362149 0.533443213
vn 0.332570225 0.408994526 0.849776804
vn 0.327817559 -0.558346689 0.762092292
vn -8.86684461E-07 -0.999282658 0.0378707014
vn 0.629965901 0.279623687 0.724536717
vn 0.510046244 -0.0447316207 0.858983099
vn 0.545047402 -0.515962899 0.660837114
vn 0.19082883 -0.980788112 0.0404863618
vn -1.44143058E-07 -0.918508947 -0.395400167
vn 0.803533196 -0.390046597 0.449664414
vn 0.303588003 -0.952801049 -0.00214784243
vn 0.0374209657 -0.915910482 -0.399634421
vn -0 -0.929594755 -0.368583202
vn 0.916025877 -0.291806698 0.275218785
vn 0.186452895 -0.942093849 -0.278737396
vn 0.0569586866 -0.90566659 -0.420147389
vn -0 -0.965790689 -0.259322584
vn 0.958851159 -0.25667271 0.121340945
vn 0.208830371 -0.96113354 -0.180588499
vn 0.224453688 -0.971159101 -0.0804404318
vn 0.238962635 -0.970615208 0.0283351596
vn -0 -0.993712604 -0.111960657
vn -0 -0.999688625 0.0249508228
vn -0 -0.994873822 0.101123661
vn 0.239784032 -0.966363609 0.0929785073
vn 0.993901372 -0.108261123 0.0209650025
vn 0.327885509 -0.444416791 -0.833657444
vn 0.21247454 -0.472641259 -0.855257213
vn 0.105606645 -0.903783858 -0.414755195
vn 0.216880783 -0.885553539 -0.410801232
vn 0.410357922 -0.818727076 -0.401612163
vn 0.374108821 -0.429502636 -0.821930647
vn 0.466216266 -0.383670568 -0.797144473
vn 0.716387093 -0.583047748 -0.383203268
vn 0.652279437 -0.137394413 -0.745422184
vn 0.39948225 -0.891209841 0.214846149
vn 0.740372717 -0.6321733 0.228484631
vn 0.904223979 -0.22355327 -0.363872051
vn -0 -0.0811630115 0.996700823
vn 0.169056848 -0.965774715 0.196720421
vn 0.893255293 0.272464246 -0.357572794
vn 0.668526053 0.17720665 -0.722267807
vn 0.930577993 -0.268557221 0.248800471
vn -0 -0.0811630115 0.996700823
vn 0.951788962 0.249891251 0.177911058
vn 0.0443691574 -0.979835272 0.194818437
vn -0 -0.0811630115 0.996700823
vn -0 -0.985071957 0.172143117
vn -0 -0.898259938 -0.43946445
vn 0.21247454 -0.472641259 -0.855257213
vn 2.01756933E-07 -0.489962488 -0.8717435
vn 0.300149828 0.540090859 -0.786264479
vn -0 0.966702938 -0.255901486
vn 2.48761978E-07 0.572230399 -0.820092916
vn 0.219404235 0.958420277 -0.182461888
vn 0.341452897 0.51964736 -0.783183634
vn 0.147729605 0.957115829 0.249209315
vn -0 0.971081197 0.238749728
vn -0 -0.0811630115 0.996700823
vn 0.244431749 0.930317819 0.273426145
vn 0.297483116 0.937768996 -0.179145485
vn 0.382230997 0.488036245 -0.78467828
vn 0.411644608 0.888140619 -0.204340309
vn 0.518091261 0.381025821 -0.76576817
vn 0.376647651 0.891753197 0.250824213
vn -0 -0.0811630115 0.996700823
vn 0.660216033 0.707458973 -0.252223343
vn 0.668526053 0.17720665 -0.722267807
vn 0.893255293 0.272464246 -0.357572794
vn 0.951788962 0.249891251 0.177911058
vn 0.930577993 -0.268557221 0.248800471
vn 0.668090403 0.718057275 0.195061669
vn -0.327886015 -0.444417149 -0.833657086
vn -0.105606213 -0.903784037 -0.414754957
vn -0.212473571 -0.472641408 -0.855257273
vn -0.216881022 -0.885553718 -0.410800576
vn -0.41035834 -0.818726897 -0.401612103
vn -0.37411201 -0.42950651 -0.82192719
vn -0.466221601 -0.383675426 -0.797139049
vn -0.716387153 -0.583047926 -0.383202881
vn -0.65228045 -0.137393996 -0.745421469
vn -0.399482369 -0.891210437 0.214843839
vn -0.740372777 -0.632173717 0.228483081
vn -0.90422368 -0.223553121 -0.363872826
vn -0 -0.0811630115 0.996700823
vn -0.169056714 -0.965774834 0.196720198
vn -0.893255234 0.272464216 -0.357572824
vn -0.668524384 0.177206412 -0.722269416
vn -0.930577993 -0.26855728 0.248800367
vn -0 -0.0811630115 0.996700823
vn -0.951788843 0.249890536 0.177912042
vn -0.0443690866 -0.979835153 0.194818661
vn -0 -0.0811630115 0.996700823
vn -0 -0.985071957 0.172143117
vn -0 -0.898259938 -0.43946445
vn -0.212473571 -0.472641408 -0.855257273
vn 2.01756933E-07 -0.489962488 -0.8717435
vn -0.300149381 0.540090978 -0.786264658
vn 2.48761978E-07 0.572230399 -0.820092916
vn -0 0.966702938 -0.255901486
vn -0.219404042 0.958420157 -0.182462588
vn -0.341452658 0.51964736 -0.783183634
vn -0.147729725 0.957116127 0.249208108
vn -0 0.971081197 0.238749728
vn -0 -0.0811630115 0.996700823
vn -0.244431421 0.930317342 0.273428082
vn -0.297483027 0.937769175 -0.179144204
vn -0.382231534 0.488036692 -0.784677804
vn -0.411645025 0.888141155 -0.204336941
vn -0.51809299 0.381027788 -0.765765905
vn -0.376647234 0.891752243 0.250828356
vn -0 -0.0811630115 0.996700823
vn -0.66021651 0.707459569 -0.252220064
vn -0.668524384 0.177206412 -0.722269416
vn -0.893255234 0.272464216 -0.357572824
vn -0.951788843 0.249890536 0.177912042
vn -0.930577993 -0.26855728 0.248800367
vn -0.668089747 0.718056977 0.195064902
vn 0.306280911 0.363470197 -0.879819036
vn -1.03776745E-06 0.407876134 -0.9130373
vn -1.15662351E-06 0.543498814 -0.839409828
vn 0.313416779 0.538855135 -0.781923831
vn -6.06984088E-07 0.227384612 0.97380507
vn 0.599321663 0.578675807 -0.55312556
vn 0.652133584 0.259857446 -0.712176919
vn 0.921582222 0.161017656 -0.353213131
vn -0.197492704 0.387058407 0.900656641
vn -7.50186246E-07 0.104491726 0.99452579
vn -0.225787267 0.156774223 0.961479008
vn -0.449657768 0.530916274 0.718286693
vn -0.566948354 0.166306183 0.806791067
vn 0.756353796 0.626523077 -0.188143268
vn -0.667305589 0.555914938 0.495642811
vn -0.822630167 0.228133127 0.520802259
vn -0.904762328 0.29342553 0.308717668
vn 0.752933323 0.657368004 0.0309625473
vn 0.986790359 0.131083712 -0.0951945335
vn -0.726395905 0.615720153 0.305348217
vn -0.944098651 0.323347062 0.0642227978
vn 0.615307152 0.780859768 -0.107959293
vn 0.991343975 0.125852853 -0.0373924598
vn 0.174190745 0.906957626 -0.383517295
vn -0.654411316 0.755963385 0.0162874404
vn -0.372030646 0.853536189 -0.364786655
vn -0.306283742 0.363473684 -0.879816592
vn -1.15662351E-06 0.543498814 -0.839409828
vn -1.03776745E-06 0.407876134 -0.9130373
vn -0.313418835 0.538858235 -0.781921029
vn -6.06984088E-07 0.227384612 0.97380507
vn -0.599317908 0.578672409 -0.55313313
vn -0.652137339 0.259859592 -0.712172687
vn -0.921582699 0.161018088 -0.353211612
vn 0.197497427 0.387063205 0.900653541
vn -7.50186246E-07 0.104491726 0.99452579
vn 0.225791723 0.156773761 0.961478114
vn 0.449664265 0.530922353 0.71827805
vn 0.566944957 0.166306272 0.806793451
vn -0.75634867 0.626527309 -0.188149333
vn 0.667304873 0.555916369 0.495642304
vn 0.82262665 0.228125528 0.520810962
vn 0.904764652 0.293417007 0.30871895
vn -0.752929091 0.657372832 0.0309636816
vn -0.986790001 0.131084397 -0.0951967835
vn 0.726397812 0.615717351 0.305349678
vn 0.944101274 0.323340654 0.0642150342
vn -0.615306556 0.780860364 -0.107957818
vn -0.991343617 0.125854209 -0.0373953804
vn -0.174185589 0.906957626 -0.38351959
vn 0.654408514 0.755965889 0.0162826702
vn 0.37203306 0.853537798 -0.364780068
vn -0 1 0
vn -0 1 0
vn -0 1 0
vn -0 1 0
vn -0 1 0
vn -0 1 0
vn -0 1 0
vn -0 1 0
vn -0 1 0
vn -0 1 0
vn -0 1 0
vn -0 1 0
vn -0 1 0
vn -0 1 0
vn -0 1 0
vn -0 1 0
vn -0 1 0
vn -0 1 0
vn -0 1 0
vn -0 1 0
vn -0 1 0
vn -0 1 0
vn -0 1 0
vn -0 1 0
vn -0 1 0
vn -0 1 0
vn -0 1 0
vn -0 1 0
vn -0 1 0
vn -0 1 0
vn -0 1 0
vn -0 1 0
vn -0 1 0
vn -0 1 0
vn -0 1 0
vn -0 1 0
vn -0 1 0
vn -0 1 0
vn -0 1 0
vn -0 1 0
vn -0 1 0
vn -0 1 0
vn -0 1 0
vn -0 1 0
vn -0 1 0
vn -0 1 0
vn -0 1 0
vn -0 1 0
vn -0 1 0
vn -0 1 0
vn -0 1 0
vn -0 1 0
vn -0 1 0
vn -0 1 0
vn -0 1 0
vn -0 1 0
vn 0.507562399 0.195685938 -0.839099109
vn 0.403969079 0.176320374 -0.897619128
vn 0.380758911 0.0436590798 -0.923643112
vn 0.269264996 0.00110745395 -0.963065445
vn 0.267732173 -0.00832199398 -0.963457406
vn 0.354200453 -0.093745105 -0.930459023
vn 0.228201702 -0.0197466332 -0.973413646
vn 0.230830938 -0.0190917514 -0.972806513
vn 0.166901633 -0.030289324 -0.985508144
vn 0.165393785 -0.0303753819 -0.985759676
vn 0.10829547 -0.0270810891 -0.993749857
vn 0.109945588 -0.0273157246 -0.993562222
vn 0.0499024987 -0.0138718253 -0.998657703
vn 0.0507647432 -0.0141625861 -0.998610258
vn 0.0413212925 0.00288817426 -0.999141693
vn 0.0405945256 -0.0099458145 -0.999126256
vn -0.0652506426 0.00804828387 -0.997836411
vn -0.091366671 0.181042463 -0.979222
vn -0.0366746038 -0.179056779 -0.983154893
vn -0.100150384 -0.196100682 -0.97545594
vn 0.123535782 -0.265613347 0.956131995
vn 0.149327829 0.00767116016 0.988757968
vn 0.324323893 -0.275441021 0.90495646
vn -0.00304789748 -0.375365466 0.926871836
vn 0.0134667326 0.00642533833 0.999888659
vn -0.0379399881 -0.426464081 0.903708398
vn -0.0472331941 0.0179171022 0.998723209
vn -0.10544993 0.0406116582 0.993594944
vn -0.0960203558 -0.424990326 0.900090754
vn -0.165934935 0.0499415696 0.984871328
vn -0.155719921 -0.421405077 0.893403053
vn -0.215839773 -0.419606268 0.881671071
vn -0.229723439 0.0411609933 0.972385108
vn -0.32095927 0.0324160904 0.94653815
vn -0.291071087 -0.365498543 0.884131432
vn -0.416441083 -0.256837964 0.872130215
vn -0.471167326 0.00217323122 0.882041097
vn -0.588926852 -0.262619406 0.764327288
vn -0.367576867 -0.627289653 0.68658191
vn -0.588926852 -0.262619406 0.764327288
vn -0.416441083 -0.256837964 0.872130215
vn -0.291071087 -0.365498543 0.884131432
vn -0.246551082 -0.632312715 0.734434009
vn -0.215839773 -0.419606268 0.881671071
vn -0.196848288 -0.603282511 0.77285248
vn -0.155719921 -0.421405077 0.893403053
vn -0.142559797 -0.591958284 0.793260455
vn -0.0960203558 -0.424990326 0.900090754
vn -0.0883887112 -0.596022427 0.798088074
vn -0.0379399881 -0.426464081 0.903708398
vn -0.0333812721 -0.603976905 0.796302497
vn -0.00304789748 -0.375365466 0.926871836
vn -0.00909605809 -0.608401656 0.793577135
vn 0.0979137942 -0.600259066 0.793789685
vn 0.123535782 -0.265613347 0.956131995
vn 0.324323893 -0.275441021 0.90495646
vn 0.0832692012 0.230174839 0.969580173
vn 0.0215130262 0.698446751 0.715338647
vn 0.212841064 0.173179328 0.961617172
vn -0.00202006893 0.332103103 0.943240881
vn -0.0138708754 0.697055876 0.716882586
vn -0.0503685363 0.391012549 0.919006109
vn -0.0473407507 0.693917811 0.718496203
vn -0.0831733793 0.689435124 0.719556332
vn -0.100902587 0.407141209 0.907774627
vn -0.117035747 0.686331809 0.717810094
vn -0.146975443 0.417383403 0.896766067
vn -0.204887673 0.397757351 0.894321024
vn -0.158043981 0.684096992 0.712062776
vn -0.189283013 0.683140695 0.705330133
vn -0.278319359 0.315634996 0.907145441
vn -0.385384083 0.180749074 0.904880643
vn -0.248389557 0.676770329 0.693025589
vn -0.525535941 0.0518712662 0.849188626
vn -0.471167326 0.00217323122 0.882041097
vn -0.525535941 0.0518712662 0.849188626
vn -0.385384083 0.180749074 0.904880643
vn -0.278319359 0.315634996 0.907145441
vn -0.32095927 0.0324160904 0.94653815
vn -0.204887673 0.397757351 0.894321024
vn -0.229723439 0.0411609933 0.972385108
vn -0.146975443 0.417383403 0.896766067
vn -0.165934935 0.0499415696 0.984871328
vn -0.100902587 0.407141209 0.907774627
vn -0.10544993 0.0406116582 0.993594944
vn -0.0503685363 0.391012549 0.919006109
vn -0.0472331941 0.0179171022 0.998723209
vn -0.00202006893 0.332103103 0.943240881
vn 0.0134667326 0.00642533833 0.999888659
vn 0.149327829 0.00767116016 0.988757968
vn 0.0832692012 0.230174839 0.969580173
vn 0.212841064 0.173179328 0.961617172
vn 0.370369911 -0.557367563 -0.743079841
vn 0.268821001 -0.602074802 -0.751825213
vn 0.251879901 -0.7052297 -0.662727356
vn 0.145391464 -0.751425445 -0.643600047
vn 0.144153297 -0.756814957 -0.637535095
vn 0.220601201 -0.799485564 -0.558710814
vn 0.109463736 -0.767763495 -0.631313622
vn 0.111877643 -0.767131925 -0.631658256
vn 0.0562897325 -0.777571619 -0.626269817
vn 0.0548923835 -0.777683854 -0.626254439
vn 0.00593817141 -0.776526809 -0.630056262
vn 0.00751826447 -0.776692212 -0.629835546
vn -0.0435611717 -0.767224252 -0.639897943
vn -0.042656064 -0.767488241 -0.639642298
vn -0.0500358604 -0.756754458 -0.65178144
vn -0.0508848876 -0.76382786 -0.64341104
vn -0.146179795 -0.745853782 -0.649871945
vn -0.158424601 -0.6184811 -0.769664168
vn -0.114395358 -0.857790947 -0.501107097
vn -0.168937147 -0.860647321 -0.480360717
vn 0.185139731 0.545336843 0.817515135
vn 0.214695156 0.745016158 0.631551147
vn 0.354224801 0.493727624 0.794202685
vn 0.0744876191 0.455987185 0.886863708
vn 0.0973713771 0.759128213 0.643617332
vn 0.0430969298 0.407535464 0.9121719
vn 0.0458228178 0.769606829 0.636871815
vn -0.00353396195 0.785020351 0.619459867
vn -0.00619860599 0.409772873 0.912166536
vn -0.0553835407 0.789822757 0.610829592
vn -0.0571080558 0.411231577 0.90974021
vn -0.109386928 0.408292979 0.906273305
vn -0.110857219 0.7813043 0.614226639
vn -0.192439899 0.766579151 0.612636447
vn -0.17316471 0.451571673 0.875269771
vn -0.286541015 0.531696975 0.796989679
vn -0.333427101 0.717519581 0.61154896
vn -0.454900652 0.464792699 0.759626925
vn -0.256015629 0.134879097 0.95721662
vn -0.454900652 0.464792699 0.759626925
vn -0.286541015 0.531696975 0.796989679
vn -0.17316471 0.451571673 0.875269771
vn -0.149008498 0.159782067 0.975841284
vn -0.109386928 0.408292979 0.906273305
vn -0.102864385 0.20438382 0.973471224
vn -0.0571080558 0.411231577 0.90974021
vn -0.0552773252 0.223220512 0.973199368
vn -0.00619860599 0.409772873 0.912166536
vn -0.00906633399 0.220803171 0.975276172
vn 0.0430969298 0.407535464 0.9121719
vn 0.0368434526 0.210870832 0.976819336
vn 0.0744876191 0.455987185 0.886863708
vn 0.0569947362 0.204506844 0.977204382
vn 0.146449655 0.204210535 0.967910469
vn 0.185139731 0.545336843 0.817515135
vn 0.354224801 0.493727624 0.794202685
vn 0.1534715 0.8789891 0.451469451
vn 0.0821500793 0.994358599 -0.0670992658
vn 0.264308661 0.831400812 0.488788009
vn 0.0803654641 0.929887354 0.358958006
vn 0.0532900319 0.99655211 -0.0635929704
vn 0.0423771068 0.938539922 0.342559487
vn 0.0334282666 0.997611761 -0.0604432002
vn -0.00547055295 0.924585938 0.380934328
vn -0.00488323905 0.998599231 -0.052685149
vn -0.0401886776 0.997966826 -0.0494660884
vn -0.0498781353 0.946375906 0.319194019
vn -0.0944503397 0.952810109 0.288499594
vn -0.06856215 0.996366024 -0.0505362712
vn -0.0955991521 0.994003117 -0.053091161
vn -0.156422213 0.918051362 0.364299059
vn -0.251837313 0.841340423 0.478251219
vn -0.145866245 0.987827122 -0.0540431887
vn -0.384639829 0.737397552 0.555245101
vn -0.333427101 0.717519581 0.61154896
vn -0.384639829 0.737397552 0.555245101
vn -0.251837313 0.841340423 0.478251219
vn -0.156422213 0.918051362 0.364299059
vn -0.192439899 0.766579151 0.612636447
vn -0.0944503397 0.952810109 0.288499594
vn -0.110857219 0.7813043 0.614226639
vn -0.0498781353 0.946375906 0.319194019
vn -0.0553835407 0.789822757 0.610829592
vn -0.00547055295 0.924585938 0.380934328
vn -0.00353396195 0.785020351 0.619459867
vn 0.0423771068 0.938539922 0.342559487
vn 0.0458228178 0.769606829 0.636871815
vn 0.0803654641 0.929887354 0.358958006
vn 0.0973713771 0.759128213 0.643617332
vn 0.214695156 0.745016158 0.631551147
vn 0.1534715 0.8789891 0.451469451
vn 0.264308661 0.831400812 0.488788009
vn -0.507618487 0.195707574 -0.839060247
vn -0.380779326 0.0436632894 -0.92363447
vn -0.403994858 0.176330253 -0.897605598
vn -0.26926136 0.00110739458 -0.963066518
vn -0.267729938 -0.0083227111 -0.963458061
vn -0.354222804 -0.0937515795 -0.930449784
vn -0.228200093 -0.0197466239 -0.973413944
vn -0.230829358 -0.0190917607 -0.972806871
vn -0.166900769 -0.0302892495 -0.985508263
vn -0.16539298 -0.0303753279 -0.985759795
vn -0.108295642 -0.0270813666 -0.993749857
vn -0.109945722 -0.0273159947 -0.993562222
vn -0.0499037541 -0.0138721857 -0.998657703
vn -0.0507659838 -0.0141629474 -0.998610139
vn -0.0413222611 0.00288884621 -0.999141693
vn -0.0405953489 -0.00994529668 -0.999126136
vn 0.0652588531 0.00805345643 -0.997835934
vn 0.0913747922 0.181060478 -0.979217887
vn 0.0366798863 -0.179055035 -0.983155012
vn 0.100159898 -0.196118802 -0.97545141
vn -0.123529889 -0.26559341 0.956138313
vn -0.324336588 -0.275401384 0.90496397
vn -0.149344251 0.00766517036 0.988755524
vn 0.00304779434 -0.375380397 0.926865757
vn -0.0134682916 0.00642181048 0.999888659
vn 0.0379421972 -0.426491141 0.903695643
vn 0.047236219 0.0179237258 0.998722851
vn 0.10544984 0.04062007 0.993594706
vn 0.0960189104 -0.424998939 0.90008688
vn 0.165925965 0.0499426648 0.984872699
vn 0.155713663 -0.421394855 0.893408954
vn 0.21584022 -0.419585019 0.881681025
vn 0.229723364 0.041154027 0.972385466
vn 0.320969433 0.0324175693 0.946534574
vn 0.291079372 -0.365493625 0.884130776
vn 0.416460067 -0.256849438 0.872117698
vn 0.471172839 0.00217531808 0.882038236
vn 0.588974953 -0.262665868 0.76427424
vn 0.367597401 -0.627313256 0.686549544
vn 0.416460067 -0.256849438 0.872117698
vn 0.588974953 -0.262665868 0.76427424
vn 0.291079372 -0.365493625 0.884130776
vn 0.246548384 -0.632306218 0.734440327
vn 0.21584022 -0.419585019 0.881681025
vn 0.196844816 -0.6032691 0.772863865
vn 0.155713663 -0.421394855 0.893408954
vn 0.142556369 -0.591947079 0.793269396
vn 0.0960189104 -0.424998939 0.90008688
vn 0.0883891508 -0.596017778 0.79809165
vn 0.0379421972 -0.426491141 0.903695643
vn 0.0333823115 -0.603998005 0.796286404
vn 0.00304779434 -0.375380397 0.926865757
vn 0.00909646042 -0.608419836 0.793563187
vn -0.0979031622 -0.600238562 0.793806434
vn -0.123529889 -0.26559341 0.956138313
vn -0.324336588 -0.275401384 0.90496397
vn -0.0832789764 0.230136201 0.969588578
vn -0.212865114 0.173131496 0.96162051
vn -0.0215123426 0.698449731 0.715335727
vn 0.00201871968 0.332083523 0.943247855
vn 0.0138706975 0.69705075 0.716887534
vn 0.050369896 0.391017705 0.919003785
vn 0.0473415703 0.693920732 0.718493462
vn 0.0831722915 0.689433098 0.719558418
vn 0.100903161 0.407143027 0.907773733
vn 0.117035426 0.686323881 0.717817724
vn 0.146970153 0.417373747 0.896771312
vn 0.204888329 0.397768855 0.894315779
vn 0.158049077 0.684116304 0.712043107
vn 0.189286888 0.683155656 0.705314815
vn 0.278324306 0.315646619 0.907139957
vn 0.38538754 0.180751354 0.904878557
vn 0.248390436 0.676773846 0.693021953
vn 0.525540233 0.051870048 0.849186063
vn 0.471172839 0.00217531808 0.882038236
vn 0.38538754 0.180751354 0.904878557
vn 0.525540233 0.051870048 0.849186063
vn 0.278324306 0.315646619 0.907139957
vn 0.320969433 0.0324175693 0.946534574
vn 0.204888329 0.397768855 0.894315779
vn 0.229723364 0.041154027 0.972385466
vn 0.146970153 0.417373747 0.896771312
vn 0.165925965 0.0499426648 0.984872699
vn 0.100903161 0.407143027 0.907773733
vn 0.10544984 0.04062007 0.993594706
vn 0.050369896 0.391017705 0.919003785
vn 0.047236219 0.0179237258 0.998722851
vn 0.00201871968 0.332083523 0.943247855
vn -0.0134682916 0.00642181048 0.999888659
vn -0.149344251 0.00766517036 0.988755524
vn -0.0832789764 0.230136201 0.969588578
vn -0.212865114 0.173131496 0.96162051
vn -0.370369822 -0.557366431 -0.743080676
vn -0.251879543 -0.705227315 -0.662729979
vn -0.268820852 -0.602074623 -0.751825333
vn -0.145389348 -0.751415074 -0.643612623
vn -0.144151196 -0.756804764 -0.637547612
vn -0.220601261 -0.799485564 -0.558711052
vn -0.109462313 -0.767753065 -0.631326675
vn -0.11187613 -0.767121315 -0.631671309
vn -0.0562893935 -0.77756995 -0.626271904
vn -0.0548920892 -0.777682781 -0.62625587
vn -0.00593833765 -0.776525438 -0.630057871
vn -0.00751843862 -0.776691258 -0.629836619
vn 0.0435618497 -0.76722604 -0.639895678
vn 0.0426567309 -0.767489433 -0.639640808
vn 0.0500366502 -0.756763101 -0.651771307
vn 0.0508856997 -0.763837159 -0.643399835
vn 0.146179214 -0.745852232 -0.649873912
vn 0.158425167 -0.61848104 -0.76966399
vn 0.114394657 -0.85779357 -0.501102746
vn 0.168934152 -0.860636353 -0.48038131
vn -0.185138464 0.545341015 0.817512691
vn -0.354207516 0.493704796 0.794224501
vn -0.214700654 0.745031714 0.631530941
vn -0.0744892806 0.456011653 0.886851072
vn -0.0973752216 0.759156287 0.643583477
vn -0.0430983789 0.407571286 0.912155688
vn -0.0458247513 0.769618094 0.636857927
vn 0.00353422901 0.785018146 0.619462669
vn 0.0061969026 0.409786403 0.912160456
vn 0.0553844981 0.789831161 0.610818624
vn 0.0571090393 0.41124475 0.90973419
vn 0.109391727 0.408326417 0.906257629
vn 0.11086259 0.781328619 0.614194691
vn 0.192447886 0.766619265 0.612583578
vn 0.173166752 0.451589525 0.875260174
vn 0.286534101 0.531700373 0.796989918
vn 0.33342278 0.717527747 0.611541629
vn 0.454876304 0.464787513 0.759644747
vn 0.255993515 0.134868741 0.957223952
vn 0.286534101 0.531700373 0.796989918
vn 0.454876304 0.464787513 0.759644747
vn 0.173166752 0.451589525 0.875260174
vn 0.149002925 0.15977639 0.975843012
vn 0.109391727 0.408326417 0.906257629
vn 0.102864198 0.2043823 0.973471582
vn 0.0571090393 0.41124475 0.90973419
vn 0.0552768707 0.223219022 0.973199725
vn 0.0061969026 0.409786403 0.912160456
vn 0.00906514283 0.220809713 0.975274861
vn -0.0430983789 0.407571286 0.912155688
vn -0.0368428975 0.210875779 0.976818323
vn -0.0744892806 0.456011653 0.886851072
vn -0.0569932163 0.204501048 0.977205753
vn -0.146446988 0.204204544 0.967912018
vn -0.185138464 0.545341015 0.817512691
vn -0.354207516 0.493704796 0.794224501
vn -0.153477654 0.879000723 0.451444805
vn -0.264321655 0.83141607 0.488755047
vn -0.0821503252 0.99435848 -0.0671014115
vn -0.0803673193 0.929890573 0.358949304
vn -0.0532900877 0.996553063 -0.0635781139
vn -0.0423780754 0.938537538 0.342565954
vn -0.0334284529 0.997611761 -0.0604423806
vn 0.00547182607 0.924589694 0.380925089
vn 0.00488330284 0.998599231 -0.052686099
vn 0.0401884653 0.997964859 -0.0495086759
vn 0.0498777702 0.94638443 0.319168538
vn 0.0944533497 0.952822983 0.288455904
vn 0.0685620457 0.996362269 -0.0506115146
vn 0.0955990553 0.994000971 -0.0531299189
vn 0.156426728 0.918075085 0.364237428
vn 0.251834601 0.841352999 0.478230745
vn 0.14586632 0.987827241 -0.0540408567
vn 0.384607196 0.737371683 0.555302083
vn 0.33342278 0.717527747 0.611541629
vn 0.251834601 0.841352999 0.478230745
vn 0.384607196 0.737371683 0.555302083
vn 0.156426728 0.918075085 0.364237428
vn 0.192447886 0.766619265 0.612583578
vn 0.0944533497 0.952822983 0.288455904
vn 0.11086259 0.781328619 0.614194691
vn 0.0498777702 0.94638443 0.319168538
vn 0.0553844981 0.789831161 0.610818624
vn 0.00547182607 0.924589694 0.380925089
vn 0.00353422901 0.785018146 0.619462669
vn -0.0423780754 0.938537538 0.342565954
vn -0.0458247513 0.769618094 0.636857927
vn -0.0803673193 0.929890573 0.358949304
vn -0.0973752216 0.759156287 0.643583477
vn -0.214700654 0.745031714 0.631530941
vn -0.153477654 0.879000723 0.451444805
vn -0.264321655 0.83141607 0.488755047
vn 0.445806116 -0.272575468 0.85261929
vn 0.00419794861 -0.237478897 0.971383691
vn 0.00419794861 -0.237478897 0.971383691
vn 0.482003093 -0.24162443 0.842193961
vn 0.00419794861 -0.237478897 0.971383691
vn -0.0123122977 0.613504946 0.789594889
vn 0.529973865 -0.514298499 0.674258649
vn 0.535282671 -0.521885395 0.664159775
vn 0.529582083 -0.513935745 0.674842834
vn 0.522399247 -0.502509236 0.688900232
vn 0.522247791 -0.502747059 0.688841462
vn 0.512512684 -0.488421917 0.706239879
vn 0.530548453 -0.514778495 0.67343998
vn 0.535282671 -0.521885395 0.664159775
vn 0.523175299 -0.502791464 0.688104868
vn 0.513902128 -0.488667041 0.705059648
vn 0.51271224 -0.487684548 0.706604481
vn 0.511024594 -0.484481663 0.710022092
vn 0.512638807 -0.485696197 0.708025813
vn 0.511444211 -0.484480888 0.709720492
vn 0.512171745 -0.482143164 0.710786939
vn 0.512952626 -0.482598543 0.709914327
vn 0.51245147 -0.482227683 0.710528016
vn 0.512353778 -0.475611717 0.715043366
vn 0.512353778 -0.475611717 0.715043366
vn 0.10188625 -0.438994139 0.892694473
vn 0.10420502 -0.438317597 0.892759264
vn 0.158956066 -0.432470322 0.887525976
vn 0.155015483 -0.433873385 0.887538195
vn 0.219308972 -0.425532252 0.877966821
vn 0.205338284 -0.428620309 0.879841328
vn 0.330261111 -0.393838465 0.857798874
vn 0.314071327 -0.404895127 0.858731151
vn 0.349003553 -0.387929589 0.853057563
vn 0.336916447 -0.393995285 0.855134547
vn 0.35414362 -0.3876158 0.851079464
vn 0.343301117 -0.392286181 0.853379071
vn 0.3520706 -0.390895814 0.850439191
vn 0.343437254 -0.39290458 0.853039742
vn 0.103318028 -0.438576698 0.892735064
vn 0.157693833 -0.433579832 0.887209713
vn 0.102846257 -0.438714325 0.892721832
vn 0.151142001 -0.434076041 0.888107061
vn 0.210825935 -0.42833522 0.8786816
vn 0.206533745 -0.428536624 0.879602313
vn 0.306672603 -0.409457654 0.859241784
vn 0.306880563 -0.40994516 0.858934999
vn 0.330752701 -0.39659521 0.856338084
vn 0.333717108 -0.397860736 0.854599178
vn 0.3520706 -0.390895814 0.850439191
vn 0.343437254 -0.39290458 0.853039742
vn 0.790071189 0.0626645982 -0.609803736
vn 0.0024849663 0.0564870499 -0.998400271
vn 0.560347259 0.106928207 -0.821326554
vn 0.759408653 0.168318242 -0.628464401
vn 0.768212438 0.112843513 -0.630171299
vn 0.615410447 -0.223420694 -0.755879104
vn 0.266621709 -0.465800732 -0.843766868
vn 0.739310682 -0.356014878 -0.57155323
vn 0.812370598 0.0410401672 -0.581695497
vn 0.684861839 -0.0192664992 -0.728418171
vn 0.639923394 0.118829101 -0.759195387
vn 0.795124948 0.138762072 -0.590357006
vn 0.800149798 0.293925941 -0.522845984
vn 0.867165625 0.329876572 -0.373102307
vn 0.529724061 0.736676514 -0.420357138
vn 0.91240561 0.367041618 0.181097925
vn 0.815973938 0.00434880238 -0.578072309
vn 0.809558451 0.0540911816 -0.584541917
vn 0.854070425 0.305949509 -0.420664579
vn 0.833067894 0.463775933 -0.30151251
vn 0.790364385 0.571975231 -0.219473273
vn 0.651311994 0.758405983 0.0247587468
vn 0.461134195 0.864381671 0.200498402
vn 0.229567006 0.937360287 0.2620202
vn 0.00954434555 0.970172465 0.242227823
vn -0.445806563 -0.272575527 0.852618992
vn 0.00419794861 -0.237478897 0.971383691
vn 0.00419794861 -0.237478897 0.971383691
vn -0.48200348 -0.24162443 0.842193782
vn 0.00419794861 -0.237478897 0.971383691
vn -0.0123122977 0.613504946 0.789594889
vn -0.52997458 -0.514299512 0.674257398
vn -0.529582739 -0.513936698 0.674841583
vn -0.535283327 -0.521886349 0.664158404
vn -0.522399962 -0.50251013 0.68889904
vn -0.522248507 -0.502747953 0.68884033
vn -0.512513399 -0.488422781 0.706238747
vn -0.512712896 -0.487685382 0.706603408
vn -0.51102531 -0.484482497 0.710021019
vn -0.511444867 -0.484481782 0.70971936
vn -0.512172461 -0.482143998 0.710785866
vn -0.512452126 -0.482228637 0.710526943
vn -0.512354493 -0.475612581 0.715042412
vn -0.512953281 -0.482599437 0.709913254
vn -0.512354493 -0.475612581 0.715042412
vn -0.512452126 -0.482228637 0.710526943
vn -0.511444867 -0.484481782 0.70971936
vn -0.512639582 -0.485697061 0.70802474
vn -0.512712896 -0.487685382 0.706603408
vn -0.513902843 -0.488667935 0.705058455
vn -0.522399962 -0.50251013 0.68889904
vn -0.523176014 -0.502792418 0.688103616
vn -0.530549228 -0.514779389 0.673438668
vn -0.52997458 -0.514299512 0.674257398
vn -0.535283327 -0.521886349 0.664158404
vn 0.10188625 -0.438994139 0.892694473
vn -0.158956021 -0.432470232 0.887525976
vn 0.10420502 -0.438317597 0.892759264
vn -0.155015469 -0.433873266 0.887538254
vn -0.219309077 -0.425532222 0.877966821
vn -0.205338359 -0.428620249 0.879841328
vn -0.330261052 -0.393838316 0.857798934
vn -0.314071327 -0.404894978 0.85873121
vn -0.349003464 -0.38792935 0.853057742
vn -0.336916357 -0.393995076 0.855134606
vn -0.35414356 -0.387615561 0.851079643
vn -0.343301117 -0.392286003 0.85337919
vn -0.352070451 -0.390895575 0.85043925
vn -0.343437165 -0.392904341 0.853039861
vn 0.103318028 -0.438576698 0.892735064
vn 0.102846257 -0.438714325 0.892721832
vn -0.157693863 -0.433579832 0.887209833
vn -0.151141986 -0.434075981 0.888107061
vn -0.21082598 -0.4283351 0.87868166
vn -0.20653376 -0.428536564 0.879602313
vn -0.306672662 -0.409457505 0.859241784
vn -0.306880593 -0.409945011 0.858934999
vn -0.330752701 -0.396595031 0.856338143
vn -0.333717108 -0.397860527 0.854599297
vn -0.352070451 -0.390895575 0.85043925
vn -0.343437165 -0.392904341 0.853039861
vn 0.790071189 0.0626645982 -0.609803736
vn -0.560351729 0.106929526 -0.821323335
vn 0.0024849663 0.0564870499 -0.998400271
vn -0.759411216 0.168319255 -0.628461003
vn -0.768213868 0.112842977 -0.630169809
vn -0.615411282 -0.223420784 -0.755878329
vn -0.266608208 -0.465804011 -0.843769252
vn -0.739310384 -0.356014907 -0.571553707
vn -0.812369108 0.0410411321 -0.581697583
vn -0.684862614 -0.0192664545 -0.728417397
vn -0.639922738 0.118828818 -0.759195983
vn -0.795123279 0.138762712 -0.590359092
vn -0.800150454 0.29392606 -0.522844732
vn -0.867165804 0.329876691 -0.373101681
vn -0.529725432 0.736678243 -0.420352399
vn -0.912404835 0.367042899 0.181099549
vn -0.815973639 0.0043488536 -0.578072727
vn -0.809558094 0.05409123 -0.584542334
vn -0.854070544 0.305949479 -0.4206644
vn -0.833067954 0.463776112 -0.301512033
vn -0.790364444 0.57197547 -0.219472528
vn -0.651312113 0.758405983 0.0247584041
vn -0.461134166 0.864381731 0.200497955
vn -0.229566947 0.937360227 0.262020648
vn 0.00954434555 0.970172465 0.242227823
vn 0.392514348 -0.45868209 -0.79720962
vn 0.0950767547 -0.503872156 -0.858529687
vn 0.0905946568 -0.710410357 -0.697932422
vn -0.206319973 -0.511869967 -0.833919227
vn 0.879898012 0.231449977 0.414982438
vn 0.540344775 -0.338994652 0.770136535
vn 0.542089283 -0.277458131 0.793193638
vn 0.449587077 -0.34781003 0.822739124
vn 0.795344412 0.434182823 0.422980577
vn 0.88803786 0.380108804 0.258661926
vn 0.476860642 -0.219316378 0.85117811
vn 0.41273886 -0.217508823 0.884498
vn 0.64586699 0.555865943 0.523324847
vn 0.79984194 0.549051642 0.242477164
vn 0.424131483 -0.0955514237 0.900545537
vn 0.375772744 -0.156447724 0.913410664
vn 0.538485944 0.545823574 0.641957462
vn 0.653027654 0.69074434 0.310526937
vn 0.793894529 0.58693099 0.158882067
vn 0.874991655 0.422229558 0.236879468
vn 0.66284889 0.71120429 0.234136298
vn 0.692123115 0.5970276 0.405615151
vn 0.572393477 0.748608768 0.334590226
vn 0.339002937 0.81414932 0.471421182
vn 0.556594789 0.715274692 0.422592252
vn 0.464725435 0.756756663 0.459727913
vn 0.495330304 0.480851293 0.723484457
vn 0.142985031 0.871540368 0.469012499
vn 0.268633634 0.545949519 0.793583691
vn -0.043379873 0.882680893 0.467966467
vn 0.0802487656 0.650479436 0.755272508
vn 0.490463704 0.0382832997 0.87062031
vn 0.443037301 0.00130167918 0.896502197
vn 0.453766882 -0.0753490627 0.887929082
vn 0.655877352 -0.475671023 0.586141467
vn 0.692836165 -0.567790568 0.444513202
vn 0.564538896 -0.693127275 0.448185742
vn 0.558169305 -0.57821089 0.595079064
vn 0.45816952 -0.624826431 0.632196724
vn 0.178768307 -0.427962184 0.885940313
vn 0.406090826 -0.0340069905 0.913199723
vn 0.425516576 0.52480334 0.737236142
vn 0.0342488214 -0.762397349 0.646202207
vn 0.202863127 -0.863272071 0.462177306
vn 0.444835931 0.717544615 0.535957873
vn 0.353283852 0.381658137 0.854123831
vn 0.306549013 0.73204124 0.608393967
vn 0.323060632 0.769411564 0.551033258
vn 0.153323486 0.788168013 0.596056163
vn 0.165574357 -0.890654981 0.423460573
vn 0.0941595808 -0.75862664 0.644685686
vn 0.124379262 -0.324262381 0.937754631
vn 0.331877083 0.071787484 0.940587103
vn 0.387009829 0.206326097 0.898695111
vn 0.591336071 0.0977254137 0.800481915
vn 0.193425223 0.77038765 0.607527435
vn -0.0967949033 0.750236869 0.654045343
vn 0.0984974727 0.344122529 0.933744013
vn 0.106689967 0.460847944 0.881042719
vn -0.234796479 0.269238234 0.934013605
vn -0.168324366 0.106404684 0.979971826
vn -0.187383115 -0.689091682 0.700028718
vn -0.104652435 0.989214599 0.102481619
vn -0.0794053152 0.810530424 0.580289006
vn -0.335585326 0.627324522 0.7027421
vn -0.269381851 0.664294481 0.697241902
vn -0.662175179 0.191002861 0.724597812
vn -0.388684481 0.534799695 0.750275671
vn 0.0517834499 -0.786041617 0.616000772
vn 0.899127722 0.107066438 0.424389064
vn -0.178615868 -0.825245798 0.535785258
vn 0.213719174 -0.832261443 0.511531889
vn 0.251158714 -0.691003382 0.677815378
vn 0.0977874026 -0.724846244 0.681935191
vn 0.958692372 0.095400922 0.26796934
vn -0.961525738 0.0387903415 0.271962643
vn 0.12475951 -0.52559346 0.841538131
vn 0.945325136 0.319640994 -0.0647297204
vn -0.984095812 -0.0617422648 0.166562855
vn 0.112237677 -0.266750693 0.957207859
vn 0.19556658 0.442856133 0.875004172
vn -0.995091915 0.0768438429 0.0623476729
vn -0.427470207 0.449936867 0.78410846
vn -0.131635532 -0.46162042 0.877256393
vn -0.350011259 0.361934841 0.863999546
vn -0.455448449 0.454370826 0.765580773
vn 0.0912787989 -0.55368489 0.827708423
vn -0.434684068 0.50821197 0.743485272
vn -0.492417961 0.428867489 0.757362008
vn 0.0745323226 -0.543170094 0.836308062
vn 0.0929189622 -0.540369153 0.836281776
vn -0.539539635 0.481760293 0.690509975
vn -0.50943625 0.482807904 0.712300003
vn -0.643520057 0.528032959 0.5541327
vn -0.590974987 0.520600557 0.616217136
vn 0.039508421 -0.46011892 0.886977851
vn 0.0855765492 -0.390264422 0.916717112
vn -0.499906182 0.362592369 0.786524296
vn -0.471703082 0.329271525 0.817970991
vn -0.572126985 0.476652145 0.667437911
vn -0.633152783 0.585578084 0.506177723
vn -0.339041919 0.238087967 0.910145462
vn -0.519277334 0.415610522 0.746738911
vn -0.677093387 0.595782518 0.43195802
vn -0.465180427 0.463525146 0.754156232
vn -0.20878607 0.252450198 0.944815934
vn -0.630113542 0.621287823 0.465787768
vn -0.450952411 0.521146715 0.724601984
vn -0.87989974 0.231451824 0.41497761
vn -0.540349543 -0.338994563 0.770133138
vn -0.542174876 -0.277479172 0.793127775
vn -0.449583262 -0.34780696 0.822742522
vn -0.795344174 0.434187055 0.422976524
vn -0.888036788 0.380108237 0.258666426
vn -0.476858646 -0.219313651 0.851179898
vn -0.412721545 -0.21750176 0.884507775
vn -0.645867586 0.555871487 0.523318231
vn -0.799840987 0.549051583 0.242480263
vn -0.424125999 -0.0955483243 0.900548577
vn -0.375757456 -0.156443313 0.913417578
vn -0.538482726 0.545824051 0.641959846
vn -0.653028369 0.690744698 0.31052497
vn -0.793893099 0.586929739 0.158893943
vn -0.874991 0.422227949 0.236884549
vn -0.662848473 0.711203516 0.234139666
vn -0.692111909 0.597045898 0.405607343
vn -0.572394907 0.748610079 0.334585011
vn -0.339012057 0.814226449 0.471281379
vn -0.556596458 0.715276718 0.422586918
vn -0.464728087 0.756760478 0.459718913
vn -0.495340228 0.480867982 0.723466694
vn -0.142979681 0.871628165 0.468850881
vn -0.268652916 0.545973182 0.793560863
vn 0.0434191674 0.882662654 0.467997104
vn -0.080238767 0.650481343 0.755271971
vn -0.490488052 0.0382396579 0.870608509
vn -0.44304353 0.00131783809 0.896499157
vn -0.453761369 -0.0753418729 0.887932599
vn -0.655877709 -0.475671142 0.586141169
vn -0.692836702 -0.567791939 0.444510609
vn -0.564538121 -0.693105698 0.448219866
vn -0.558167875 -0.578201652 0.595089495
vn -0.458165854 -0.624820471 0.632205188
vn -0.406089604 -0.0340062752 0.913200259
vn -0.178768918 -0.427962244 0.885940194
vn -0.42550832 0.52479142 0.737249494
vn -0.0342479311 -0.762400329 0.64619863
vn -0.202865228 -0.863275409 0.462170064
vn -0.444836795 0.717546701 0.535954237
vn -0.353287756 0.38169533 0.854105651
vn -0.306553453 0.732048392 0.608383179
vn -0.323063076 0.7694152 0.551026583
vn -0.153323472 0.788172126 0.596050918
vn -0.165574029 -0.890657425 0.423455387
vn -0.0941662788 -0.7586236 0.644688129
vn -0.124387965 -0.324253619 0.937756479
vn -0.331888437 0.0717905164 0.940582871
vn -0.387015969 0.206326529 0.898692429
vn -0.591330469 0.0977322683 0.800485313
vn -0.193425313 0.770390153 0.607524276
vn 0.0967950076 0.750243187 0.654038191
vn -0.0984970629 0.344122052 0.933744252
vn -0.106687695 0.460830212 0.881052375
vn 0.234784886 0.269215673 0.934022963
vn 0.168320686 0.106402077 0.979972899
vn 0.187376916 -0.689079106 0.700042665
vn 0.104651064 0.989212871 0.102499783
vn 0.0794044062 0.81053102 0.580288112
vn 0.335586548 0.627327204 0.702739179
vn 0.269381851 0.664297462 0.697239041
vn 0.662171364 0.191003993 0.724600971
vn 0.388685077 0.534797847 0.750276744
vn -0.0517831035 -0.786039114 0.616004109
vn -0.89912194 0.107070766 0.4244003
vn 0.178612754 -0.825230896 0.535809338
vn -0.213716969 -0.832251072 0.511549711
vn -0.251155645 -0.690993905 0.677826107
vn -0.0977877378 -0.724844575 0.68193686
vn -0.958706141 0.0953629538 0.267933458
vn 0.961522639 0.0387880914 0.27197361
vn -0.124765933 -0.525595188 0.841536224
vn -0.945333421 0.319615811 -0.0647347569
vn 0.984096527 -0.061746899 0.166557342
vn -0.112245187 -0.266744375 0.957208633
vn -0.195566639 0.442856371 0.875003994
vn 0.995090246 0.0768559054 0.0623586439
vn 0.427478611 0.449946642 0.784098208
vn 0.1316365 -0.461625546 0.877253532
vn 0.350012809 0.361939847 0.863996804
vn 0.455455512 0.454376876 0.765572965
vn -0.0912817717 -0.553715527 0.827687621
vn 0.434689045 0.50821656 0.743479252
vn 0.492423147 0.4288719 0.757356167
vn -0.0745172277 -0.543113649 0.83634609
vn -0.0929200947 -0.540364742 0.836284637
vn 0.539543152 0.481763482 0.690504968
vn 0.509439588 0.48281014 0.712296069
vn 0.643521726 0.528034031 0.554129899
vn 0.590977311 0.520601809 0.616213918
vn -0.0395122468 -0.460181177 0.886945307
vn -0.0855575278 -0.390211493 0.91674149
vn 0.499910146 0.362595856 0.786520243
vn 0.47171402 0.329278469 0.817961872
vn 0.572132826 0.476656228 0.667429924
vn 0.6331532 0.585577667 0.506177664
vn 0.339058518 0.238099545 0.910136223
vn 0.519284844 0.415616035 0.746730506
vn 0.677089572 0.595780611 0.431966811
vn 0.46517694 0.463520825 0.754161
vn 0.208778635 0.252445579 0.944818854
vn 0.630109429 0.621279836 0.46580416
vn 0.450969249 0.521157682 0.724583626
vn 0.85212636 0.284525067 -0.439233571
vn 0.782863975 0.229301095 -0.578398585
vn 0.78258568 0.220952347 -0.582013428
vn 0.77358681 0.255795836 -0.579768896
vn 0.762159348 0.27470544 -0.586216748
vn 0.867323935 0.256131142 -0.426785618
vn 0.787042379 0.230960146 -0.572032928
vn 0.833502769 0.171554834 -0.525206625
vn 0.79860276 0.154301226 -0.581742883
vn 0.746142566 0.0614840388 -0.662941098
vn 0.606769681 0.0299781971 0.794312179
vn 0.865622759 0.386153132 -0.318720847
vn 0.743347466 0.1674456 -0.64760828
vn 0.941071749 0.0422323868 -0.335559875
vn 0.869372725 -0.485728621 -0.0908774287
vn 0.646676421 -0.0627463982 -0.760179281
vn 0.571152806 0.314682543 0.758128881
vn -0.0861410871 -0.043831896 0.995318234
vn 0.234344646 0.611761451 0.755533278
vn 0.903753102 0.314313173 -0.290581524
vn 0.599104285 0.257057697 -0.758284569
vn 0.534477115 0.28900066 -0.794237196
vn 0.49327144 -0.361775726 0.791076243
vn 0.706940889 -0.67873311 -0.198886618
vn 0.587715983 -0.158166453 -0.793456495
vn 0.124432921 -0.635835171 0.761728346
vn 0.168598264 -0.985419452 -0.0228719693
vn 0.54531163 -0.251443118 -0.799632132
vn 0.322792858 -0.45106715 -0.832071662
vn 0.39726451 0.880749583 0.257800519
vn 0.217960536 0.96066165 0.172111899
vn 0.411065727 0.379536182 -0.828840971
vn 0.192195445 0.524198353 -0.829624653
vn -0.375917286 -0.57802844 0.724271595
vn -0.641636968 -0.211349994 0.73731482
vn 0.0764705986 -0.994190574 -0.0757454112
vn -0.0624088049 -0.941977561 -0.329823434
vn 0.164288282 -0.559085608 -0.812670052
vn -0.179202676 -0.569608927 -0.802142203
vn -0.655045807 -0.719666898 0.230205595
vn -0.735697448 -0.598081768 0.317879766
vn -0.441560298 -0.56160754 -0.699729562
vn -0.640618801 -0.43441996 -0.63315624
vn -0.891946614 -0.451996952 0.0113994889
vn -0.800968051 -0.264236003 -0.537242532
vn -0.959901929 -0.280277491 -0.00572255533
vn -0.990789354 -0.00113285659 0.135407597
vn -0.858788133 -0.0935775042 -0.503712535
vn -0.476813108 0.496564358 0.725308955
vn -0.973665893 0.141212165 0.178979799
vn -0.837050319 0.146490738 -0.527150035
vn -0.647540271 0.601511836 -0.467841119
vn -0.372881204 0.485899389 -0.790481806
vn -0.862621725 0.504645646 0.0348801836
vn -0.389244258 0.879613996 0.2734375
vn -0.036458943 0.541036785 -0.840208352
vn -0.134017512 0.676966071 0.72371006
vn -0.257063299 0.914748132 0.311695784
vn 0.0853399634 0.560640395 -0.823650122
vn 0.0147834737 0.985176921 -0.170903295
vn 0.391864032 -0.260611266 0.882340312
vn 0.396017134 -0.230740845 0.888779521
vn 0.378970474 -0.211318076 0.900958359
vn 0.440274954 -0.234905973 0.866589308
vn 0.376798451 -0.237016395 0.895458639
vn 0.370910674 -0.19027552 0.90896678
vn 0.41936329 -0.274226516 0.865409851
vn 0.487687767 -0.230396658 0.842067719
vn 0.367431134 -0.187068164 0.911043286
vn 0.362433523 -0.172664016 0.915876091
vn 0.392909914 -0.253902882 0.883829772
vn 0.490545988 -0.262680173 0.830881357
vn 0.534213364 -0.219528645 0.81634748
vn 0.369176775 -0.249290735 0.895300329
vn 0.359491915 -0.167401642 0.918009996
vn 0.35840857 -0.107721649 0.927329183
vn 0.360751688 -0.20297724 0.910306752
vn 0.350563526 -0.0895030275 0.932252347
vn 0.342653215 -0.00763931964 0.939430833
vn 0.420973748 -0.235282704 0.876026928
vn 0.563318968 -0.244283289 0.789301872
vn 0.58068037 -0.200779527 0.788985312
vn 0.369262218 -0.244189978 0.896669745
vn 0.354815692 -0.177757367 0.917882383
vn 0.46101743 -0.25432533 0.850165606
vn 0.61861527 -0.225717992 0.752573311
vn 0.615103245 -0.174263656 0.768947482
vn 0.398282796 -0.212580115 0.8922894
vn 0.419083953 -0.212383628 0.882758081
vn 0.430728316 -0.100141436 0.896908462
vn 0.524403512 -0.292583048 0.799622536
vn 0.406454861 -0.117145218 0.906130016
vn 0.394592822 0.0641934872 0.916610956
vn 0.376333177 -0.22788392 0.8980214
vn 0.354857743 -0.220100254 0.908642828
vn 0.373472303 -0.148214534 0.915724218
vn 0.521042228 -0.0663843602 0.850945532
vn 0.594767332 -0.295894623 0.7474612
vn 0.596837819 -0.0935169831 0.796893418
vn 0.565943599 0.0938446075 0.819085538
vn 0.445357502 0.0615989007 0.893231452
vn 0.647603333 -0.21538341 0.730903447
vn 0.670852244 -0.201432422 0.713710129
vn 0.644139767 -0.152947918 0.74946028
vn 0.669627845 -0.130235255 0.731188893
vn 0.657173574 -0.245694384 0.712570727
vn 0.642196298 -0.222241178 0.733616292
vn 0.459879965 0.162445918 0.872995794
vn 0.658710241 0.0679640695 0.749320865
vn 0.705737114 -0.152723461 0.691816986
vn 0.695066094 -0.133794382 0.706386745
vn 0.590038061 0.194648817 0.783560336
vn 0.716796219 -0.146658376 0.68168509
vn 0.702686608 -0.126470327 0.700169206
vn 0.727001905 -0.142919183 0.671596885
vn 0.705852628 -0.113018841 0.699284494
vn 0.728415489 -0.131361961 0.672424734
vn 0.705906928 -0.111224793 0.699517369
vn 0.731506884 -0.13263005 0.66881007
vn 0.696009099 -0.0972706079 0.71141398
vn 0.726158857 -0.165955454 0.667197287
vn 0.736643136 -0.15895243 0.657336295
vn 0.748302281 -0.155148476 0.64495939
vn 0.752951026 -0.152557045 0.640149236
vn 0.698727131 -0.209412158 0.684051871
vn 0.751983047 -0.180493936 0.633990049
vn 0.764187872 -0.177229509 0.6201666
vn 0.687144756 -0.274851829 0.672523975
vn 0.732777894 -0.219336703 0.644149125
vn 0.78265208 -0.205271319 0.587638795
vn 0.770933449 -0.170482486 0.613675177
vn 0.753847063 -0.152043164 0.639216304
vn 0.721793473 0.00483163027 0.692091584
vn 0.785017014 -0.239877164 0.571145475
vn 0.793396771 -0.208183452 0.571997464
vn 0.775269568 -0.172321424 0.607669711
vn 0.828423083 -0.221658319 0.514376223
vn 0.811662018 -0.204462752 0.547174394
vn 0.769094527 -0.165683702 0.617286444
vn 0.709226131 0.203282461 0.675036728
vn 0.753416598 -0.149558604 0.640309036
vn 0.73138231 -0.12902765 0.669650435
vn 0.72269237 -0.117383152 0.681129217
vn 0.683514595 -0.0836833864 0.725124061
vn 0.699965835 -0.100923888 0.707009435
vn 0.631191432 -0.0441635139 0.774368763
vn 0.609923065 -0.0302399304 0.791883409
vn 0.571149468 0.00702382764 0.82081604
vn 0.533389926 0.0122115705 0.845781386
vn 0.47635594 0.0673911199 0.876666069
vn 0.451275915 0.0649225488 0.890019774
vn 0.434072405 0.0881296173 0.896556914
vn 0.37698862 0.121964134 0.91815263
vn 0.378164679 0.108701892 0.919334173
vn 0.338683069 0.125310823 0.932518601
vn 0.347322762 0.0923351571 0.933188617
vn 0.315192968 0.0901414603 0.944737017
vn 0.333189249 0.0819834396 0.939288914
vn 0.315346628 0.0576499514 0.947223902
vn 0.336058259 0.0498308167 0.940522015
vn 0.327933937 -0.00657420885 0.94467777
vn 0.301663846 0.0716919154 0.950715065
vn 0.301972419 0.100151874 0.94804132
vn 0.325002372 0.16049704 0.931994736
vn 0.377874076 0.0998324007 0.920458913
vn 0.346468955 0.183205456 0.919997275
vn 0.331346869 -0.0850526839 0.939667702
vn 0.308863014 0.00846949592 0.951068878
vn 0.280952692 0.127374083 0.951231599
vn 0.283184409 0.0938881561 0.954458714
vn 0.463225126 0.0365923382 0.885484874
vn 0.341387779 -0.174055427 0.92366612
vn 0.297741652 -0.0758312717 0.951629877
vn 0.289394677 0.0161389392 0.957073748
vn 0.258173704 -0.118630074 0.958787382
vn 0.329611152 -0.245197862 0.911720574
vn 0.301157087 -0.19927606 0.932519913
vn 0.263495982 0.0964609012 0.959825635
vn 0.275938392 -0.206199571 0.938796937
vn 0.283303142 -0.205912918 0.936663866
vn 0.265538812 0.0102756629 0.964045465
vn 0.229381859 0.0842322484 0.969684958
vn 0.289019018 0.172963202 0.941568732
vn 0.351325125 -0.0587238595 0.934410036
vn 0.196208343 -0.224235013 0.954578996
vn 0.221556351 0.0298410319 0.974690914
vn 0.00569621194 0.130346045 0.991452217
vn 0.211957067 -0.148406759 0.965944946
vn 0.202968374 -0.196243942 0.959318578
vn -0.0316872783 -0.190647513 0.981147051
vn 0.0375151373 -0.228988141 0.97270602
vn 0.290999651 0.0151510919 0.956603289
vn -0.052047953 -0.160771295 0.985618412
vn -0.211957052 -0.148407087 0.965944827
vn -0.196207985 -0.224234626 0.954579055
vn -0.258174151 -0.118630223 0.958787262
vn 0.377098203 0.116579577 0.918806911
vn -0.2215565 0.0298416521 0.974690914
vn 0.250695199 0.185845673 0.950059593
vn 0.354609847 0.187463179 0.916029096
vn 0.20193699 0.332657814 0.921173275
vn 0.475351125 0.224876165 0.850571632
vn 0.18261677 0.0278106593 0.982790828
vn -0.0254997984 0.0458846539 0.998621225
vn 0.340876549 0.330681443 0.880030096
vn 0.0124604469 0.196204677 0.980483711
vn 0.623083949 0.264397353 0.73611176
vn 0.482392669 0.368079513 0.794867814
vn 0.741021991 0.276207715 0.612042248
vn 0.344782531 0.528480649 0.775779128
vn 0.688335896 0.364319295 0.627267957
vn 0.779286683 0.191900268 0.596562326
vn 0.503932118 0.57255435 0.646710098
vn 0.758561909 -0.227035716 0.610768795
vn 0.919725239 0.0901619494 0.382068485
vn 0.809622586 0.249004871 0.531514764
vn 0.8017627 0.339871317 0.49159354
vn 0.852998555 0.460382313 0.245848596
vn 0.869265258 0.297485769 0.394816458
vn 0.946959972 -0.149444878 0.284487098
vn 0.969540596 0.244422048 -0.0157735329
vn 0.756036758 0.522577584 0.394107997
vn 0.919844985 0.361623049 0.152033091
vn 0.461134195 0.864381671 0.200498402
vn 0.651311994 0.758405983 0.0247587468
vn 0.790364385 0.571975231 -0.219473273
vn 0.833067894 0.463775933 -0.30151251
vn 0.854070425 0.305949509 -0.420664579
vn 0.229567006 0.937360287 0.2620202
vn 0.809558451 0.0540911816 -0.584541917
vn 0.191016704 0.517776668 0.833918512
vn 0.00954434555 0.970172465 0.242227823
vn 0.968002379 0.000405809202 -0.250940651
vn 0.924319804 -0.281875461 -0.257252902
vn 0.815973938 0.00434880238 -0.578072309
vn 0.9034096 -0.344604552 -0.255144656
vn 0.91240561 0.367041618 0.181097925
vn -0.714930594 0.693571806 -0.0885009319
vn 0.00777234603 0.50412792 0.863593936
vn -0.532957792 0.735543907 -0.4182477
vn 0.529724061 0.736676514 -0.420357138
vn 0.800149798 0.293925941 -0.522845984
vn 0.927783966 -0.270947158 0.256523788
vn 0.856190801 -0.248643145 0.452894956
vn 0.928907096 -0.319797158 0.186711758
vn 0.929265916 -0.339132249 0.146472588
vn 0.917150915 -0.347730905 -0.194723815
vn 0.813387036 -0.206573531 0.543809533
vn 0.858088851 -0.253306746 0.446675718
vn 0.818599403 -0.21059671 0.534363329
vn 0.935946405 -0.322486937 -0.141444013
vn 0.776818633 -0.171299413 0.605978012
vn 0.760041714 -0.156740621 0.630689204
vn 0.860283911 -0.255885214 0.440947175
vn 0.802529275 -0.20180501 0.561445951
vn 0.85508126 -0.260624766 0.448230594
vn 0.727088928 -0.135945007 0.672949195
vn 0.783965468 -0.189832777 0.591068089
vn 0.852583468 -0.26874426 0.448194206
vn 0.63269484 -0.0720361844 0.77104336
vn 0.55526036 -0.0289795976 0.831171453
vn 0.92772162 -0.362775385 0.0879008323
vn 0.920477927 -0.388432473 0.0429034494
vn 0.928245962 -0.349886417 -0.126249582
vn 0.93592304 -0.307811201 -0.171173662
vn 0.624014139 -0.115288444 0.7728616
vn 0.553982317 -0.0743521899 0.829201698
vn 0.465917796 -0.0218354687 0.884558499
vn 0.717916906 -0.178556591 0.672839403
vn 0.389660209 0.0486790016 0.919671297
vn 0.463049978 -0.108783081 0.879631162
vn 0.60502857 -0.186144516 0.77413857
vn 0.792942703 -0.242307782 0.559042811
vn 0.850518703 -0.307270557 0.426852196
vn 0.783820748 -0.29986617 0.543787897
vn 0.405483365 -0.0364680327 0.913374662
vn 0.53358686 -0.146306768 0.832994163
vn 0.703377306 -0.23991856 0.669103503
vn 0.457674235 -0.183771253 0.869920909
vn 0.913405061 -0.405285716 0.0378766917
vn 0.836932182 -0.355763257 0.415905088
vn 0.767413378 -0.337258935 0.545282662
vn 0.68100059 -0.291178733 0.671902716
vn 0.574018061 -0.246115744 0.780980289
vn 0.517530084 -0.226241723 0.825213611
vn 0.903680623 -0.39135766 -0.173782513
vn 0.926249981 -0.34456256 -0.152766675
vn 0.820771575 -0.389289767 0.418075889
vn 0.745609701 -0.393099993 0.538087845
vn 0.896594703 -0.441178292 0.0384669043
vn 0.878229797 -0.427788734 -0.213796884
vn 0.650864601 -0.365120739 0.665629089
vn 0.899321735 -0.389448911 -0.198871464
vn 0.791557848 -0.452228814 0.411005259
vn 0.880204082 -0.471682787 0.0524993315
vn 0.695018888 -0.480705112 0.534669459
vn 0.814671755 -0.438284457 -0.379758656
vn 0.681166768 -0.680505276 -0.270045102
vn 0.879204512 -0.430241019 -0.204675451
vn 0.663989842 -0.246699974 0.705873013
vn 0.747968733 -0.301050246 0.591533124
vn 0.74881041 -0.291845471 0.59507066
vn 0.739979923 -0.281358898 0.610955715
vn 0.722504437 -0.290460974 0.627391219
vn 0.637413263 -0.196247503 0.745111585
vn 0.541995645 0.102375135 0.8341223
vn 0.714793324 -0.26554814 0.646958053
vn 0.733692884 -0.246407539 0.633228183
vn -0.67899698 0.722437322 0.13056536
vn 0.538749158 0.525118947 0.658786356
vn 0.730776548 -0.219744965 0.646279991
vn -0.549963355 0.804886162 -0.222931951
vn 0.72248435 0.598825514 0.345578521
vn -0.410704583 0.675707579 -0.61216104
vn -0.412218988 0.713805556 -0.566177607
vn -0.236688048 0.471599579 -0.849454284
vn 0.639923394 0.118829101 -0.759195387
vn 0.979098082 0.2001037 0.036408443
vn 0.673104644 -0.187192962 0.715464056
vn -0.182040066 0.396438748 -0.89983207
vn -0.10540051 0.274195671 -0.955880463
vn 0.684861839 -0.0192664992 -0.728418171
vn 0.739310682 -0.356014878 -0.57155323
vn 0.99243474 -0.0418322533 0.115427122
vn 0.632466435 -0.19337979 0.75006026
vn -0.0701646134 0.235778391 -0.969270647
vn -0.0417585932 -0.0592191443 -0.997371197
vn 0.8703385 -0.471115887 0.143390462
vn 0.631866813 -0.239376664 0.737185955
vn -0.0138830459 -0.118209638 -0.99289155
vn 0.00521801831 -0.387577116 -0.921822548
vn 0.266621709 -0.465800732 -0.843766868
vn 0.73790133 -0.650693834 0.179162204
vn 0.641323268 -0.224364549 0.733733654
vn 0.665471494 -0.213287815 0.715301335
vn 0.0107999286 -0.485446006 -0.874199986
vn 0.0855778381 -0.543501973 -0.835034192
vn 0.213512093 -0.671068788 -0.709985375
vn 0.0346706808 -0.603757322 -0.796413958
vn 0.742252469 -0.629393339 0.23005487
vn -0.0513500832 -0.62373215 -0.779949486
vn 0.628885865 -0.645855069 0.432866961
vn 0.657671571 -0.175708711 0.732526183
vn -0.0746975392 -0.775549054 -0.626852393
vn -0.181558982 -0.796877682 -0.576213777
vn -0.00804124866 -0.887892902 -0.459979802
vn 0.440697402 -0.64005208 0.629379928
vn 0.638115525 -0.189745545 0.746193826
vn -0.289874226 -0.931220472 -0.220910192
vn -0.365627646 -0.929431677 -0.0497307591
vn 0.376821309 -0.846680045 -0.375684112
vn 0.339040786 -0.566541731 0.75105381
vn 0.763958514 -0.350568026 -0.541728258
vn 0.74668014 -0.456501186 -0.483813256
vn 0.679183125 -0.498392761 -0.538808823
vn 0.801886082 -0.449020028 -0.394157171
vn 0.749683619 -0.439457178 -0.494825125
vn 0.530439138 -0.710971951 -0.461685091
vn 0.801720977 -0.596726358 0.0340739414
vn 0.675652266 -0.645460904 -0.356194168
vn 0.733532488 -0.539471567 0.413401157
vn 0.547059178 -0.78522265 -0.29008922
vn 0.468757391 -0.757598221 -0.454215169
vn 0.711104572 -0.701672256 0.0445674025
vn 0.496925354 -0.81990546 -0.284288973
vn 0.413042277 -0.776991069 -0.475058883
vn 0.673875988 -0.611500442 0.414678544
vn 0.642071009 -0.766573489 0.0104862843
vn 0.448943287 -0.849986196 -0.275632918
vn 0.369526535 -0.778965592 -0.506618917
vn 0.594299316 -0.803976834 -0.0207286142
vn 0.658657312 -0.642910957 0.390942544
vn 0.632228374 -0.561106563 0.534272313
vn 0.402743042 -0.875269651 -0.267770678
vn 0.292334318 -0.787913799 -0.541970968
vn 0.546033561 -0.836216748 -0.05087981
vn 0.637363255 -0.675182462 0.371344477
vn 0.357022762 -0.893434465 -0.272598118
vn 0.244255781 -0.808895409 -0.534815192
vn 0.491601348 -0.867365479 -0.0774932802
vn 0.318682283 -0.906325519 -0.2775172
vn 0.259204209 -0.847640932 -0.462944925
vn 0.607073724 -0.450202346 0.654812515
vn 0.62267375 -0.594485164 0.508787572
vn 0.610373199 -0.706852794 0.357496351
vn 0.412373513 -0.899477363 -0.144528329
vn 0.277448416 -0.921284914 -0.272500217
vn 0.275751561 -0.881241679 -0.38389343
vn 0.546271384 -0.319998294 0.774072766
vn 0.612430513 -0.618458867 0.492379457
vn 0.558552563 -0.770775437 0.306470901
vn 0.325213194 -0.926061332 -0.191433594
vn 0.222561792 -0.935567617 -0.274188817
vn 0.241746485 -0.905992985 -0.347469926
vn 0.147963136 -0.9283216 -0.341065973
vn 0.487979025 -0.298454791 0.82024461
vn 0.584762037 -0.646896064 0.489467949
vn 0.455485642 -0.877604008 0.149479523
vn 0.239881903 -0.951492488 -0.192662105
vn 0.110126413 -0.956065536 -0.271681666
vn -0 -0.945802629 -0.324742049
vn 0.126854196 -0.976280928 -0.175452605
vn 0.0104299644 -0.963676572 -0.266868174
vn -0.147963718 -0.928320467 -0.341068923
vn 0.365723342 -0.918795884 0.148527995
vn 0.191017792 -0.974717081 0.115925848
vn 0.042686861 -0.98314935 0.177750424
vn 0.414016068 -0.761896014 0.498101503
vn -0.0150607508 -0.985070229 -0.171492413
vn -0.110126443 -0.956065655 -0.27168119
vn -0.24174577 -0.905988991 -0.347480953
vn -0.126854271 -0.976281166 -0.175451353
vn -0.222561747 -0.935567856 -0.274187982
vn -0.27575773 -0.881240249 -0.383892298
vn -0.277448386 -0.921284854 -0.272500753
vn -0.259208828 -0.847645998 -0.462933093
vn -0.239881933 -0.951492786 -0.192660347
vn -0.318682134 -0.906325102 -0.277518302
vn -0.244257018 -0.808893085 -0.534818232
vn -0.191017851 -0.974717081 0.115926214
vn -0.325213253 -0.926061451 -0.191432908
vn -0.357022583 -0.893434048 -0.272599339
vn -0.292333513 -0.787908196 -0.541979611
vn -0.365723252 -0.918795645 0.148529932
vn -0.412373483 -0.899477124 -0.144530267
vn -0.402742863 -0.875269294 -0.267772168
vn -0.369526803 -0.778964579 -0.506620228
vn -0.455485106 -0.87760359 0.149483621
vn -0.414015979 -0.761895716 0.498102129
vn -0.491601288 -0.867365181 -0.0774967223
vn -0.448943049 -0.849985838 -0.275634348
vn -0.413043082 -0.776990831 -0.475058645
vn -0.558551788 -0.770774662 0.306474119
vn -0.546033621 -0.836216629 -0.0508830063
vn -0.496924996 -0.819905162 -0.284290344
vn -0.46875906 -0.757599175 -0.454211861
vn -0.203534439 -0.798314035 0.566805482
vn -0.492696851 -0.746748328 0.446784884
vn -0.610372663 -0.706852376 0.357498288
vn -0.594299197 -0.803976715 -0.0207313988
vn -0.54705888 -0.785222352 -0.290090621
vn -0.530442894 -0.710973024 -0.461679131
vn -0.637362897 -0.675182045 0.371345937
vn -0.642071009 -0.766573548 0.0104839988
vn -0.658657014 -0.642910719 0.390943468
vn -0.5847615 -0.646895647 0.48946923
vn -0.612430274 -0.618458748 0.492379785
vn -0.62267375 -0.594485462 0.508787215
vn -0.550560117 -0.66871798 0.499699831
vn -0.675652087 -0.645460784 -0.356194556
vn -0.711104512 -0.701672375 0.0445657633
vn -0.673875928 -0.61150068 0.414678305
vn -0.632228732 -0.561107159 0.534271002
vn -0.749683499 -0.439456999 -0.494825482
vn -0.679150224 -0.498372197 -0.538869262
vn -0.763927579 -0.350544244 -0.541787207
vn -0.746680498 -0.456501514 -0.48381266
vn -0.376778185 -0.846695364 -0.375692934
vn -0.801885784 -0.44901967 -0.394158036
vn -0.801720917 -0.596726596 0.0340731554
vn -0.733532608 -0.539471745 0.41340071
vn -0.695019424 -0.480705649 0.534668088
vn -0.791558087 -0.452228904 0.411004573
vn -0.880204082 -0.471682847 0.0524992459
vn -0.809997618 -0.439835608 -0.387877107
vn -0.681169152 -0.680504978 -0.270040065
vn -0.820772231 -0.389289916 0.418074578
vn -0.896594763 -0.441178232 0.0384663269
vn -0.745610595 -0.393100381 0.538086414
vn -0.878229618 -0.427788675 -0.213797882
vn -0.607074261 -0.450202972 0.654811621
vn -0.650865197 -0.365121126 0.665628433
vn -0.57856369 -0.522014081 0.626709938
vn -0.574009418 -0.548782527 0.607742548
vn -0.567326367 -0.572184861 0.592237592
vn -0.550502539 -0.599035144 0.581467092
vn -0.514810562 -0.611391425 0.600974679
vn -0.512808025 -0.553751349 0.656039178
vn -0.466800094 -0.626622379 0.624053001
vn -0.489438444 -0.571392775 0.658756614
vn -0.4098306 -0.648204386 0.641771078
vn -0.432849526 -0.58071512 0.689500749
vn -0.520143807 -0.508220017 0.68641293
vn -0.521548569 -0.533989787 0.665463686
vn -0.464549273 -0.463972688 0.754270077
vn -0.460079163 -0.417744845 0.783464372
vn -0.515689671 -0.469034433 0.716987371
vn -0.475574434 -0.508476317 0.717830598
vn -0.520324826 -0.402347982 0.753245175
vn -0.546271503 -0.319998503 0.774072528
vn -0.467110723 -0.363511503 0.806019127
vn -0.45001927 -0.525254548 0.722212136
vn -0.44268623 -0.479501903 0.757698417
vn -0.389556676 -0.517803133 0.761659741
vn -0.574018002 -0.246115685 0.780980468
vn -0.487978637 -0.298454881 0.820244789
vn -0.423894137 -0.328388363 0.844082236
vn -0.681001544 -0.291178942 0.671901584
vn -0.76741457 -0.337259322 0.545280695
vn -0.836932838 -0.355763495 0.415903538
vn -0.91340518 -0.405285716 0.0378756523
vn -0.703379214 -0.239918992 0.669101357
vn -0.783822358 -0.299866587 0.543785334
vn -0.605029941 -0.18614462 0.774137557
vn -0.850519538 -0.307270706 0.426850438
vn -0.71791935 -0.178557098 0.672836721
vn -0.79294461 -0.242308289 0.559039772
vn -0.920477927 -0.388432443 0.0429026373
vn -0.852584422 -0.268744558 0.44819203
vn -0.903680563 -0.39135772 -0.17378293
vn -0.783967912 -0.189833403 0.59106487
vn -0.533587337 -0.14630644 0.832993925
vn -0.517529249 -0.22624141 0.825214088
vn -0.444358766 -0.260205656 0.857227147
vn -0.45767346 -0.18377097 0.869921327
vn -0.41131255 -0.21043323 0.886870861
vn -0.624016643 -0.115288816 0.772859395
vn -0.553984284 -0.0743523091 0.829200268
vn -0.72709167 -0.135945618 0.672946155
vn -0.463050097 -0.108782806 0.879631102
vn -0.63269788 -0.0720366985 0.771040976
vn -0.40939492 -0.270949185 0.871195912
vn -0.441916853 -0.18121095 0.87856251
vn -0.410249382 -0.109975383 0.905318141
vn -0.405483603 -0.0364680961 0.913374662
vn -0.418797404 -0.357982248 0.834540308
vn -0.412704825 -0.369851649 0.832396805
vn -0.402680933 -0.380807549 0.832366288
vn -0.395784378 -0.345184505 0.851000845
vn -0.403051853 -0.319766819 0.857495487
vn -0.426600128 -0.432066262 0.794563413
vn -0.396494389 -0.294631422 0.869473755
vn -0.374007583 -0.331424654 0.866184771
vn -0.420233488 -0.23891376 0.875399351
vn -0.365290493 -0.291160017 0.884188175
vn -0.411795884 -0.448799282 0.793097258
vn -0.408290565 -0.417902708 0.811576307
vn -0.412305504 -0.482504249 0.77278322
vn -0.368670523 -0.498830974 0.784378588
vn -0.314806998 -0.360744208 0.877929568
vn -0.330634743 -0.32738027 0.885156989
vn -0.382634044 -0.439578205 0.812626779
vn -0.343410105 -0.464871317 0.816066265
vn -0.317358315 -0.492578983 0.810339272
vn -0.301879197 -0.473662376 0.827352881
vn -0.334951282 -0.509634674 0.792515159
vn -0.210033223 -0.499697626 0.840350151
vn -0.372098446 -0.573085845 0.730147541
vn -0.223743051 -0.519118011 0.824897289
vn 0.0698614493 -0.49683091 0.865030825
vn -0.20989202 -0.485569119 0.84862715
vn -0.299176157 -0.450026989 0.841409087
vn -0.238175377 -0.62339133 0.744752109
vn 0.0678205937 -0.615751684 0.78501606
vn -0.243869796 -0.584849 0.773614347
vn 0.0687367395 -0.572138369 0.81727159
vn 0.0724081472 -0.520841539 0.850576878
vn 0.223742545 -0.519118011 0.824897408
vn -0.330314815 -0.437394232 0.836408019
vn -0.251539826 -0.433726072 0.865222216
vn 0.059836708 -0.801657915 0.594780624
vn 0.203534216 -0.798314035 0.566805542
vn 0.243869156 -0.584849119 0.773614466
vn 0.238174796 -0.623391449 0.744752288
vn 0.409830421 -0.648204505 0.641770899
vn 0.372098356 -0.573086023 0.730147421
vn 0.466801524 -0.626624227 0.624049962
vn 0.432850629 -0.580716372 0.689498961
vn 0.334951222 -0.509634733 0.79251498
vn 0.492697746 -0.74674958 0.446781725
vn 0.550561309 -0.668719351 0.499696642
vn 0.514811218 -0.611391902 0.600973666
vn 0.489438415 -0.571392477 0.658756852
vn 0.5505023 -0.599034488 0.581467748
vn 0.56732583 -0.572184026 0.592238963
vn 0.512807369 -0.553750336 0.656040549
vn 0.389556915 -0.517803252 0.761659503
vn 0.574008644 -0.548781574 0.607744157
vn 0.578562975 -0.522013187 0.626711309
vn 0.52032423 -0.402347386 0.753245831
vn 0.515689015 -0.469033599 0.716988325
vn 0.460078567 -0.41774413 0.783465028
vn 0.467110485 -0.363511175 0.806019545
vn 0.520143211 -0.508219182 0.686414123
vn 0.464548588 -0.463971764 0.75427103
vn 0.521547973 -0.533988893 0.665464997
vn 0.475573748 -0.508475304 0.71783179
vn 0.423894018 -0.328388333 0.844082296
vn 0.450018764 -0.525253713 0.722212911
vn 0.442685723 -0.47950092 0.757699311
vn 0.444359064 -0.260205835 0.857226908
vn 0.41131267 -0.210433424 0.886870682
vn 0.410249472 -0.10997548 0.905318141
vn 0.441917896 -0.181211442 0.878561974
vn 0.409395039 -0.270949244 0.871195853
vn 0.410666436 0.102514692 0.90600431
vn 0.451168954 -0.0604348369 0.89038986
vn 0.493777722 -0.148250714 0.856857836
vn 0.539017618 0.15545021 0.827825665
vn 0.422409296 0.284728289 0.860523164
vn 0.418797344 -0.357982159 0.834540308
vn 0.32193315 0.288377345 0.901774645
vn 0.323697656 0.335417628 0.884711683
vn 0.394456238 0.454978943 0.798372388
vn 0.462477595 0.500872195 0.731602073
vn 0.412704915 -0.369851679 0.832396746
vn 0.402681142 -0.380807728 0.832366109
vn 0.395784765 -0.345184743 0.851000607
vn 0.277459294 0.196532279 0.940420926
vn 0.00569621194 0.130346045 0.991452217
vn 0.00835443847 0.400892913 0.916086853
vn 0.0392047986 0.503485024 0.863114059
vn 0.426599741 -0.432065576 0.794564009
vn 0.403052092 -0.319766909 0.857495308
vn 0.00569621194 0.130346045 0.991452217
vn -0.229381993 0.0842329636 0.969684839
vn -0.277459741 0.196533233 0.940420568
vn -0.323698103 0.335418433 0.884711206
vn -0.289018929 0.172963455 0.941568732
vn -0.263495922 0.0964611843 0.959825635
vn -0.394456476 0.454978973 0.798372209
vn -0.265538931 0.0102757588 0.964045346
vn -0.321932673 0.288376927 0.901775002
vn -0.280952156 0.127374113 0.951231718
vn -0.346467197 0.183204517 0.919998229
vn -0.422408462 0.284727931 0.860523701
vn -0.283184022 0.0938882157 0.954458833
vn -0.289394468 0.0161389001 0.957073867
vn -0.462479711 0.500873446 0.731599808
vn -0.539018452 0.155450642 0.82782501
vn -0.493776381 -0.14825061 0.856858611
vn -0.451167434 -0.060434591 0.890390635
vn -0.410664201 0.102513783 0.906005383
vn -0.0123122977 0.613504946 0.789594889
vn -0.0123122977 0.613504946 0.789594889
vn -0.523046792 0.489146918 0.697966695
vn 0.523046374 0.489147335 0.697966695
vn -0.598996937 0.405814052 0.69030261
vn 0.598996401 0.405813932 0.690303147
vn -0.0123122977 0.613504946 0.789594889
vn -0.0123122977 0.613504946 0.789594889
vn -0.476256043 0.144622013 0.867332041
vn 0.506354034 0.0283034053 0.86186111
vn 0.00419794861 -0.237478897 0.971383691
vn 0.426821977 -0.27354753 0.861971378
vn -0.426822513 -0.2735475 0.8619712
vn 0.439228535 -0.225387901 0.869642854
vn 0.365290672 -0.291160226 0.884188056
vn -0.0295722 -0.367895007 0.929396987
vn 0.420234174 -0.238914162 0.875398874
vn 0.396495014 -0.294631809 0.869473279
vn 0.374008089 -0.331424981 0.866184413
vn -0.43922767 -0.225387841 0.869643211
vn 0.0450710095 -0.345230103 0.93743521
vn 0.33063513 -0.327380598 0.885156631
vn 0.0229694005 -0.397312015 0.917396069
vn 0.0229694005 -0.397312015 0.917396069
vn 0.314807206 -0.360744387 0.87792927
vn 0.28436178 -0.386996508 0.877138615
vn -0.389660388 0.0486787446 0.919671297
vn -0.28436166 -0.386996329 0.877138674
vn 0.354025602 -0.35620454 0.86474514
vn -0.465918809 -0.0218353365 0.884558022
vn -0.555262983 -0.028979959 0.831169724
vn -0.463226974 0.0365920439 0.88548404
vn -0.354025334 -0.356204331 0.864745378
vn 0.388344169 -0.356774539 0.849647403
vn 0.383144319 -0.361886531 0.849846244
vn -0.377874225 0.0998320058 0.920458913
vn -0.3883439 -0.356774181 0.849647701
vn -0.383144051 -0.361886322 0.849846363
vn -0.342960417 -0.367184937 0.864611626
vn 0.342960596 -0.367185086 0.864611506
vn -0.32500115 0.160496593 0.931995153
vn -0.393045723 -0.384727657 0.835164428
vn -0.266890585 -0.395731211 0.878729939
vn 0.266890615 -0.39573133 0.87872982
vn -0.301971644 0.1001518 0.948041558
vn 0.0848128647 -0.413774699 0.906420112
vn 0.0795267224 -0.418531656 0.904713631
vn -0.255796611 -0.40040949 0.879909277
vn 0.255796611 -0.400409639 0.879909158
vn -0.30166319 0.0716918558 0.950715303
vn -0.334821492 -0.375084758 0.864410818
vn 0.0816685259 -0.425022274 0.901491165
vn 0.334821612 -0.375084937 0.864410639
vn -0.378524423 -0.363554776 0.851203322
vn -0.236464888 -0.409609228 0.881081522
vn 0.236464933 -0.409609377 0.881081402
vn -0.383949459 -0.385787666 0.83889848
vn -0.322829038 -0.386766702 0.863824546
vn 0.0880465284 -0.431341976 0.897881925
vn -0.389881343 -0.405517548 0.82676965
vn -0.393851042 -0.428487539 0.813191116
vn -0.372407198 -0.400157243 0.837369204
vn -0.375702351 -0.394330531 0.838660359
vn -0.377988458 -0.381312609 0.843638241
vn -0.362445265 -0.373047531 0.854089558
vn -0.347720146 -0.381721288 0.856375813
vn -0.306544065 -0.400975972 0.863278091
vn -0.363018781 -0.381998479 0.849879146
vn -0.355533153 -0.418219954 0.83587575
vn -0.311810315 -0.415237755 0.85460633
vn -0.334596694 -0.404958695 0.850913405
vn -0.363069057 -0.386856526 0.847657382
vn -0.352803379 -0.394714206 0.8483693
vn -0.306880593 -0.409945011 0.858934999
vn -0.333717108 -0.397860527 0.854599297
vn -0.352070451 -0.390895575 0.85043925
vn -0.21082598 -0.4283351 0.87868166
vn -0.35414356 -0.387615561 0.851079643
vn -0.349003464 -0.38792935 0.853057742
vn -0.330261052 -0.393838316 0.857798934
vn -0.219309077 -0.425532222 0.877966821
vn -0.158956021 -0.432470232 0.887525976
vn -0.157693863 -0.433579832 0.887209833
vn -0.193799034 -0.420911819 0.886157513
vn 0.10420502 -0.438317597 0.892759264
vn 0.193799064 -0.420911878 0.886157393
vn 0.158956066 -0.432470322 0.887525976
vn 0.306544065 -0.400976151 0.863278031
vn 0.219308972 -0.425532252 0.877966821
vn 0.330261111 -0.393838465 0.857798874
vn -0.169689357 -0.444819897 0.879397988
vn 0.102846257 -0.438714325 0.892721832
vn 0.322829068 -0.38676694 0.863824487
vn 0.347720295 -0.381721556 0.856375635
vn -0.200378031 -0.464910448 0.862384379
vn 0.0727245286 -0.453797162 0.888132513
vn 0.378524721 -0.363555044 0.851203084
vn 0.0690262169 -0.476157546 0.876646757
vn 0.169689253 -0.444819957 0.879397988
vn 0.157693833 -0.433579832 0.887209713
vn 0.251539648 -0.433726132 0.865222216
vn 0.210825935 -0.42833522 0.8786816
vn 0.306880563 -0.40994516 0.858934999
vn 0.200377911 -0.464910448 0.862384498
vn 0.0607373044 -0.494193733 0.867227554
vn 0.209891915 -0.485569149 0.848627031
vn 0.299175918 -0.450026989 0.841409147
vn 0.210033059 -0.499697566 0.840350151
vn 0.301879019 -0.473662376 0.82735306
vn 0.317358196 -0.492579043 0.810339272
vn 0.368670583 -0.498830974 0.784378588
vn 0.343409747 -0.46487096 0.816066563
vn 0.412304908 -0.482503295 0.772784054
vn 0.330314577 -0.437394142 0.836408198
vn 0.411795408 -0.448798567 0.793097913
vn 0.382633656 -0.439577788 0.812627077
vn 0.311810225 -0.415237844 0.85460633
vn 0.355533123 -0.418220073 0.83587575
vn 0.372407287 -0.400157541 0.837368965
vn 0.334596694 -0.404958844 0.850913286
vn 0.333717108 -0.397860736 0.854599178
vn 0.352803439 -0.394714504 0.848369181
vn 0.3520706 -0.390895814 0.850439191
vn 0.35414362 -0.3876158 0.851079464
vn 0.363069147 -0.386856735 0.847657084
vn 0.363019019 -0.381998718 0.849878967
vn 0.349003553 -0.387929589 0.853057563
vn 0.375702471 -0.39433071 0.838660181
vn 0.393850774 -0.428487301 0.813191354
vn 0.389881343 -0.405517638 0.82676965
vn 0.377988636 -0.381312847 0.843638003
vn 0.408290446 -0.41790241 0.811576545
vn 0.383949637 -0.385787904 0.838898361
vn 0.393045992 -0.384727925 0.835164309
vn 0.362445444 -0.373047799 0.854089379
vn -0.00846785773 0.342507005 0.939477086
vn -0.201936856 0.332657903 0.921173275
vn -0.25069508 0.185845673 0.950059652
vn -0.191016629 0.517776966 0.833918273
vn -0.229566947 0.937360227 0.262020648
vn -0.344782114 0.528480172 0.775779545
vn -0.182616413 0.0278108194 0.982790828
vn -0.290999413 0.0151512055 0.956603289
vn -0.503932118 0.572554171 0.646710157
vn -0.461134166 0.864381731 0.200497955
vn -0.202967897 -0.196243465 0.959318817
vn -0.75603652 0.522577465 0.394108415
vn -0.651312113 0.758405983 0.0247584041
vn -0.852998197 0.460382223 0.245849982
vn -0.790364444 0.57197547 -0.219472528
vn -0.833067954 0.463776112 -0.301512033
vn -0.688335657 0.364319265 0.627268374
vn -0.482392669 0.368079454 0.794867814
vn -0.919844747 0.36162284 0.152034298
vn -0.854070544 0.305949479 -0.4206644
vn -0.969540715 0.244421929 -0.0157733429
vn -0.809558094 0.05409123 -0.584542334
vn -0.869265079 0.297485679 0.394817084
vn -0.919725358 0.0901619866 0.382068187
vn -0.968002379 0.000405762927 -0.25094071
vn -0.815973639 0.0043488536 -0.578072727
vn -0.801762164 0.339871109 0.491594404
vn -0.809622407 0.249004886 0.531514883
vn -0.741021752 0.276207626 0.612042546
vn -0.62308383 0.264397323 0.73611176
vn -0.779286802 0.191900253 0.596562028
vn -0.475351393 0.2248763 0.850571394
vn -0.590038061 0.194648772 0.783560455
vn -0.709225953 0.203282431 0.675036907
vn -0.34087649 0.330681324 0.880030215
vn -0.354610085 0.187463254 0.916029096
vn -0.459880233 0.162445992 0.872995615
vn -0.377098352 0.116579644 0.918806851
vn -0.394593 0.0641935244 0.916610837
vn -0.351324916 -0.0587237179 0.934410095
vn -0.283302665 -0.205912516 0.936664104
vn -0.373471946 -0.148214296 0.915724397
vn -0.275938183 -0.206199318 0.938797057
vn -0.329610586 -0.24519743 0.911720872
vn -0.301156849 -0.199275896 0.932520151
vn -0.297741562 -0.0758314431 0.951629996
vn -0.341387153 -0.174055055 0.923666418
vn -0.308862478 0.00846941303 0.951069057
vn -0.354857028 -0.220099717 0.908643246
vn -0.331346333 -0.0850525871 0.939667881
vn -0.354814976 -0.177756876 0.9178828
vn -0.315345824 0.0576498061 0.947224081
vn -0.327933282 -0.00657427451 0.944678068
vn -0.350562811 -0.0895027965 0.932252645
vn -0.315191925 0.090141274 0.944737315
vn -0.338682145 0.125310495 0.932519019
vn -0.376988441 0.121963777 0.91815275
vn -0.451277107 0.0649223253 0.890019119
vn -0.533392012 0.0122114066 0.845780015
vn -0.609925151 -0.0302401781 0.7918818
vn -0.699967384 -0.100924142 0.707007885
vn -0.333188236 0.0819832608 0.939289212
vn -0.336057365 0.0498307049 0.940522432
vn -0.347321987 0.0923349708 0.933188915
vn -0.3426525 -0.0076393066 0.939431131
vn -0.378164321 0.108701713 0.919334352
vn -0.434072852 0.0881296396 0.896556735
vn -0.476356924 0.0673912913 0.876665592
vn -0.571150362 0.00702391891 0.820815325
vn -0.631192267 -0.0441634916 0.774368107
vn -0.358407885 -0.107721306 0.927329421
vn -0.683515072 -0.0836833492 0.725123584
vn -0.359491408 -0.167401165 0.918010294
vn -0.362433016 -0.172663525 0.915876508
vn -0.722693443 -0.117383294 0.681127965
vn -0.696009338 -0.0972705409 0.711413682
vn -0.367430657 -0.187067792 0.911043584
vn -0.370910168 -0.190275177 0.908966959
vn -0.360751122 -0.202976763 0.910307169
vn -0.376798064 -0.237016186 0.895458937
vn -0.378969967 -0.211317912 0.900958538
vn -0.760043263 -0.156740919 0.630687416
vn -0.731382787 -0.129027694 0.669649959
vn -0.705906749 -0.111224614 0.699517548
vn -0.753417253 -0.149558708 0.640308261
vn -0.802530587 -0.201805308 0.561443925
vn -0.731507003 -0.13263002 0.668809831
vn -0.369176269 -0.249290451 0.895300567
vn -0.776819408 -0.171299607 0.605977058
vn -0.855081856 -0.260624945 0.448229432
vn -0.818599939 -0.210596874 0.534362197
vn -0.769094884 -0.165683836 0.617285788
vn -0.72841537 -0.131361902 0.672424734
vn -0.70585227 -0.113018662 0.699284971
vn -0.75384742 -0.152043268 0.639215946
vn -0.727001905 -0.142919213 0.671596944
vn -0.702686191 -0.126470238 0.700169563
vn -0.695065796 -0.133794367 0.706387043
vn -0.752951205 -0.152557105 0.640149176
vn -0.716795981 -0.146658376 0.681685269
vn -0.66962719 -0.130235165 0.731189609
vn -0.775269926 -0.172321528 0.607669175
vn -0.74830246 -0.155148581 0.644959211
vn -0.770933688 -0.170482621 0.613674998
vn -0.811662257 -0.204462811 0.547173977
vn -0.813387513 -0.20657365 0.543808818
vn -0.764187872 -0.177229598 0.6201666
vn -0.736643016 -0.158952445 0.657336414
vn -0.793396652 -0.208183452 0.571997702
vn -0.705736518 -0.152723417 0.691817522
vn -0.670851886 -0.201432437 0.713710606
vn -0.644139171 -0.152947858 0.749460936
vn -0.615102708 -0.174263597 0.768947899
vn -0.726158321 -0.165955439 0.667197824
vn -0.751982808 -0.180493936 0.633990407
vn -0.782651842 -0.205271274 0.587639272
vn -0.828422666 -0.22165823 0.5143767
vn -0.698726356 -0.209412068 0.684052646
vn -0.732776582 -0.219336525 0.644150496
vn -0.785015702 -0.239876926 0.571147442
vn -0.68714416 -0.274851799 0.672524631
vn -0.657172799 -0.245694295 0.712571621
vn -0.856190979 -0.24864319 0.452894598
vn -0.647603035 -0.21538341 0.730903804
vn -0.618614972 -0.225717962 0.75257349
vn -0.580679834 -0.200779483 0.788985789
vn -0.594767451 -0.295894861 0.747460902
vn -0.563318431 -0.24428311 0.789302349
vn -0.534212649 -0.219528466 0.816348016
vn -0.642197371 -0.222241536 0.7336151
vn -0.524403453 -0.292582929 0.799622595
vn -0.490545273 -0.262679696 0.830881953
vn -0.487686843 -0.230396271 0.842068315
vn -0.596838057 -0.0935167223 0.796893299
vn -0.461016774 -0.254324675 0.850166142
vn -0.419362575 -0.27422592 0.865410388
vn -0.44027409 -0.23490566 0.866589844
vn -0.521042049 -0.066383943 0.850945592
vn -0.430727899 -0.100140885 0.89690876
vn -0.420973033 -0.235282019 0.876027405
vn -0.391863465 -0.260610849 0.88234061
vn -0.396016687 -0.230740577 0.888779819
vn -0.392909527 -0.253902465 0.88383007
vn -0.56594348 0.0938447341 0.819085538
vn -0.419083297 -0.212382957 0.882758498
vn -0.398282558 -0.212579772 0.892289698
vn -0.369261861 -0.244189724 0.896669984
vn -0.406455129 -0.117145136 0.906129777
vn -0.376332968 -0.227883652 0.89802146
vn -0.445357591 0.0615990385 0.893231332
vn -0.65871042 0.0679642186 0.749320567
vn -0.721794307 0.00483166194 0.692090869
vn -0.758562326 -0.22703582 0.610768259
vn -0.946959734 -0.149444744 0.284488231
vn -0.927783787 -0.270947009 0.25652492
vn -0.924319983 -0.281875402 -0.257252455
vn -0.903409898 -0.344604522 -0.255143762
vn -0.912404835 0.367042899 0.181099549
vn -0.917151093 -0.347730875 -0.19472301
vn -0.928907096 -0.319797099 0.186711922
vn -0.929266036 -0.339132369 0.146471813
vn -0.935946524 -0.322486937 -0.141443253
vn -0.858089209 -0.253306866 0.446674973
vn -0.860284269 -0.255885303 0.440946281
vn -0.927721679 -0.362775445 0.0878999755
vn -0.928245962 -0.349886417 -0.126249716
vn -0.926249981 -0.344562411 -0.15276666
vn -0.935923159 -0.30781129 -0.171172708
vn -0.899321675 -0.389449 -0.198871821
vn -0.879204392 -0.430240929 -0.204676375
vn -0.663988829 -0.24669978 0.705874026
vn -0.747968018 -0.301049858 0.591534257
vn -0.748808563 -0.291844726 0.595073462
vn -0.739977837 -0.281357974 0.610958695
vn -0.339041442 -0.566540778 0.751054227
vn -0.638118863 -0.189746946 0.746190667
vn -0.637413681 -0.196247667 0.745111048
vn -0.722502351 -0.290460289 0.627393842
vn -0.541996717 0.102375917 0.834121585
vn -0.714792907 -0.26554814 0.64695847
vn -0.733694077 -0.24640803 0.633226752
vn -0.440700442 -0.640055239 0.629374623
vn -0.657674074 -0.175709516 0.73252362
vn 0.365627557 -0.929431558 -0.0497335345
vn 0.00802436192 -0.88788718 -0.459991395
vn -0.628888786 -0.645855725 0.432861775
vn -0.665467918 -0.213286966 0.715304911
vn 0.181558579 -0.796878517 -0.576212704
vn -0.213523701 -0.671061635 -0.709988713
vn 0.289873898 -0.931219518 -0.220915034
vn 0.0746972486 -0.775548935 -0.626852572
vn -0.742252111 -0.629392803 0.23005788
vn 0.0513485894 -0.623735845 -0.779946744
vn -0.73789978 -0.650693297 0.179170325
vn -0.641320884 -0.22436364 0.733736038
vn -0.631865859 -0.239376098 0.737186968
vn -0.0346697196 -0.603756726 -0.796414375
vn -0.0855792537 -0.543504715 -0.835032284
vn -0.266608208 -0.465804011 -0.843769252
vn -0.870336592 -0.471117616 0.143396124
vn -0.632466376 -0.193379611 0.75006038
vn -0.0107991789 -0.485450715 -0.874197364
vn -0.00521827256 -0.387577921 -0.92182219
vn -0.739310384 -0.356014907 -0.571553707
vn -0.992434621 -0.0418321528 0.115427777
vn -0.673102796 -0.187192529 0.715466022
vn 0.0138835283 -0.118211806 -0.992891312
vn 0.0417590216 -0.0592197366 -0.997371197
vn -0.979097843 0.200104415 0.0364103653
vn -0.73077774 -0.21974504 0.64627856
vn 0.0701668188 0.235780254 -0.969269991
vn 0.105400667 0.274194807 -0.955880642
vn -0.684862614 -0.0192664545 -0.728417397
vn -0.639922738 0.118828818 -0.759195983
vn 0.182041585 0.396440357 -0.899830997
vn 0.236687467 0.471598625 -0.849454939
vn -0.800150454 0.29392606 -0.522844732
vn -0.722486138 0.598825037 0.345575362
vn 0.412219077 0.713806212 -0.566176653
vn 0.549962759 0.804885626 -0.222935066
vn -0.53875196 0.525121987 0.658781648
vn 0.410705119 0.675708532 -0.61215955
vn 0.532957792 0.735544741 -0.418246359
vn -0.529725432 0.736678243 -0.420352399
vn 0.714930534 0.6935727 -0.088494502
vn 0.678996503 0.722437918 0.130565122
vn -0.79860121 0.154301062 -0.581744969
vn -0.787039459 0.230958864 -0.572037518
vn -0.833502114 0.171554461 -0.525207877
vn -0.746142209 0.0614838041 -0.662941575
vn -0.867323518 0.256131053 -0.426786602
vn -0.782582819 0.220951647 -0.582017541
vn -0.852126539 0.284525186 -0.439233094
vn -0.782863855 0.229301333 -0.578398585
vn -0.773588479 0.255796403 -0.579766273
vn -0.606770754 0.029978117 0.794311464
vn -0.94107163 0.0422323495 -0.335560322
vn -0.865623176 0.3861534 -0.318719476
vn -0.762162685 0.274706513 -0.58621192
vn -0.743349671 0.167446524 -0.647605479
vn -0.86937201 -0.485729665 -0.0908795819
vn -0.646676302 -0.0627465621 -0.760179341
vn -0.493272424 -0.361775994 0.791075468
vn 0.0861405134 -0.0438316837 0.995318353
vn -0.571152866 0.314682603 0.758128881
vn -0.706940532 -0.67873311 -0.198887929
vn -0.587715805 -0.158166677 -0.793456674
vn -0.903752685 0.314313948 -0.290581912
vn -0.599104285 0.257057697 -0.758284569
vn -0.534477532 0.289000928 -0.794236898
vn -0.234344721 0.611761689 0.75553298
vn 0.134017855 0.676966846 0.723709226
vn -0.397264957 0.880749881 0.257798702
vn -0.217961073 0.96066165 0.172110721
vn -0.411069542 0.379540622 -0.828837037
vn -0.192196727 0.524200201 -0.829623103
vn -0.168599039 -0.985419393 -0.0228678416
vn -0.545311749 -0.251442969 -0.799632132
vn -0.322792977 -0.451067716 -0.832071245
vn -0.0147831934 0.985176682 -0.170904607
vn 0.257063448 0.914748609 0.311694413
vn -0.0853405893 0.560643375 -0.823647916
vn 0.0364586264 0.541038573 -0.84020704
vn 0.38924396 0.879614413 0.273436904
vn 0.372882515 0.485899538 -0.790480971
vn 0.476812601 0.496565044 0.725308836
vn 0.641636252 -0.211349994 0.737315416
vn 0.862621725 0.504645407 0.0348824784
vn 0.973666131 0.141212344 0.178978592
vn 0.647538066 0.601511717 -0.467844188
vn 0.837046683 0.146489233 -0.527156413
vn 0.858787656 -0.0935776532 -0.503713131
vn 0.990789473 -0.00113299454 0.135406986
vn 0.800968051 -0.264235944 -0.537242591
vn 0.959901929 -0.280277401 -0.00572394999
vn 0.891946614 -0.451997012 0.0113992048
vn 0.640618742 -0.43441999 -0.6331563
vn 0.735697925 -0.598082244 0.31787765
vn 0.441560417 -0.56160754 -0.699729562
vn 0.179202974 -0.569608867 -0.802142203
vn 0.655046046 -0.719667017 0.230204195
vn 0.375917107 -0.578028023 0.724272013
vn 0.0624086782 -0.941977918 -0.329822451
vn -0.164288193 -0.559085608 -0.812670052
vn -0.0764712021 -0.994190753 -0.0757418051
vn -0.124433018 -0.63583374 0.761729538
vn -0.660377324 -0.232132241 0.714154303
vn -0.733694077 -0.24640803 0.633226752
vn -0.714792907 -0.26554814 0.64695847
vn -0.722502351 -0.290460289 0.627393842
vn -0.73077774 -0.21974504 0.64627856
vn -0.739977837 -0.281357974 0.610958695
vn -0.673102796 -0.187192529 0.715466022
vn -0.632466376 -0.193379611 0.75006038
vn -0.631865859 -0.239376098 0.737186968
vn -0.748808563 -0.291844726 0.595073462
vn -0.678373039 -0.217001393 0.701940417
vn -0.641320884 -0.22436364 0.733736038
vn -0.747968018 -0.301049858 0.591534257
vn -0.665467918 -0.213286966 0.715304911
vn -0.663988829 -0.24669978 0.705874026
vn -0.657674074 -0.175709516 0.73252362
vn -0.638118863 -0.189746946 0.746190667
vn 0.730776548 -0.219744965 0.646279991
vn 0.660379052 -0.232132822 0.714152634
vn 0.733692884 -0.246407539 0.633228183
vn 0.673104644 -0.187192962 0.715464056
vn 0.714793324 -0.26554814 0.646958053
vn 0.632466435 -0.19337979 0.75006026
vn 0.722504437 -0.290460974 0.627391219
vn 0.631866813 -0.239376664 0.737185955
vn 0.739979923 -0.281358898 0.610955715
vn 0.641323268 -0.224364549 0.733733654
vn 0.678376257 -0.217002377 0.701937079
vn 0.74881041 -0.291845471 0.59507066
vn 0.665471494 -0.213287815 0.715301335
vn 0.747968733 -0.301050246 0.591533124
vn 0.657671571 -0.175708711 0.732526183
vn 0.663989842 -0.246699974 0.705873013
vn 0.638115525 -0.189745545 0.746193826
vn 9.84243798E-07 0.0473576486 -0.998877943
vn 0.123111308 -0.0913675278 -0.988177955
vn -0 -0.109343655 -0.994004071
vn 0.312345743 0.0234439932 -0.949679136
vn -0.128896594 -0.408767462 0.903490365
vn -1.16782655E-06 -0.442677736 0.896680832
vn -1.40628416E-07 -0.258603126 0.965983689
vn -0.278340846 -0.250767261 0.927168906
vn -0.245631456 -0.487438709 0.837895453
vn 0.243913248 -0.149847165 -0.958150446
vn -0.394393146 -0.44535318 0.803812563
vn -0.605415463 -0.24348399 0.757751644
vn 0.380289823 -0.20916383 -0.900905132
vn 0.671841204 -0.0219807364 -0.740369081
vn -0.606409252 -0.537806273 0.585689545
vn -0.801873684 -0.208702207 0.559859037
vn 0.611318707 -0.309090018 -0.728527725
vn -0.679426372 -0.634854257 0.367885739
vn -0.95798409 -0.251760542 0.137416154
vn 0.750448763 -0.367337227 -0.549445212
vn 0.851413608 -0.0476625301 -0.5223248
vn 0.981296837 -0.0895185024 -0.170420274
vn -0.757246196 -0.652422369 0.0303851571
vn -0.957474768 -0.276931167 -0.0809398517
vn 0.771428704 -0.575611174 -0.271237314
vn -0.718598783 -0.644272566 -0.261779934
vn -0.218379453 -0.600973427 -0.768857181
vn 0.721846759 -0.619560361 -0.308353901
vn 0.993128538 -0.108228602 -0.0445224196
vn 0.236018732 -0.611210644 -0.755457938
vn 0.128899276 -0.40877074 0.903488517
vn -1.40628416E-07 -0.258603126 0.965983689
vn 0.278339416 -0.250767142 0.927169323
vn -1.16782655E-06 -0.442677736 0.896680832
vn -0.1231075 -0.091363214 -0.98817879
vn -0 -0.109343655 -0.994004071
vn 9.84243798E-07 0.0473576486 -0.998877943
vn -0.312344015 0.023443643 -0.949679673
vn 0.245633274 -0.487439424 0.83789444
vn -0.243907124 -0.14984405 -0.958152413
vn -0.38028881 -0.209166735 -0.900904953
vn -0.671838164 -0.0219803751 -0.740371764
vn 0.394388169 -0.445349574 0.803817034
vn 0.605412781 -0.243483067 0.757754207
vn 0.606408715 -0.53780508 0.585691214
vn 0.801877558 -0.208703741 0.559852719
vn -0.611313343 -0.309089541 -0.728532553
vn 0.67942822 -0.63485229 0.367885739
vn 0.957984328 -0.251760334 0.137414247
vn -0.75044781 -0.367338926 -0.549445212
vn -0.851410687 -0.0476620644 -0.522329628
vn -0.981296599 -0.089518711 -0.170421138
vn 0.757245481 -0.652422905 0.0303922072
vn 0.957475424 -0.276930541 -0.0809332952
vn -0.771428943 -0.575613737 -0.271230727
vn 0.718598664 -0.644274294 -0.261775941
vn 0.218387052 -0.600986481 -0.768844783
vn -0.721849024 -0.619560719 -0.30834803
vn -0.993128181 -0.108229823 -0.0445275567
vn -0.236018449 -0.61121738 -0.755452633
vn -0.662175179 0.191002861 0.724597812
vn -0.104652435 0.989214599 0.102481619
vn -0.103518903 0.905415237 -0.411712289
vn -0.961525738 0.0387903415 0.271962643
vn 0.591336071 0.0977254137 0.800481915
vn -0.984095812 -0.0617422648 0.166562855
vn 0.899127722 0.107066438 0.424389064
vn -0.155603856 0.643554509 -0.749416471
vn -0.995091915 0.0768438429 0.0623476729
vn 0.958692372 0.095400922 0.26796934
vn -0.115056738 0.3693057 -0.922157943
vn 0.19556658 0.442856133 0.875004172
vn 0.945325136 0.319640994 -0.0647297204
vn 0.662171364 0.191003993 0.724600971
vn 0.961522639 0.0387880914 0.27197361
vn 0.103519306 0.905416787 -0.411708802
vn 0.104651064 0.989212871 0.102499783
vn -0.591330469 0.0977322683 0.800485313
vn 0.984096527 -0.061746899 0.166557342
vn -0.89912194 0.107070766 0.4244003
vn 0.155604228 0.643535614 -0.749432623
vn 0.995090246 0.0768559054 0.0623586439
vn -0.958706141 0.0953629538 0.267933458
vn 0.115058646 0.369296193 -0.92216152
vn -0.195566639 0.442856371 0.875003994
vn -0.945333421 0.319615811 -0.0647347569
vn -0 1 0
vn -0 1 0
vn -0 1 0
vn -0 1 0
vn -0 1 0
vn -0 1 0
vn -0 1 0
vn -0 1 0
vn -0 1 0
vn -0 1 0
vn -0 1 0
vn -0 1 0
vn -0 1 0
vn -0 1 0
g Face_0
f 3/3/3 2/2/2 1/1/1
f 6/6/6 5/5/5 4/4/4
f 9/9/9 8/8/8 7/7/7
f 12/12/12 11/11/11 10/10/10
f 15/15/15 14/14/14 13/13/13
f 18/18/18 17/17/17 16/16/16
f 21/21/21 20/20/20 19/19/19
f 24/24/24 23/23/23 22/22/22
f 27/27/27 26/26/26 25/25/25
f 30/30/30 29/29/29 28/28/28
f 33/33/33 32/32/32 31/31/31
f 36/36/36 35/35/35 34/34/34
f 39/39/39 38/38/38 37/37/37
f 42/42/42 41/41/41 40/40/40
f 45/45/45 44/44/44 43/43/43
f 48/48/48 47/47/47 46/46/46
f 51/51/51 50/50/50 49/49/49
f 54/54/54 53/53/53 52/52/52
f 55/55/55 54/54/54 52/52/52
f 56/56/56 54/54/54 55/55/55
f 57/57/57 56/56/56 55/55/55
f 58/58/58 55/55/55 52/52/52
f 57/57/57 55/55/55 58/58/58
f 59/59/59 58/58/58 52/52/52
f 60/60/60 57/57/57 58/58/58
f 59/59/59 61/61/61 58/58/58
f 58/58/58 62/62/62 60/60/60
f 61/61/61 62/62/62 58/58/58
f 62/62/62 63/63/63 60/60/60
f 64/64/64 62/62/62 61/61/61
f 63/63/63 62/62/62 64/64/64
f 67/67/67 66/66/66 65/65/65
f 67/67/67 65/65/65 68/68/68
f 69/69/69 67/67/67 68/68/68
f 69/69/69 68/68/68 70/70/70
f 68/68/68 71/71/71 70/70/70
f 71/71/71 72/72/72 70/70/70
f 72/72/72 73/73/73 70/70/70
f 74/74/74 73/73/73 72/72/72
f 75/75/75 74/74/74 72/72/72
f 74/74/74 76/76/76 73/73/73
f 74/74/74 75/75/75 77/77/77
f 76/76/76 78/78/78 73/73/73
f 75/75/75 79/79/79 77/77/77
f 78/78/78 80/80/80 73/73/73
f 77/77/77 79/79/79 81/81/81
f 78/78/78 82/82/82 80/80/80
f 82/82/82 83/83/83 80/80/80
f 84/84/84 83/83/83 82/82/82
f 79/79/79 85/85/85 81/81/81
f 81/81/81 85/85/85 86/86/86
f 85/85/85 87/87/87 86/86/86
f 86/86/86 87/87/87 88/88/88
f 89/89/89 86/86/86 88/88/88
f 89/89/89 88/88/88 90/90/90
f 88/88/88 91/91/91 90/90/90
f 90/90/90 91/91/91 92/92/92
f 93/93/93 90/90/90 92/92/92
f 93/93/93 92/92/92 94/94/94
f 95/95/95 93/93/93 94/94/94
f 95/95/95 94/94/94 96/96/96
f 97/97/97 95/95/95 96/96/96
f 98/98/98 97/97/97 96/96/96
f 99/99/99 98/98/98 96/96/96
f 99/99/99 100/100/100 98/98/98
f 100/100/100 101/101/101 98/98/98
f 101/101/101 102/102/102 98/98/98
f 101/101/101 100/100/100 103/103/103
f 100/100/100 104/104/104 103/103/103
f 101/101/101 103/103/103 105/105/105
f 103/103/103 104/104/104 106/106/106
f 104/104/104 107/107/107 106/106/106
f 101/101/101 105/105/105 108/108/108
f 109/109/109 101/101/101 108/108/108
f 106/106/106 107/107/107 110/110/110
f 111/111/111 106/106/106 110/110/110
f 109/109/109 108/108/108 112/112/112
f 108/108/108 113/113/113 112/112/112
f 111/111/111 110/110/110 114/114/114
f 110/110/110 115/115/115 114/114/114
f 113/113/113 116/116/116 112/112/112
f 116/116/116 117/117/117 112/112/112
f 114/114/114 115/115/115 118/118/118
f 119/119/119 114/114/114 118/118/118
f 119/119/119 118/118/118 120/120/120
f 118/118/118 121/121/121 120/120/120
f 120/120/120 121/121/121 122/122/122
f 121/121/121 123/123/123 122/122/122
f 122/122/122 123/123/123 124/124/124
f 123/123/123 125/125/125 124/124/124
f 124/124/124 125/125/125 126/126/126
f 117/117/117 116/116/116 127/127/127
f 116/116/116 128/128/128 127/127/127
f 127/127/127 128/128/128 129/129/129
f 130/130/130 127/127/127 129/129/129
f 130/130/130 129/129/129 131/131/131
f 134/134/134 133/133/133 132/132/132
f 135/135/135 133/133/133 134/134/134
f 136/136/136 135/135/135 134/134/134
f 137/137/137 135/135/135 136/136/136
f 138/138/138 137/137/137 136/136/136
f 139/139/139 137/137/137 138/138/138
f 140/140/140 139/139/139 138/138/138
f 139/139/139 140/140/140 141/141/141
f 140/140/140 142/142/142 141/141/141
f 142/142/142 143/143/143 141/141/141
f 135/135/135 144/144/144 133/133/133
f 144/144/144 145/145/145 133/133/133
f 133/133/133 145/145/145 146/146/146
f 147/147/147 144/144/144 135/135/135
f 137/137/137 147/147/147 135/135/135
f 148/148/148 147/147/147 137/137/137
f 139/139/139 148/148/148 137/137/137
f 149/149/149 148/148/148 139/139/139
f 141/141/141 149/149/149 139/139/139
f 150/150/150 149/149/149 141/141/141
f 151/151/151 150/150/150 141/141/141
f 143/143/143 151/151/151 141/141/141
f 152/152/152 150/150/150 151/151/151
f 153/153/153 151/151/151 143/143/143
f 151/151/151 153/153/153 154/154/154
f 153/153/153 155/155/155 154/154/154
f 155/155/155 156/156/156 154/154/154
f 157/157/157 153/153/153 143/143/143
f 155/155/155 153/153/153 157/157/157
f 158/158/158 155/155/155 157/157/157
f 158/158/158 159/159/159 155/155/155
f 159/159/159 160/160/160 155/155/155
f 160/160/160 159/159/159 161/161/161
f 159/159/159 162/162/162 161/161/161
f 161/161/161 162/162/162 163/163/163
f 164/164/164 161/161/161 163/163/163
f 165/165/165 164/164/164 163/163/163
f 166/166/166 165/165/165 163/163/163
f 167/167/167 165/165/165 166/166/166
f 168/168/168 167/167/167 166/166/166
f 169/169/169 167/167/167 168/168/168
f 170/170/170 169/169/169 168/168/168
f 171/171/171 169/169/169 170/170/170
f 172/172/172 171/171/171 170/170/170
f 171/171/171 173/173/173 169/169/169
f 173/173/173 174/174/174 169/169/169
f 175/175/175 171/171/171 172/172/172
f 176/176/176 175/175/175 172/172/172
f 175/175/175 177/177/177 171/171/171
f 177/177/177 173/173/173 171/171/171
f 178/178/178 175/175/175 176/176/176
f 179/179/179 178/178/178 176/176/176
f 180/180/180 178/178/178 179/179/179
f 181/181/181 180/180/180 179/179/179
f 181/181/181 182/182/182 180/180/180
f 182/182/182 183/183/183 180/180/180
f 183/183/183 182/182/182 184/184/184
f 185/185/185 183/183/183 184/184/184
f 184/184/184 186/186/186 185/185/185
f 186/186/186 187/187/187 185/185/185
f 186/186/186 188/188/188 187/187/187
f 188/188/188 189/189/189 187/187/187
f 190/190/190 189/189/189 188/188/188
f 191/191/191 190/190/190 188/188/188
f 192/192/192 190/190/190 191/191/191
f 195/195/195 194/194/194 193/193/193
f 196/196/196 193/193/193 194/194/194
f 197/197/197 196/196/196 194/194/194
f 196/196/196 197/197/197 198/198/198
f 197/197/197 199/199/199 198/198/198
f 198/198/198 199/199/199 200/200/200
f 203/203/203 202/202/202 201/201/201
f 204/204/204 203/203/203 201/201/201
f 205/205/205 204/204/204 201/201/201
f 205/205/205 201/201/201 206/206/206
f 207/207/207 204/204/204 205/205/205
f 208/208/208 207/207/207 205/205/205
f 209/209/209 207/207/207 208/208/208
f 212/212/212 211/211/211 210/210/210
f 210/210/210 213/213/213 212/212/212
f 213/213/213 214/214/214 212/212/212
f 214/214/214 213/213/213 215/215/215
f 213/213/213 216/216/216 215/215/215
f 215/215/215 216/216/216 217/217/217
f 220/220/220 219/219/219 218/218/218
f 220/220/220 221/221/221 219/219/219
f 221/221/221 222/222/222 219/219/219
f 223/223/223 222/222/222 221/221/221
f 224/224/224 223/223/223 221/221/221
f 225/225/225 223/223/223 224/224/224
f 226/226/226 225/225/225 224/224/224
f 225/225/225 226/226/226 227/227/227
f 228/228/228 225/225/225 227/227/227
f 228/228/228 227/227/227 229/229/229
f 230/230/230 228/228/228 229/229/229
f 230/230/230 229/229/229 231/231/231
f 234/234/234 233/233/233 232/232/232
f 235/235/235 233/233/233 234/234/234
f 236/236/236 235/235/235 234/234/234
f 237/237/237 235/235/235 236/236/236
f 238/238/238 237/237/237 236/236/236
f 238/238/238 239/239/239 237/237/237
f 239/239/239 240/240/240 237/237/237
f 240/240/240 239/239/239 241/241/241
f 239/239/239 242/242/242 241/241/241
f 241/241/241 242/242/242 243/243/243
f 242/242/242 244/244/244 243/243/243
f 243/243/243 244/244/244 245/245/245
f 248/248/248 247/247/247 246/246/246
f 249/249/249 247/247/247 248/248/248
f 250/250/250 249/249/249 248/248/248
f 251/251/251 249/249/249 250/250/250
f 252/252/252 251/251/251 250/250/250
f 251/251/251 252/252/252 253/253/253
f 252/252/252 254/254/254 253/253/253
f 254/254/254 255/255/255 253/253/253
f 255/255/255 256/256/256 253/253/253
f 257/257/257 256/256/256 255/255/255
f 258/258/258 257/257/257 255/255/255
f 259/259/259 257/257/257 258/258/258
f 262/262/262 261/261/261 260/260/260
f 261/261/261 263/263/263 260/260/260
f 261/261/261 264/264/264 263/263/263
f 264/264/264 265/265/265 263/263/263
f 263/263/263 266/266/266 260/260/260
f 263/263/263 265/265/265 266/266/266
f 266/266/266 267/267/267 260/260/260
f 265/265/265 268/268/268 266/266/266
f 269/269/269 267/267/267 266/266/266
f 270/270/270 266/266/266 268/268/268
f 270/270/270 269/269/269 266/266/266
f 271/271/271 270/270/270 268/268/268
f 270/270/270 272/272/272 269/269/269
f 270/270/270 271/271/271 272/272/272
f 275/275/275 274/274/274 273/273/273
f 273/273/273 274/274/274 276/276/276
f 274/274/274 277/277/277 276/276/276
f 276/276/276 277/277/277 278/278/278
f 279/279/279 276/276/276 278/278/278
f 280/280/280 279/279/279 278/278/278
f 281/281/281 280/280/280 278/278/278
f 281/281/281 282/282/282 280/280/280
f 282/282/282 283/283/283 280/280/280
f 284/284/284 282/282/282 281/281/281
f 283/283/283 282/282/282 285/285/285
f 286/286/286 284/284/284 281/281/281
f 287/287/287 283/283/283 285/285/285
f 288/288/288 286/286/286 281/281/281
f 287/287/287 285/285/285 289/289/289
f 290/290/290 286/286/286 288/288/288
f 291/291/291 290/290/290 288/288/288
f 291/291/291 292/292/292 290/290/290
f 293/293/293 287/287/287 289/289/289
f 293/293/293 289/289/289 294/294/294
f 295/295/295 293/293/293 294/294/294
f 295/295/295 294/294/294 296/296/296
f 294/294/294 297/297/297 296/296/296
f 296/296/296 297/297/297 298/298/298
f 299/299/299 296/296/296 298/298/298
f 299/299/299 298/298/298 300/300/300
f 298/298/298 301/301/301 300/300/300
f 300/300/300 301/301/301 302/302/302
f 301/301/301 303/303/303 302/302/302
f 302/302/302 303/303/303 304/304/304
f 303/303/303 305/305/305 304/304/304
f 305/305/305 306/306/306 304/304/304
f 306/306/306 307/307/307 304/304/304
f 308/308/308 307/307/307 306/306/306
f 309/309/309 308/308/308 306/306/306
f 310/310/310 309/309/309 306/306/306
f 308/308/308 309/309/309 311/311/311
f 312/312/312 308/308/308 311/311/311
f 311/311/311 309/309/309 313/313/313
f 312/312/312 311/311/311 314/314/314
f 315/315/315 312/312/312 314/314/314
f 313/313/313 309/309/309 316/316/316
f 309/309/309 317/317/317 316/316/316
f 315/315/315 314/314/314 318/318/318
f 314/314/314 319/319/319 318/318/318
f 316/316/316 317/317/317 320/320/320
f 321/321/321 316/316/316 320/320/320
f 318/318/318 319/319/319 322/322/322
f 323/323/323 318/318/318 322/322/322
f 324/324/324 321/321/321 320/320/320
f 325/325/325 324/324/324 320/320/320
f 323/323/323 322/322/322 326/326/326
f 322/322/322 327/327/327 326/326/326
f 326/326/326 327/327/327 328/328/328
f 329/329/329 326/326/326 328/328/328
f 329/329/329 328/328/328 330/330/330
f 331/331/331 329/329/329 330/330/330
f 331/331/331 330/330/330 332/332/332
f 333/333/333 331/331/331 332/332/332
f 333/333/333 332/332/332 334/334/334
f 324/324/324 325/325/325 335/335/335
f 336/336/336 324/324/324 335/335/335
f 336/336/336 335/335/335 337/337/337
f 335/335/335 338/338/338 337/337/337
f 337/337/337 338/338/338 339/339/339
f 342/342/342 341/341/341 340/340/340
f 342/342/342 343/343/343 341/341/341
f 343/343/343 344/344/344 341/341/341
f 343/343/343 345/345/345 344/344/344
f 345/345/345 346/346/346 344/344/344
f 345/345/345 347/347/347 346/346/346
f 347/347/347 348/348/348 346/346/346
f 348/348/348 347/347/347 349/349/349
f 350/350/350 348/348/348 349/349/349
f 351/351/351 350/350/350 349/349/349
f 352/352/352 343/343/343 342/342/342
f 353/353/353 352/352/352 342/342/342
f 353/353/353 342/342/342 354/354/354
f 352/352/352 355/355/355 343/343/343
f 355/355/355 345/345/345 343/343/343
f 355/355/355 356/356/356 345/345/345
f 356/356/356 347/347/347 345/345/345
f 356/356/356 357/357/357 347/347/347
f 357/357/357 349/349/349 347/347/347
f 357/357/357 358/358/358 349/349/349
f 358/358/358 359/359/359 349/349/349
f 359/359/359 351/351/351 349/349/349
f 358/358/358 360/360/360 359/359/359
f 359/359/359 361/361/361 351/351/351
f 361/361/361 359/359/359 362/362/362
f 363/363/363 361/361/361 362/362/362
f 364/364/364 363/363/363 362/362/362
f 361/361/361 365/365/365 351/351/351
f 361/361/361 363/363/363 365/365/365
f 363/363/363 366/366/366 365/365/365
f 367/367/367 366/366/366 363/363/363
f 368/368/368 367/367/367 363/363/363
f 367/367/367 368/368/368 369/369/369
f 370/370/370 367/367/367 369/369/369
f 370/370/370 369/369/369 371/371/371
f 369/369/369 372/372/372 371/371/371
f 372/372/372 373/373/373 371/371/371
f 373/373/373 374/374/374 371/371/371
f 373/373/373 375/375/375 374/374/374
f 375/375/375 376/376/376 374/374/374
f 375/375/375 377/377/377 376/376/376
f 377/377/377 378/378/378 376/376/376
f 377/377/377 379/379/379 378/378/378
f 379/379/379 380/380/380 378/378/378
f 381/381/381 379/379/379 377/377/377
f 382/382/382 381/381/381 377/377/377
f 382/382/382 383/383/383 381/381/381
f 379/379/379 384/384/384 380/380/380
f 384/384/384 385/385/385 380/380/380
f 384/384/384 386/386/386 385/385/385
f 386/386/386 387/387/387 385/385/385
f 388/388/388 384/384/384 379/379/379
f 381/381/381 388/388/388 379/379/379
f 386/386/386 389/389/389 387/387/387
f 389/389/389 390/390/390 387/387/387
f 391/391/391 390/390/390 389/389/389
f 392/392/392 391/391/391 389/389/389
f 391/391/391 392/392/392 393/393/393
f 392/392/392 394/394/394 393/393/393
f 395/395/395 393/393/393 394/394/394
f 396/396/396 395/395/395 394/394/394
f 397/397/397 395/395/395 396/396/396
f 398/398/398 397/397/397 396/396/396
f 398/398/398 399/399/399 397/397/397
f 399/399/399 400/400/400 397/397/397
f 399/399/399 401/401/401 400/400/400
f 383/383/383 402/402/402 381/381/381
f 381/381/381 402/402/402 388/388/388
f 383/383/383 403/403/403 402/402/402
f 402/402/402 404/404/404 388/388/388
f 402/402/402 403/403/403 404/404/404
f 407/407/407 406/406/406 405/405/405
f 405/405/405 408/408/408 407/407/407
f 408/408/408 409/409/409 407/407/407
f 409/409/409 408/408/408 410/410/410
f 411/411/411 409/409/409 410/410/410
f 411/411/411 410/410/410 412/412/412
f 415/415/415 414/414/414 413/413/413
f 414/414/414 416/416/416 413/413/413
f 416/416/416 417/417/417 413/413/413
f 413/413/413 417/417/417 418/418/418
f 416/416/416 419/419/419 417/417/417
f 419/419/419 420/420/420 417/417/417
f 419/419/419 421/421/421 420/420/420
f 424/424/424 423/423/423 422/422/422
f 425/425/425 422/422/422 423/423/423
f 426/426/426 425/425/425 423/423/423
f 425/425/425 426/426/426 427/427/427
f 428/428/428 425/425/425 427/427/427
f 428/428/428 427/427/427 429/429/429
f 432/432/432 431/431/431 430/430/430
f 433/433/433 431/431/431 432/432/432
f 434/434/434 433/433/433 432/432/432
f 434/434/434 435/435/435 433/433/433
f 435/435/435 436/436/436 433/433/433
f 435/435/435 437/437/437 436/436/436
f 437/437/437 438/438/438 436/436/436
f 438/438/438 437/437/437 439/439/439
f 437/437/437 440/440/440 439/439/439
f 439/439/439 440/440/440 441/441/441
f 440/440/440 442/442/442 441/441/441
f 441/441/441 442/442/442 443/443/443
f 446/446/446 445/445/445 444/444/444
f 446/446/446 447/447/447 445/445/445
f 447/447/447 448/448/448 445/445/445
f 447/447/447 449/449/449 448/448/448
f 449/449/449 450/450/450 448/448/448
f 451/451/451 450/450/450 449/449/449
f 452/452/452 451/451/451 449/449/449
f 451/451/451 452/452/452 453/453/453
f 454/454/454 451/451/451 453/453/453
f 454/454/454 453/453/453 455/455/455
f 456/456/456 454/454/454 455/455/455
f 456/456/456 455/455/455 457/457/457
f 460/460/460 459/459/459 458/458/458
f 460/460/460 461/461/461 459/459/459
f 461/461/461 462/462/462 459/459/459
f 461/461/461 463/463/463 462/462/462
f 463/463/463 464/464/464 462/462/462
f 464/464/464 463/463/463 465/465/465
f 466/466/466 464/464/464 465/465/465
f 467/467/467 466/466/466 465/465/465
f 468/468/468 467/467/467 465/465/465
f 468/468/468 469/469/469 467/467/467
f 469/469/469 470/470/470 467/467/467
f 469/469/469 471/471/471 470/470/470
f 474/474/474 473/473/473 472/472/472
f 472/472/472 473/473/473 475/475/475
f 473/473/473 476/476/476 475/475/475
f 475/475/475 476/476/476 477/477/477
f 478/478/478 475/475/475 477/477/477
f 478/478/478 477/477/477 479/479/479
f 477/477/477 480/480/480 479/479/479
f 479/479/479 480/480/480 481/481/481
f 480/480/480 482/482/482 481/481/481
f 481/481/481 482/482/482 483/483/483
f 473/473/473 484/484/484 476/476/476
f 484/484/484 485/485/485 476/476/476
f 485/485/485 486/486/486 476/476/476
f 486/486/486 477/477/477 476/476/476
f 487/487/487 477/477/477 486/486/486
f 487/487/487 488/488/488 477/477/477
f 488/488/488 480/480/480 477/477/477
f 489/489/489 480/480/480 488/488/488
f 490/490/490 480/480/480 489/489/489
f 482/482/482 480/480/480 490/490/490
f 491/491/491 484/484/484 473/473/473
f 491/491/491 473/473/473 492/492/492
f 492/492/492 473/473/473 493/493/493
f 493/493/493 473/473/473 494/494/494
f 495/495/495 482/482/482 490/490/490
f 495/495/495 496/496/496 482/482/482
f 496/496/496 497/497/497 482/482/482
f 482/482/482 497/497/497 498/498/498
f 501/501/501 500/500/500 499/499/499
f 502/502/502 500/500/500 501/501/501
f 505/505/505 504/504/504 503/503/503
f 506/506/506 505/505/505 503/503/503
f 507/507/507 505/505/505 506/506/506
f 510/510/510 509/509/509 508/508/508
f 511/511/511 509/509/509 510/510/510
f 512/512/512 509/509/509 511/511/511
f 515/515/515 514/514/514 513/513/513
f 513/513/513 514/514/514 516/516/516
f 514/514/514 517/517/517 516/516/516
f 520/520/520 519/519/519 518/518/518
f 518/518/518 519/519/519 521/521/521
f 521/521/521 519/519/519 522/522/522
f 525/525/525 524/524/524 523/523/523
f 523/523/523 524/524/524 526/526/526
f 529/529/529 528/528/528 527/527/527
f 529/529/529 527/527/527 530/530/530
f 531/531/531 529/529/529 530/530/530
f 531/531/531 530/530/530 532/532/532
f 530/530/530 533/533/533 532/532/532
f 532/532/532 533/533/533 534/534/534
f 535/535/535 532/532/532 534/534/534
f 535/535/535 534/534/534 536/536/536
f 537/537/537 535/535/535 536/536/536
f 537/537/537 536/536/536 538/538/538
f 539/539/539 529/529/529 531/531/531
f 540/540/540 539/539/539 531/531/531
f 541/541/541 540/540/540 531/531/531
f 532/532/532 541/541/541 531/531/531
f 532/532/532 542/542/542 541/541/541
f 543/543/543 542/542/542 532/532/532
f 535/535/535 543/543/543 532/532/532
f 535/535/535 544/544/544 543/543/543
f 535/535/535 545/545/545 544/544/544
f 535/535/535 537/537/537 545/545/545
f 539/539/539 546/546/546 529/529/529
f 529/529/529 546/546/546 547/547/547
f 529/529/529 547/547/547 548/548/548
f 529/529/529 548/548/548 549/549/549
f 537/537/537 550/550/550 545/545/545
f 551/551/551 550/550/550 537/537/537
f 552/552/552 551/551/551 537/537/537
f 552/552/552 537/537/537 553/553/553
f 556/556/556 555/555/555 554/554/554
f 556/556/556 557/557/557 555/555/555
f 560/560/560 559/559/559 558/558/558
f 559/559/559 561/561/561 558/558/558
f 559/559/559 562/562/562 561/561/561
f 565/565/565 564/564/564 563/563/563
f 565/565/565 566/566/566 564/564/564
f 565/565/565 567/567/567 566/566/566
f 570/570/570 569/569/569 568/568/568
f 570/570/570 568/568/568 571/571/571
f 572/572/572 570/570/570 571/571/571
f 575/575/575 574/574/574 573/573/573
f 575/575/575 573/573/573 576/576/576
f 575/575/575 576/576/576 577/577/577
f 580/580/580 579/579/579 578/578/578
f 580/580/580 578/578/578 581/581/581
f 584/584/584 583/583/583 582/582/582
f 584/584/584 582/582/582 585/585/585
f 586/586/586 584/584/584 585/585/585
f 585/585/585 587/587/587 586/586/586
f 587/587/587 588/588/588 586/586/586
f 588/588/588 587/587/587 589/589/589
f 587/587/587 590/590/590 589/589/589
f 591/591/591 589/589/589 590/590/590
f 594/594/594 593/593/593 592/592/592
f 593/593/593 594/594/594 595/595/595
f 594/594/594 596/596/596 595/595/595
f 595/595/595 596/596/596 597/597/597
f 596/596/596 598/598/598 597/597/597
f 597/597/597 598/598/598 599/599/599
f 600/600/600 597/597/597 599/599/599
f 601/601/601 600/600/600 599/599/599
f 604/604/604 603/603/603 602/602/602
f 602/602/602 603/603/603 605/605/605
f 603/603/603 606/606/606 605/605/605
f 607/607/607 605/605/605 606/606/606
f 608/608/608 607/607/607 606/606/606
f 607/607/607 608/608/608 609/609/609
f 610/610/610 607/607/607 609/609/609
f 609/609/609 611/611/611 610/610/610
f 614/614/614 613/613/613 612/612/612
f 613/613/613 614/614/614 615/615/615
f 616/616/616 613/613/613 615/615/615
f 616/616/616 615/615/615 617/617/617
f 618/618/618 616/616/616 617/617/617
f 618/618/618 617/617/617 619/619/619
f 617/617/617 620/620/620 619/619/619
f 620/620/620 621/621/621 619/619/619
f 624/624/624 623/623/623 622/622/622
f 623/623/623 625/625/625 622/622/622
f 625/625/625 626/626/626 622/622/622
f 626/626/626 627/627/627 622/622/622
f 628/628/628 627/627/627 626/626/626
f 631/631/631 630/630/630 629/629/629
f 630/630/630 632/632/632 629/629/629
f 629/629/629 632/632/632 633/633/633
f 632/632/632 634/634/634 633/633/633
f 633/633/633 634/634/634 635/635/635
f 636/636/636 633/633/633 635/635/635
f 637/637/637 636/636/636 635/635/635
f 638/638/638 637/637/637 635/635/635
f 639/639/639 637/637/637 638/638/638
f 642/642/642 641/641/641 640/640/640
f 643/643/643 641/641/641 642/642/642
f 644/644/644 643/643/643 642/642/642
f 643/643/643 644/644/644 645/645/645
f 646/646/646 643/643/643 645/645/645
f 646/646/646 645/645/645 647/647/647
f 648/648/648 646/646/646 647/647/647
f 647/647/647 649/649/649 648/648/648
f 649/649/649 650/650/650 648/648/648
f 650/650/650 649/649/649 651/651/651
f 649/649/649 652/652/652 651/651/651
f 653/653/653 651/651/651 652/652/652
f 654/654/654 653/653/653 652/652/652
f 655/655/655 653/653/653 654/654/654
f 656/656/656 655/655/655 654/654/654
f 657/657/657 655/655/655 656/656/656
f 658/658/658 657/657/657 656/656/656
f 659/659/659 658/658/658 656/656/656
f 660/660/660 659/659/659 656/656/656
f 661/661/661 660/660/660 656/656/656
f 662/662/662 661/661/661 656/656/656
f 663/663/663 661/661/661 662/662/662
f 666/666/666 665/665/665 664/664/664
f 667/667/667 666/666/666 664/664/664
f 668/668/668 667/667/667 664/664/664
f 669/669/669 668/668/668 664/664/664
f 669/669/669 670/670/670 668/668/668
f 673/673/673 672/672/672 671/671/671
f 674/674/674 673/673/673 671/671/671
f 674/674/674 671/671/671 675/675/675
f 676/676/676 674/674/674 675/675/675
f 676/676/676 675/675/675 677/677/677
f 675/675/675 678/678/678 677/677/677
f 678/678/678 679/679/679 677/677/677
f 679/679/679 680/680/680 677/677/677
f 679/679/679 681/681/681 680/680/680
f 684/684/684 683/683/683 682/682/682
f 684/684/684 685/685/685 683/683/683
f 685/685/685 686/686/686 683/683/683
f 686/686/686 685/685/685 687/687/687
f 685/685/685 688/688/688 687/687/687
f 687/687/687 688/688/688 689/689/689
f 688/688/688 690/690/690 689/689/689
f 691/691/691 689/689/689 690/690/690
f 692/692/692 691/691/691 690/690/690
f 691/691/691 692/692/692 693/693/693
f 694/694/694 691/691/691 693/693/693
f 693/693/693 695/695/695 694/694/694
f 695/695/695 696/696/696 694/694/694
f 695/695/695 697/697/697 696/696/696
f 697/697/697 698/698/698 696/696/696
f 697/697/697 699/699/699 698/698/698
f 699/699/699 700/700/700 698/698/698
f 700/700/700 701/701/701 698/698/698
f 701/701/701 702/702/702 698/698/698
f 702/702/702 703/703/703 698/698/698
f 703/703/703 704/704/704 698/698/698
f 703/703/703 705/705/705 704/704/704
f 708/708/708 707/707/707 706/706/706
f 707/707/707 709/709/709 706/706/706
f 709/709/709 710/710/710 706/706/706
f 710/710/710 711/711/711 706/706/706
f 711/711/711 710/710/710 712/712/712
f 709/709/709 707/707/707 713/713/713
f 707/707/707 714/714/714 713/713/713
f 714/714/714 715/715/715 713/713/713
f 716/716/716 710/710/710 709/709/709
f 713/713/713 716/716/716 709/709/709
f 715/715/715 717/717/717 713/713/713
f 713/713/713 717/717/717 716/716/716
f 715/715/715 718/718/718 717/717/717
f 710/710/710 719/719/719 712/712/712
f 710/710/710 716/716/716 719/719/719
f 712/712/712 719/719/719 720/720/720
f 721/721/721 712/712/712 720/720/720
f 721/721/721 720/720/720 722/722/722
f 716/716/716 723/723/723 719/719/719
f 720/720/720 719/719/719 723/723/723
f 717/717/717 724/724/724 716/716/716
f 716/716/716 724/724/724 723/723/723
f 718/718/718 725/725/725 717/717/717
f 717/717/717 725/725/725 724/724/724
f 720/720/720 726/726/726 722/722/722
f 726/726/726 727/727/727 722/722/722
f 727/727/727 728/728/728 722/722/722
f 726/726/726 729/729/729 727/727/727
f 729/729/729 726/726/726 720/720/720
f 729/729/729 730/730/730 727/727/727
f 731/731/731 729/729/729 720/720/720
f 731/731/731 720/720/720 723/723/723
f 729/729/729 732/732/732 730/730/730
f 732/732/732 729/729/729 731/731/731
f 732/732/732 733/733/733 730/730/730
f 732/732/732 734/734/734 733/733/733
f 735/735/735 731/731/731 723/723/723
f 735/735/735 732/732/732 731/731/731
f 732/732/732 736/736/736 734/734/734
f 736/736/736 732/732/732 735/735/735
f 736/736/736 737/737/737 734/734/734
f 735/735/735 723/723/723 738/738/738
f 724/724/724 738/738/738 723/723/723
f 736/736/736 739/739/739 737/737/737
f 739/739/739 740/740/740 737/737/737
f 741/741/741 736/736/736 735/735/735
f 741/741/741 735/735/735 738/738/738
f 741/741/741 739/739/739 736/736/736
f 724/724/724 742/742/742 738/738/738
f 725/725/725 742/742/742 724/724/724
f 739/739/739 743/743/743 740/740/740
f 744/744/744 740/740/740 743/743/743
f 741/741/741 738/738/738 745/745/745
f 742/742/742 745/745/745 738/738/738
f 741/741/741 746/746/746 739/739/739
f 746/746/746 743/743/743 739/739/739
f 746/746/746 741/741/741 745/745/745
f 744/744/744 743/743/743 747/747/747
f 748/748/748 744/744/744 747/747/747
f 746/746/746 749/749/749 743/743/743
f 749/749/749 746/746/746 745/745/745
f 749/749/749 747/747/747 743/743/743
f 749/749/749 745/745/745 750/750/750
f 745/745/745 742/742/742 750/750/750
f 749/749/749 750/750/750 747/747/747
f 751/751/751 748/748/748 747/747/747
f 751/751/751 747/747/747 750/750/750
f 752/752/752 748/748/748 751/751/751
f 753/753/753 750/750/750 742/742/742
f 753/753/753 751/751/751 750/750/750
f 753/753/753 742/742/742 725/725/725
f 754/754/754 752/752/752 751/751/751
f 754/754/754 751/751/751 753/753/753
f 754/754/754 718/718/718 752/752/752
f 753/753/753 725/725/725 755/755/755
f 725/725/725 718/718/718 755/755/755
f 755/755/755 754/754/754 753/753/753
f 755/755/755 718/718/718 754/754/754
f 758/758/758 757/757/757 756/756/756
f 759/759/759 758/758/758 756/756/756
f 760/760/760 759/759/759 756/756/756
f 761/761/761 760/760/760 756/756/756
f 758/758/758 759/759/759 762/762/762
f 763/763/763 758/758/758 762/762/762
f 763/763/763 762/762/762 764/764/764
f 765/765/765 760/760/760 761/761/761
f 766/766/766 765/765/765 761/761/761
f 767/767/767 765/765/765 766/766/766
f 760/760/760 768/768/768 759/759/759
f 768/768/768 762/762/762 759/759/759
f 765/765/765 768/768/768 760/760/760
f 762/762/762 769/769/769 764/764/764
f 764/764/764 769/769/769 770/770/770
f 767/767/767 771/771/771 765/765/765
f 767/767/767 772/772/772 771/771/771
f 768/768/768 773/773/773 762/762/762
f 773/773/773 769/769/769 762/762/762
f 765/765/765 774/774/774 768/768/768
f 774/774/774 765/765/765 771/771/771
f 774/774/774 773/773/773 768/768/768
f 772/772/772 775/775/775 771/771/771
f 772/772/772 776/776/776 775/775/775
f 774/774/774 771/771/771 777/777/777
f 775/775/775 777/777/777 771/771/771
f 776/776/776 778/778/778 775/775/775
f 778/778/778 776/776/776 779/779/779
f 774/774/774 780/780/780 773/773/773
f 780/780/780 774/774/774 777/777/777
f 775/775/775 781/781/781 777/777/777
f 775/775/775 778/778/778 781/781/781
f 778/778/778 779/779/779 782/782/782
f 779/779/779 783/783/783 782/782/782
f 777/777/777 781/781/781 784/784/784
f 780/780/780 777/777/777 784/784/784
f 778/778/778 785/785/785 781/781/781
f 782/782/782 785/785/785 778/778/778
f 781/781/781 785/785/785 784/784/784
f 786/786/786 784/784/784 785/785/785
f 782/782/782 786/786/786 785/785/785
f 783/783/783 787/787/787 782/782/782
f 787/787/787 783/783/783 788/788/788
f 780/780/780 784/784/784 789/789/789
f 786/786/786 789/789/789 784/784/784
f 786/786/786 782/782/782 790/790/790
f 782/782/782 787/787/787 790/790/790
f 789/789/789 786/786/786 790/790/790
f 791/791/791 787/787/787 788/788/788
f 787/787/787 791/791/791 790/790/790
f 791/791/791 788/788/788 792/792/792
f 793/793/793 780/780/780 789/789/789
f 773/773/773 780/780/780 793/793/793
f 789/789/789 790/790/790 794/794/794
f 789/789/789 794/794/794 793/793/793
f 791/791/791 795/795/795 790/790/790
f 791/791/791 792/792/792 795/795/795
f 794/794/794 790/790/790 795/795/795
f 794/794/794 795/795/795 792/792/792
f 794/794/794 792/792/792 796/796/796
f 797/797/797 773/773/773 793/793/793
f 769/769/769 773/773/773 797/797/797
f 794/794/794 798/798/798 793/793/793
f 798/798/798 794/794/794 796/796/796
f 793/793/793 798/798/798 797/797/797
f 798/798/798 796/796/796 799/799/799
f 798/798/798 799/799/799 797/797/797
f 797/797/797 799/799/799 800/800/800
f 796/796/796 801/801/801 799/799/799
f 799/799/799 801/801/801 800/800/800
f 801/801/801 802/802/802 800/800/800
f 800/800/800 802/802/802 803/803/803
f 804/804/804 800/800/800 803/803/803
f 800/800/800 804/804/804 770/770/770
f 769/769/769 805/805/805 770/770/770
f 805/805/805 769/769/769 797/797/797
f 805/805/805 797/797/797 800/800/800
f 805/805/805 800/800/800 770/770/770
f 808/808/808 807/807/807 806/806/806
f 809/809/809 808/808/808 806/806/806
f 809/809/809 806/806/806 810/810/810
f 806/806/806 811/811/811 810/810/810
f 810/810/810 811/811/811 812/812/812
f 813/813/813 810/810/810 812/812/812
f 813/813/813 812/812/812 814/814/814
f 810/810/810 815/815/815 809/809/809
f 813/813/813 816/816/816 810/810/810
f 816/816/816 815/815/815 810/810/810
f 817/817/817 813/813/813 814/814/814
f 813/813/813 817/817/817 816/816/816
f 815/815/815 816/816/816 818/818/818
f 815/815/815 818/818/818 819/819/819
f 815/815/815 819/819/819 809/809/809
f 809/809/809 819/819/819 808/808/808
f 817/817/817 814/814/814 820/820/820
f 814/814/814 821/821/821 820/820/820
f 817/817/817 822/822/822 816/816/816
f 817/817/817 820/820/820 822/822/822
f 823/823/823 816/816/816 822/822/822
f 820/820/820 824/824/824 822/822/822
f 819/819/819 825/825/825 808/808/808
f 819/819/819 826/826/826 825/825/825
f 827/827/827 825/825/825 826/826/826
f 808/808/808 825/825/825 827/827/827
f 828/828/828 808/808/808 827/827/827
f 829/829/829 808/808/808 828/828/828
f 830/830/830 829/829/829 828/828/828
f 833/833/833 832/832/832 831/831/831
f 832/832/832 834/834/834 831/831/831
f 835/835/835 831/831/831 834/834/834
f 836/836/836 834/834/834 832/832/832
f 837/837/837 836/836/836 832/832/832
f 836/836/836 837/837/837 838/838/838
f 839/839/839 836/836/836 838/838/838
f 840/840/840 835/835/835 834/834/834
f 840/840/840 834/834/834 836/836/836
f 839/839/839 840/840/840 836/836/836
f 841/841/841 835/835/835 840/840/840
f 842/842/842 841/841/841 840/840/840
f 842/842/842 840/840/840 839/839/839
f 843/843/843 841/841/841 842/842/842
f 844/844/844 842/842/842 839/839/839
f 844/844/844 839/839/839 845/845/845
f 846/846/846 843/843/843 842/842/842
f 843/843/843 846/846/846 847/847/847
f 846/846/846 848/848/848 847/847/847
f 849/849/849 848/848/848 846/846/846
f 849/849/849 845/845/845 850/850/850
f 844/844/844 851/851/851 842/842/842
f 851/851/851 846/846/846 842/842/842
f 844/844/844 845/845/845 851/851/851
f 851/851/851 849/849/849 846/846/846
f 851/851/851 845/845/845 849/849/849
f 854/854/854 853/853/853 852/852/852
f 853/853/853 855/855/855 852/852/852
f 852/852/852 855/855/855 856/856/856
f 857/857/857 852/852/852 856/856/856
f 857/857/857 856/856/856 858/858/858
f 856/856/856 859/859/859 858/858/858
f 858/858/858 859/859/859 860/860/860
f 861/861/861 856/856/856 855/855/855
f 862/862/862 859/859/859 856/856/856
f 861/861/861 862/862/862 856/856/856
f 859/859/859 863/863/863 860/860/860
f 863/863/863 859/859/859 862/862/862
f 862/862/862 861/861/861 864/864/864
f 864/864/864 861/861/861 865/865/865
f 865/865/865 861/861/861 855/855/855
f 865/865/865 855/855/855 853/853/853
f 860/860/860 863/863/863 866/866/866
f 867/867/867 860/860/860 866/866/866
f 868/868/868 863/863/863 862/862/862
f 866/866/866 863/863/863 868/868/868
f 862/862/862 869/869/869 868/868/868
f 870/870/870 866/866/866 868/868/868
f 871/871/871 865/865/865 853/853/853
f 872/872/872 865/865/865 871/871/871
f 871/871/871 873/873/873 872/872/872
f 871/871/871 853/853/853 873/873/873
f 853/853/853 874/874/874 873/873/873
f 853/853/853 875/875/875 874/874/874
f 875/875/875 876/876/876 874/874/874
f 879/879/879 878/878/878 877/877/877
f 880/880/880 879/879/879 877/877/877
f 877/877/877 881/881/881 880/880/880
f 880/880/880 882/882/882 879/879/879
f 882/882/882 883/883/883 879/879/879
f 883/883/883 882/882/882 884/884/884
f 882/882/882 885/885/885 884/884/884
f 881/881/881 886/886/886 880/880/880
f 880/880/880 886/886/886 882/882/882
f 886/886/886 885/885/885 882/882/882
f 881/881/881 887/887/887 886/886/886
f 887/887/887 888/888/888 886/886/886
f 886/886/886 888/888/888 885/885/885
f 887/887/887 889/889/889 888/888/888
f 888/888/888 890/890/890 885/885/885
f 885/885/885 890/890/890 891/891/891
f 889/889/889 892/892/892 888/888/888
f 892/892/892 889/889/889 893/893/893
f 894/894/894 892/892/892 893/893/893
f 894/894/894 895/895/895 892/892/892
f 891/891/891 895/895/895 896/896/896
f 897/897/897 890/890/890 888/888/888
f 892/892/892 897/897/897 888/888/888
f 895/895/895 897/897/897 892/892/892
f 891/891/891 897/897/897 895/895/895
f 891/891/891 890/890/890 897/897/897
f 900/900/900 899/899/899 898/898/898
f 901/901/901 900/900/900 898/898/898
f 900/900/900 901/901/901 902/902/902
f 903/903/903 901/901/901 898/898/898
f 904/904/904 903/903/903 898/898/898
f 904/904/904 905/905/905 903/903/903
f 901/901/901 906/906/906 902/902/902
f 906/906/906 901/901/901 903/903/903
f 906/906/906 907/907/907 902/902/902
f 906/906/906 908/908/908 907/907/907
f 909/909/909 908/908/908 906/906/906
f 909/909/909 906/906/906 903/903/903
f 909/909/909 910/910/910 908/908/908
f 905/905/905 911/911/911 903/903/903
f 909/909/909 903/903/903 911/911/911
f 912/912/912 910/910/910 909/909/909
f 912/912/912 909/909/909 911/911/911
f 912/912/912 913/913/913 910/910/910
f 914/914/914 913/913/913 912/912/912
f 911/911/911 905/905/905 915/915/915
f 912/912/912 911/911/911 915/915/915
f 905/905/905 916/916/916 915/915/915
f 917/917/917 914/914/914 912/912/912
f 917/917/917 912/912/912 915/915/915
f 918/918/918 914/914/914 917/917/917
f 915/915/915 916/916/916 919/919/919
f 917/917/917 915/915/915 919/919/919
f 916/916/916 920/920/920 919/919/919
f 920/920/920 921/921/921 919/919/919
f 922/922/922 918/918/918 917/917/917
f 922/922/922 917/917/917 919/919/919
f 922/922/922 919/919/919 921/921/921
f 923/923/923 918/918/918 922/922/922
f 923/923/923 922/922/922 921/921/921
f 926/926/926 925/925/925 924/924/924
f 925/925/925 927/927/927 924/924/924
f 927/927/927 925/925/925 928/928/928
f 927/927/927 929/929/929 924/924/924
f 929/929/929 930/930/930 924/924/924
f 931/931/931 930/930/930 929/929/929
f 932/932/932 927/927/927 928/928/928
f 927/927/927 932/932/932 929/929/929
f 933/933/933 932/932/932 928/928/928
f 933/933/933 934/934/934 932/932/932
f 934/934/934 935/935/935 932/932/932
f 932/932/932 935/935/935 929/929/929
f 934/934/934 936/936/936 935/935/935
f 937/937/937 931/931/931 929/929/929
f 929/929/929 935/935/935 937/937/937
f 936/936/936 938/938/938 935/935/935
f 935/935/935 938/938/938 937/937/937
f 936/936/936 939/939/939 938/938/938
f 939/939/939 940/940/940 938/938/938
f 931/931/931 937/937/937 941/941/941
f 937/937/937 938/938/938 941/941/941
f 942/942/942 931/931/931 941/941/941
f 940/940/940 943/943/943 938/938/938
f 938/938/938 943/943/943 941/941/941
f 940/940/940 944/944/944 943/943/943
f 942/942/942 941/941/941 945/945/945
f 941/941/941 943/943/943 945/945/945
f 946/946/946 942/942/942 945/945/945
f 947/947/947 946/946/946 945/945/945
f 944/944/944 948/948/948 943/943/943
f 943/943/943 948/948/948 945/945/945
f 945/945/945 948/948/948 947/947/947
f 944/944/944 949/949/949 948/948/948
f 948/948/948 949/949/949 947/947/947
f 952/952/952 951/951/951 950/950/950
f 954/954/954 953/953/953 950/950/950
f 955/955/955 951/951/951 953/953/953
f 956/956/956 953/953/953 954/954/954
f 957/957/957 955/955/955 953/953/953
f 957/957/957 953/953/953 956/956/956
f 960/960/960 959/959/959 958/958/958
f 958/958/958 959/959/959 961/961/961
f 961/961/961 959/959/959 962/962/962
f 962/962/962 963/963/963 961/961/961
f 961/961/961 963/963/963 964/964/964
f 964/964/964 963/963/963 965/965/965
f 968/968/968 967/967/967 966/966/966
f 968/968/968 969/969/969 967/967/967
f 970/970/970 969/969/969 968/968/968
f 970/970/970 971/971/971 969/969/969
f 969/969/969 971/971/971 972/972/972
f 972/972/972 971/971/971 973/973/973
f 976/976/976 975/975/975 974/974/974
f 975/975/975 976/976/976 977/977/977
f 978/978/978 975/975/975 977/977/977
f 978/978/978 977/977/977 979/979/979
f 977/977/977 980/980/980 979/979/979
f 979/979/979 980/980/980 981/981/981
f 984/984/984 983/983/983 982/982/982
f 984/984/984 982/982/982 985/985/985
f 984/984/984 985/985/985 986/986/986
f 987/987/987 986/986/986 985/985/985
f 987/987/987 985/985/985 988/988/988
f 987/987/987 988/988/988 989/989/989
f 992/992/992 991/991/991 990/990/990
f 993/993/993 991/991/991 992/992/992
f 993/993/993 994/994/994 991/991/991
f 995/995/995 994/994/994 993/993/993
f 995/995/995 993/993/993 996/996/996
f 995/995/995 996/996/996 997/997/997
f 1000/1000/1000 999/999/999 998/998/998
f 999/999/999 1000/1000/1000 1001/1001/1001
f 1000/1000/1000 1002/1002/1002 1001/1001/1001
f 1001/1001/1001 1002/1002/1002 1003/1003/1003
f 1004/1004/1004 1001/1001/1001 1003/1003/1003
f 1004/1004/1004 1003/1003/1003 1005/1005/1005
f 1008/1008/1008 1007/1007/1007 1006/1006/1006
f 1007/1007/1007 1008/1008/1008 1009/1009/1009
f 1009/1009/1009 1008/1008/1008 1010/1010/1010
f 1008/1008/1008 1011/1011/1011 1010/1010/1010
f 1009/1009/1009 1010/1010/1010 1012/1012/1012
f 1010/1010/1010 1013/1013/1013 1012/1012/1012
f 1012/1012/1012 1013/1013/1013 1014/1014/1014
f 1015/1015/1015 1012/1012/1012 1014/1014/1014
f 1015/1015/1015 1014/1014/1014 1016/1016/1016
f 1014/1014/1014 1017/1017/1017 1016/1016/1016
f 1016/1016/1016 1017/1017/1017 1018/1018/1018
f 1017/1017/1017 1019/1019/1019 1018/1018/1018
f 1018/1018/1018 1019/1019/1019 1020/1020/1020
f 1019/1019/1019 1021/1021/1021 1020/1020/1020
f 1020/1020/1020 1021/1021/1021 1022/1022/1022
f 1023/1023/1023 1020/1020/1020 1022/1022/1022
f 1021/1021/1021 1024/1024/1024 1022/1022/1022
f 1025/1025/1025 1022/1022/1022 1024/1024/1024
f 1028/1028/1028 1027/1027/1027 1026/1026/1026
f 1029/1029/1029 1026/1026/1026 1027/1027/1027
f 1030/1030/1030 1029/1029/1029 1027/1027/1027
f 1029/1029/1029 1030/1030/1030 1031/1031/1031
f 1030/1030/1030 1032/1032/1032 1031/1031/1031
f 1031/1031/1031 1032/1032/1032 1033/1033/1033
f 1034/1034/1034 1031/1031/1031 1033/1033/1033
f 1033/1033/1033 1035/1035/1035 1034/1034/1034
f 1035/1035/1035 1036/1036/1036 1034/1034/1034
f 1037/1037/1037 1036/1036/1036 1035/1035/1035
f 1038/1038/1038 1037/1037/1037 1035/1035/1035
f 1038/1038/1038 1039/1039/1039 1037/1037/1037
f 1039/1039/1039 1040/1040/1040 1037/1037/1037
f 1041/1041/1041 1040/1040/1040 1039/1039/1039
f 1042/1042/1042 1041/1041/1041 1039/1039/1039
f 1041/1041/1041 1042/1042/1042 1043/1043/1043
f 1046/1046/1046 1045/1045/1045 1044/1044/1044
f 1047/1047/1047 1046/1046/1046 1044/1044/1044
f 1048/1048/1048 1047/1047/1047 1044/1044/1044
f 1049/1049/1049 1047/1047/1047 1048/1048/1048
f 1050/1050/1050 1049/1049/1049 1048/1048/1048
f 1049/1049/1049 1050/1050/1050 1051/1051/1051
f 1050/1050/1050 1052/1052/1052 1051/1051/1051
f 1051/1051/1051 1052/1052/1052 1053/1053/1053
f 1052/1052/1052 1054/1054/1054 1053/1053/1053
f 1053/1053/1053 1054/1054/1054 1055/1055/1055
f 1054/1054/1054 1056/1056/1056 1055/1055/1055
f 1055/1055/1055 1056/1056/1056 1057/1057/1057
f 1056/1056/1056 1058/1058/1058 1057/1057/1057
f 1057/1057/1057 1058/1058/1058 1059/1059/1059
f 1060/1060/1060 1057/1057/1057 1059/1059/1059
f 1061/1061/1061 1060/1060/1060 1059/1059/1059
f 1064/1064/1064 1063/1063/1063 1062/1062/1062
f 1065/1065/1065 1062/1062/1062 1063/1063/1063
f 1066/1066/1066 1065/1065/1065 1063/1063/1063
f 1065/1065/1065 1066/1066/1066 1067/1067/1067
f 1066/1066/1066 1068/1068/1068 1067/1067/1067
f 1067/1067/1067 1068/1068/1068 1069/1069/1069
f 1070/1070/1070 1067/1067/1067 1069/1069/1069
f 1069/1069/1069 1071/1071/1071 1070/1070/1070
f 1071/1071/1071 1072/1072/1072 1070/1070/1070
f 1073/1073/1073 1072/1072/1072 1071/1071/1071
f 1074/1074/1074 1073/1073/1073 1071/1071/1071
f 1074/1074/1074 1075/1075/1075 1073/1073/1073
f 1075/1075/1075 1076/1076/1076 1073/1073/1073
f 1077/1077/1077 1076/1076/1076 1075/1075/1075
f 1078/1078/1078 1077/1077/1077 1075/1075/1075
f 1077/1077/1077 1078/1078/1078 1079/1079/1079
f 1082/1082/1082 1081/1081/1081 1080/1080/1080
f 1083/1083/1083 1082/1082/1082 1080/1080/1080
f 1084/1084/1084 1083/1083/1083 1080/1080/1080
f 1085/1085/1085 1083/1083/1083 1084/1084/1084
f 1086/1086/1086 1085/1085/1085 1084/1084/1084
f 1085/1085/1085 1086/1086/1086 1087/1087/1087
f 1086/1086/1086 1088/1088/1088 1087/1087/1087
f 1087/1087/1087 1088/1088/1088 1089/1089/1089
f 1088/1088/1088 1090/1090/1090 1089/1089/1089
f 1089/1089/1089 1090/1090/1090 1091/1091/1091
f 1090/1090/1090 1092/1092/1092 1091/1091/1091
f 1091/1091/1091 1092/1092/1092 1093/1093/1093
f 1092/1092/1092 1094/1094/1094 1093/1093/1093
f 1093/1093/1093 1094/1094/1094 1095/1095/1095
f 1096/1096/1096 1093/1093/1093 1095/1095/1095
f 1097/1097/1097 1096/1096/1096 1095/1095/1095
f 1100/1100/1100 1099/1099/1099 1098/1098/1098
f 1099/1099/1099 1100/1100/1100 1101/1101/1101
f 1101/1101/1101 1100/1100/1100 1102/1102/1102
f 1100/1100/1100 1103/1103/1103 1102/1102/1102
f 1101/1101/1101 1102/1102/1102 1104/1104/1104
f 1102/1102/1102 1105/1105/1105 1104/1104/1104
f 1104/1104/1104 1105/1105/1105 1106/1106/1106
f 1107/1107/1107 1104/1104/1104 1106/1106/1106
f 1107/1107/1107 1106/1106/1106 1108/1108/1108
f 1106/1106/1106 1109/1109/1109 1108/1108/1108
f 1108/1108/1108 1109/1109/1109 1110/1110/1110
f 1109/1109/1109 1111/1111/1111 1110/1110/1110
f 1110/1110/1110 1111/1111/1111 1112/1112/1112
f 1111/1111/1111 1113/1113/1113 1112/1112/1112
f 1112/1112/1112 1113/1113/1113 1114/1114/1114
f 1115/1115/1115 1112/1112/1112 1114/1114/1114
f 1113/1113/1113 1116/1116/1116 1114/1114/1114
f 1117/1117/1117 1114/1114/1114 1116/1116/1116
f 1120/1120/1120 1119/1119/1119 1118/1118/1118
f 1121/1121/1121 1118/1118/1118 1119/1119/1119
f 1122/1122/1122 1121/1121/1121 1119/1119/1119
f 1121/1121/1121 1122/1122/1122 1123/1123/1123
f 1122/1122/1122 1124/1124/1124 1123/1123/1123
f 1123/1123/1123 1124/1124/1124 1125/1125/1125
f 1126/1126/1126 1123/1123/1123 1125/1125/1125
f 1125/1125/1125 1127/1127/1127 1126/1126/1126
f 1127/1127/1127 1128/1128/1128 1126/1126/1126
f 1129/1129/1129 1128/1128/1128 1127/1127/1127
f 1130/1130/1130 1129/1129/1129 1127/1127/1127
f 1130/1130/1130 1131/1131/1131 1129/1129/1129
f 1131/1131/1131 1132/1132/1132 1129/1129/1129
f 1133/1133/1133 1132/1132/1132 1131/1131/1131
f 1134/1134/1134 1133/1133/1133 1131/1131/1131
f 1133/1133/1133 1134/1134/1134 1135/1135/1135
f 1138/1138/1138 1137/1137/1137 1136/1136/1136
f 1139/1139/1139 1138/1138/1138 1136/1136/1136
f 1140/1140/1140 1139/1139/1139 1136/1136/1136
f 1141/1141/1141 1139/1139/1139 1140/1140/1140
f 1142/1142/1142 1141/1141/1141 1140/1140/1140
f 1141/1141/1141 1142/1142/1142 1143/1143/1143
f 1142/1142/1142 1144/1144/1144 1143/1143/1143
f 1143/1143/1143 1144/1144/1144 1145/1145/1145
f 1144/1144/1144 1146/1146/1146 1145/1145/1145
f 1145/1145/1145 1146/1146/1146 1147/1147/1147
f 1146/1146/1146 1148/1148/1148 1147/1147/1147
f 1147/1147/1147 1148/1148/1148 1149/1149/1149
f 1148/1148/1148 1150/1150/1150 1149/1149/1149
f 1149/1149/1149 1150/1150/1150 1151/1151/1151
f 1152/1152/1152 1149/1149/1149 1151/1151/1151
f 1153/1153/1153 1152/1152/1152 1151/1151/1151
f 1156/1156/1156 1155/1155/1155 1154/1154/1154
f 1157/1157/1157 1154/1154/1154 1155/1155/1155
f 1158/1158/1158 1157/1157/1157 1155/1155/1155
f 1157/1157/1157 1158/1158/1158 1159/1159/1159
f 1158/1158/1158 1160/1160/1160 1159/1159/1159
f 1161/1161/1161 1159/1159/1159 1160/1160/1160
f 1161/1161/1161 1160/1160/1160 1162/1162/1162
f 1162/1162/1162 1163/1163/1163 1161/1161/1161
f 1163/1163/1163 1164/1164/1164 1161/1161/1161
f 1165/1165/1165 1164/1164/1164 1163/1163/1163
f 1166/1166/1166 1165/1165/1165 1163/1163/1163
f 1166/1166/1166 1167/1167/1167 1165/1165/1165
f 1167/1167/1167 1168/1168/1168 1165/1165/1165
f 1169/1169/1169 1168/1168/1168 1167/1167/1167
f 1170/1170/1170 1169/1169/1169 1167/1167/1167
f 1169/1169/1169 1170/1170/1170 1171/1171/1171
f 1174/1174/1174 1173/1173/1173 1172/1172/1172
f 1175/1175/1175 1174/1174/1174 1172/1172/1172
f 1176/1176/1176 1175/1175/1175 1172/1172/1172
f 1177/1177/1177 1175/1175/1175 1176/1176/1176
f 1178/1178/1178 1177/1177/1177 1176/1176/1176
f 1177/1177/1177 1178/1178/1178 1179/1179/1179
f 1178/1178/1178 1180/1180/1180 1179/1179/1179
f 1179/1179/1179 1180/1180/1180 1181/1181/1181
f 1180/1180/1180 1182/1182/1182 1181/1181/1181
f 1181/1181/1181 1182/1182/1182 1183/1183/1183
f 1182/1182/1182 1184/1184/1184 1183/1183/1183
f 1183/1183/1183 1184/1184/1184 1185/1185/1185
f 1184/1184/1184 1186/1186/1186 1185/1185/1185
f 1185/1185/1185 1186/1186/1186 1187/1187/1187
f 1188/1188/1188 1185/1185/1185 1187/1187/1187
f 1189/1189/1189 1188/1188/1188 1187/1187/1187
f 1192/1192/1192 1191/1191/1191 1190/1190/1190
f 1191/1191/1191 1192/1192/1192 1193/1193/1193
f 1191/1191/1191 1193/1193/1193 1194/1194/1194
f 1195/1195/1195 1191/1191/1191 1194/1194/1194
f 1194/1194/1194 1193/1193/1193 1196/1196/1196
f 1197/1197/1197 1194/1194/1194 1196/1196/1196
f 1197/1197/1197 1196/1196/1196 1198/1198/1198
f 1196/1196/1196 1199/1199/1199 1198/1198/1198
f 1198/1198/1198 1199/1199/1199 1200/1200/1200
f 1201/1201/1201 1198/1198/1198 1200/1200/1200
f 1201/1201/1201 1200/1200/1200 1202/1202/1202
f 1203/1203/1203 1201/1201/1201 1202/1202/1202
f 1203/1203/1203 1202/1202/1202 1204/1204/1204
f 1205/1205/1205 1203/1203/1203 1204/1204/1204
f 1205/1205/1205 1204/1204/1204 1206/1206/1206
f 1204/1204/1204 1207/1207/1207 1206/1206/1206
f 1208/1208/1208 1205/1205/1205 1206/1206/1206
f 1206/1206/1206 1209/1209/1209 1208/1208/1208
f 1212/1212/1212 1211/1211/1211 1210/1210/1210
f 1210/1210/1210 1213/1213/1213 1212/1212/1212
f 1213/1213/1213 1214/1214/1214 1212/1212/1212
f 1214/1214/1214 1213/1213/1213 1215/1215/1215
f 1216/1216/1216 1214/1214/1214 1215/1215/1215
f 1216/1216/1216 1215/1215/1215 1217/1217/1217
f 1215/1215/1215 1218/1218/1218 1217/1217/1217
f 1219/1219/1219 1217/1217/1217 1218/1218/1218
f 1220/1220/1220 1219/1219/1219 1218/1218/1218
f 1220/1220/1220 1221/1221/1221 1219/1219/1219
f 1221/1221/1221 1222/1222/1222 1219/1219/1219
f 1223/1223/1223 1222/1222/1222 1221/1221/1221
f 1224/1224/1224 1223/1223/1223 1221/1221/1221
f 1224/1224/1224 1225/1225/1225 1223/1223/1223
f 1225/1225/1225 1226/1226/1226 1223/1223/1223
f 1226/1226/1226 1225/1225/1225 1227/1227/1227
f 1230/1230/1230 1229/1229/1229 1228/1228/1228
f 1229/1229/1229 1231/1231/1231 1228/1228/1228
f 1231/1231/1231 1232/1232/1232 1228/1228/1228
f 1231/1231/1231 1233/1233/1233 1232/1232/1232
f 1233/1233/1233 1234/1234/1234 1232/1232/1232
f 1234/1234/1234 1233/1233/1233 1235/1235/1235
f 1236/1236/1236 1234/1234/1234 1235/1235/1235
f 1236/1236/1236 1235/1235/1235 1237/1237/1237
f 1238/1238/1238 1236/1236/1236 1237/1237/1237
f 1238/1238/1238 1237/1237/1237 1239/1239/1239
f 1240/1240/1240 1238/1238/1238 1239/1239/1239
f 1240/1240/1240 1239/1239/1239 1241/1241/1241
f 1242/1242/1242 1240/1240/1240 1241/1241/1241
f 1242/1242/1242 1241/1241/1241 1243/1243/1243
f 1241/1241/1241 1244/1244/1244 1243/1243/1243
f 1244/1244/1244 1245/1245/1245 1243/1243/1243
f 1248/1248/1248 1247/1247/1247 1246/1246/1246
f 1246/1246/1246 1249/1249/1249 1248/1248/1248
f 1249/1249/1249 1250/1250/1250 1248/1248/1248
f 1250/1250/1250 1249/1249/1249 1251/1251/1251
f 1252/1252/1252 1250/1250/1250 1251/1251/1251
f 1252/1252/1252 1251/1251/1251 1253/1253/1253
f 1251/1251/1251 1254/1254/1254 1253/1253/1253
f 1255/1255/1255 1253/1253/1253 1254/1254/1254
f 1256/1256/1256 1255/1255/1255 1254/1254/1254
f 1256/1256/1256 1257/1257/1257 1255/1255/1255
f 1257/1257/1257 1258/1258/1258 1255/1255/1255
f 1259/1259/1259 1258/1258/1258 1257/1257/1257
f 1260/1260/1260 1259/1259/1259 1257/1257/1257
f 1260/1260/1260 1261/1261/1261 1259/1259/1259
f 1261/1261/1261 1262/1262/1262 1259/1259/1259
f 1262/1262/1262 1261/1261/1261 1263/1263/1263
f 1266/1266/1266 1265/1265/1265 1264/1264/1264
f 1265/1265/1265 1267/1267/1267 1264/1264/1264
f 1267/1267/1267 1268/1268/1268 1264/1264/1264
f 1267/1267/1267 1269/1269/1269 1268/1268/1268
f 1269/1269/1269 1270/1270/1270 1268/1268/1268
f 1270/1270/1270 1269/1269/1269 1271/1271/1271
f 1272/1272/1272 1270/1270/1270 1271/1271/1271
f 1272/1272/1272 1271/1271/1271 1273/1273/1273
f 1274/1274/1274 1272/1272/1272 1273/1273/1273
f 1274/1274/1274 1273/1273/1273 1275/1275/1275
f 1276/1276/1276 1274/1274/1274 1275/1275/1275
f 1276/1276/1276 1275/1275/1275 1277/1277/1277
f 1278/1278/1278 1276/1276/1276 1277/1277/1277
f 1278/1278/1278 1277/1277/1277 1279/1279/1279
f 1277/1277/1277 1280/1280/1280 1279/1279/1279
f 1280/1280/1280 1281/1281/1281 1279/1279/1279
f 1284/1284/1284 1283/1283/1283 1282/1282/1282
f 1283/1283/1283 1284/1284/1284 1285/1285/1285
f 1283/1283/1283 1285/1285/1285 1286/1286/1286
f 1287/1287/1287 1283/1283/1283 1286/1286/1286
f 1286/1286/1286 1285/1285/1285 1288/1288/1288
f 1289/1289/1289 1286/1286/1286 1288/1288/1288
f 1289/1289/1289 1288/1288/1288 1290/1290/1290
f 1288/1288/1288 1291/1291/1291 1290/1290/1290
f 1290/1290/1290 1291/1291/1291 1292/1292/1292
f 1293/1293/1293 1290/1290/1290 1292/1292/1292
f 1293/1293/1293 1292/1292/1292 1294/1294/1294
f 1295/1295/1295 1293/1293/1293 1294/1294/1294
f 1295/1295/1295 1294/1294/1294 1296/1296/1296
f 1297/1297/1297 1295/1295/1295 1296/1296/1296
f 1297/1297/1297 1296/1296/1296 1298/1298/1298
f 1296/1296/1296 1299/1299/1299 1298/1298/1298
f 1300/1300/1300 1297/1297/1297 1298/1298/1298
f 1298/1298/1298 1301/1301/1301 1300/1300/1300
f 1304/1304/1304 1303/1303/1303 1302/1302/1302
f 1302/1302/1302 1305/1305/1305 1304/1304/1304
f 1305/1305/1305 1306/1306/1306 1304/1304/1304
f 1306/1306/1306 1305/1305/1305 1307/1307/1307
f 1308/1308/1308 1306/1306/1306 1307/1307/1307
f 1308/1308/1308 1307/1307/1307 1309/1309/1309
f 1307/1307/1307 1310/1310/1310 1309/1309/1309
f 1311/1311/1311 1309/1309/1309 1310/1310/1310
f 1312/1312/1312 1311/1311/1311 1310/1310/1310
f 1312/1312/1312 1313/1313/1313 1311/1311/1311
f 1313/1313/1313 1314/1314/1314 1311/1311/1311
f 1315/1315/1315 1314/1314/1314 1313/1313/1313
f 1316/1316/1316 1315/1315/1315 1313/1313/1313
f 1316/1316/1316 1317/1317/1317 1315/1315/1315
f 1317/1317/1317 1318/1318/1318 1315/1315/1315
f 1318/1318/1318 1317/1317/1317 1319/1319/1319
f 1322/1322/1322 1321/1321/1321 1320/1320/1320
f 1321/1321/1321 1323/1323/1323 1320/1320/1320
f 1323/1323/1323 1324/1324/1324 1320/1320/1320
f 1323/1323/1323 1325/1325/1325 1324/1324/1324
f 1325/1325/1325 1326/1326/1326 1324/1324/1324
f 1326/1326/1326 1325/1325/1325 1327/1327/1327
f 1328/1328/1328 1326/1326/1326 1327/1327/1327
f 1328/1328/1328 1327/1327/1327 1329/1329/1329
f 1330/1330/1330 1328/1328/1328 1329/1329/1329
f 1330/1330/1330 1329/1329/1329 1331/1331/1331
f 1332/1332/1332 1330/1330/1330 1331/1331/1331
f 1332/1332/1332 1331/1331/1331 1333/1333/1333
f 1334/1334/1334 1332/1332/1332 1333/1333/1333
f 1334/1334/1334 1333/1333/1333 1335/1335/1335
f 1333/1333/1333 1336/1336/1336 1335/1335/1335
f 1336/1336/1336 1337/1337/1337 1335/1335/1335
f 1340/1340/1340 1339/1339/1339 1338/1338/1338
f 1338/1338/1338 1341/1341/1341 1340/1340/1340
f 1341/1341/1341 1342/1342/1342 1340/1340/1340
f 1342/1342/1342 1341/1341/1341 1343/1343/1343
f 1344/1344/1344 1342/1342/1342 1343/1343/1343
f 1344/1344/1344 1343/1343/1343 1345/1345/1345
f 1344/1344/1344 1345/1345/1345 1346/1346/1346
f 1347/1347/1347 1346/1346/1346 1345/1345/1345
f 1348/1348/1348 1347/1347/1347 1345/1345/1345
f 1348/1348/1348 1349/1349/1349 1347/1347/1347
f 1349/1349/1349 1350/1350/1350 1347/1347/1347
f 1351/1351/1351 1350/1350/1350 1349/1349/1349
f 1352/1352/1352 1351/1351/1351 1349/1349/1349
f 1352/1352/1352 1353/1353/1353 1351/1351/1351
f 1353/1353/1353 1354/1354/1354 1351/1351/1351
f 1354/1354/1354 1353/1353/1353 1355/1355/1355
f 1358/1358/1358 1357/1357/1357 1356/1356/1356
f 1357/1357/1357 1359/1359/1359 1356/1356/1356
f 1359/1359/1359 1360/1360/1360 1356/1356/1356
f 1359/1359/1359 1361/1361/1361 1360/1360/1360
f 1361/1361/1361 1362/1362/1362 1360/1360/1360
f 1362/1362/1362 1361/1361/1361 1363/1363/1363
f 1364/1364/1364 1362/1362/1362 1363/1363/1363
f 1364/1364/1364 1363/1363/1363 1365/1365/1365
f 1366/1366/1366 1364/1364/1364 1365/1365/1365
f 1366/1366/1366 1365/1365/1365 1367/1367/1367
f 1368/1368/1368 1366/1366/1366 1367/1367/1367
f 1368/1368/1368 1367/1367/1367 1369/1369/1369
f 1370/1370/1370 1368/1368/1368 1369/1369/1369
f 1370/1370/1370 1369/1369/1369 1371/1371/1371
f 1369/1369/1369 1372/1372/1372 1371/1371/1371
f 1372/1372/1372 1373/1373/1373 1371/1371/1371
f 1376/1376/1376 1375/1375/1375 1374/1374/1374
f 1376/1376/1376 1374/1374/1374 1377/1377/1377
f 1378/1378/1378 1376/1376/1376 1377/1377/1377
f 1378/1378/1378 1377/1377/1377 1379/1379/1379
f 1382/1382/1382 1381/1381/1381 1380/1380/1380
f 1380/1380/1380 1383/1383/1383 1382/1382/1382
f 1383/1383/1383 1384/1384/1384 1382/1382/1382
f 1384/1384/1384 1383/1383/1383 1385/1385/1385
f 1383/1383/1383 1380/1380/1380 1386/1386/1386
f 1380/1380/1380 1387/1387/1387 1386/1386/1386
f 1388/1388/1388 1383/1383/1383 1386/1386/1386
f 1388/1388/1388 1389/1389/1389 1383/1383/1383
f 1383/1383/1383 1390/1390/1390 1385/1385/1385
f 1389/1389/1389 1390/1390/1390 1383/1383/1383
f 1391/1391/1391 1385/1385/1385 1390/1390/1390
f 1389/1389/1389 1392/1392/1392 1390/1390/1390
f 1393/1393/1393 1391/1391/1391 1390/1390/1390
f 1392/1392/1392 1393/1393/1393 1390/1390/1390
f 1394/1394/1394 1391/1391/1391 1393/1393/1393
f 1393/1393/1393 1392/1392/1392 1395/1395/1395
f 1396/1396/1396 1394/1394/1394 1393/1393/1393
f 1396/1396/1396 1393/1393/1393 1395/1395/1395
f 1394/1394/1394 1396/1396/1396 1397/1397/1397
f 1398/1398/1398 1396/1396/1396 1395/1395/1395
f 1401/1401/1401 1400/1400/1400 1399/1399/1399
f 1402/1402/1402 1401/1401/1401 1399/1399/1399
f 1403/1403/1403 1401/1401/1401 1402/1402/1402
f 1404/1404/1404 1403/1403/1403 1402/1402/1402
f 1405/1405/1405 1403/1403/1403 1404/1404/1404
f 1406/1406/1406 1405/1405/1405 1404/1404/1404
f 1407/1407/1407 1405/1405/1405 1406/1406/1406
f 1408/1408/1408 1407/1407/1407 1406/1406/1406
f 1409/1409/1409 1407/1407/1407 1408/1408/1408
f 1410/1410/1410 1409/1409/1409 1408/1408/1408
f 1411/1411/1411 1409/1409/1409 1410/1410/1410
f 1412/1412/1412 1411/1411/1411 1410/1410/1410
f 1415/1415/1415 1414/1414/1414 1413/1413/1413
f 1414/1414/1414 1416/1416/1416 1413/1413/1413
f 1416/1416/1416 1414/1414/1414 1417/1417/1417
f 1418/1418/1418 1416/1416/1416 1417/1417/1417
f 1418/1418/1418 1417/1417/1417 1419/1419/1419
f 1417/1417/1417 1420/1420/1420 1419/1419/1419
f 1419/1419/1419 1420/1420/1420 1421/1421/1421
f 1420/1420/1420 1422/1422/1422 1421/1421/1421
f 1421/1421/1421 1422/1422/1422 1423/1423/1423
f 1424/1424/1424 1421/1421/1421 1423/1423/1423
f 1427/1427/1427 1426/1426/1426 1425/1425/1425
f 1428/1428/1428 1427/1427/1427 1425/1425/1425
f 1429/1429/1429 1428/1428/1428 1425/1425/1425
f 1430/1430/1430 1429/1429/1429 1425/1425/1425
f 1430/1430/1430 1431/1431/1431 1429/1429/1429
f 1432/1432/1432 1431/1431/1431 1430/1430/1430
f 1433/1433/1433 1432/1432/1432 1430/1430/1430
f 1433/1433/1433 1430/1430/1430 1425/1425/1425
f 1434/1434/1434 1432/1432/1432 1433/1433/1433
f 1435/1435/1435 1434/1434/1434 1433/1433/1433
f 1435/1435/1435 1433/1433/1433 1436/1436/1436
f 1436/1436/1436 1433/1433/1433 1425/1425/1425
f 1435/1435/1435 1436/1436/1436 1437/1437/1437
f 1436/1436/1436 1425/1425/1425 1438/1438/1438
f 1436/1436/1436 1438/1438/1438 1437/1437/1437
f 1438/1438/1438 1439/1439/1439 1437/1437/1437
f 1439/1439/1439 1438/1438/1438 1440/1440/1440
f 1438/1438/1438 1425/1425/1425 1441/1441/1441
f 1438/1438/1438 1441/1441/1441 1440/1440/1440
f 1425/1425/1425 1442/1442/1442 1441/1441/1441
f 1425/1425/1425 1443/1443/1443 1442/1442/1442
f 1425/1425/1425 1444/1444/1444 1443/1443/1443
f 1425/1425/1425 1445/1445/1445 1444/1444/1444
f 1425/1425/1425 1446/1446/1446 1445/1445/1445
f 1425/1425/1425 1447/1447/1447 1446/1446/1446
f 1425/1425/1425 1448/1448/1448 1447/1447/1447
f 1425/1425/1425 1449/1449/1449 1448/1448/1448
f 1452/1452/1452 1451/1451/1451 1450/1450/1450
f 1450/1450/1450 1451/1451/1451 1453/1453/1453
f 1451/1451/1451 1454/1454/1454 1453/1453/1453
f 1453/1453/1453 1454/1454/1454 1455/1455/1455
f 1458/1458/1458 1457/1457/1457 1456/1456/1456
f 1459/1459/1459 1456/1456/1456 1457/1457/1457
f 1460/1460/1460 1459/1459/1459 1457/1457/1457
f 1459/1459/1459 1460/1460/1460 1461/1461/1461
f 1462/1462/1462 1459/1459/1459 1461/1461/1461
f 1461/1461/1461 1463/1463/1463 1462/1462/1462
f 1463/1463/1463 1464/1464/1464 1462/1462/1462
f 1463/1463/1463 1465/1465/1465 1464/1464/1464
f 1465/1465/1465 1466/1466/1466 1464/1464/1464
f 1466/1466/1466 1465/1465/1465 1467/1467/1467
f 1470/1470/1470 1469/1469/1469 1468/1468/1468
f 1471/1471/1471 1470/1470/1470 1468/1468/1468
f 1472/1472/1472 1471/1471/1471 1468/1468/1468
f 1471/1471/1471 1472/1472/1472 1473/1473/1473
f 1472/1472/1472 1474/1474/1474 1473/1473/1473
f 1473/1473/1473 1474/1474/1474 1475/1475/1475
f 1474/1474/1474 1476/1476/1476 1475/1475/1475
f 1475/1475/1475 1476/1476/1476 1477/1477/1477
f 1478/1478/1478 1475/1475/1475 1477/1477/1477
f 1479/1479/1479 1478/1478/1478 1477/1477/1477
f 1482/1482/1482 1481/1481/1481 1480/1480/1480
f 1481/1481/1481 1483/1483/1483 1480/1480/1480
f 1481/1481/1481 1484/1484/1484 1483/1483/1483
f 1484/1484/1484 1485/1485/1485 1483/1483/1483
f 1484/1484/1484 1486/1486/1486 1485/1485/1485
f 1486/1486/1486 1487/1487/1487 1485/1485/1485
f 1486/1486/1486 1488/1488/1488 1487/1487/1487
f 1488/1488/1488 1489/1489/1489 1487/1487/1487
f 1488/1488/1488 1490/1490/1490 1489/1489/1489
f 1490/1490/1490 1491/1491/1491 1489/1489/1489
f 1490/1490/1490 1492/1492/1492 1491/1491/1491
f 1492/1492/1492 1493/1493/1493 1491/1491/1491
f 1496/1496/1496 1495/1495/1495 1494/1494/1494
f 1497/1497/1497 1496/1496/1496 1494/1494/1494
f 1496/1496/1496 1497/1497/1497 1498/1498/1498
f 1497/1497/1497 1499/1499/1499 1498/1498/1498
f 1498/1498/1498 1499/1499/1499 1500/1500/1500
f 1501/1501/1501 1498/1498/1498 1500/1500/1500
f 1501/1501/1501 1500/1500/1500 1502/1502/1502
f 1503/1503/1503 1501/1501/1501 1502/1502/1502
f 1503/1503/1503 1502/1502/1502 1504/1504/1504
f 1502/1502/1502 1505/1505/1505 1504/1504/1504
f 1508/1508/1508 1507/1507/1507 1506/1506/1506
f 1507/1507/1507 1509/1509/1509 1506/1506/1506
f 1509/1509/1509 1510/1510/1510 1506/1506/1506
f 1511/1511/1511 1506/1506/1506 1510/1510/1510
f 1511/1511/1511 1510/1510/1510 1512/1512/1512
f 1511/1511/1511 1512/1512/1512 1513/1513/1513
f 1514/1514/1514 1511/1511/1511 1513/1513/1513
f 1514/1514/1514 1506/1506/1506 1511/1511/1511
f 1514/1514/1514 1513/1513/1513 1515/1515/1515
f 1516/1516/1516 1514/1514/1514 1515/1515/1515
f 1516/1516/1516 1517/1517/1517 1514/1514/1514
f 1506/1506/1506 1514/1514/1514 1517/1517/1517
f 1517/1517/1517 1516/1516/1516 1518/1518/1518
f 1517/1517/1517 1519/1519/1519 1506/1506/1506
f 1517/1517/1517 1518/1518/1518 1519/1519/1519
f 1518/1518/1518 1520/1520/1520 1519/1519/1519
f 1519/1519/1519 1520/1520/1520 1521/1521/1521
f 1519/1519/1519 1522/1522/1522 1506/1506/1506
f 1519/1519/1519 1521/1521/1521 1522/1522/1522
f 1523/1523/1523 1506/1506/1506 1522/1522/1522
f 1523/1523/1523 1524/1524/1524 1506/1506/1506
f 1525/1525/1525 1506/1506/1506 1524/1524/1524
f 1525/1525/1525 1526/1526/1526 1506/1506/1506
f 1527/1527/1527 1506/1506/1506 1526/1526/1526
f 1527/1527/1527 1528/1528/1528 1506/1506/1506
f 1529/1529/1529 1506/1506/1506 1528/1528/1528
f 1529/1529/1529 1530/1530/1530 1506/1506/1506
f 177/177/177 1531/1531/1531 173/173/173
f 1531/1531/1531 1532/1532/1532 173/173/173
f 173/173/173 1532/1532/1532 174/174/174
f 1533/1533/1533 1532/1532/1532 1531/1531/1531
f 1532/1532/1532 1534/1534/1534 174/174/174
f 1533/1533/1533 1534/1534/1534 1532/1532/1532
f 1535/1535/1535 363/363/363 364/364/364
f 1536/1536/1536 363/363/363 1535/1535/1535
f 1537/1537/1537 1536/1536/1536 1535/1535/1535
f 1537/1537/1537 1538/1538/1538 1536/1536/1536
f 1539/1539/1539 1537/1537/1537 1535/1535/1535
f 1539/1539/1539 1538/1538/1538 1537/1537/1537
f 1540/1540/1540 1535/1535/1535 364/364/364
f 1539/1539/1539 1535/1535/1535 1540/1540/1540
f 1539/1539/1539 1541/1541/1541 1538/1538/1538
f 1541/1541/1541 1542/1542/1542 1538/1538/1538
f 1539/1539/1539 1543/1543/1543 1541/1541/1541
f 1541/1541/1541 1543/1543/1543 1542/1542/1542
f 1544/1544/1544 1539/1539/1539 1540/1540/1540
f 1539/1539/1539 1544/1544/1544 1543/1543/1543
f 1543/1543/1543 1545/1545/1545 1542/1542/1542
f 1545/1545/1545 1546/1546/1546 1542/1542/1542
f 1543/1543/1543 1547/1547/1547 1545/1545/1545
f 1545/1545/1545 1547/1547/1547 1546/1546/1546
f 1544/1544/1544 1548/1548/1548 1543/1543/1543
f 1543/1543/1543 1548/1548/1548 1547/1547/1547
f 1549/1549/1549 1544/1544/1544 1540/1540/1540
f 1548/1548/1548 1544/1544/1544 1549/1549/1549
f 1550/1550/1550 1549/1549/1549 1540/1540/1540
f 1540/1540/1540 364/364/364 1550/1550/1550
f 1551/1551/1551 1548/1548/1548 1549/1549/1549
f 364/364/364 1552/1552/1552 1550/1550/1550
f 1548/1548/1548 1551/1551/1551 1553/1553/1553
f 1554/1554/1554 1552/1552/1552 364/364/364
f 1555/1555/1555 1548/1548/1548 1553/1553/1553
f 1548/1548/1548 1555/1555/1555 1547/1547/1547
f 1555/1555/1555 1553/1553/1553 1556/1556/1556
f 1557/1557/1557 1554/1554/1554 364/364/364
f 1554/1554/1554 1557/1557/1557 1558/1558/1558
f 1557/1557/1557 364/364/364 362/362/362
f 1557/1557/1557 1559/1559/1559 1558/1558/1558
f 1559/1559/1559 1557/1557/1557 362/362/362
f 1560/1560/1560 1558/1558/1558 1559/1559/1559
f 1561/1561/1561 1560/1560/1560 1559/1559/1559
f 1560/1560/1560 1561/1561/1561 1562/1562/1562
f 1563/1563/1563 1561/1561/1561 1559/1559/1559
f 1562/1562/1562 1561/1561/1561 1563/1563/1563
f 1564/1564/1564 1559/1559/1559 362/362/362
f 1564/1564/1564 1563/1563/1563 1559/1559/1559
f 1563/1563/1563 1565/1565/1565 1562/1562/1562
f 1565/1565/1565 1566/1566/1566 1562/1562/1562
f 1567/1567/1567 1566/1566/1566 1565/1565/1565
f 1568/1568/1568 1565/1565/1565 1563/1563/1563
f 1568/1568/1568 1567/1567/1567 1565/1565/1565
f 1564/1564/1564 1568/1568/1568 1563/1563/1563
f 360/360/360 1567/1567/1567 1568/1568/1568
f 362/362/362 1569/1569/1569 1564/1564/1564
f 1569/1569/1569 1568/1568/1568 1564/1564/1564
f 1569/1569/1569 360/360/360 1568/1568/1568
f 359/359/359 1569/1569/1569 362/362/362
f 360/360/360 1569/1569/1569 359/359/359
f 1571/1571/1571 1570/1570/1570 1546/1546/1546
f 1571/1571/1571 1546/1546/1546 1547/1547/1547
f 1572/1572/1572 1571/1571/1571 1547/1547/1547
f 1571/1571/1571 1572/1572/1572 1570/1570/1570
f 1572/1572/1572 1547/1547/1547 1555/1555/1555
f 1573/1573/1573 1570/1570/1570 1572/1572/1572
f 1573/1573/1573 1574/1574/1574 1570/1570/1570
f 1575/1575/1575 1572/1572/1572 1555/1555/1555
f 1575/1575/1575 1555/1555/1555 1556/1556/1556
f 1576/1576/1576 1573/1573/1573 1572/1572/1572
f 1576/1576/1576 1572/1572/1572 1575/1575/1575
f 1577/1577/1577 1575/1575/1575 1556/1556/1556
f 1577/1577/1577 1576/1576/1576 1575/1575/1575
f 1578/1578/1578 1577/1577/1577 1556/1556/1556
f 1578/1578/1578 1579/1579/1579 1577/1577/1577
f 1573/1573/1573 1576/1576/1576 1580/1580/1580
f 1573/1573/1573 1580/1580/1580 1574/1574/1574
f 1580/1580/1580 1581/1581/1581 1574/1574/1574
f 1581/1581/1581 1582/1582/1582 1574/1574/1574
f 1582/1582/1582 1583/1583/1583 1574/1574/1574
f 1582/1582/1582 1584/1584/1584 1583/1583/1583
f 1585/1585/1585 1580/1580/1580 1576/1576/1576
f 1585/1585/1585 1576/1576/1576 1577/1577/1577
f 1585/1585/1585 1581/1581/1581 1580/1580/1580
f 1579/1579/1579 1586/1586/1586 1577/1577/1577
f 1585/1585/1585 1577/1577/1577 1586/1586/1586
f 1586/1586/1586 1579/1579/1579 1587/1587/1587
f 1582/1582/1582 1588/1588/1588 1584/1584/1584
f 1588/1588/1588 1589/1589/1589 1584/1584/1584
f 1588/1588/1588 1590/1590/1590 1589/1589/1589
f 1588/1588/1588 1582/1582/1582 1590/1590/1590
f 1582/1582/1582 1591/1591/1591 1590/1590/1590
f 1582/1582/1582 1592/1592/1592 1591/1591/1591
f 1582/1582/1582 1581/1581/1581 1592/1592/1592
f 1585/1585/1585 1586/1586/1586 1593/1593/1593
f 1594/1594/1594 1586/1586/1586 1587/1587/1587
f 1594/1594/1594 1593/1593/1593 1586/1586/1586
f 1595/1595/1595 1594/1594/1594 1587/1587/1587
f 1595/1595/1595 1593/1593/1593 1594/1594/1594
f 1596/1596/1596 1595/1595/1595 1587/1587/1587
f 1597/1597/1597 1593/1593/1593 1595/1595/1595
f 1596/1596/1596 1598/1598/1598 1595/1595/1595
f 1585/1585/1585 1599/1599/1599 1581/1581/1581
f 1581/1581/1581 1599/1599/1599 1597/1597/1597
f 1585/1585/1585 1600/1600/1600 1599/1599/1599
f 1581/1581/1581 1601/1601/1601 1592/1592/1592
f 1581/1581/1581 1597/1597/1597 1601/1601/1601
f 1601/1601/1601 1602/1602/1602 1592/1592/1592
f 1601/1601/1601 1597/1597/1597 1602/1602/1602
f 1602/1602/1602 1603/1603/1603 1592/1592/1592
f 1600/1600/1600 1604/1604/1604 1599/1599/1599
f 1600/1600/1600 1605/1605/1605 1604/1604/1604
f 1606/1606/1606 1597/1597/1597 1599/1599/1599
f 1604/1604/1604 1606/1606/1606 1599/1599/1599
f 1605/1605/1605 1607/1607/1607 1604/1604/1604
f 1604/1604/1604 1607/1607/1607 1606/1606/1606
f 1605/1605/1605 1608/1608/1608 1607/1607/1607
f 1607/1607/1607 1609/1609/1609 1606/1606/1606
f 1608/1608/1608 1610/1610/1610 1607/1607/1607
f 1607/1607/1607 1610/1610/1610 1609/1609/1609
f 1608/1608/1608 1611/1611/1611 1610/1610/1610
f 1610/1610/1610 1612/1612/1612 1609/1609/1609
f 1610/1610/1610 1611/1611/1611 1612/1612/1612
f 1613/1613/1613 1603/1603/1603 1602/1602/1602
f 1613/1613/1613 1614/1614/1614 1603/1603/1603
f 1615/1615/1615 1602/1602/1602 1597/1597/1597
f 1615/1615/1615 1613/1613/1613 1602/1602/1602
f 1615/1615/1615 1597/1597/1597 1595/1595/1595
f 1613/1613/1613 1615/1615/1615 1595/1595/1595
f 1614/1614/1614 1613/1613/1613 1616/1616/1616
f 1613/1613/1613 1595/1595/1595 1616/1616/1616
f 1614/1614/1614 1616/1616/1616 1617/1617/1617
f 1595/1595/1595 1618/1618/1618 1616/1616/1616
f 1616/1616/1616 1618/1618/1618 1619/1619/1619
f 1598/1598/1598 1618/1618/1618 1595/1595/1595
f 1616/1616/1616 1620/1620/1620 1617/1617/1617
f 1620/1620/1620 1616/1616/1616 1619/1619/1619
f 1620/1620/1620 1621/1621/1621 1617/1617/1617
f 1620/1620/1620 1619/1619/1619 1621/1621/1621
f 1618/1618/1618 1598/1598/1598 1622/1622/1622
f 1618/1618/1618 1622/1622/1622 1619/1619/1619
f 1598/1598/1598 1623/1623/1623 1622/1622/1622
f 1623/1623/1623 1624/1624/1624 1622/1622/1622
f 1624/1624/1624 1625/1625/1625 1622/1622/1622
f 1622/1622/1622 1625/1625/1625 1619/1619/1619
f 1621/1621/1621 1619/1619/1619 1626/1626/1626
f 1621/1621/1621 1626/1626/1626 1627/1627/1627
f 1626/1626/1626 1619/1619/1619 1628/1628/1628
f 1626/1626/1626 1628/1628/1628 1627/1627/1627
f 1625/1625/1625 1628/1628/1628 1619/1619/1619
f 1629/1629/1629 1627/1627/1627 1628/1628/1628
f 1625/1625/1625 1624/1624/1624 1630/1630/1630
f 1625/1625/1625 1630/1630/1630 1628/1628/1628
f 1630/1630/1630 1629/1629/1629 1628/1628/1628
f 1624/1624/1624 1631/1631/1631 1630/1630/1630
f 1629/1629/1629 1630/1630/1630 1632/1632/1632
f 1633/1633/1633 1630/1630/1630 1631/1631/1631
f 1630/1630/1630 1633/1633/1633 1632/1632/1632
f 1634/1634/1634 1633/1633/1633 1631/1631/1631
f 1632/1632/1632 1633/1633/1633 1635/1635/1635
f 1635/1635/1635 1633/1633/1633 1634/1634/1634
f 1636/1636/1636 1632/1632/1632 1635/1635/1635
f 1637/1637/1637 1635/1635/1635 1634/1634/1634
f 1638/1638/1638 1636/1636/1636 1635/1635/1635
f 1638/1638/1638 1635/1635/1635 1637/1637/1637
f 155/155/155 1640/1640/1640 1639/1639/1639
f 155/155/155 1639/1639/1639 156/156/156
f 1640/1640/1640 1641/1641/1641 1639/1639/1639
f 1642/1642/1642 1641/1641/1641 1640/1640/1640
f 1641/1641/1641 1643/1643/1643 1639/1639/1639
f 1642/1642/1642 1643/1643/1643 1641/1641/1641
f 1639/1639/1639 1644/1644/1644 156/156/156
f 1639/1639/1639 1643/1643/1643 1644/1644/1644
f 1645/1645/1645 1643/1643/1643 1642/1642/1642
f 1646/1646/1646 1645/1645/1645 1642/1642/1642
f 1647/1647/1647 1643/1643/1643 1645/1645/1645
f 1647/1647/1647 1645/1645/1645 1646/1646/1646
f 1643/1643/1643 1648/1648/1648 1644/1644/1644
f 1648/1648/1648 1643/1643/1643 1647/1647/1647
f 1649/1649/1649 1647/1647/1647 1646/1646/1646
f 1650/1650/1650 1649/1649/1649 1646/1646/1646
f 1651/1651/1651 1647/1647/1647 1649/1649/1649
f 1651/1651/1651 1649/1649/1649 1650/1650/1650
f 1652/1652/1652 1648/1648/1648 1647/1647/1647
f 1652/1652/1652 1647/1647/1647 1651/1651/1651
f 1648/1648/1648 1653/1653/1653 1644/1644/1644
f 1648/1648/1648 1652/1652/1652 1653/1653/1653
f 1653/1653/1653 1654/1654/1654 1644/1644/1644
f 156/156/156 1644/1644/1644 1654/1654/1654
f 1652/1652/1652 1655/1655/1655 1653/1653/1653
f 1656/1656/1656 156/156/156 1654/1654/1654
f 1655/1655/1655 1652/1652/1652 1657/1657/1657
f 1656/1656/1656 1658/1658/1658 156/156/156
f 1652/1652/1652 1659/1659/1659 1657/1657/1657
f 1659/1659/1659 1652/1652/1652 1651/1651/1651
f 1657/1657/1657 1659/1659/1659 1660/1660/1660
f 1658/1658/1658 1661/1661/1661 156/156/156
f 1661/1661/1661 1658/1658/1658 1662/1662/1662
f 156/156/156 1661/1661/1661 154/154/154
f 1663/1663/1663 1661/1661/1661 1662/1662/1662
f 1661/1661/1661 1663/1663/1663 154/154/154
f 1662/1662/1662 1664/1664/1664 1663/1663/1663
f 1664/1664/1664 1665/1665/1665 1663/1663/1663
f 1665/1665/1665 1664/1664/1664 1666/1666/1666
f 1665/1665/1665 1667/1667/1667 1663/1663/1663
f 1665/1665/1665 1666/1666/1666 1667/1667/1667
f 1663/1663/1663 1668/1668/1668 154/154/154
f 1667/1667/1667 1668/1668/1668 1663/1663/1663
f 1669/1669/1669 1667/1667/1667 1666/1666/1666
f 1670/1670/1670 1669/1669/1669 1666/1666/1666
f 1670/1670/1670 1671/1671/1671 1669/1669/1669
f 1669/1669/1669 1672/1672/1672 1667/1667/1667
f 1671/1671/1671 1672/1672/1672 1669/1669/1669
f 1672/1672/1672 1668/1668/1668 1667/1667/1667
f 1671/1671/1671 152/152/152 1672/1672/1672
f 1673/1673/1673 154/154/154 1668/1668/1668
f 1672/1672/1672 1673/1673/1673 1668/1668/1668
f 152/152/152 1673/1673/1673 1672/1672/1672
f 1673/1673/1673 151/151/151 154/154/154
f 1673/1673/1673 152/152/152 151/151/151
f 1675/1675/1675 1674/1674/1674 1650/1650/1650
f 1650/1650/1650 1674/1674/1674 1651/1651/1651
f 1674/1674/1674 1676/1676/1676 1651/1651/1651
f 1676/1676/1676 1674/1674/1674 1675/1675/1675
f 1651/1651/1651 1676/1676/1676 1659/1659/1659
f 1675/1675/1675 1677/1677/1677 1676/1676/1676
f 1678/1678/1678 1677/1677/1677 1675/1675/1675
f 1676/1676/1676 1679/1679/1679 1659/1659/1659
f 1659/1659/1659 1679/1679/1679 1660/1660/1660
f 1677/1677/1677 1680/1680/1680 1676/1676/1676
f 1676/1676/1676 1680/1680/1680 1679/1679/1679
f 1679/1679/1679 1681/1681/1681 1660/1660/1660
f 1680/1680/1680 1681/1681/1681 1679/1679/1679
f 1681/1681/1681 1682/1682/1682 1660/1660/1660
f 1683/1683/1683 1682/1682/1682 1681/1681/1681
f 1684/1684/1684 1680/1680/1680 1677/1677/1677
f 1684/1684/1684 1677/1677/1677 1678/1678/1678
f 1678/1678/1678 1685/1685/1685 1684/1684/1684
f 1686/1686/1686 1685/1685/1685 1678/1678/1678
f 1687/1687/1687 1686/1686/1686 1678/1678/1678
f 1687/1687/1687 1688/1688/1688 1686/1686/1686
f 1684/1684/1684 1689/1689/1689 1680/1680/1680
f 1681/1681/1681 1680/1680/1680 1689/1689/1689
f 1684/1684/1684 1685/1685/1685 1689/1689/1689
f 1690/1690/1690 1683/1683/1683 1681/1681/1681
f 1681/1681/1681 1689/1689/1689 1690/1690/1690
f 1683/1683/1683 1690/1690/1690 1691/1691/1691
f 1688/1688/1688 1692/1692/1692 1686/1686/1686
f 1693/1693/1693 1692/1692/1692 1688/1688/1688
f 1694/1694/1694 1692/1692/1692 1693/1693/1693
f 1686/1686/1686 1692/1692/1692 1694/1694/1694
f 1695/1695/1695 1686/1686/1686 1694/1694/1694
f 1695/1695/1695 1696/1696/1696 1686/1686/1686
f 1696/1696/1696 1685/1685/1685 1686/1686/1686
f 1690/1690/1690 1689/1689/1689 1697/1697/1697
f 1690/1690/1690 1698/1698/1698 1691/1691/1691
f 1697/1697/1697 1698/1698/1698 1690/1690/1690
f 1698/1698/1698 1699/1699/1699 1691/1691/1691
f 1697/1697/1697 1699/1699/1699 1698/1698/1698
f 1699/1699/1699 1700/1700/1700 1691/1691/1691
f 1697/1697/1697 1701/1701/1701 1699/1699/1699
f 1702/1702/1702 1700/1700/1700 1699/1699/1699
f 1703/1703/1703 1689/1689/1689 1685/1685/1685
f 1703/1703/1703 1685/1685/1685 1701/1701/1701
f 1704/1704/1704 1689/1689/1689 1703/1703/1703
f 1705/1705/1705 1685/1685/1685 1696/1696/1696
f 1705/1705/1705 1701/1701/1701 1685/1685/1685
f 1706/1706/1706 1705/1705/1705 1696/1696/1696
f 1706/1706/1706 1701/1701/1701 1705/1705/1705
f 1707/1707/1707 1706/1706/1706 1696/1696/1696
f 1708/1708/1708 1704/1704/1704 1703/1703/1703
f 1709/1709/1709 1704/1704/1704 1708/1708/1708
f 1701/1701/1701 1710/1710/1710 1703/1703/1703
f 1710/1710/1710 1708/1708/1708 1703/1703/1703
f 1711/1711/1711 1709/1709/1709 1708/1708/1708
f 1711/1711/1711 1708/1708/1708 1710/1710/1710
f 1712/1712/1712 1709/1709/1709 1711/1711/1711
f 1713/1713/1713 1711/1711/1711 1710/1710/1710
f 1714/1714/1714 1712/1712/1712 1711/1711/1711
f 1714/1714/1714 1711/1711/1711 1713/1713/1713
f 1715/1715/1715 1712/1712/1712 1714/1714/1714
f 1716/1716/1716 1714/1714/1714 1713/1713/1713
f 1715/1715/1715 1714/1714/1714 1716/1716/1716
f 1707/1707/1707 1717/1717/1717 1706/1706/1706
f 1718/1718/1718 1717/1717/1717 1707/1707/1707
f 1706/1706/1706 1719/1719/1719 1701/1701/1701
f 1706/1706/1706 1717/1717/1717 1719/1719/1719
f 1701/1701/1701 1719/1719/1719 1699/1699/1699
f 1719/1719/1719 1717/1717/1717 1699/1699/1699
f 1717/1717/1717 1718/1718/1718 1720/1720/1720
f 1699/1699/1699 1717/1717/1717 1720/1720/1720
f 1720/1720/1720 1718/1718/1718 1721/1721/1721
f 1722/1722/1722 1699/1699/1699 1720/1720/1720
f 1722/1722/1722 1720/1720/1720 1723/1723/1723
f 1722/1722/1722 1702/1702/1702 1699/1699/1699
f 1724/1724/1724 1720/1720/1720 1721/1721/1721
f 1720/1720/1720 1724/1724/1724 1723/1723/1723
f 1725/1725/1725 1724/1724/1724 1721/1721/1721
f 1723/1723/1723 1724/1724/1724 1725/1725/1725
f 1702/1702/1702 1722/1722/1722 1726/1726/1726
f 1726/1726/1726 1722/1722/1722 1723/1723/1723
f 1727/1727/1727 1702/1702/1702 1726/1726/1726
f 1728/1728/1728 1727/1727/1727 1726/1726/1726
f 1729/1729/1729 1728/1728/1728 1726/1726/1726
f 1729/1729/1729 1726/1726/1726 1723/1723/1723
f 1723/1723/1723 1725/1725/1725 1730/1730/1730
f 1730/1730/1730 1725/1725/1725 1731/1731/1731
f 1723/1723/1723 1730/1730/1730 1732/1732/1732
f 1732/1732/1732 1730/1730/1730 1731/1731/1731
f 1732/1732/1732 1729/1729/1729 1723/1723/1723
f 1731/1731/1731 1733/1733/1733 1732/1732/1732
f 1728/1728/1728 1729/1729/1729 1734/1734/1734
f 1734/1734/1734 1729/1729/1729 1732/1732/1732
f 1733/1733/1733 1734/1734/1734 1732/1732/1732
f 1735/1735/1735 1728/1728/1728 1734/1734/1734
f 1734/1734/1734 1733/1733/1733 1736/1736/1736
f 1734/1734/1734 1737/1737/1737 1735/1735/1735
f 1737/1737/1737 1734/1734/1734 1736/1736/1736
f 1737/1737/1737 1738/1738/1738 1735/1735/1735
f 1737/1737/1737 1736/1736/1736 1739/1739/1739
f 1737/1737/1737 1739/1739/1739 1738/1738/1738
f 1736/1736/1736 1740/1740/1740 1739/1739/1739
f 1739/1739/1739 1741/1741/1741 1738/1738/1738
f 1740/1740/1740 1742/1742/1742 1739/1739/1739
f 1739/1739/1739 1742/1742/1742 1741/1741/1741
f 1745/1745/1745 1744/1744/1744 1743/1743/1743
f 1744/1744/1744 1746/1746/1746 1743/1743/1743
f 1743/1743/1743 1746/1746/1746 1747/1747/1747
f 1745/1745/1745 1743/1743/1743 1748/1748/1748
f 1745/1745/1745 1748/1748/1748 1749/1749/1749
f 1749/1749/1749 1748/1748/1748 1750/1750/1750
f 1751/1751/1751 1749/1749/1749 1750/1750/1750
f 1752/1752/1752 1751/1751/1751 1750/1750/1750
f 1753/1753/1753 1750/1750/1750 1748/1748/1748
f 1753/1753/1753 1748/1748/1748 1743/1743/1743
f 1754/1754/1754 1743/1743/1743 1747/1747/1747
f 1754/1754/1754 1747/1747/1747 1755/1755/1755
f 1752/1752/1752 1750/1750/1750 1756/1756/1756
f 1753/1753/1753 1756/1756/1756 1750/1750/1750
f 1752/1752/1752 1756/1756/1756 1757/1757/1757
f 1752/1752/1752 1757/1757/1757 1758/1758/1758
f 1743/1743/1743 1754/1754/1754 1759/1759/1759
f 1759/1759/1759 1753/1753/1753 1743/1743/1743
f 1760/1760/1760 1753/1753/1753 1759/1759/1759
f 1760/1760/1760 1759/1759/1759 1761/1761/1761
f 1754/1754/1754 1761/1761/1761 1759/1759/1759
f 1762/1762/1762 1754/1754/1754 1755/1755/1755
f 1754/1754/1754 1762/1762/1762 1761/1761/1761
f 1762/1762/1762 1755/1755/1755 1763/1763/1763
f 1762/1762/1762 1763/1763/1763 1764/1764/1764
f 1753/1753/1753 1765/1765/1765 1756/1756/1756
f 1765/1765/1765 1757/1757/1757 1756/1756/1756
f 1760/1760/1760 1765/1765/1765 1753/1753/1753
f 1757/1757/1757 1766/1766/1766 1758/1758/1758
f 1766/1766/1766 1767/1767/1767 1758/1758/1758
f 1765/1765/1765 1768/1768/1768 1757/1757/1757
f 1768/1768/1768 1766/1766/1766 1757/1757/1757
f 1760/1760/1760 1768/1768/1768 1765/1765/1765
f 1766/1766/1766 1769/1769/1769 1767/1767/1767
f 1768/1768/1768 1769/1769/1769 1766/1766/1766
f 1769/1769/1769 1770/1770/1770 1767/1767/1767
f 1769/1769/1769 1771/1771/1771 1770/1770/1770
f 1772/1772/1772 1762/1762/1762 1764/1764/1764
f 1762/1762/1762 1772/1772/1772 1761/1761/1761
f 1773/1773/1773 1772/1772/1772 1764/1764/1764
f 1772/1772/1772 1773/1773/1773 1761/1761/1761
f 1774/1774/1774 1773/1773/1773 1764/1764/1764
f 1773/1773/1773 1774/1774/1774 1775/1775/1775
f 1768/1768/1768 1776/1776/1776 1769/1769/1769
f 1760/1760/1760 1776/1776/1776 1768/1768/1768
f 1760/1760/1760 1777/1777/1777 1776/1776/1776
f 1769/1769/1769 1778/1778/1778 1771/1771/1771
f 1776/1776/1776 1778/1778/1778 1769/1769/1769
f 1778/1778/1778 1779/1779/1779 1771/1771/1771
f 1776/1776/1776 1779/1779/1779 1778/1778/1778
f 1779/1779/1779 1780/1780/1780 1771/1771/1771
f 1781/1781/1781 1780/1780/1780 1779/1779/1779
f 1776/1776/1776 1782/1782/1782 1779/1779/1779
f 1781/1781/1781 1779/1779/1779 1782/1782/1782
f 1776/1776/1776 1777/1777/1777 1782/1782/1782
f 1781/1781/1781 1782/1782/1782 1783/1783/1783
f 1777/1777/1777 1783/1783/1783 1782/1782/1782
f 1781/1781/1781 1783/1783/1783 1784/1784/1784
f 1785/1785/1785 1784/1784/1784 1783/1783/1783
f 1785/1785/1785 1783/1783/1783 1786/1786/1786
f 1777/1777/1777 1786/1786/1786 1783/1783/1783
f 1786/1786/1786 1787/1787/1787 1785/1785/1785
f 1786/1786/1786 1788/1788/1788 1787/1787/1787
f 1777/1777/1777 1788/1788/1788 1786/1786/1786
f 1787/1787/1787 1788/1788/1788 1789/1789/1789
f 1777/1777/1777 1789/1789/1789 1788/1788/1788
f 1790/1790/1790 1787/1787/1787 1789/1789/1789
f 1777/1777/1777 1791/1791/1791 1789/1789/1789
f 1760/1760/1760 1791/1791/1791 1777/1777/1777
f 1789/1789/1789 1792/1792/1792 1790/1790/1790
f 1791/1791/1791 1792/1792/1792 1789/1789/1789
f 1792/1792/1792 1793/1793/1793 1790/1790/1790
f 1792/1792/1792 1794/1794/1794 1793/1793/1793
f 1792/1792/1792 1795/1795/1795 1794/1794/1794
f 1792/1792/1792 1796/1796/1796 1795/1795/1795
f 1791/1791/1791 1796/1796/1796 1792/1792/1792
f 1796/1796/1796 1797/1797/1797 1795/1795/1795
f 1791/1791/1791 1797/1797/1797 1796/1796/1796
f 1797/1797/1797 1798/1798/1798 1795/1795/1795
f 1760/1760/1760 1799/1799/1799 1791/1791/1791
f 1791/1791/1791 1799/1799/1799 1797/1797/1797
f 1760/1760/1760 1761/1761/1761 1799/1799/1799
f 1773/1773/1773 1799/1799/1799 1761/1761/1761
f 1797/1797/1797 1800/1800/1800 1798/1798/1798
f 1799/1799/1799 1800/1800/1800 1797/1797/1797
f 1800/1800/1800 1801/1801/1801 1798/1798/1798
f 1800/1800/1800 1775/1775/1775 1801/1801/1801
f 1799/1799/1799 1773/1773/1773 1802/1802/1802
f 1802/1802/1802 1773/1773/1773 1775/1775/1775
f 1799/1799/1799 1802/1802/1802 1800/1800/1800
f 1800/1800/1800 1802/1802/1802 1775/1775/1775
f 1805/1805/1805 1804/1804/1804 1803/1803/1803
f 1803/1803/1803 1804/1804/1804 1806/1806/1806
f 1807/1807/1807 1805/1805/1805 1803/1803/1803
f 1807/1807/1807 1808/1808/1808 1805/1805/1805
f 1803/1803/1803 1806/1806/1806 1809/1809/1809
f 1806/1806/1806 1810/1810/1810 1809/1809/1809
f 1807/1807/1807 1811/1811/1811 1808/1808/1808
f 1812/1812/1812 1808/1808/1808 1811/1811/1811
f 1807/1807/1807 1803/1803/1803 1813/1813/1813
f 1813/1813/1813 1803/1803/1803 1809/1809/1809
f 1810/1810/1810 1814/1814/1814 1809/1809/1809
f 1814/1814/1814 1810/1810/1810 1815/1815/1815
f 1811/1811/1811 1807/1807/1807 1816/1816/1816
f 1816/1816/1816 1807/1807/1807 1813/1813/1813
f 1817/1817/1817 1812/1812/1812 1811/1811/1811
f 1812/1812/1812 1817/1817/1817 1818/1818/1818
f 1811/1811/1811 1816/1816/1816 1819/1819/1819
f 1811/1811/1811 1819/1819/1819 1817/1817/1817
f 1817/1817/1817 1820/1820/1820 1818/1818/1818
f 1818/1818/1818 1820/1820/1820 1821/1821/1821
f 1822/1822/1822 1809/1809/1809 1814/1814/1814
f 1822/1822/1822 1813/1813/1813 1809/1809/1809
f 1823/1823/1823 1814/1814/1814 1815/1815/1815
f 1823/1823/1823 1815/1815/1815 1824/1824/1824
f 1816/1816/1816 1813/1813/1813 1825/1825/1825
f 1816/1816/1816 1825/1825/1825 1819/1819/1819
f 1820/1820/1820 1817/1817/1817 1826/1826/1826
f 1819/1819/1819 1826/1826/1826 1817/1817/1817
f 1827/1827/1827 1822/1822/1822 1814/1814/1814
f 1827/1827/1827 1814/1814/1814 1823/1823/1823
f 1828/1828/1828 1823/1823/1823 1824/1824/1824
f 1824/1824/1824 1829/1829/1829 1828/1828/1828
f 1813/1813/1813 1822/1822/1822 1830/1830/1830
f 1813/1813/1813 1830/1830/1830 1825/1825/1825
f 1822/1822/1822 1827/1827/1827 1831/1831/1831
f 1822/1822/1822 1831/1831/1831 1830/1830/1830
f 1830/1830/1830 1831/1831/1831 1832/1832/1832
f 1831/1831/1831 1827/1827/1827 1832/1832/1832
f 1827/1827/1827 1823/1823/1823 1833/1833/1833
f 1833/1833/1833 1823/1823/1823 1828/1828/1828
f 1830/1830/1830 1834/1834/1834 1825/1825/1825
f 1830/1830/1830 1832/1832/1832 1834/1834/1834
f 1835/1835/1835 1834/1834/1834 1832/1832/1832
f 1825/1825/1825 1836/1836/1836 1819/1819/1819
f 1834/1834/1834 1836/1836/1836 1825/1825/1825
f 1837/1837/1837 1819/1819/1819 1836/1836/1836
f 1837/1837/1837 1826/1826/1826 1819/1819/1819
f 1838/1838/1838 1836/1836/1836 1834/1834/1834
f 1838/1838/1838 1834/1834/1834 1835/1835/1835
f 1837/1837/1837 1836/1836/1836 1838/1838/1838
f 1827/1827/1827 1839/1839/1839 1832/1832/1832
f 1827/1827/1827 1833/1833/1833 1839/1839/1839
f 1840/1840/1840 1833/1833/1833 1828/1828/1828
f 1833/1833/1833 1841/1841/1841 1839/1839/1839
f 1833/1833/1833 1840/1840/1840 1841/1841/1841
f 1842/1842/1842 1832/1832/1832 1839/1839/1839
f 1842/1842/1842 1839/1839/1839 1841/1841/1841
f 1835/1835/1835 1832/1832/1832 1843/1843/1843
f 1842/1842/1842 1843/1843/1843 1832/1832/1832
f 1840/1840/1840 1828/1828/1828 1844/1844/1844
f 1829/1829/1829 1844/1844/1844 1828/1828/1828
f 1829/1829/1829 1845/1845/1845 1844/1844/1844
f 1829/1829/1829 1846/1846/1846 1845/1845/1845
f 1846/1846/1846 1847/1847/1847 1845/1845/1845
f 1848/1848/1848 1840/1840/1840 1844/1844/1844
f 1848/1848/1848 1844/1844/1844 1845/1845/1845
f 1840/1840/1840 1849/1849/1849 1841/1841/1841
f 1849/1849/1849 1840/1840/1840 1848/1848/1848
f 1843/1843/1843 1850/1850/1850 1835/1835/1835
f 1842/1842/1842 1850/1850/1850 1843/1843/1843
f 1842/1842/1842 1841/1841/1841 1851/1851/1851
f 1851/1851/1851 1841/1841/1841 1849/1849/1849
f 1847/1847/1847 1852/1852/1852 1845/1845/1845
f 1852/1852/1852 1847/1847/1847 1853/1853/1853
f 1842/1842/1842 1854/1854/1854 1850/1850/1850
f 1854/1854/1854 1842/1842/1842 1851/1851/1851
f 1855/1855/1855 1852/1852/1852 1853/1853/1853
f 1855/1855/1855 1853/1853/1853 1856/1856/1856
f 1857/1857/1857 1855/1855/1855 1856/1856/1856
f 1857/1857/1857 1856/1856/1856 1858/1858/1858
f 1859/1859/1859 1857/1857/1857 1858/1858/1858
f 1858/1858/1858 1860/1860/1860 1859/1859/1859
f 1860/1860/1860 1861/1861/1861 1859/1859/1859
f 1860/1860/1860 1862/1862/1862 1861/1861/1861
f 1845/1845/1845 1852/1852/1852 1863/1863/1863
f 1852/1852/1852 1855/1855/1855 1864/1864/1864
f 1863/1863/1863 1852/1852/1852 1864/1864/1864
f 1855/1855/1855 1857/1857/1857 1865/1865/1865
f 1864/1864/1864 1855/1855/1855 1865/1865/1865
f 1857/1857/1857 1859/1859/1859 1866/1866/1866
f 1865/1865/1865 1857/1857/1857 1866/1866/1866
f 1845/1845/1845 1863/1863/1863 1867/1867/1867
f 1867/1867/1867 1848/1848/1848 1845/1845/1845
f 1863/1863/1863 1864/1864/1864 1868/1868/1868
f 1863/1863/1863 1868/1868/1868 1867/1867/1867
f 1864/1864/1864 1865/1865/1865 1869/1869/1869
f 1864/1864/1864 1869/1869/1869 1868/1868/1868
f 1848/1848/1848 1867/1867/1867 1870/1870/1870
f 1870/1870/1870 1849/1849/1849 1848/1848/1848
f 1871/1871/1871 1867/1867/1867 1868/1868/1868
f 1867/1867/1867 1871/1871/1871 1870/1870/1870
f 1871/1871/1871 1868/1868/1868 1872/1872/1872
f 1868/1868/1868 1869/1869/1869 1872/1872/1872
f 1865/1865/1865 1873/1873/1873 1869/1869/1869
f 1865/1865/1865 1866/1866/1866 1873/1873/1873
f 1866/1866/1866 1859/1859/1859 1874/1874/1874
f 1859/1859/1859 1861/1861/1861 1874/1874/1874
f 1875/1875/1875 1849/1849/1849 1870/1870/1870
f 1851/1851/1851 1849/1849/1849 1875/1875/1875
f 1870/1870/1870 1871/1871/1871 1876/1876/1876
f 1876/1876/1876 1871/1871/1871 1872/1872/1872
f 1869/1869/1869 1877/1877/1877 1872/1872/1872
f 1869/1869/1869 1873/1873/1873 1877/1877/1877
f 1866/1866/1866 1878/1878/1878 1873/1873/1873
f 1866/1866/1866 1874/1874/1874 1878/1878/1878
f 1877/1877/1877 1879/1879/1879 1872/1872/1872
f 1879/1879/1879 1876/1876/1876 1872/1872/1872
f 1873/1873/1873 1880/1880/1880 1877/1877/1877
f 1873/1873/1873 1878/1878/1878 1880/1880/1880
f 1877/1877/1877 1880/1880/1880 1879/1879/1879
f 1874/1874/1874 1881/1881/1881 1878/1878/1878
f 1880/1880/1880 1878/1878/1878 1881/1881/1881
f 1882/1882/1882 1851/1851/1851 1875/1875/1875
f 1882/1882/1882 1854/1854/1854 1851/1851/1851
f 1874/1874/1874 1883/1883/1883 1881/1881/1881
f 1874/1874/1874 1861/1861/1861 1883/1883/1883
f 1861/1861/1861 1884/1884/1884 1883/1883/1883
f 1862/1862/1862 1884/1884/1884 1861/1861/1861
f 1884/1884/1884 1862/1862/1862 1885/1885/1885
f 1885/1885/1885 1883/1883/1883 1884/1884/1884
f 1862/1862/1862 1886/1886/1886 1885/1885/1885
f 1885/1885/1885 1886/1886/1886 1887/1887/1887
f 1886/1886/1886 1888/1888/1888 1887/1887/1887
f 1887/1887/1887 1888/1888/1888 1889/1889/1889
f 1888/1888/1888 1890/1890/1890 1889/1889/1889
f 1889/1889/1889 1890/1890/1890 1891/1891/1891
f 1890/1890/1890 1892/1892/1892 1891/1891/1891
f 1891/1891/1891 1892/1892/1892 1893/1893/1893
f 1892/1892/1892 1894/1894/1894 1893/1893/1893
f 1895/1895/1895 1893/1893/1893 1894/1894/1894
f 1895/1895/1895 1894/1894/1894 1896/1896/1896
f 1897/1897/1897 1895/1895/1895 1896/1896/1896
f 1897/1897/1897 1896/1896/1896 1898/1898/1898
f 1898/1898/1898 1899/1899/1899 1897/1897/1897
f 1898/1898/1898 1900/1900/1900 1899/1899/1899
f 1901/1901/1901 1899/1899/1899 1900/1900/1900
f 1902/1902/1902 1901/1901/1901 1900/1900/1900
f 1902/1902/1902 1821/1821/1821 1901/1901/1901
f 1821/1821/1821 1903/1903/1903 1901/1901/1901
f 1820/1820/1820 1903/1903/1903 1821/1821/1821
f 1901/1901/1901 1904/1904/1904 1899/1899/1899
f 1901/1901/1901 1903/1903/1903 1904/1904/1904
f 1897/1897/1897 1899/1899/1899 1905/1905/1905
f 1904/1904/1904 1905/1905/1905 1899/1899/1899
f 1895/1895/1895 1897/1897/1897 1906/1906/1906
f 1897/1897/1897 1905/1905/1905 1906/1906/1906
f 1893/1893/1893 1895/1895/1895 1907/1907/1907
f 1895/1895/1895 1906/1906/1906 1907/1907/1907
f 1907/1907/1907 1906/1906/1906 1908/1908/1908
f 1820/1820/1820 1909/1909/1909 1903/1903/1903
f 1820/1820/1820 1826/1826/1826 1909/1909/1909
f 1903/1903/1903 1910/1910/1910 1904/1904/1904
f 1909/1909/1909 1910/1910/1910 1903/1903/1903
f 1906/1906/1906 1905/1905/1905 1911/1911/1911
f 1908/1908/1908 1906/1906/1906 1911/1911/1911
f 1904/1904/1904 1912/1912/1912 1905/1905/1905
f 1904/1904/1904 1910/1910/1910 1912/1912/1912
f 1912/1912/1912 1911/1911/1911 1905/1905/1905
f 1893/1893/1893 1907/1907/1907 1913/1913/1913
f 1893/1893/1893 1913/1913/1913 1891/1891/1891
f 1914/1914/1914 1909/1909/1909 1826/1826/1826
f 1837/1837/1837 1914/1914/1914 1826/1826/1826
f 1915/1915/1915 1910/1910/1910 1909/1909/1909
f 1914/1914/1914 1915/1915/1915 1909/1909/1909
f 1910/1910/1910 1916/1916/1916 1912/1912/1912
f 1915/1915/1915 1916/1916/1916 1910/1910/1910
f 1915/1915/1915 1917/1917/1917 1916/1916/1916
f 1837/1837/1837 1918/1918/1918 1914/1914/1914
f 1838/1838/1838 1918/1918/1918 1837/1837/1837
f 1914/1914/1914 1919/1919/1919 1915/1915/1915
f 1919/1919/1919 1917/1917/1917 1915/1915/1915
f 1918/1918/1918 1919/1919/1919 1914/1914/1914
f 1912/1912/1912 1916/1916/1916 1920/1920/1920
f 1912/1912/1912 1920/1920/1920 1911/1911/1911
f 1921/1921/1921 1919/1919/1919 1918/1918/1918
f 1917/1917/1917 1919/1919/1919 1921/1921/1921
f 1838/1838/1838 1922/1922/1922 1918/1918/1918
f 1922/1922/1922 1921/1921/1921 1918/1918/1918
f 1917/1917/1917 1923/1923/1923 1916/1916/1916
f 1916/1916/1916 1923/1923/1923 1920/1920/1920
f 1920/1920/1920 1923/1923/1923 1924/1924/1924
f 1920/1920/1920 1925/1925/1925 1911/1911/1911
f 1920/1920/1920 1924/1924/1924 1925/1925/1925
f 1838/1838/1838 1926/1926/1926 1922/1922/1922
f 1926/1926/1926 1838/1838/1838 1835/1835/1835
f 1922/1922/1922 1927/1927/1927 1921/1921/1921
f 1921/1921/1921 1927/1927/1927 1917/1917/1917
f 1928/1928/1928 1923/1923/1923 1917/1917/1917
f 1923/1923/1923 1928/1928/1928 1924/1924/1924
f 1924/1924/1924 1928/1928/1928 1929/1929/1929
f 1930/1930/1930 1928/1928/1928 1917/1917/1917
f 1927/1927/1927 1930/1930/1930 1917/1917/1917
f 1929/1929/1929 1928/1928/1928 1930/1930/1930
f 1931/1931/1931 1922/1922/1922 1926/1926/1926
f 1922/1922/1922 1931/1931/1931 1927/1927/1927
f 1931/1931/1931 1932/1932/1932 1927/1927/1927
f 1932/1932/1932 1933/1933/1933 1927/1927/1927
f 1927/1927/1927 1933/1933/1933 1930/1930/1930
f 1932/1932/1932 1931/1931/1931 1934/1934/1934
f 1931/1931/1931 1926/1926/1926 1934/1934/1934
f 1934/1934/1934 1926/1926/1926 1835/1835/1835
f 1935/1935/1935 1929/1929/1929 1930/1930/1930
f 1933/1933/1933 1935/1935/1935 1930/1930/1930
f 1935/1935/1935 1933/1933/1933 1936/1936/1936
f 1929/1929/1929 1935/1935/1935 1936/1936/1936
f 1933/1933/1933 1932/1932/1932 1937/1937/1937
f 1933/1933/1933 1937/1937/1937 1936/1936/1936
f 1936/1936/1936 1937/1937/1937 1938/1938/1938
f 1934/1934/1934 1835/1835/1835 1939/1939/1939
f 1850/1850/1850 1939/1939/1939 1835/1835/1835
f 1940/1940/1940 1929/1929/1929 1936/1936/1936
f 1940/1940/1940 1936/1936/1936 1938/1938/1938
f 1939/1939/1939 1941/1941/1941 1934/1934/1934
f 1850/1850/1850 1942/1942/1942 1939/1939/1939
f 1939/1939/1939 1942/1942/1942 1941/1941/1941
f 1941/1941/1941 1942/1942/1942 1943/1943/1943
f 1850/1850/1850 1944/1944/1944 1942/1942/1942
f 1850/1850/1850 1854/1854/1854 1944/1944/1944
f 1932/1932/1932 1934/1934/1934 1945/1945/1945
f 1941/1941/1941 1945/1945/1945 1934/1934/1934
f 1946/1946/1946 1945/1945/1945 1941/1941/1941
f 1945/1945/1945 1946/1946/1946 1932/1932/1932
f 1942/1942/1942 1947/1947/1947 1943/1943/1943
f 1944/1944/1944 1947/1947/1947 1942/1942/1942
f 1941/1941/1941 1943/1943/1943 1948/1948/1948
f 1948/1948/1948 1946/1946/1946 1941/1941/1941
f 1854/1854/1854 1949/1949/1949 1944/1944/1944
f 1944/1944/1944 1950/1950/1950 1947/1947/1947
f 1950/1950/1950 1944/1944/1944 1949/1949/1949
f 1854/1854/1854 1951/1951/1951 1949/1949/1949
f 1854/1854/1854 1882/1882/1882 1951/1951/1951
f 1947/1947/1947 1952/1952/1952 1943/1943/1943
f 1947/1947/1947 1950/1950/1950 1952/1952/1952
f 1950/1950/1950 1949/1949/1949 1953/1953/1953
f 1953/1953/1953 1949/1949/1949 1951/1951/1951
f 1954/1954/1954 1951/1951/1951 1882/1882/1882
f 1954/1954/1954 1882/1882/1882 1875/1875/1875
f 1950/1950/1950 1955/1955/1955 1952/1952/1952
f 1950/1950/1950 1953/1953/1953 1955/1955/1955
f 1875/1875/1875 1956/1956/1956 1954/1954/1954
f 1875/1875/1875 1870/1870/1870 1956/1956/1956
f 1956/1956/1956 1870/1870/1870 1876/1876/1876
f 1956/1956/1956 1957/1957/1957 1954/1954/1954
f 1956/1956/1956 1876/1876/1876 1957/1957/1957
f 1954/1954/1954 1958/1958/1958 1951/1951/1951
f 1957/1957/1957 1958/1958/1958 1954/1954/1954
f 1959/1959/1959 1951/1951/1951 1958/1958/1958
f 1959/1959/1959 1953/1953/1953 1951/1951/1951
f 1960/1960/1960 1953/1953/1953 1959/1959/1959
f 1959/1959/1959 1958/1958/1958 1961/1961/1961
f 1961/1961/1961 1958/1958/1958 1957/1957/1957
f 1960/1960/1960 1959/1959/1959 1961/1961/1961
f 1876/1876/1876 1962/1962/1962 1957/1957/1957
f 1879/1879/1879 1962/1962/1962 1876/1876/1876
f 1963/1963/1963 1961/1961/1961 1957/1957/1957
f 1963/1963/1963 1957/1957/1957 1962/1962/1962
f 1960/1960/1960 1964/1964/1964 1953/1953/1953
f 1953/1953/1953 1964/1964/1964 1955/1955/1955
f 1965/1965/1965 1960/1960/1960 1961/1961/1961
f 1963/1963/1963 1965/1965/1965 1961/1961/1961
f 1964/1964/1964 1966/1966/1966 1955/1955/1955
f 1964/1964/1964 1967/1967/1967 1966/1966/1966
f 1960/1960/1960 1967/1967/1967 1964/1964/1964
f 1960/1960/1960 1968/1968/1968 1967/1967/1967
f 1960/1960/1960 1969/1969/1969 1968/1968/1968
f 1960/1960/1960 1965/1965/1965 1969/1969/1969
f 1965/1965/1965 1970/1970/1970 1969/1969/1969
f 1965/1965/1965 1963/1963/1963 1970/1970/1970
f 1955/1955/1955 1966/1966/1966 1971/1971/1971
f 1955/1955/1955 1971/1971/1971 1952/1952/1952
f 1972/1972/1972 1970/1970/1970 1963/1963/1963
f 1973/1973/1973 1952/1952/1952 1971/1971/1971
f 1974/1974/1974 1973/1973/1973 1971/1971/1971
f 1952/1952/1952 1973/1973/1973 1943/1943/1943
f 1972/1972/1972 1963/1963/1963 1975/1975/1975
f 1972/1972/1972 1975/1975/1975 1976/1976/1976
f 1975/1975/1975 1963/1963/1963 1962/1962/1962
f 1975/1975/1975 1962/1962/1962 1976/1976/1976
f 1977/1977/1977 1972/1972/1972 1976/1976/1976
f 1977/1977/1977 1976/1976/1976 1978/1978/1978
f 1978/1978/1978 1979/1979/1979 1977/1977/1977
f 1980/1980/1980 1979/1979/1979 1978/1978/1978
f 1981/1981/1981 1973/1973/1973 1974/1974/1974
f 1973/1973/1973 1981/1981/1981 1943/1943/1943
f 1980/1980/1980 1982/1982/1982 1979/1979/1979
f 1982/1982/1982 1983/1983/1983 1979/1979/1979
f 1984/1984/1984 1983/1983/1983 1982/1982/1982
f 1962/1962/1962 1985/1985/1985 1976/1976/1976
f 1879/1879/1879 1985/1985/1985 1962/1962/1962
f 1879/1879/1879 1986/1986/1986 1985/1985/1985
f 1880/1880/1880 1986/1986/1986 1879/1879/1879
f 1985/1985/1985 1987/1987/1987 1976/1976/1976
f 1986/1986/1986 1987/1987/1987 1985/1985/1985
f 1987/1987/1987 1986/1986/1986 1988/1988/1988
f 1989/1989/1989 1987/1987/1987 1988/1988/1988
f 1987/1987/1987 1989/1989/1989 1976/1976/1976
f 1976/1976/1976 1989/1989/1989 1978/1978/1978
f 1986/1986/1986 1880/1880/1880 1990/1990/1990
f 1990/1990/1990 1880/1880/1880 1881/1881/1881
f 1991/1991/1991 1986/1986/1986 1990/1990/1990
f 1986/1986/1986 1991/1991/1991 1988/1988/1988
f 1990/1990/1990 1881/1881/1881 1992/1992/1992
f 1991/1991/1991 1990/1990/1990 1992/1992/1992
f 1989/1989/1989 1993/1993/1993 1978/1978/1978
f 1993/1993/1993 1989/1989/1989 1988/1988/1988
f 1881/1881/1881 1994/1994/1994 1992/1992/1992
f 1883/1883/1883 1994/1994/1994 1881/1881/1881
f 1995/1995/1995 1994/1994/1994 1883/1883/1883
f 1885/1885/1885 1995/1995/1995 1883/1883/1883
f 1996/1996/1996 1991/1991/1991 1992/1992/1992
f 1991/1991/1991 1996/1996/1996 1988/1988/1988
f 1992/1992/1992 1994/1994/1994 1997/1997/1997
f 1994/1994/1994 1995/1995/1995 1997/1997/1997
f 1992/1992/1992 1998/1998/1998 1996/1996/1996
f 1988/1988/1988 1996/1996/1996 1998/1998/1998
f 1992/1992/1992 1997/1997/1997 1998/1998/1998
f 1999/1999/1999 1995/1995/1995 1885/1885/1885
f 1887/1887/1887 1999/1999/1999 1885/1885/1885
f 1997/1997/1997 1995/1995/1995 2000/2000/2000
f 1995/1995/1995 1999/1999/1999 2000/2000/2000
f 2001/2001/2001 1998/1998/1998 1997/1997/1997
f 2000/2000/2000 2001/2001/2001 1997/1997/1997
f 1887/1887/1887 2002/2002/2002 1999/1999/1999
f 1887/1887/1887 1889/1889/1889 2002/2002/2002
f 1889/1889/1889 2003/2003/2003 2002/2002/2002
f 1889/1889/1889 1891/1891/1891 2003/2003/2003
f 1913/1913/1913 2003/2003/2003 1891/1891/1891
f 2004/2004/2004 1988/1988/1988 1998/1998/1998
f 2004/2004/2004 1998/1998/1998 2005/2005/2005
f 1998/1998/1998 2001/2001/2001 2005/2005/2005
f 1988/1988/1988 2004/2004/2004 2006/2006/2006
f 2004/2004/2004 2005/2005/2005 2006/2006/2006
f 1993/1993/1993 1988/1988/1988 2006/2006/2006
f 1993/1993/1993 2006/2006/2006 2007/2007/2007
f 1993/1993/1993 2007/2007/2007 1978/1978/1978
f 2002/2002/2002 2008/2008/2008 1999/1999/1999
f 2002/2002/2002 2003/2003/2003 2009/2009/2009
f 2008/2008/2008 2002/2002/2002 2009/2009/2009
f 2003/2003/2003 1913/1913/1913 2010/2010/2010
f 2009/2009/2009 2003/2003/2003 2010/2010/2010
f 2008/2008/2008 2011/2011/2011 1999/1999/1999
f 2011/2011/2011 2000/2000/2000 1999/1999/1999
f 2010/2010/2010 1913/1913/1913 2012/2012/2012
f 1913/1913/1913 1907/1907/1907 2012/2012/2012
f 2012/2012/2012 1907/1907/1907 1908/1908/1908
f 2010/2010/2010 2012/2012/2012 2013/2013/2013
f 2010/2010/2010 2013/2013/2013 2009/2009/2009
f 2008/2008/2008 2009/2009/2009 2014/2014/2014
f 2008/2008/2008 2014/2014/2014 2011/2011/2011
f 2011/2011/2011 2015/2015/2015 2000/2000/2000
f 2000/2000/2000 2015/2015/2015 2001/2001/2001
f 2015/2015/2015 2016/2016/2016 2001/2001/2001
f 2001/2001/2001 2016/2016/2016 2005/2005/2005
f 2015/2015/2015 2011/2011/2011 2017/2017/2017
f 2016/2016/2016 2015/2015/2015 2017/2017/2017
f 2012/2012/2012 1908/1908/1908 2018/2018/2018
f 2012/2012/2012 2018/2018/2018 2013/2013/2013
f 2013/2013/2013 2019/2019/2019 2009/2009/2009
f 2009/2009/2009 2019/2019/2019 2014/2014/2014
f 2011/2011/2011 2020/2020/2020 2017/2017/2017
f 2011/2011/2011 2014/2014/2014 2020/2020/2020
f 2013/2013/2013 2018/2018/2018 2021/2021/2021
f 2013/2013/2013 2021/2021/2021 2019/2019/2019
f 2016/2016/2016 2022/2022/2022 2005/2005/2005
f 2016/2016/2016 2017/2017/2017 2023/2023/2023
f 2022/2022/2022 2016/2016/2016 2023/2023/2023
f 2017/2017/2017 2020/2020/2020 2024/2024/2024
f 2023/2023/2023 2017/2017/2017 2024/2024/2024
f 2020/2020/2020 2014/2014/2014 2025/2025/2025
f 2020/2020/2020 2025/2025/2025 2024/2024/2024
f 2014/2014/2014 2019/2019/2019 2026/2026/2026
f 2014/2014/2014 2026/2026/2026 2025/2025/2025
f 2021/2021/2021 2027/2027/2027 2019/2019/2019
f 2019/2019/2019 2027/2027/2027 2026/2026/2026
f 2028/2028/2028 2005/2005/2005 2022/2022/2022
f 2005/2005/2005 2028/2028/2028 2006/2006/2006
f 2029/2029/2029 2006/2006/2006 2028/2028/2028
f 2006/2006/2006 2029/2029/2029 2007/2007/2007
f 2023/2023/2023 2024/2024/2024 2030/2030/2030
f 2025/2025/2025 2031/2031/2031 2024/2024/2024
f 2030/2030/2030 2024/2024/2024 2031/2031/2031
f 2022/2022/2022 2023/2023/2023 2032/2032/2032
f 2032/2032/2032 2023/2023/2023 2030/2030/2030
f 2028/2028/2028 2022/2022/2022 2033/2033/2033
f 2022/2022/2022 2032/2032/2032 2033/2033/2033
f 2025/2025/2025 2026/2026/2026 2034/2034/2034
f 2025/2025/2025 2034/2034/2034 2031/2031/2031
f 2035/2035/2035 2029/2029/2029 2028/2028/2028
f 2035/2035/2035 2028/2028/2028 2033/2033/2033
f 2036/2036/2036 2030/2030/2030 2031/2031/2031
f 2032/2032/2032 2030/2030/2030 2037/2037/2037
f 2037/2037/2037 2030/2030/2030 2036/2036/2036
f 2038/2038/2038 2031/2031/2031 2034/2034/2034
f 2038/2038/2038 2036/2036/2036 2031/2031/2031
f 2032/2032/2032 2039/2039/2039 2033/2033/2033
f 2037/2037/2037 2039/2039/2039 2032/2032/2032
f 2040/2040/2040 2033/2033/2033 2039/2039/2039
f 2041/2041/2041 2035/2035/2035 2033/2033/2033
f 2041/2041/2041 2033/2033/2033 2040/2040/2040
f 2035/2035/2035 2041/2041/2041 2042/2042/2042
f 2042/2042/2042 2041/2041/2041 2040/2040/2040
f 2029/2029/2029 2035/2035/2035 2043/2043/2043
f 2043/2043/2043 2035/2035/2035 2042/2042/2042
f 2044/2044/2044 2029/2029/2029 2043/2043/2043
f 2044/2044/2044 2045/2045/2045 2029/2029/2029
f 2045/2045/2045 2007/2007/2007 2029/2029/2029
f 2045/2045/2045 2046/2046/2046 2007/2007/2007
f 2046/2046/2046 2047/2047/2047 2007/2007/2007
f 2048/2048/2048 2047/2047/2047 2046/2046/2046
f 2047/2047/2047 1978/1978/1978 2007/2007/2007
f 2048/2048/2048 1978/1978/1978 2047/2047/2047
f 2048/2048/2048 2046/2046/2046 2049/2049/2049
f 2048/2048/2048 2049/2049/2049 2050/2050/2050
f 2048/2048/2048 2051/2051/2051 1978/1978/1978
f 2051/2051/2051 1980/1980/1980 1978/1978/1978
f 1980/1980/1980 2051/2051/2051 1982/1982/1982
f 2052/2052/2052 2048/2048/2048 2050/2050/2050
f 2052/2052/2052 2050/2050/2050 2053/2053/2053
f 2051/2051/2051 2048/2048/2048 2054/2054/2054
f 2051/2051/2051 2054/2054/2054 1982/1982/1982
f 2048/2048/2048 2052/2052/2052 2054/2054/2054
f 2055/2055/2055 2052/2052/2052 2053/2053/2053
f 2054/2054/2054 2052/2052/2052 2055/2055/2055
f 2056/2056/2056 1982/1982/1982 2054/2054/2054
f 2056/2056/2056 1984/1984/1984 1982/1982/1982
f 2056/2056/2056 2054/2054/2054 2057/2057/2057
f 2057/2057/2057 2054/2054/2054 2055/2055/2055
f 2056/2056/2056 2058/2058/2058 1984/1984/1984
f 2056/2056/2056 2057/2057/2057 2058/2058/2058
f 2059/2059/2059 1984/1984/1984 2058/2058/2058
f 2060/2060/2060 2055/2055/2055 2053/2053/2053
f 2060/2060/2060 2053/2053/2053 2061/2061/2061
f 2057/2057/2057 2055/2055/2055 2062/2062/2062
f 2057/2057/2057 2062/2062/2062 2058/2058/2058
f 2055/2055/2055 2060/2060/2060 2062/2062/2062
f 2063/2063/2063 2059/2059/2059 2058/2058/2058
f 2062/2062/2062 2063/2063/2063 2058/2058/2058
f 2063/2063/2063 2064/2064/2064 2059/2059/2059
f 2065/2065/2065 2064/2064/2064 2063/2063/2063
f 2060/2060/2060 2061/2061/2061 2066/2066/2066
f 2061/2061/2061 2067/2067/2067 2066/2066/2066
f 2062/2062/2062 2060/2060/2060 2068/2068/2068
f 2062/2062/2062 2068/2068/2068 2063/2063/2063
f 2060/2060/2060 2066/2066/2066 2068/2068/2068
f 2065/2065/2065 2063/2063/2063 2069/2069/2069
f 2063/2063/2063 2068/2068/2068 2069/2069/2069
f 2070/2070/2070 2066/2066/2066 2067/2067/2067
f 2070/2070/2070 2067/2067/2067 2071/2071/2071
f 2068/2068/2068 2066/2066/2066 2072/2072/2072
f 2068/2068/2068 2072/2072/2072 2069/2069/2069
f 2066/2066/2066 2070/2070/2070 2072/2072/2072
f 2073/2073/2073 2065/2065/2065 2069/2069/2069
f 2073/2073/2073 2069/2069/2069 2072/2072/2072
f 2073/2073/2073 2074/2074/2074 2065/2065/2065
f 2075/2075/2075 2070/2070/2070 2071/2071/2071
f 2075/2075/2075 2071/2071/2071 2076/2076/2076
f 2075/2075/2075 2076/2076/2076 2077/2077/2077
f 2070/2070/2070 2078/2078/2078 2072/2072/2072
f 2078/2078/2078 2073/2073/2073 2072/2072/2072
f 2070/2070/2070 2075/2075/2075 2078/2078/2078
f 2073/2073/2073 2079/2079/2079 2074/2074/2074
f 2079/2079/2079 2073/2073/2073 2078/2078/2078
f 2079/2079/2079 2080/2080/2080 2074/2074/2074
f 2081/2081/2081 2078/2078/2078 2075/2075/2075
f 2079/2079/2079 2078/2078/2078 2081/2081/2081
f 2082/2082/2082 2075/2075/2075 2077/2077/2077
f 2082/2082/2082 2081/2081/2081 2075/2075/2075
f 2079/2079/2079 2083/2083/2083 2080/2080/2080
f 2081/2081/2081 2083/2083/2083 2079/2079/2079
f 2084/2084/2084 2082/2082/2082 2077/2077/2077
f 2085/2085/2085 2084/2084/2084 2077/2077/2077
f 2082/2082/2082 2086/2086/2086 2081/2081/2081
f 2083/2083/2083 2081/2081/2081 2086/2086/2086
f 2082/2082/2082 2084/2084/2084 2086/2086/2086
f 2080/2080/2080 2083/2083/2083 2087/2087/2087
f 2087/2087/2087 2083/2083/2083 2086/2086/2086
f 2080/2080/2080 2087/2087/2087 2088/2088/2088
f 2089/2089/2089 2084/2084/2084 2085/2085/2085
f 2090/2090/2090 2089/2089/2089 2085/2085/2085
f 2090/2090/2090 2042/2042/2042 2089/2089/2089
f 2091/2091/2091 2086/2086/2086 2084/2084/2084
f 2087/2087/2087 2086/2086/2086 2091/2091/2091
f 2089/2089/2089 2091/2091/2091 2084/2084/2084
f 2087/2087/2087 2092/2092/2092 2088/2088/2088
f 2087/2087/2087 2091/2091/2091 2092/2092/2092
f 2092/2092/2092 2093/2093/2093 2088/2088/2088
f 2042/2042/2042 2094/2094/2094 2089/2089/2089
f 2089/2089/2089 2094/2094/2094 2091/2091/2091
f 2094/2094/2094 2092/2092/2092 2091/2091/2091
f 2094/2094/2094 2093/2093/2093 2092/2092/2092
f 2094/2094/2094 2042/2042/2042 2040/2040/2040
f 2094/2094/2094 2040/2040/2040 2093/2093/2093
f 2095/2095/2095 2093/2093/2093 2040/2040/2040
f 2096/2096/2096 2095/2095/2095 2040/2040/2040
f 2096/2096/2096 2040/2040/2040 2039/2039/2039
f 2097/2097/2097 2095/2095/2095 2096/2096/2096
f 2096/2096/2096 2039/2039/2039 2098/2098/2098
f 2037/2037/2037 2098/2098/2098 2039/2039/2039
f 2099/2099/2099 2097/2097/2097 2096/2096/2096
f 2099/2099/2099 2096/2096/2096 2098/2098/2098
f 2100/2100/2100 2097/2097/2097 2099/2099/2099
f 2098/2098/2098 2037/2037/2037 2101/2101/2101
f 2101/2101/2101 2037/2037/2037 2036/2036/2036
f 2099/2099/2099 2098/2098/2098 2102/2102/2102
f 2100/2100/2100 2099/2099/2099 2102/2102/2102
f 2102/2102/2102 2098/2098/2098 2101/2101/2101
f 2101/2101/2101 2036/2036/2036 2103/2103/2103
f 2038/2038/2038 2103/2103/2103 2036/2036/2036
f 2100/2100/2100 2102/2102/2102 2104/2104/2104
f 2105/2105/2105 2100/2100/2100 2104/2104/2104
f 2101/2101/2101 2106/2106/2106 2102/2102/2102
f 2101/2101/2101 2103/2103/2103 2106/2106/2106
f 2106/2106/2106 2104/2104/2104 2102/2102/2102
f 2105/2105/2105 2104/2104/2104 2107/2107/2107
f 2108/2108/2108 2105/2105/2105 2107/2107/2107
f 2106/2106/2106 2103/2103/2103 2109/2109/2109
f 2109/2109/2109 2103/2103/2103 2038/2038/2038
f 2104/2104/2104 2106/2106/2106 2110/2110/2110
f 2107/2107/2107 2104/2104/2104 2110/2110/2110
f 2110/2110/2110 2106/2106/2106 2109/2109/2109
f 2108/2108/2108 2107/2107/2107 2111/2111/2111
f 2112/2112/2112 2108/2108/2108 2111/2111/2111
f 2110/2110/2110 2113/2113/2113 2107/2107/2107
f 2113/2113/2113 2111/2111/2111 2107/2107/2107
f 2110/2110/2110 2109/2109/2109 2114/2114/2114
f 2110/2110/2110 2114/2114/2114 2113/2113/2113
f 2115/2115/2115 2109/2109/2109 2038/2038/2038
f 2109/2109/2109 2115/2115/2115 2114/2114/2114
f 2111/2111/2111 2116/2116/2116 2112/2112/2112
f 2116/2116/2116 2117/2117/2117 2112/2112/2112
f 2111/2111/2111 2113/2113/2113 2118/2118/2118
f 2116/2116/2116 2111/2111/2111 2118/2118/2118
f 2113/2113/2113 2114/2114/2114 2119/2119/2119
f 2118/2118/2118 2113/2113/2113 2119/2119/2119
f 2116/2116/2116 2120/2120/2120 2117/2117/2117
f 2120/2120/2120 2121/2121/2121 2117/2117/2117
f 2118/2118/2118 2122/2122/2122 2116/2116/2116
f 2122/2122/2122 2120/2120/2120 2116/2116/2116
f 2121/2121/2121 2120/2120/2120 2123/2123/2123
f 2121/2121/2121 2123/2123/2123 2124/2124/2124
f 2115/2115/2115 2038/2038/2038 2125/2125/2125
f 2125/2125/2125 2038/2038/2038 2034/2034/2034
f 2115/2115/2115 2126/2126/2126 2114/2114/2114
f 2114/2114/2114 2126/2126/2126 2119/2119/2119
f 2119/2119/2119 2127/2127/2127 2118/2118/2118
f 2127/2127/2127 2122/2122/2122 2118/2118/2118
f 2120/2120/2120 2122/2122/2122 2128/2128/2128
f 2123/2123/2123 2120/2120/2120 2128/2128/2128
f 2129/2129/2129 2124/2124/2124 2123/2123/2123
f 2129/2129/2129 2130/2130/2130 2124/2124/2124
f 2034/2034/2034 2131/2131/2131 2125/2125/2125
f 2026/2026/2026 2131/2131/2131 2034/2034/2034
f 2126/2126/2126 2132/2132/2132 2119/2119/2119
f 2119/2119/2119 2132/2132/2132 2127/2127/2127
f 2122/2122/2122 2127/2127/2127 2133/2133/2133
f 2128/2128/2128 2122/2122/2122 2133/2133/2133
f 2123/2123/2123 2128/2128/2128 2134/2134/2134
f 2129/2129/2129 2123/2123/2123 2134/2134/2134
f 2135/2135/2135 2130/2130/2130 2129/2129/2129
f 2135/2135/2135 2136/2136/2136 2130/2130/2130
f 2137/2137/2137 2136/2136/2136 2135/2135/2135
f 2138/2138/2138 2131/2131/2131 2026/2026/2026
f 2027/2027/2027 2138/2138/2138 2026/2026/2026
f 2127/2127/2127 2139/2139/2139 2133/2133/2133
f 2132/2132/2132 2139/2139/2139 2127/2127/2127
f 2128/2128/2128 2133/2133/2133 2140/2140/2140
f 2134/2134/2134 2128/2128/2128 2140/2140/2140
f 2129/2129/2129 2134/2134/2134 2141/2141/2141
f 2135/2135/2135 2129/2129/2129 2141/2141/2141
f 2142/2142/2142 2137/2137/2137 2135/2135/2135
f 2143/2143/2143 2137/2137/2137 2142/2142/2142
f 2142/2142/2142 2135/2135/2135 2144/2144/2144
f 2135/2135/2135 2141/2141/2141 2144/2144/2144
f 2145/2145/2145 2143/2143/2143 2142/2142/2142
f 2145/2145/2145 2142/2142/2142 2144/2144/2144
f 2146/2146/2146 2143/2143/2143 2145/2145/2145
f 2147/2147/2147 2141/2141/2141 2134/2134/2134
f 2147/2147/2147 2134/2134/2134 2140/2140/2140
f 2141/2141/2141 2147/2147/2147 2148/2148/2148
f 2141/2141/2141 2148/2148/2148 2144/2144/2144
f 2144/2144/2144 2148/2148/2148 2149/2149/2149
f 2140/2140/2140 2150/2150/2150 2147/2147/2147
f 2147/2147/2147 2150/2150/2150 2148/2148/2148
f 2151/2151/2151 2145/2145/2145 2144/2144/2144
f 2144/2144/2144 2149/2149/2149 2151/2151/2151
f 2152/2152/2152 2146/2146/2146 2145/2145/2145
f 2146/2146/2146 2152/2152/2152 2153/2153/2153
f 2145/2145/2145 2151/2151/2151 2154/2154/2154
f 2152/2152/2152 2145/2145/2145 2154/2154/2154
f 2149/2149/2149 2154/2154/2154 2151/2151/2151
f 2152/2152/2152 2155/2155/2155 2153/2153/2153
f 2152/2152/2152 2154/2154/2154 2155/2155/2155
f 2153/2153/2153 2155/2155/2155 2156/2156/2156
f 2155/2155/2155 2157/2157/2157 2156/2156/2156
f 2156/2156/2156 2157/2157/2157 2158/2158/2158
f 2154/2154/2154 2159/2159/2159 2155/2155/2155
f 2155/2155/2155 2159/2159/2159 2157/2157/2157
f 2157/2157/2157 2160/2160/2160 2158/2158/2158
f 2161/2161/2161 2158/2158/2158 2160/2160/2160
f 2149/2149/2149 2162/2162/2162 2154/2154/2154
f 2162/2162/2162 2159/2159/2159 2154/2154/2154
f 2159/2159/2159 2163/2163/2163 2157/2157/2157
f 2157/2157/2157 2163/2163/2163 2160/2160/2160
f 2161/2161/2161 2160/2160/2160 2164/2164/2164
f 2165/2165/2165 2161/2161/2161 2164/2164/2164
f 2162/2162/2162 2166/2166/2166 2159/2159/2159
f 2163/2163/2163 2159/2159/2159 2166/2166/2166
f 2163/2163/2163 2167/2167/2167 2160/2160/2160
f 2160/2160/2160 2167/2167/2167 2164/2164/2164
f 2168/2168/2168 2165/2165/2165 2164/2164/2164
f 2165/2165/2165 2168/2168/2168 2169/2169/2169
f 2163/2163/2163 2166/2166/2166 2170/2170/2170
f 2167/2167/2167 2163/2163/2163 2170/2170/2170
f 2171/2171/2171 2166/2166/2166 2162/2162/2162
f 2171/2171/2171 2170/2170/2170 2166/2166/2166
f 2167/2167/2167 2172/2172/2172 2164/2164/2164
f 2164/2164/2164 2172/2172/2172 2168/2168/2168
f 2168/2168/2168 2173/2173/2173 2169/2169/2169
f 2174/2174/2174 2169/2169/2169 2173/2173/2173
f 2175/2175/2175 2167/2167/2167 2170/2170/2170
f 2172/2172/2172 2167/2167/2167 2175/2175/2175
f 2172/2172/2172 2176/2176/2176 2168/2168/2168
f 2173/2173/2173 2168/2168/2168 2176/2176/2176
f 2177/2177/2177 2174/2174/2174 2173/2173/2173
f 2178/2178/2178 2174/2174/2174 2177/2177/2177
f 2179/2179/2179 2171/2171/2171 2162/2162/2162
f 2179/2179/2179 2162/2162/2162 2149/2149/2149
f 2175/2175/2175 2170/2170/2170 2180/2180/2180
f 2171/2171/2171 2180/2180/2180 2170/2170/2170
f 2172/2172/2172 2181/2181/2181 2176/2176/2176
f 2181/2181/2181 2172/2172/2172 2175/2175/2175
f 2182/2182/2182 2173/2173/2173 2176/2176/2176
f 2177/2177/2177 2173/2173/2173 2182/2182/2182
f 2183/2183/2183 2178/2178/2178 2177/2177/2177
f 2184/2184/2184 2178/2178/2178 2183/2183/2183
f 2181/2181/2181 2185/2185/2185 2176/2176/2176
f 2182/2182/2182 2176/2176/2176 2185/2185/2185
f 2186/2186/2186 2177/2177/2177 2182/2182/2182
f 2177/2177/2177 2186/2186/2186 2183/2183/2183
f 2187/2187/2187 2182/2182/2182 2185/2185/2185
f 2187/2187/2187 2186/2186/2186 2182/2182/2182
f 2188/2188/2188 2181/2181/2181 2175/2175/2175
f 2189/2189/2189 2185/2185/2185 2181/2181/2181
f 2188/2188/2188 2189/2189/2189 2181/2181/2181
f 2190/2190/2190 2187/2187/2187 2185/2185/2185
f 2189/2189/2189 2190/2190/2190 2185/2185/2185
f 2191/2191/2191 2188/2188/2188 2175/2175/2175
f 2191/2191/2191 2175/2175/2175 2180/2180/2180
f 2192/2192/2192 2184/2184/2184 2183/2183/2183
f 2186/2186/2186 2193/2193/2193 2183/2183/2183
f 2192/2192/2192 2183/2183/2183 2193/2193/2193
f 2187/2187/2187 2194/2194/2194 2186/2186/2186
f 2193/2193/2193 2186/2186/2186 2194/2194/2194
f 2190/2190/2190 2195/2195/2195 2187/2187/2187
f 2195/2195/2195 2194/2194/2194 2187/2187/2187
f 2196/2196/2196 2184/2184/2184 2192/2192/2192
f 2196/2196/2196 2197/2197/2197 2184/2184/2184
f 2197/2197/2197 2196/2196/2196 2198/2198/2198
f 2196/2196/2196 2199/2199/2199 2198/2198/2198
f 2200/2200/2200 2198/2198/2198 2199/2199/2199
f 2201/2201/2201 2196/2196/2196 2192/2192/2192
f 2196/2196/2196 2201/2201/2201 2199/2199/2199
f 2202/2202/2202 2192/2192/2192 2193/2193/2193
f 2201/2201/2201 2192/2192/2192 2202/2202/2202
f 2203/2203/2203 2193/2193/2193 2194/2194/2194
f 2203/2203/2203 2202/2202/2202 2193/2193/2193
f 2203/2203/2203 2194/2194/2194 2204/2204/2204
f 2194/2194/2194 2195/2195/2195 2204/2204/2204
f 2203/2203/2203 2205/2205/2205 2202/2202/2202
f 2205/2205/2205 2203/2203/2203 2204/2204/2204
f 2206/2206/2206 2201/2201/2201 2202/2202/2202
f 2206/2206/2206 2202/2202/2202 2205/2205/2205
f 2201/2201/2201 2207/2207/2207 2199/2199/2199
f 2207/2207/2207 2201/2201/2201 2206/2206/2206
f 2208/2208/2208 2200/2200/2200 2199/2199/2199
f 2208/2208/2208 2199/2199/2199 2207/2207/2207
f 2209/2209/2209 2206/2206/2206 2205/2205/2205
f 2207/2207/2207 2206/2206/2206 2210/2210/2210
f 2209/2209/2209 2210/2210/2210 2206/2206/2206
f 2205/2205/2205 2204/2204/2204 2211/2211/2211
f 2209/2209/2209 2205/2205/2205 2211/2211/2211
f 2212/2212/2212 2208/2208/2208 2207/2207/2207
f 2207/2207/2207 2210/2210/2210 2212/2212/2212
f 2204/2204/2204 2195/2195/2195 2213/2213/2213
f 2211/2211/2211 2204/2204/2204 2214/2214/2214
f 2204/2204/2204 2213/2213/2213 2214/2214/2214
f 2195/2195/2195 2215/2215/2215 2213/2213/2213
f 2195/2195/2195 2190/2190/2190 2215/2215/2215
f 2190/2190/2190 2216/2216/2216 2215/2215/2215
f 2190/2190/2190 2189/2189/2189 2216/2216/2216
f 2189/2189/2189 2217/2217/2217 2216/2216/2216
f 2217/2217/2217 2189/2189/2189 2188/2188/2188
f 2218/2218/2218 2217/2217/2217 2188/2188/2188
f 2188/2188/2188 2191/2191/2191 2218/2218/2218
f 2191/2191/2191 2219/2219/2219 2218/2218/2218
f 2191/2191/2191 2180/2180/2180 2219/2219/2219
f 2217/2217/2217 2218/2218/2218 2220/2220/2220
f 2218/2218/2218 2219/2219/2219 2220/2220/2220
f 2180/2180/2180 2221/2221/2221 2219/2219/2219
f 2180/2180/2180 2171/2171/2171 2221/2221/2221
f 2219/2219/2219 2222/2222/2222 2220/2220/2220
f 2222/2222/2222 2219/2219/2219 2221/2221/2221
f 2171/2171/2171 2223/2223/2223 2221/2221/2221
f 2171/2171/2171 2179/2179/2179 2223/2223/2223
f 2224/2224/2224 2222/2222/2222 2221/2221/2221
f 2224/2224/2224 2221/2221/2221 2223/2223/2223
f 2225/2225/2225 2216/2216/2216 2217/2217/2217
f 2226/2226/2226 2217/2217/2217 2220/2220/2220
f 2226/2226/2226 2225/2225/2225 2217/2217/2217
f 2225/2225/2225 2226/2226/2226 2227/2227/2227
f 2225/2225/2225 2227/2227/2227 2228/2228/2228
f 2225/2225/2225 2229/2229/2229 2216/2216/2216
f 2229/2229/2229 2225/2225/2225 2228/2228/2228
f 2229/2229/2229 2215/2215/2215 2216/2216/2216
f 2226/2226/2226 2220/2220/2220 2230/2230/2230
f 2220/2220/2220 2222/2222/2222 2230/2230/2230
f 2226/2226/2226 2230/2230/2230 2227/2227/2227
f 2229/2229/2229 2231/2231/2231 2215/2215/2215
f 2229/2229/2229 2228/2228/2228 2231/2231/2231
f 2231/2231/2231 2213/2213/2213 2215/2215/2215
f 2231/2231/2231 2232/2232/2232 2213/2213/2213
f 2232/2232/2232 2214/2214/2214 2213/2213/2213
f 2228/2228/2228 2233/2233/2233 2231/2231/2231
f 2231/2231/2231 2233/2233/2233 2232/2232/2232
f 2222/2222/2222 2234/2234/2234 2230/2230/2230
f 2230/2230/2230 2235/2235/2235 2227/2227/2227
f 2234/2234/2234 2235/2235/2235 2230/2230/2230
f 2236/2236/2236 2234/2234/2234 2222/2222/2222
f 2224/2224/2224 2236/2236/2236 2222/2222/2222
f 2232/2232/2232 2237/2237/2237 2214/2214/2214
f 2233/2233/2233 2238/2238/2238 2232/2232/2232
f 2232/2232/2232 2238/2238/2238 2237/2237/2237
f 2233/2233/2233 2228/2228/2228 2239/2239/2239
f 2233/2233/2233 2239/2239/2239 2238/2238/2238
f 2237/2237/2237 2240/2240/2240 2214/2214/2214
f 2214/2214/2214 2240/2240/2240 2211/2211/2211
f 2211/2211/2211 2240/2240/2240 2241/2241/2241
f 2241/2241/2241 2209/2209/2209 2211/2211/2211
f 2241/2241/2241 2242/2242/2242 2209/2209/2209
f 2209/2209/2209 2242/2242/2242 2210/2210/2210
f 2242/2242/2242 2243/2243/2243 2210/2210/2210
f 2210/2210/2210 2243/2243/2243 2212/2212/2212
f 2240/2240/2240 2244/2244/2244 2241/2241/2241
f 2241/2241/2241 2245/2245/2245 2242/2242/2242
f 2244/2244/2244 2245/2245/2245 2241/2241/2241
f 2246/2246/2246 2244/2244/2244 2240/2240/2240
f 2237/2237/2237 2246/2246/2246 2240/2240/2240
f 2242/2242/2242 2247/2247/2247 2243/2243/2243
f 2245/2245/2245 2247/2247/2247 2242/2242/2242
f 2244/2244/2244 2248/2248/2248 2245/2245/2245
f 2246/2246/2246 2248/2248/2248 2244/2244/2244
f 2245/2245/2245 2249/2249/2249 2247/2247/2247
f 2248/2248/2248 2249/2249/2249 2245/2245/2245
f 2243/2243/2243 2247/2247/2247 2250/2250/2250
f 2247/2247/2247 2249/2249/2249 2251/2251/2251
f 2247/2247/2247 2251/2251/2251 2250/2250/2250
f 2243/2243/2243 2252/2252/2252 2212/2212/2212
f 2243/2243/2243 2250/2250/2250 2252/2252/2252
f 2253/2253/2253 2249/2249/2249 2248/2248/2248
f 2249/2249/2249 2253/2253/2253 2251/2251/2251
f 2254/2254/2254 2246/2246/2246 2237/2237/2237
f 2255/2255/2255 2254/2254/2254 2237/2237/2237
f 2238/2238/2238 2255/2255/2255 2237/2237/2237
f 2238/2238/2238 2256/2256/2256 2255/2255/2255
f 2239/2239/2239 2256/2256/2256 2238/2238/2238
f 2256/2256/2256 2257/2257/2257 2255/2255/2255
f 2255/2255/2255 2257/2257/2257 2254/2254/2254
f 2258/2258/2258 2256/2256/2256 2239/2239/2239
f 2257/2257/2257 2256/2256/2256 2258/2258/2258
f 2246/2246/2246 2259/2259/2259 2248/2248/2248
f 2254/2254/2254 2260/2260/2260 2246/2246/2246
f 2260/2260/2260 2259/2259/2259 2246/2246/2246
f 2248/2248/2248 2259/2259/2259 2261/2261/2261
f 2253/2253/2253 2248/2248/2248 2261/2261/2261
f 2257/2257/2257 2262/2262/2262 2254/2254/2254
f 2254/2254/2254 2262/2262/2262 2260/2260/2260
f 2259/2259/2259 2263/2263/2263 2261/2261/2261
f 2263/2263/2263 2259/2259/2259 2260/2260/2260
f 2264/2264/2264 2258/2258/2258 2239/2239/2239
f 2265/2265/2265 2258/2258/2258 2264/2264/2264
f 2266/2266/2266 2257/2257/2257 2258/2258/2258
f 2258/2258/2258 2265/2265/2265 2266/2266/2266
f 2267/2267/2267 2262/2262/2262 2257/2257/2257
f 2266/2266/2266 2267/2267/2267 2257/2257/2257
f 2264/2264/2264 2239/2239/2239 2268/2268/2268
f 2228/2228/2228 2268/2268/2268 2239/2239/2239
f 2268/2268/2268 2228/2228/2228 2269/2269/2269
f 2228/2228/2228 2227/2227/2227 2269/2269/2269
f 2269/2269/2269 2227/2227/2227 2270/2270/2270
f 2268/2268/2268 2269/2269/2269 2271/2271/2271
f 2271/2271/2271 2269/2269/2269 2270/2270/2270
f 2272/2272/2272 2264/2264/2264 2268/2268/2268
f 2272/2272/2272 2268/2268/2268 2271/2271/2271
f 2227/2227/2227 2273/2273/2273 2270/2270/2270
f 2235/2235/2235 2273/2273/2273 2227/2227/2227
f 2272/2272/2272 2274/2274/2274 2264/2264/2264
f 2271/2271/2271 2275/2275/2275 2272/2272/2272
f 2275/2275/2275 2274/2274/2274 2272/2272/2272
f 2274/2274/2274 2276/2276/2276 2264/2264/2264
f 2276/2276/2276 2274/2274/2274 2277/2277/2277
f 2276/2276/2276 2265/2265/2265 2264/2264/2264
f 2277/2277/2277 2265/2265/2265 2276/2276/2276
f 2273/2273/2273 2235/2235/2235 2278/2278/2278
f 2270/2270/2270 2273/2273/2273 2279/2279/2279
f 2279/2279/2279 2273/2273/2273 2278/2278/2278
f 2280/2280/2280 2278/2278/2278 2235/2235/2235
f 2234/2234/2234 2280/2280/2280 2235/2235/2235
f 2281/2281/2281 2280/2280/2280 2234/2234/2234
f 2236/2236/2236 2281/2281/2281 2234/2234/2234
f 2275/2275/2275 2282/2282/2282 2274/2274/2274
f 2274/2274/2274 2283/2283/2283 2277/2277/2277
f 2282/2282/2282 2283/2283/2283 2274/2274/2274
f 2278/2278/2278 2280/2280/2280 2284/2284/2284
f 2280/2280/2280 2281/2281/2281 2285/2285/2285
f 2284/2284/2284 2280/2280/2280 2285/2285/2285
f 2286/2286/2286 2281/2281/2281 2236/2236/2236
f 2287/2287/2287 2285/2285/2285 2281/2281/2281
f 2286/2286/2286 2287/2287/2287 2281/2281/2281
f 2288/2288/2288 2286/2286/2286 2236/2236/2236
f 2288/2288/2288 2236/2236/2236 2224/2224/2224
f 2287/2287/2287 2286/2286/2286 2289/2289/2289
f 2286/2286/2286 2288/2288/2288 2289/2289/2289
f 2290/2290/2290 2288/2288/2288 2224/2224/2224
f 2290/2290/2290 2224/2224/2224 2223/2223/2223
f 2288/2288/2288 2291/2291/2291 2289/2289/2289
f 2288/2288/2288 2290/2290/2290 2291/2291/2291
f 2292/2292/2292 2289/2289/2289 2291/2291/2291
f 2293/2293/2293 2287/2287/2287 2289/2289/2289
f 2293/2293/2293 2289/2289/2289 2292/2292/2292
f 2285/2285/2285 2287/2287/2287 2294/2294/2294
f 2294/2294/2294 2287/2287/2287 2293/2293/2293
f 2290/2290/2290 2223/2223/2223 2295/2295/2295
f 2179/2179/2179 2295/2295/2295 2223/2223/2223
f 2296/2296/2296 2295/2295/2295 2179/2179/2179
f 2290/2290/2290 2295/2295/2295 2297/2297/2297
f 2290/2290/2290 2297/2297/2297 2291/2291/2291
f 2297/2297/2297 2295/2295/2295 2296/2296/2296
f 2291/2291/2291 2297/2297/2297 2298/2298/2298
f 2297/2297/2297 2296/2296/2296 2298/2298/2298
f 2299/2299/2299 2292/2292/2292 2291/2291/2291
f 2299/2299/2299 2291/2291/2291 2298/2298/2298
f 2300/2300/2300 2299/2299/2299 2298/2298/2298
f 2292/2292/2292 2299/2299/2299 2300/2300/2300
f 2301/2301/2301 2285/2285/2285 2294/2294/2294
f 2301/2301/2301 2294/2294/2294 2302/2302/2302
f 2285/2285/2285 2301/2301/2301 2284/2284/2284
f 2296/2296/2296 2179/2179/2179 2303/2303/2303
f 2303/2303/2303 2179/2179/2179 2149/2149/2149
f 2304/2304/2304 2303/2303/2303 2149/2149/2149
f 2304/2304/2304 2296/2296/2296 2303/2303/2303
f 2148/2148/2148 2304/2304/2304 2149/2149/2149
f 2150/2150/2150 2304/2304/2304 2148/2148/2148
f 2296/2296/2296 2305/2305/2305 2298/2298/2298
f 2305/2305/2305 2300/2300/2300 2298/2298/2298
f 2304/2304/2304 2306/2306/2306 2296/2296/2296
f 2296/2296/2296 2306/2306/2306 2305/2305/2305
f 2306/2306/2306 2304/2304/2304 2307/2307/2307
f 2304/2304/2304 2150/2150/2150 2307/2307/2307
f 2306/2306/2306 2308/2308/2308 2305/2305/2305
f 2305/2305/2305 2308/2308/2308 2300/2300/2300
f 2306/2306/2306 2307/2307/2307 2308/2308/2308
f 2307/2307/2307 2150/2150/2150 2309/2309/2309
f 2310/2310/2310 2308/2308/2308 2307/2307/2307
f 2309/2309/2309 2310/2310/2310 2307/2307/2307
f 2308/2308/2308 2311/2311/2311 2300/2300/2300
f 2311/2311/2311 2308/2308/2308 2310/2310/2310
f 2150/2150/2150 2312/2312/2312 2309/2309/2309
f 2140/2140/2140 2312/2312/2312 2150/2150/2150
f 2140/2140/2140 2133/2133/2133 2312/2312/2312
f 2133/2133/2133 2313/2313/2313 2312/2312/2312
f 2139/2139/2139 2313/2313/2313 2133/2133/2133
f 2309/2309/2309 2312/2312/2312 2314/2314/2314
f 2312/2312/2312 2313/2313/2313 2314/2314/2314
f 2315/2315/2315 2310/2310/2310 2309/2309/2309
f 2314/2314/2314 2315/2315/2315 2309/2309/2309
f 2313/2313/2313 2139/2139/2139 2316/2316/2316
f 2314/2314/2314 2313/2313/2313 2316/2316/2316
f 2317/2317/2317 2316/2316/2316 2139/2139/2139
f 2132/2132/2132 2317/2317/2317 2139/2139/2139
f 2314/2314/2314 2316/2316/2316 2318/2318/2318
f 2315/2315/2315 2314/2314/2314 2318/2318/2318
f 2316/2316/2316 2317/2317/2317 2318/2318/2318
f 2319/2319/2319 2311/2311/2311 2310/2310/2310
f 2319/2319/2319 2310/2310/2310 2315/2315/2315
f 2317/2317/2317 2132/2132/2132 2320/2320/2320
f 2132/2132/2132 2126/2126/2126 2320/2320/2320
f 2320/2320/2320 2126/2126/2126 2321/2321/2321
f 2126/2126/2126 2115/2115/2115 2321/2321/2321
f 2321/2321/2321 2115/2115/2115 2125/2125/2125
f 2125/2125/2125 2322/2322/2322 2321/2321/2321
f 2131/2131/2131 2322/2322/2322 2125/2125/2125
f 2321/2321/2321 2323/2323/2323 2320/2320/2320
f 2322/2322/2322 2323/2323/2323 2321/2321/2321
f 2324/2324/2324 2323/2323/2323 2322/2322/2322
f 2325/2325/2325 2322/2322/2322 2131/2131/2131
f 2325/2325/2325 2324/2324/2324 2322/2322/2322
f 2138/2138/2138 2325/2325/2325 2131/2131/2131
f 2323/2323/2323 2326/2326/2326 2320/2320/2320
f 2320/2320/2320 2326/2326/2326 2317/2317/2317
f 2326/2326/2326 2323/2323/2323 2324/2324/2324
f 2327/2327/2327 2326/2326/2326 2324/2324/2324
f 2326/2326/2326 2328/2328/2328 2317/2317/2317
f 2328/2328/2328 2326/2326/2326 2327/2327/2327
f 2317/2317/2317 2328/2328/2328 2318/2318/2318
f 2318/2318/2318 2328/2328/2328 2329/2329/2329
f 2329/2329/2329 2328/2328/2328 2327/2327/2327
f 2315/2315/2315 2318/2318/2318 2329/2329/2329
f 2330/2330/2330 2325/2325/2325 2138/2138/2138
f 2324/2324/2324 2325/2325/2325 2330/2330/2330
f 2331/2331/2331 2315/2315/2315 2329/2329/2329
f 2331/2331/2331 2319/2319/2319 2315/2315/2315
f 2332/2332/2332 2329/2329/2329 2327/2327/2327
f 2332/2332/2332 2331/2331/2331 2329/2329/2329
f 2333/2333/2333 2330/2330/2330 2138/2138/2138
f 2333/2333/2333 2138/2138/2138 2027/2027/2027
f 2021/2021/2021 2333/2333/2333 2027/2027/2027
f 2333/2333/2333 2021/2021/2021 2334/2334/2334
f 2333/2333/2333 2334/2334/2334 2330/2330/2330
f 2021/2021/2021 2335/2335/2335 2334/2334/2334
f 2336/2336/2336 2334/2334/2334 2335/2335/2335
f 2018/2018/2018 2335/2335/2335 2021/2021/2021
f 2334/2334/2334 2337/2337/2337 2330/2330/2330
f 2334/2334/2334 2336/2336/2336 2337/2337/2337
f 2018/2018/2018 2338/2338/2338 2335/2335/2335
f 1908/1908/1908 2338/2338/2338 2018/2018/2018
f 2338/2338/2338 2339/2339/2339 2335/2335/2335
f 2339/2339/2339 2336/2336/2336 2335/2335/2335
f 2336/2336/2336 2339/2339/2339 2340/2340/2340
f 2339/2339/2339 2341/2341/2341 2340/2340/2340
f 2339/2339/2339 2338/2338/2338 2342/2342/2342
f 2342/2342/2342 2338/2338/2338 1908/1908/1908
f 2341/2341/2341 2339/2339/2339 2342/2342/2342
f 2330/2330/2330 2337/2337/2337 2343/2343/2343
f 2343/2343/2343 2324/2324/2324 2330/2330/2330
f 2344/2344/2344 2342/2342/2342 1908/1908/1908
f 1908/1908/1908 1911/1911/1911 2344/2344/2344
f 1911/1911/1911 1925/1925/1925 2344/2344/2344
f 2344/2344/2344 2345/2345/2345 2342/2342/2342
f 2344/2344/2344 1925/1925/1925 2345/2345/2345
f 2342/2342/2342 2346/2346/2346 2341/2341/2341
f 2345/2345/2345 2346/2346/2346 2342/2342/2342
f 2347/2347/2347 2340/2340/2340 2341/2341/2341
f 2346/2346/2346 2347/2347/2347 2341/2341/2341
f 2324/2324/2324 2343/2343/2343 2348/2348/2348
f 2327/2327/2327 2324/2324/2324 2348/2348/2348
f 2327/2327/2327 2348/2348/2348 2349/2349/2349
f 2348/2348/2348 2343/2343/2343 2350/2350/2350
f 2348/2348/2348 2350/2350/2350 2349/2349/2349
f 1925/1925/1925 2351/2351/2351 2345/2345/2345
f 1924/1924/1924 2351/2351/2351 1925/1925/1925
f 2345/2345/2345 2351/2351/2351 2352/2352/2352
f 2352/2352/2352 2351/2351/2351 1924/1924/1924
f 2353/2353/2353 2346/2346/2346 2345/2345/2345
f 2353/2353/2353 2345/2345/2345 2352/2352/2352
f 2347/2347/2347 2346/2346/2346 2354/2354/2354
f 2353/2353/2353 2354/2354/2354 2346/2346/2346
f 2355/2355/2355 2327/2327/2327 2349/2349/2349
f 2355/2355/2355 2332/2332/2332 2327/2327/2327
f 2343/2343/2343 2356/2356/2356 2350/2350/2350
f 2337/2337/2337 2356/2356/2356 2343/2343/2343
f 2357/2357/2357 2352/2352/2352 1924/1924/1924
f 2357/2357/2357 1924/1924/1924 1929/1929/1929
f 2358/2358/2358 2357/2357/2357 1929/1929/1929
f 1940/1940/1940 2358/2358/2358 1929/1929/1929
f 2359/2359/2359 2352/2352/2352 2357/2357/2357
f 2358/2358/2358 2359/2359/2359 2357/2357/2357
f 2360/2360/2360 2353/2353/2353 2352/2352/2352
f 2359/2359/2359 2360/2360/2360 2352/2352/2352
f 2359/2359/2359 2358/2358/2358 2361/2361/2361
f 2359/2359/2359 2361/2361/2361 2360/2360/2360
f 2358/2358/2358 1940/1940/1940 2362/2362/2362
f 2358/2358/2358 2362/2362/2362 2361/2361/2361
f 2363/2363/2363 2353/2353/2353 2360/2360/2360
f 2363/2363/2363 2354/2354/2354 2353/2353/2353
f 1940/1940/1940 2364/2364/2364 2362/2362/2362
f 2364/2364/2364 1940/1940/1940 1938/1938/1938
f 2361/2361/2361 2365/2365/2365 2360/2360/2360
f 2361/2361/2361 2362/2362/2362 2366/2366/2366
f 2361/2361/2361 2366/2366/2366 2365/2365/2365
f 2366/2366/2366 2367/2367/2367 2365/2365/2365
f 2360/2360/2360 2365/2365/2365 2368/2368/2368
f 2363/2363/2363 2360/2360/2360 2368/2368/2368
f 2368/2368/2368 2365/2365/2365 2367/2367/2367
f 2362/2362/2362 2364/2364/2364 2369/2369/2369
f 2362/2362/2362 2369/2369/2369 2366/2366/2366
f 2364/2364/2364 1938/1938/1938 2370/2370/2370
f 2364/2364/2364 2370/2370/2370 2369/2369/2369
f 2363/2363/2363 2371/2371/2371 2354/2354/2354
f 2363/2363/2363 2368/2368/2368 2372/2372/2372
f 2371/2371/2371 2363/2363/2363 2372/2372/2372
f 2373/2373/2373 2371/2371/2371 2372/2372/2372
f 2372/2372/2372 2374/2374/2374 2373/2373/2373
f 2374/2374/2374 2372/2372/2372 2368/2368/2368
f 2375/2375/2375 2368/2368/2368 2367/2367/2367
f 2375/2375/2375 2374/2374/2374 2368/2368/2368
f 2371/2371/2371 2376/2376/2376 2354/2354/2354
f 2376/2376/2376 2371/2371/2371 2377/2377/2377
f 2376/2376/2376 2347/2347/2347 2354/2354/2354
f 2347/2347/2347 2376/2376/2376 2377/2377/2377
f 2373/2373/2373 2378/2378/2378 2371/2371/2371
f 2371/2371/2371 2378/2378/2378 2377/2377/2377
f 2379/2379/2379 2347/2347/2347 2377/2377/2377
f 2347/2347/2347 2379/2379/2379 2340/2340/2340
f 2380/2380/2380 2378/2378/2378 2373/2373/2373
f 2377/2377/2377 2378/2378/2378 2380/2380/2380
f 2379/2379/2379 2377/2377/2377 2381/2381/2381
f 2379/2379/2379 2381/2381/2381 2340/2340/2340
f 2382/2382/2382 2377/2377/2377 2380/2380/2380
f 2377/2377/2377 2382/2382/2382 2381/2381/2381
f 2383/2383/2383 2382/2382/2382 2380/2380/2380
f 2381/2381/2381 2382/2382/2382 2383/2383/2383
f 2384/2384/2384 2380/2380/2380 2373/2373/2373
f 2383/2383/2383 2380/2380/2380 2384/2384/2384
f 2381/2381/2381 2383/2383/2383 2385/2385/2385
f 2385/2385/2385 2340/2340/2340 2381/2381/2381
f 2386/2386/2386 2383/2383/2383 2384/2384/2384
f 2383/2383/2383 2386/2386/2386 2385/2385/2385
f 2385/2385/2385 2387/2387/2387 2340/2340/2340
f 2386/2386/2386 2387/2387/2387 2385/2385/2385
f 2386/2386/2386 2384/2384/2384 2388/2388/2388
f 2388/2388/2388 2384/2384/2384 2373/2373/2373
f 2387/2387/2387 2389/2389/2389 2340/2340/2340
f 2387/2387/2387 2390/2390/2390 2389/2389/2389
f 2336/2336/2336 2340/2340/2340 2389/2389/2389
f 2336/2336/2336 2389/2389/2389 2390/2390/2390
f 2386/2386/2386 2391/2391/2391 2387/2387/2387
f 2386/2386/2386 2388/2388/2388 2391/2391/2391
f 2391/2391/2391 2390/2390/2390 2387/2387/2387
f 2336/2336/2336 2390/2390/2390 2392/2392/2392
f 2336/2336/2336 2392/2392/2392 2337/2337/2337
f 2392/2392/2392 2393/2393/2393 2337/2337/2337
f 2393/2393/2393 2392/2392/2392 2390/2390/2390
f 2393/2393/2393 2356/2356/2356 2337/2337/2337
f 2393/2393/2393 2394/2394/2394 2356/2356/2356
f 2394/2394/2394 2350/2350/2350 2356/2356/2356
f 2388/2388/2388 2373/2373/2373 2395/2395/2395
f 2388/2388/2388 2277/2277/2277 2391/2391/2391
f 2277/2277/2277 2388/2388/2388 2395/2395/2395
f 2373/2373/2373 2265/2265/2265 2395/2395/2395
f 2277/2277/2277 2395/2395/2395 2265/2265/2265
f 2374/2374/2374 2265/2265/2265 2373/2373/2373
f 2265/2265/2265 2374/2374/2374 2266/2266/2266
f 2374/2374/2374 2375/2375/2375 2266/2266/2266
f 2375/2375/2375 2267/2267/2267 2266/2266/2266
f 2375/2375/2375 2367/2367/2367 2267/2267/2267
f 2277/2277/2277 2396/2396/2396 2391/2391/2391
f 2396/2396/2396 2390/2390/2390 2391/2391/2391
f 2277/2277/2277 2283/2283/2283 2396/2396/2396
f 2396/2396/2396 2397/2397/2397 2390/2390/2390
f 2397/2397/2397 2393/2393/2393 2390/2390/2390
f 2398/2398/2398 2396/2396/2396 2283/2283/2283
f 2396/2396/2396 2398/2398/2398 2397/2397/2397
f 2282/2282/2282 2398/2398/2398 2283/2283/2283
f 2399/2399/2399 2398/2398/2398 2282/2282/2282
f 2397/2397/2397 2400/2400/2400 2393/2393/2393
f 2398/2398/2398 2400/2400/2400 2397/2397/2397
f 2398/2398/2398 2399/2399/2399 2400/2400/2400
f 2400/2400/2400 2394/2394/2394 2393/2393/2393
f 2400/2400/2400 2401/2401/2401 2394/2394/2394
f 2399/2399/2399 2401/2401/2401 2400/2400/2400
f 2367/2367/2367 2402/2402/2402 2267/2267/2267
f 2267/2267/2267 2402/2402/2402 2262/2262/2262
f 2403/2403/2403 2399/2399/2399 2282/2282/2282
f 2403/2403/2403 2282/2282/2282 2275/2275/2275
f 2401/2401/2401 2404/2404/2404 2394/2394/2394
f 2394/2394/2394 2404/2404/2404 2350/2350/2350
f 2402/2402/2402 2405/2405/2405 2262/2262/2262
f 2262/2262/2262 2405/2405/2405 2260/2260/2260
f 2406/2406/2406 2260/2260/2260 2405/2405/2405
f 2406/2406/2406 2263/2263/2263 2260/2260/2260
f 2407/2407/2407 2405/2405/2405 2402/2402/2402
f 2407/2407/2407 2406/2406/2406 2405/2405/2405
f 2408/2408/2408 2403/2403/2403 2275/2275/2275
f 2408/2408/2408 2275/2275/2275 2271/2271/2271
f 2404/2404/2404 2409/2409/2409 2350/2350/2350
f 2350/2350/2350 2409/2409/2409 2349/2349/2349
f 2409/2409/2409 2404/2404/2404 2410/2410/2410
f 2409/2409/2409 2410/2410/2410 2349/2349/2349
f 2411/2411/2411 2407/2407/2407 2402/2402/2402
f 2411/2411/2411 2402/2402/2402 2367/2367/2367
f 2412/2412/2412 2408/2408/2408 2271/2271/2271
f 2412/2412/2412 2271/2271/2271 2270/2270/2270
f 2408/2408/2408 2412/2412/2412 2413/2413/2413
f 2413/2413/2413 2412/2412/2412 2270/2270/2270
f 2403/2403/2403 2408/2408/2408 2414/2414/2414
f 2414/2414/2414 2408/2408/2408 2413/2413/2413
f 2404/2404/2404 2415/2415/2415 2410/2410/2410
f 2404/2404/2404 2401/2401/2401 2415/2415/2415
f 2416/2416/2416 2411/2411/2411 2367/2367/2367
f 2416/2416/2416 2367/2367/2367 2366/2366/2366
f 2417/2417/2417 2413/2413/2413 2270/2270/2270
f 2417/2417/2417 2270/2270/2270 2279/2279/2279
f 2418/2418/2418 2403/2403/2403 2414/2414/2414
f 2399/2399/2399 2403/2403/2403 2418/2418/2418
f 2401/2401/2401 2399/2399/2399 2419/2419/2419
f 2401/2401/2401 2419/2419/2419 2415/2415/2415
f 2420/2420/2420 2416/2416/2416 2366/2366/2366
f 2366/2366/2366 2369/2369/2369 2420/2420/2420
f 2421/2421/2421 2399/2399/2399 2418/2418/2418
f 2399/2399/2399 2421/2421/2421 2419/2419/2419
f 2422/2422/2422 2421/2421/2421 2418/2418/2418
f 2421/2421/2421 2422/2422/2422 2419/2419/2419
f 2423/2423/2423 2418/2418/2418 2414/2414/2414
f 2423/2423/2423 2422/2422/2422 2418/2418/2418
f 2419/2419/2419 2424/2424/2424 2415/2415/2415
f 2422/2422/2422 2424/2424/2424 2419/2419/2419
f 2369/2369/2369 2425/2425/2425 2420/2420/2420
f 2369/2369/2369 2370/2370/2370 2425/2425/2425
f 2426/2426/2426 2423/2423/2423 2414/2414/2414
f 2426/2426/2426 2414/2414/2414 2413/2413/2413
f 2422/2422/2422 2423/2423/2423 2427/2427/2427
f 2424/2424/2424 2422/2422/2422 2427/2427/2427
f 2424/2424/2424 2428/2428/2428 2415/2415/2415
f 2415/2415/2415 2428/2428/2428 2410/2410/2410
f 2429/2429/2429 2426/2426/2426 2413/2413/2413
f 2413/2413/2413 2417/2417/2417 2429/2429/2429
f 2430/2430/2430 2423/2423/2423 2426/2426/2426
f 2423/2423/2423 2430/2430/2430 2427/2427/2427
f 2431/2431/2431 2424/2424/2424 2427/2427/2427
f 2424/2424/2424 2431/2431/2431 2428/2428/2428
f 2417/2417/2417 2432/2432/2432 2429/2429/2429
f 2432/2432/2432 2417/2417/2417 2279/2279/2279
f 2433/2433/2433 2430/2430/2430 2426/2426/2426
f 2433/2433/2433 2426/2426/2426 2429/2429/2429
f 2431/2431/2431 2427/2427/2427 2434/2434/2434
f 2434/2434/2434 2427/2427/2427 2430/2430/2430
f 2435/2435/2435 2432/2432/2432 2279/2279/2279
f 2435/2435/2435 2279/2279/2279 2278/2278/2278
f 2436/2436/2436 2435/2435/2435 2278/2278/2278
f 2436/2436/2436 2437/2437/2437 2435/2435/2435
f 2436/2436/2436 2278/2278/2278 2284/2284/2284
f 2436/2436/2436 2284/2284/2284 2437/2437/2437
f 2435/2435/2435 2438/2438/2438 2432/2432/2432
f 2437/2437/2437 2438/2438/2438 2435/2435/2435
f 2432/2432/2432 2439/2439/2439 2429/2429/2429
f 2438/2438/2438 2439/2439/2439 2432/2432/2432
f 2440/2440/2440 2433/2433/2433 2429/2429/2429
f 2439/2439/2439 2440/2440/2440 2429/2429/2429
f 2440/2440/2440 2441/2441/2441 2433/2433/2433
f 2440/2440/2440 2439/2439/2439 2441/2441/2441
f 2433/2433/2433 2442/2442/2442 2430/2430/2430
f 2441/2441/2441 2442/2442/2442 2433/2433/2433
f 2443/2443/2443 2439/2439/2439 2438/2438/2438
f 2439/2439/2439 2443/2443/2443 2441/2441/2441
f 2284/2284/2284 2444/2444/2444 2437/2437/2437
f 2301/2301/2301 2444/2444/2444 2284/2284/2284
f 2301/2301/2301 2445/2445/2445 2444/2444/2444
f 2445/2445/2445 2301/2301/2301 2302/2302/2302
f 2445/2445/2445 2446/2446/2446 2444/2444/2444
f 2444/2444/2444 2446/2446/2446 2437/2437/2437
f 2447/2447/2447 2438/2438/2438 2437/2437/2437
f 2447/2447/2447 2443/2443/2443 2438/2438/2438
f 2448/2448/2448 2447/2447/2447 2437/2437/2437
f 2446/2446/2446 2448/2448/2448 2437/2437/2437
f 2445/2445/2445 2449/2449/2449 2446/2446/2446
f 2445/2445/2445 2302/2302/2302 2449/2449/2449
f 2449/2449/2449 2450/2450/2450 2446/2446/2446
f 2448/2448/2448 2446/2446/2446 2450/2450/2450
f 2451/2451/2451 2448/2448/2448 2450/2450/2450
f 2302/2302/2302 2452/2452/2452 2449/2449/2449
f 2448/2448/2448 2451/2451/2451 2453/2453/2453
f 2447/2447/2447 2448/2448/2448 2453/2453/2453
f 2447/2447/2447 2453/2453/2453 2443/2443/2443
f 2453/2453/2453 2454/2454/2454 2443/2443/2443
f 2454/2454/2454 2455/2455/2455 2443/2443/2443
f 2455/2455/2455 2441/2441/2441 2443/2443/2443
f 2441/2441/2441 2455/2455/2455 2442/2442/2442
f 2455/2455/2455 2456/2456/2456 2442/2442/2442
f 2456/2456/2456 2457/2457/2457 2442/2442/2442
f 2458/2458/2458 2452/2452/2452 2302/2302/2302
f 2457/2457/2457 2459/2459/2459 2442/2442/2442
f 2442/2442/2442 2459/2459/2459 2430/2430/2430
f 2459/2459/2459 2457/2457/2457 2460/2460/2460
f 2459/2459/2459 2434/2434/2434 2430/2430/2430
f 2434/2434/2434 2459/2459/2459 2460/2460/2460
f 2434/2434/2434 2460/2460/2460 2461/2461/2461
f 2460/2460/2460 2462/2462/2462 2461/2461/2461
f 2461/2461/2461 2431/2431/2431 2434/2434/2434
f 2461/2461/2461 2462/2462/2462 2463/2463/2463
f 2431/2431/2431 2461/2461/2461 2463/2463/2463
f 2462/2462/2462 2464/2464/2464 2463/2463/2463
f 2464/2464/2464 2465/2465/2465 2463/2463/2463
f 2466/2466/2466 2458/2458/2458 2302/2302/2302
f 2467/2467/2467 2458/2458/2458 2466/2466/2466
f 2468/2468/2468 2431/2431/2431 2463/2463/2463
f 2431/2431/2431 2468/2468/2468 2428/2428/2428
f 2465/2465/2465 2469/2469/2469 2463/2463/2463
f 2463/2463/2463 2469/2469/2469 2468/2468/2468
f 2466/2466/2466 2302/2302/2302 2470/2470/2470
f 2302/2302/2302 2294/2294/2294 2470/2470/2470
f 2470/2470/2470 2294/2294/2294 2293/2293/2293
f 2471/2471/2471 2467/2467/2467 2466/2466/2466
f 2466/2466/2466 2470/2470/2470 2471/2471/2471
f 2428/2428/2428 2468/2468/2468 2472/2472/2472
f 2428/2428/2428 2472/2472/2472 2410/2410/2410
f 2473/2473/2473 2470/2470/2470 2293/2293/2293
f 2470/2470/2470 2473/2473/2473 2471/2471/2471
f 2467/2467/2467 2471/2471/2471 2474/2474/2474
f 2475/2475/2475 2467/2467/2467 2474/2474/2474
f 2475/2475/2475 2474/2474/2474 2476/2476/2476
f 2477/2477/2477 2475/2475/2475 2476/2476/2476
f 2477/2477/2477 2476/2476/2476 2478/2478/2478
f 2479/2479/2479 2474/2474/2474 2471/2471/2471
f 2473/2473/2473 2479/2479/2479 2471/2471/2471
f 2476/2476/2476 2474/2474/2474 2479/2479/2479
f 2480/2480/2480 2473/2473/2473 2293/2293/2293
f 2480/2480/2480 2293/2293/2293 2292/2292/2292
f 2473/2473/2473 2480/2480/2480 2481/2481/2481
f 2479/2479/2479 2473/2473/2473 2481/2481/2481
f 2481/2481/2481 2480/2480/2480 2292/2292/2292
f 2482/2482/2482 2476/2476/2476 2479/2479/2479
f 2482/2482/2482 2479/2479/2479 2481/2481/2481
f 2483/2483/2483 2481/2481/2481 2292/2292/2292
f 2483/2483/2483 2292/2292/2292 2300/2300/2300
f 2300/2300/2300 2311/2311/2311 2483/2483/2483
f 2484/2484/2484 2481/2481/2481 2483/2483/2483
f 2484/2484/2484 2482/2482/2482 2481/2481/2481
f 2311/2311/2311 2485/2485/2485 2483/2483/2483
f 2485/2485/2485 2484/2484/2484 2483/2483/2483
f 2485/2485/2485 2311/2311/2311 2319/2319/2319
f 2486/2486/2486 2485/2485/2485 2319/2319/2319
f 2484/2484/2484 2485/2485/2485 2486/2486/2486
f 2486/2486/2486 2319/2319/2319 2331/2331/2331
f 2484/2484/2484 2487/2487/2487 2482/2482/2482
f 2487/2487/2487 2484/2484/2484 2486/2486/2486
f 2488/2488/2488 2486/2486/2486 2331/2331/2331
f 2486/2486/2486 2488/2488/2488 2487/2487/2487
f 2488/2488/2488 2331/2331/2331 2332/2332/2332
f 2482/2482/2482 2489/2489/2489 2476/2476/2476
f 2487/2487/2487 2489/2489/2489 2482/2482/2482
f 2490/2490/2490 2488/2488/2488 2332/2332/2332
f 2332/2332/2332 2355/2355/2355 2490/2490/2490
f 2488/2488/2488 2491/2491/2491 2487/2487/2487
f 2489/2489/2489 2487/2487/2487 2491/2491/2491
f 2488/2488/2488 2490/2490/2490 2491/2491/2491
f 2489/2489/2489 2492/2492/2492 2476/2476/2476
f 2476/2476/2476 2492/2492/2492 2478/2478/2478
f 2492/2492/2492 2489/2489/2489 2493/2493/2493
f 2493/2493/2493 2489/2489/2489 2491/2491/2491
f 2493/2493/2493 2491/2491/2491 2494/2494/2494
f 2478/2478/2478 2492/2492/2492 2495/2495/2495
f 2495/2495/2495 2492/2492/2492 2493/2493/2493
f 2495/2495/2495 2493/2493/2493 2494/2494/2494
f 2496/2496/2496 2478/2478/2478 2495/2495/2495
f 2495/2495/2495 2497/2497/2497 2496/2496/2496
f 2497/2497/2497 2495/2495/2495 2494/2494/2494
f 2497/2497/2497 2498/2498/2498 2496/2496/2496
f 2498/2498/2498 2497/2497/2497 2499/2499/2499
f 2497/2497/2497 2500/2500/2500 2499/2499/2499
f 2500/2500/2500 2497/2497/2497 2494/2494/2494
f 2499/2499/2499 2500/2500/2500 2501/2501/2501
f 2502/2502/2502 2499/2499/2499 2501/2501/2501
f 2465/2465/2465 2502/2502/2502 2501/2501/2501
f 2469/2469/2469 2465/2465/2465 2501/2501/2501
f 2501/2501/2501 2500/2500/2500 2503/2503/2503
f 2503/2503/2503 2500/2500/2500 2494/2494/2494
f 2491/2491/2491 2504/2504/2504 2494/2494/2494
f 2490/2490/2490 2504/2504/2504 2491/2491/2491
f 2494/2494/2494 2504/2504/2504 2505/2505/2505
f 2505/2505/2505 2504/2504/2504 2490/2490/2490
f 2503/2503/2503 2494/2494/2494 2505/2505/2505
f 2501/2501/2501 2506/2506/2506 2469/2469/2469
f 2506/2506/2506 2501/2501/2501 2503/2503/2503
f 2507/2507/2507 2505/2505/2505 2490/2490/2490
f 2355/2355/2355 2507/2507/2507 2490/2490/2490
f 2355/2355/2355 2349/2349/2349 2507/2507/2507
f 2503/2503/2503 2505/2505/2505 2508/2508/2508
f 2508/2508/2508 2505/2505/2505 2507/2507/2507
f 2506/2506/2506 2503/2503/2503 2508/2508/2508
f 2349/2349/2349 2509/2509/2509 2507/2507/2507
f 2509/2509/2509 2508/2508/2508 2507/2507/2507
f 2410/2410/2410 2509/2509/2509 2349/2349/2349
f 2509/2509/2509 2410/2410/2410 2472/2472/2472
f 2508/2508/2508 2509/2509/2509 2472/2472/2472
f 2506/2506/2506 2508/2508/2508 2472/2472/2472
f 2506/2506/2506 2510/2510/2510 2469/2469/2469
f 2510/2510/2510 2506/2506/2506 2472/2472/2472
f 2469/2469/2469 2510/2510/2510 2468/2468/2468
f 2468/2468/2468 2510/2510/2510 2472/2472/2472
f 1943/1943/1943 2511/2511/2511 1948/1948/1948
f 2511/2511/2511 2512/2512/2512 1948/1948/1948
f 1981/1981/1981 2511/2511/2511 1943/1943/1943
f 2511/2511/2511 1981/1981/1981 2512/2512/2512
f 2512/2512/2512 2513/2513/2513 1948/1948/1948
f 1946/1946/1946 1948/1948/1948 2513/2513/2513
f 1981/1981/1981 2514/2514/2514 2512/2512/2512
f 2514/2514/2514 1981/1981/1981 1974/1974/1974
f 2514/2514/2514 1974/1974/1974 2515/2515/2515
f 2516/2516/2516 2514/2514/2514 2515/2515/2515
f 2514/2514/2514 2516/2516/2516 2512/2512/2512
f 2517/2517/2517 1946/1946/1946 2513/2513/2513
f 1932/1932/1932 1946/1946/1946 2517/2517/2517
f 1932/1932/1932 2517/2517/2517 2518/2518/2518
f 2513/2513/2513 2518/2518/2518 2517/2517/2517
f 2515/2515/2515 2519/2519/2519 2516/2516/2516
f 2515/2515/2515 2520/2520/2520 2519/2519/2519
f 1932/1932/1932 2518/2518/2518 2521/2521/2521
f 1932/1932/1932 2521/2521/2521 1937/1937/1937
f 2520/2520/2520 2522/2522/2522 2519/2519/2519
f 2520/2520/2520 2523/2523/2523 2522/2522/2522
f 2523/2523/2523 2524/2524/2524 2522/2522/2522
f 2523/2523/2523 2525/2525/2525 2524/2524/2524
f 2524/2524/2524 2525/2525/2525 2526/2526/2526
f 2522/2522/2522 2527/2527/2527 2519/2519/2519
f 2527/2527/2527 2522/2522/2522 2524/2524/2524
f 2519/2519/2519 2528/2528/2528 2516/2516/2516
f 2527/2527/2527 2528/2528/2528 2519/2519/2519
f 2524/2524/2524 2526/2526/2526 2529/2529/2529
f 2530/2530/2530 2529/2529/2529 2526/2526/2526
f 2530/2530/2530 2531/2531/2531 2529/2529/2529
f 2532/2532/2532 2531/2531/2531 2530/2530/2530
f 2529/2529/2529 2533/2533/2533 2524/2524/2524
f 2533/2533/2533 2529/2529/2529 2531/2531/2531
f 2533/2533/2533 2531/2531/2531 2534/2534/2534
f 2532/2532/2532 2535/2535/2535 2531/2531/2531
f 2534/2534/2534 2531/2531/2531 2535/2535/2535
f 2532/2532/2532 2536/2536/2536 2535/2535/2535
f 2533/2533/2533 2537/2537/2537 2524/2524/2524
f 2527/2527/2527 2524/2524/2524 2537/2537/2537
f 2538/2538/2538 2537/2537/2537 2533/2533/2533
f 2538/2538/2538 2533/2533/2533 2534/2534/2534
f 2527/2527/2527 2537/2537/2537 2539/2539/2539
f 2539/2539/2539 2537/2537/2537 2538/2538/2538
f 2540/2540/2540 2528/2528/2528 2527/2527/2527
f 2540/2540/2540 2527/2527/2527 2539/2539/2539
f 2538/2538/2538 2534/2534/2534 2541/2541/2541
f 2538/2538/2538 2541/2541/2541 2539/2539/2539
f 2540/2540/2540 2542/2542/2542 2528/2528/2528
f 2539/2539/2539 2543/2543/2543 2540/2540/2540
f 2540/2540/2540 2543/2543/2543 2542/2542/2542
f 2539/2539/2539 2541/2541/2541 2544/2544/2544
f 2539/2539/2539 2544/2544/2544 2543/2543/2543
f 2545/2545/2545 2528/2528/2528 2542/2542/2542
f 2528/2528/2528 2545/2545/2545 2516/2516/2516
f 2516/2516/2516 2545/2545/2545 2512/2512/2512
f 2545/2545/2545 2546/2546/2546 2512/2512/2512
f 2545/2545/2545 2542/2542/2542 2546/2546/2546
f 2546/2546/2546 2513/2513/2513 2512/2512/2512
f 2546/2546/2546 2542/2542/2542 2547/2547/2547
f 2543/2543/2543 2547/2547/2547 2542/2542/2542
f 2548/2548/2548 2513/2513/2513 2546/2546/2546
f 2546/2546/2546 2547/2547/2547 2548/2548/2548
f 2548/2548/2548 2547/2547/2547 2549/2549/2549
f 2548/2548/2548 2518/2518/2518 2513/2513/2513
f 2518/2518/2518 2548/2548/2548 2549/2549/2549
f 2518/2518/2518 2549/2549/2549 2550/2550/2550
f 2521/2521/2521 2518/2518/2518 2550/2550/2550
f 2521/2521/2521 2550/2550/2550 2551/2551/2551
f 1937/1937/1937 2521/2521/2521 2551/2551/2551
f 2552/2552/2552 2550/2550/2550 2549/2549/2549
f 2552/2552/2552 2551/2551/2551 2550/2550/2550
f 1937/1937/1937 2551/2551/2551 2553/2553/2553
f 1937/1937/1937 2553/2553/2553 1938/1938/1938
f 2553/2553/2553 2551/2551/2551 2554/2554/2554
f 2552/2552/2552 2554/2554/2554 2551/2551/2551
f 2555/2555/2555 1938/1938/1938 2553/2553/2553
f 2555/2555/2555 2553/2553/2553 2554/2554/2554
f 1938/1938/1938 2555/2555/2555 2556/2556/2556
f 1938/1938/1938 2556/2556/2556 2370/2370/2370
f 2555/2555/2555 2554/2554/2554 2557/2557/2557
f 2555/2555/2555 2557/2557/2557 2556/2556/2556
f 2556/2556/2556 2558/2558/2558 2370/2370/2370
f 2370/2370/2370 2558/2558/2558 2425/2425/2425
f 2554/2554/2554 2552/2552/2552 2559/2559/2559
f 2554/2554/2554 2559/2559/2559 2557/2557/2557
f 2557/2557/2557 2560/2560/2560 2556/2556/2556
f 2556/2556/2556 2560/2560/2560 2558/2558/2558
f 2559/2559/2559 2561/2561/2561 2557/2557/2557
f 2557/2557/2557 2561/2561/2561 2560/2560/2560
f 2425/2425/2425 2558/2558/2558 2562/2562/2562
f 2558/2558/2558 2560/2560/2560 2563/2563/2563
f 2558/2558/2558 2563/2563/2563 2562/2562/2562
f 2561/2561/2561 2564/2564/2564 2560/2560/2560
f 2560/2560/2560 2564/2564/2564 2563/2563/2563
f 2425/2425/2425 2562/2562/2562 2565/2565/2565
f 2420/2420/2420 2425/2425/2425 2565/2565/2565
f 2420/2420/2420 2565/2565/2565 2566/2566/2566
f 2420/2420/2420 2566/2566/2566 2416/2416/2416
f 2416/2416/2416 2566/2566/2566 2567/2567/2567
f 2416/2416/2416 2567/2567/2567 2411/2411/2411
f 2411/2411/2411 2567/2567/2567 2568/2568/2568
f 2411/2411/2411 2568/2568/2568 2407/2407/2407
f 2407/2407/2407 2568/2568/2568 2569/2569/2569
f 2406/2406/2406 2407/2407/2407 2569/2569/2569
f 2406/2406/2406 2569/2569/2569 2570/2570/2570
f 2406/2406/2406 2570/2570/2570 2263/2263/2263
f 2570/2570/2570 2571/2571/2571 2263/2263/2263
f 2263/2263/2263 2571/2571/2571 2261/2261/2261
f 2565/2565/2565 2562/2562/2562 2572/2572/2572
f 2562/2562/2562 2573/2573/2573 2572/2572/2572
f 2565/2565/2565 2572/2572/2572 2574/2574/2574
f 2562/2562/2562 2563/2563/2563 2573/2573/2573
f 2565/2565/2565 2574/2574/2574 2566/2566/2566
f 2563/2563/2563 2575/2575/2575 2573/2573/2573
f 2576/2576/2576 2566/2566/2566 2574/2574/2574
f 2576/2576/2576 2567/2567/2567 2566/2566/2566
f 2577/2577/2577 2567/2567/2567 2576/2576/2576
f 2577/2577/2577 2568/2568/2568 2567/2567/2567
f 2577/2577/2577 2578/2578/2578 2568/2568/2568
f 2578/2578/2578 2569/2569/2569 2568/2568/2568
f 2578/2578/2578 2579/2579/2579 2569/2569/2569
f 2579/2579/2579 2570/2570/2570 2569/2569/2569
f 2579/2579/2579 2580/2580/2580 2570/2570/2570
f 2563/2563/2563 2564/2564/2564 2575/2575/2575
f 2580/2580/2580 2571/2571/2571 2570/2570/2570
f 2564/2564/2564 2581/2581/2581 2575/2575/2575
f 2580/2580/2580 2582/2582/2582 2571/2571/2571
f 2564/2564/2564 2583/2583/2583 2581/2581/2581
f 2583/2583/2583 2584/2584/2584 2581/2581/2581
f 2561/2561/2561 2583/2583/2583 2564/2564/2564
f 2582/2582/2582 2585/2585/2585 2571/2571/2571
f 2261/2261/2261 2571/2571/2571 2585/2585/2585
f 2582/2582/2582 2586/2586/2586 2585/2585/2585
f 2584/2584/2584 2583/2583/2583 2587/2587/2587
f 2588/2588/2588 2584/2584/2584 2587/2587/2587
f 2561/2561/2561 2589/2589/2589 2583/2583/2583
f 2589/2589/2589 2587/2587/2587 2583/2583/2583
f 2559/2559/2559 2589/2589/2589 2561/2561/2561
f 2588/2588/2588 2587/2587/2587 2590/2590/2590
f 2588/2588/2588 2590/2590/2590 2591/2591/2591
f 2592/2592/2592 2261/2261/2261 2585/2585/2585
f 2261/2261/2261 2592/2592/2592 2253/2253/2253
f 2586/2586/2586 2593/2593/2593 2585/2585/2585
f 2593/2593/2593 2586/2586/2586 2594/2594/2594
f 2585/2585/2585 2593/2593/2593 2595/2595/2595
f 2585/2585/2585 2595/2595/2595 2592/2592/2592
f 2592/2592/2592 2596/2596/2596 2253/2253/2253
f 2251/2251/2251 2253/2253/2253 2596/2596/2596
f 2597/2597/2597 2593/2593/2593 2594/2594/2594
f 2595/2595/2595 2593/2593/2593 2597/2597/2597
f 2598/2598/2598 2590/2590/2590 2587/2587/2587
f 2598/2598/2598 2587/2587/2587 2589/2589/2589
f 2592/2592/2592 2599/2599/2599 2596/2596/2596
f 2595/2595/2595 2599/2599/2599 2592/2592/2592
f 2600/2600/2600 2251/2251/2251 2596/2596/2596
f 2250/2250/2250 2251/2251/2251 2600/2600/2600
f 2599/2599/2599 2601/2601/2601 2596/2596/2596
f 2600/2600/2600 2596/2596/2596 2601/2601/2601
f 2602/2602/2602 2599/2599/2599 2595/2595/2595
f 2601/2601/2601 2599/2599/2599 2602/2602/2602
f 2597/2597/2597 2594/2594/2594 2603/2603/2603
f 2594/2594/2594 2604/2604/2604 2603/2603/2603
f 2605/2605/2605 2595/2595/2595 2597/2597/2597
f 2605/2605/2605 2602/2602/2602 2595/2595/2595
f 2606/2606/2606 2603/2603/2603 2604/2604/2604
f 2607/2607/2607 2606/2606/2606 2604/2604/2604
f 2607/2607/2607 2608/2608/2608 2606/2606/2606
f 2597/2597/2597 2603/2603/2603 2609/2609/2609
f 2605/2605/2605 2597/2597/2597 2609/2609/2609
f 2609/2609/2609 2603/2603/2603 2606/2606/2606
f 2608/2608/2608 2610/2610/2610 2606/2606/2606
f 2608/2608/2608 2611/2611/2611 2610/2610/2610
f 2602/2602/2602 2605/2605/2605 2612/2612/2612
f 2605/2605/2605 2609/2609/2609 2612/2612/2612
f 2613/2613/2613 2609/2609/2609 2606/2606/2606
f 2613/2613/2613 2606/2606/2606 2610/2610/2610
f 2614/2614/2614 2612/2612/2612 2609/2609/2609
f 2613/2613/2613 2614/2614/2614 2609/2609/2609
f 2602/2602/2602 2612/2612/2612 2615/2615/2615
f 2615/2615/2615 2612/2612/2612 2614/2614/2614
f 2602/2602/2602 2615/2615/2615 2616/2616/2616
f 2602/2602/2602 2616/2616/2616 2601/2601/2601
f 2617/2617/2617 2614/2614/2614 2613/2613/2613
f 2618/2618/2618 2613/2613/2613 2610/2610/2610
f 2618/2618/2618 2617/2617/2617 2613/2613/2613
f 2619/2619/2619 2615/2615/2615 2614/2614/2614
f 2619/2619/2619 2614/2614/2614 2617/2617/2617
f 2611/2611/2611 2620/2620/2620 2610/2610/2610
f 2620/2620/2620 2611/2611/2611 2621/2621/2621
f 2611/2611/2611 2622/2622/2622 2621/2621/2621
f 2623/2623/2623 2621/2621/2621 2622/2622/2622
f 2610/2610/2610 2620/2620/2620 2624/2624/2624
f 2618/2618/2618 2610/2610/2610 2624/2624/2624
f 2624/2624/2624 2620/2620/2620 2621/2621/2621
f 2617/2617/2617 2618/2618/2618 2625/2625/2625
f 2618/2618/2618 2624/2624/2624 2625/2625/2625
f 2619/2619/2619 2617/2617/2617 2626/2626/2626
f 2617/2617/2617 2625/2625/2625 2626/2626/2626
f 2619/2619/2619 2627/2627/2627 2615/2615/2615
f 2619/2619/2619 2626/2626/2626 2627/2627/2627
f 2625/2625/2625 2624/2624/2624 2628/2628/2628
f 2624/2624/2624 2621/2621/2621 2628/2628/2628
f 2625/2625/2625 2629/2629/2629 2626/2626/2626
f 2625/2625/2625 2628/2628/2628 2629/2629/2629
f 2629/2629/2629 2630/2630/2630 2626/2626/2626
f 2630/2630/2630 2627/2627/2627 2626/2626/2626
f 2631/2631/2631 2629/2629/2629 2628/2628/2628
f 2629/2629/2629 2631/2631/2631 2630/2630/2630
f 2632/2632/2632 2628/2628/2628 2621/2621/2621
f 2632/2632/2632 2631/2631/2631 2628/2628/2628
f 2627/2627/2627 2633/2633/2633 2615/2615/2615
f 2616/2616/2616 2615/2615/2615 2633/2633/2633
f 2634/2634/2634 2632/2632/2632 2621/2621/2621
f 2623/2623/2623 2634/2634/2634 2621/2621/2621
f 2634/2634/2634 2623/2623/2623 2635/2635/2635
f 2623/2623/2623 2636/2636/2636 2635/2635/2635
f 2637/2637/2637 2632/2632/2632 2634/2634/2634
f 2635/2635/2635 2637/2637/2637 2634/2634/2634
f 2636/2636/2636 2638/2638/2638 2635/2635/2635
f 2636/2636/2636 2639/2639/2639 2638/2638/2638
f 2640/2640/2640 2631/2631/2631 2632/2632/2632
f 2637/2637/2637 2640/2640/2640 2632/2632/2632
f 2637/2637/2637 2635/2635/2635 2641/2641/2641
f 2635/2635/2635 2638/2638/2638 2641/2641/2641
f 2642/2642/2642 2638/2638/2638 2639/2639/2639
f 2643/2643/2643 2642/2642/2642 2639/2639/2639
f 2640/2640/2640 2637/2637/2637 2644/2644/2644
f 2637/2637/2637 2641/2641/2641 2644/2644/2644
f 2638/2638/2638 2645/2645/2645 2641/2641/2641
f 2638/2638/2638 2642/2642/2642 2645/2645/2645
f 2642/2642/2642 2643/2643/2643 2646/2646/2646
f 2643/2643/2643 2647/2647/2647 2646/2646/2646
f 2644/2644/2644 2641/2641/2641 2648/2648/2648
f 2641/2641/2641 2645/2645/2645 2648/2648/2648
f 2648/2648/2648 2645/2645/2645 2649/2649/2649
f 2650/2650/2650 2645/2645/2645 2642/2642/2642
f 2646/2646/2646 2650/2650/2650 2642/2642/2642
f 2647/2647/2647 2651/2651/2651 2646/2646/2646
f 2647/2647/2647 2652/2652/2652 2651/2651/2651
f 2652/2652/2652 2591/2591/2591 2651/2651/2651
f 2591/2591/2591 2590/2590/2590 2651/2651/2651
f 2651/2651/2651 2653/2653/2653 2646/2646/2646
f 2651/2651/2651 2590/2590/2590 2653/2653/2653
f 2653/2653/2653 2650/2650/2650 2646/2646/2646
f 2590/2590/2590 2598/2598/2598 2653/2653/2653
f 2644/2644/2644 2648/2648/2648 2654/2654/2654
f 2649/2649/2649 2654/2654/2654 2648/2648/2648
f 2645/2645/2645 2650/2650/2650 2655/2655/2655
f 2645/2645/2645 2655/2655/2655 2649/2649/2649
f 2655/2655/2655 2650/2650/2650 2656/2656/2656
f 2650/2650/2650 2653/2653/2653 2656/2656/2656
f 2649/2649/2649 2655/2655/2655 2656/2656/2656
f 2653/2653/2653 2598/2598/2598 2657/2657/2657
f 2656/2656/2656 2653/2653/2653 2657/2657/2657
f 2657/2657/2657 2598/2598/2598 2589/2589/2589
f 2658/2658/2658 2656/2656/2656 2657/2657/2657
f 2649/2649/2649 2656/2656/2656 2658/2658/2658
f 2659/2659/2659 2657/2657/2657 2589/2589/2589
f 2659/2659/2659 2658/2658/2658 2657/2657/2657
f 2559/2559/2559 2659/2659/2659 2589/2589/2589
f 2559/2559/2559 2552/2552/2552 2659/2659/2659
f 2658/2658/2658 2659/2659/2659 2552/2552/2552
f 2549/2549/2549 2658/2658/2658 2552/2552/2552
f 2649/2649/2649 2658/2658/2658 2549/2549/2549
f 2649/2649/2649 2549/2549/2549 2660/2660/2660
f 2649/2649/2649 2660/2660/2660 2654/2654/2654
f 2547/2547/2547 2660/2660/2660 2549/2549/2549
f 2547/2547/2547 2654/2654/2654 2660/2660/2660
f 2547/2547/2547 2543/2543/2543 2654/2654/2654
f 2654/2654/2654 2543/2543/2543 2661/2661/2661
f 2661/2661/2661 2644/2644/2644 2654/2654/2654
f 2543/2543/2543 2544/2544/2544 2661/2661/2661
f 2640/2640/2640 2644/2644/2644 2661/2661/2661
f 2661/2661/2661 2544/2544/2544 2662/2662/2662
f 2640/2640/2640 2661/2661/2661 2662/2662/2662
f 2544/2544/2544 2541/2541/2541 2662/2662/2662
f 2640/2640/2640 2662/2662/2662 2631/2631/2631
f 2662/2662/2662 2541/2541/2541 2663/2663/2663
f 2662/2662/2662 2663/2663/2663 2631/2631/2631
f 2541/2541/2541 2534/2534/2534 2663/2663/2663
f 2631/2631/2631 2663/2663/2663 2630/2630/2630
f 2663/2663/2663 2534/2534/2534 2630/2630/2630
f 2534/2534/2534 2664/2664/2664 2630/2630/2630
f 2627/2627/2627 2630/2630/2630 2664/2664/2664
f 2664/2664/2664 2534/2534/2534 2535/2535/2535
f 2627/2627/2627 2664/2664/2664 2665/2665/2665
f 2664/2664/2664 2535/2535/2535 2665/2665/2665
f 2627/2627/2627 2665/2665/2665 2633/2633/2633
f 2535/2535/2535 2666/2666/2666 2665/2665/2665
f 2536/2536/2536 2666/2666/2666 2535/2535/2535
f 2666/2666/2666 2536/2536/2536 2667/2667/2667
f 2668/2668/2668 2667/2667/2667 2536/2536/2536
f 2669/2669/2669 2666/2666/2666 2667/2667/2667
f 2665/2665/2665 2666/2666/2666 2669/2669/2669
f 2670/2670/2670 2665/2665/2665 2669/2669/2669
f 2665/2665/2665 2670/2670/2670 2633/2633/2633
f 2670/2670/2670 2671/2671/2671 2633/2633/2633
f 2670/2670/2670 2669/2669/2669 2672/2672/2672
f 2672/2672/2672 2669/2669/2669 2667/2667/2667
f 2671/2671/2671 2670/2670/2670 2672/2672/2672
f 2671/2671/2671 2673/2673/2673 2633/2633/2633
f 2616/2616/2616 2633/2633/2633 2673/2673/2673
f 2616/2616/2616 2673/2673/2673 2601/2601/2601
f 2673/2673/2673 2674/2674/2674 2601/2601/2601
f 2671/2671/2671 2674/2674/2674 2673/2673/2673
f 2600/2600/2600 2601/2601/2601 2674/2674/2674
f 2674/2674/2674 2671/2671/2671 2600/2600/2600
f 2671/2671/2671 2675/2675/2675 2600/2600/2600
f 2675/2675/2675 2250/2250/2250 2600/2600/2600
f 2675/2675/2675 2671/2671/2671 2676/2676/2676
f 2675/2675/2675 2676/2676/2676 2250/2250/2250
f 2671/2671/2671 2672/2672/2672 2676/2676/2676
f 2676/2676/2676 2252/2252/2252 2250/2250/2250
f 2677/2677/2677 2676/2676/2676 2672/2672/2672
f 2252/2252/2252 2676/2676/2676 2677/2677/2677
f 2678/2678/2678 2672/2672/2672 2667/2667/2667
f 2678/2678/2678 2677/2677/2677 2672/2672/2672
f 2679/2679/2679 2252/2252/2252 2677/2677/2677
f 2252/2252/2252 2679/2679/2679 2212/2212/2212
f 2679/2679/2679 2680/2680/2680 2212/2212/2212
f 2680/2680/2680 2208/2208/2208 2212/2212/2212
f 2208/2208/2208 2680/2680/2680 2681/2681/2681
f 2681/2681/2681 2680/2680/2680 2679/2679/2679
f 2682/2682/2682 2681/2681/2681 2679/2679/2679
f 2683/2683/2683 2682/2682/2682 2679/2679/2679
f 2677/2677/2677 2683/2683/2683 2679/2679/2679
f 2684/2684/2684 2683/2683/2683 2677/2677/2677
f 2678/2678/2678 2684/2684/2684 2677/2677/2677
f 2685/2685/2685 2208/2208/2208 2681/2681/2681
f 2685/2685/2685 2681/2681/2681 2686/2686/2686
f 2685/2685/2685 2200/2200/2200 2208/2208/2208
f 2678/2678/2678 2687/2687/2687 2684/2684/2684
f 2687/2687/2687 2688/2688/2688 2684/2684/2684
f 2688/2688/2688 2687/2687/2687 2689/2689/2689
f 2678/2678/2678 2667/2667/2667 2687/2687/2687
f 2687/2687/2687 2667/2667/2667 2689/2689/2689
f 2688/2688/2688 2689/2689/2689 2690/2690/2690
f 2690/2690/2690 2689/2689/2689 2691/2691/2691
f 2692/2692/2692 2685/2685/2685 2686/2686/2686
f 2692/2692/2692 2686/2686/2686 2693/2693/2693
f 2200/2200/2200 2685/2685/2685 2694/2694/2694
f 2694/2694/2694 2685/2685/2685 2692/2692/2692
f 2200/2200/2200 2694/2694/2694 2695/2695/2695
f 2696/2696/2696 2692/2692/2692 2693/2693/2693
f 2696/2696/2696 2693/2693/2693 2697/2697/2697
f 2694/2694/2694 2698/2698/2698 2695/2695/2695
f 2698/2698/2698 2699/2699/2699 2695/2695/2695
f 2700/2700/2700 2694/2694/2694 2692/2692/2692
f 2700/2700/2700 2692/2692/2692 2696/2696/2696
f 2700/2700/2700 2698/2698/2698 2694/2694/2694
f 2701/2701/2701 2700/2700/2700 2696/2696/2696
f 2700/2700/2700 2701/2701/2701 2698/2698/2698
f 2702/2702/2702 2696/2696/2696 2697/2697/2697
f 2701/2701/2701 2696/2696/2696 2702/2702/2702
f 2698/2698/2698 2703/2703/2703 2699/2699/2699
f 2701/2701/2701 2703/2703/2703 2698/2698/2698
f 2702/2702/2702 2697/2697/2697 2704/2704/2704
f 2697/2697/2697 2705/2705/2705 2704/2704/2704
f 2706/2706/2706 2704/2704/2704 2705/2705/2705
f 2701/2701/2701 2702/2702/2702 2707/2707/2707
f 2707/2707/2707 2703/2703/2703 2701/2701/2701
f 2707/2707/2707 2702/2702/2702 2704/2704/2704
f 2703/2703/2703 2708/2708/2708 2699/2699/2699
f 2708/2708/2708 2703/2703/2703 2707/2707/2707
f 2699/2699/2699 2708/2708/2708 2709/2709/2709
f 2706/2706/2706 2710/2710/2710 2704/2704/2704
f 2711/2711/2711 2710/2710/2710 2706/2706/2706
f 2712/2712/2712 2707/2707/2707 2704/2704/2704
f 2708/2708/2708 2707/2707/2707 2712/2712/2712
f 2712/2712/2712 2704/2704/2704 2710/2710/2710
f 2708/2708/2708 2713/2713/2713 2709/2709/2709
f 2712/2712/2712 2713/2713/2713 2708/2708/2708
f 2714/2714/2714 2709/2709/2709 2713/2713/2713
f 2711/2711/2711 2715/2715/2715 2710/2710/2710
f 2711/2711/2711 2716/2716/2716 2715/2715/2715
f 2712/2712/2712 2710/2710/2710 2717/2717/2717
f 2713/2713/2713 2712/2712/2712 2717/2717/2717
f 2710/2710/2710 2715/2715/2715 2717/2717/2717
f 2714/2714/2714 2713/2713/2713 2718/2718/2718
f 2718/2718/2718 2713/2713/2713 2717/2717/2717
f 2716/2716/2716 2719/2719/2719 2715/2715/2715
f 2720/2720/2720 2719/2719/2719 2716/2716/2716
f 2715/2715/2715 2721/2721/2721 2717/2717/2717
f 2717/2717/2717 2721/2721/2721 2718/2718/2718
f 2715/2715/2715 2719/2719/2719 2721/2721/2721
f 2714/2714/2714 2718/2718/2718 2722/2722/2722
f 2721/2721/2721 2722/2722/2722 2718/2718/2718
f 2714/2714/2714 2722/2722/2722 2723/2723/2723
f 2724/2724/2724 2723/2723/2723 2722/2722/2722
f 2719/2719/2719 2725/2725/2725 2721/2721/2721
f 2722/2722/2722 2721/2721/2721 2725/2725/2725
f 2724/2724/2724 2722/2722/2722 2726/2726/2726
f 2722/2722/2722 2725/2725/2725 2726/2726/2726
f 2727/2727/2727 2724/2724/2724 2726/2726/2726
f 2720/2720/2720 2728/2728/2728 2719/2719/2719
f 2719/2719/2719 2728/2728/2728 2725/2725/2725
f 2725/2725/2725 2729/2729/2729 2726/2726/2726
f 2728/2728/2728 2729/2729/2729 2725/2725/2725
f 2730/2730/2730 2729/2729/2729 2728/2728/2728
f 2731/2731/2731 2728/2728/2728 2720/2720/2720
f 2731/2731/2731 2730/2730/2730 2728/2728/2728
f 2691/2691/2691 2731/2731/2731 2720/2720/2720
f 2689/2689/2689 2731/2731/2731 2691/2691/2691
f 2731/2731/2731 2689/2689/2689 2730/2730/2730
f 2729/2729/2729 2732/2732/2732 2726/2726/2726
f 2726/2726/2726 2732/2732/2732 2727/2727/2727
f 2730/2730/2730 2732/2732/2732 2729/2729/2729
f 2732/2732/2732 2733/2733/2733 2727/2727/2727
f 2732/2732/2732 2730/2730/2730 2733/2733/2733
f 2733/2733/2733 2734/2734/2734 2727/2727/2727
f 2734/2734/2734 2733/2733/2733 2668/2668/2668
f 2733/2733/2733 2735/2735/2735 2668/2668/2668
f 2733/2733/2733 2730/2730/2730 2735/2735/2735
f 2668/2668/2668 2735/2735/2735 2667/2667/2667
f 2689/2689/2689 2736/2736/2736 2730/2730/2730
f 2736/2736/2736 2689/2689/2689 2667/2667/2667
f 2735/2735/2735 2736/2736/2736 2667/2667/2667
f 2730/2730/2730 2736/2736/2736 2735/2735/2735
f 2739/2739/2739 2738/2738/2738 2737/2737/2737
f 2740/2740/2740 2739/2739/2739 2737/2737/2737
f 2739/2739/2739 2741/2741/2741 2738/2738/2738
f 2741/2741/2741 2742/2742/2742 2738/2738/2738
f 2741/2741/2741 2743/2743/2743 2742/2742/2742
f 2743/2743/2743 2744/2744/2744 2742/2742/2742
f 2743/2743/2743 2745/2745/2745 2744/2744/2744
f 2741/2741/2741 2739/2739/2739 2746/2746/2746
f 2741/2741/2741 2746/2746/2746 2743/2743/2743
f 2740/2740/2740 2747/2747/2747 2739/2739/2739
f 2739/2739/2739 2747/2747/2747 2746/2746/2746
f 2745/2745/2745 2743/2743/2743 2748/2748/2748
f 2749/2749/2749 2745/2745/2745 2748/2748/2748
f 2749/2749/2749 2748/2748/2748 2750/2750/2750
f 2740/2740/2740 2751/2751/2751 2747/2747/2747
f 2740/2740/2740 2752/2752/2752 2751/2751/2751
f 2751/2751/2751 2753/2753/2753 2747/2747/2747
f 2753/2753/2753 2746/2746/2746 2747/2747/2747
f 2753/2753/2753 2754/2754/2754 2746/2746/2746
f 2746/2746/2746 2754/2754/2754 2755/2755/2755
f 2746/2746/2746 2755/2755/2755 2743/2743/2743
f 2743/2743/2743 2755/2755/2755 2748/2748/2748
f 2752/2752/2752 2756/2756/2756 2751/2751/2751
f 2751/2751/2751 2756/2756/2756 2753/2753/2753
f 2752/2752/2752 2757/2757/2757 2756/2756/2756
f 2758/2758/2758 2750/2750/2750 2748/2748/2748
f 2758/2758/2758 2759/2759/2759 2750/2750/2750
f 2758/2758/2758 2760/2760/2760 2759/2759/2759
f 2755/2755/2755 2761/2761/2761 2748/2748/2748
f 2761/2761/2761 2758/2758/2758 2748/2748/2748
f 2761/2761/2761 2755/2755/2755 2754/2754/2754
f 2761/2761/2761 2754/2754/2754 2762/2762/2762
f 2761/2761/2761 2763/2763/2763 2758/2758/2758
f 2758/2758/2758 2763/2763/2763 2760/2760/2760
f 2761/2761/2761 2762/2762/2762 2763/2763/2763
f 2763/2763/2763 2764/2764/2764 2760/2760/2760
f 2762/2762/2762 2764/2764/2764 2763/2763/2763
f 2764/2764/2764 2765/2765/2765 2760/2760/2760
f 2765/2765/2765 2764/2764/2764 2766/2766/2766
f 2756/2756/2756 2757/2757/2757 2767/2767/2767
f 2757/2757/2757 2768/2768/2768 2767/2767/2767
f 2769/2769/2769 2767/2767/2767 2768/2768/2768
f 2764/2764/2764 2770/2770/2770 2766/2766/2766
f 2770/2770/2770 2764/2764/2764 2762/2762/2762
f 2766/2766/2766 2770/2770/2770 2771/2771/2771
f 2770/2770/2770 2762/2762/2762 2771/2771/2771
f 2766/2766/2766 2771/2771/2771 2772/2772/2772
f 2772/2772/2772 2771/2771/2771 2773/2773/2773
f 2771/2771/2771 2774/2774/2774 2773/2773/2773
f 2771/2771/2771 2762/2762/2762 2774/2774/2774
f 2775/2775/2775 2773/2773/2773 2774/2774/2774
f 2762/2762/2762 2776/2776/2776 2774/2774/2774
f 2762/2762/2762 2754/2754/2754 2776/2776/2776
f 2776/2776/2776 2754/2754/2754 2777/2777/2777
f 2778/2778/2778 2775/2775/2775 2774/2774/2774
f 2778/2778/2778 2774/2774/2774 2776/2776/2776
f 2775/2775/2775 2778/2778/2778 2779/2779/2779
f 2778/2778/2778 2776/2776/2776 2779/2779/2779
f 2775/2775/2775 2779/2779/2779 2780/2780/2780
f 2781/2781/2781 2780/2780/2780 2779/2779/2779
f 2781/2781/2781 2779/2779/2779 2782/2782/2782
f 2779/2779/2779 2776/2776/2776 2783/2783/2783
f 2779/2779/2779 2783/2783/2783 2782/2782/2782
f 2776/2776/2776 2777/2777/2777 2783/2783/2783
f 2782/2782/2782 2783/2783/2783 2784/2784/2784
f 2783/2783/2783 2785/2785/2785 2784/2784/2784
f 2785/2785/2785 2783/2783/2783 2777/2777/2777
f 2784/2784/2784 2785/2785/2785 2786/2786/2786
f 2785/2785/2785 2777/2777/2777 2786/2786/2786
f 2784/2784/2784 2786/2786/2786 2787/2787/2787
f 2787/2787/2787 2786/2786/2786 2788/2788/2788
f 2788/2788/2788 2786/2786/2786 2777/2777/2777
f 2787/2787/2787 2788/2788/2788 2789/2789/2789
f 2790/2790/2790 2789/2789/2789 2788/2788/2788
f 2788/2788/2788 2777/2777/2777 2791/2791/2791
f 2790/2790/2790 2788/2788/2788 2791/2791/2791
f 2777/2777/2777 2792/2792/2792 2791/2791/2791
f 2777/2777/2777 2754/2754/2754 2792/2792/2792
f 2790/2790/2790 2791/2791/2791 2793/2793/2793
f 2793/2793/2793 2791/2791/2791 2792/2792/2792
f 2790/2790/2790 2793/2793/2793 2794/2794/2794
f 2794/2794/2794 2793/2793/2793 2769/2769/2769
f 2793/2793/2793 2795/2795/2795 2769/2769/2769
f 2793/2793/2793 2792/2792/2792 2795/2795/2795
f 2769/2769/2769 2795/2795/2795 2767/2767/2767
f 2795/2795/2795 2792/2792/2792 2767/2767/2767
f 2792/2792/2792 2754/2754/2754 2796/2796/2796
f 2792/2792/2792 2796/2796/2796 2767/2767/2767
f 2796/2796/2796 2754/2754/2754 2753/2753/2753
f 2756/2756/2756 2767/2767/2767 2796/2796/2796
f 2756/2756/2756 2796/2796/2796 2753/2753/2753
f 2799/2799/2799 2798/2798/2798 2797/2797/2797
f 2799/2799/2799 2797/2797/2797 2800/2800/2800
f 2797/2797/2797 2798/2798/2798 2801/2801/2801
f 2802/2802/2802 2800/2800/2800 2797/2797/2797
f 2803/2803/2803 2797/2797/2797 2801/2801/2801
f 2797/2797/2797 2803/2803/2803 2804/2804/2804
f 2797/2797/2797 2804/2804/2804 2805/2805/2805
f 2802/2802/2802 2797/2797/2797 2806/2806/2806
f 2797/2797/2797 2807/2807/2807 2806/2806/2806
f 2797/2797/2797 2805/2805/2805 2808/2808/2808
f 2807/2807/2807 2797/2797/2797 2808/2808/2808
f 2806/2806/2806 2807/2807/2807 2809/2809/2809
f 2807/2807/2807 2808/2808/2808 2810/2810/2810
f 2807/2807/2807 2811/2811/2811 2809/2809/2809
f 2807/2807/2807 2810/2810/2810 2812/2812/2812
f 2813/2813/2813 2811/2811/2811 2807/2807/2807
f 2813/2813/2813 2807/2807/2807 2812/2812/2812
f 2816/2816/2816 2815/2815/2815 2814/2814/2814
f 2815/2815/2815 2817/2817/2817 2814/2814/2814
f 2815/2815/2815 2816/2816/2816 2818/2818/2818
f 2817/2817/2817 2815/2815/2815 2819/2819/2819
f 2815/2815/2815 2818/2818/2818 2820/2820/2820
f 2819/2819/2819 2815/2815/2815 2821/2821/2821
f 2815/2815/2815 2820/2820/2820 2822/2822/2822
f 2821/2821/2821 2815/2815/2815 2823/2823/2823
f 2823/2823/2823 2815/2815/2815 2824/2824/2824
f 2815/2815/2815 2822/2822/2822 2825/2825/2825
f 2824/2824/2824 2815/2815/2815 2825/2825/2825
f 2826/2826/2826 2823/2823/2823 2824/2824/2824
f 2824/2824/2824 2825/2825/2825 2827/2827/2827
f 2826/2826/2826 2824/2824/2824 2828/2828/2828
f 2829/2829/2829 2824/2824/2824 2827/2827/2827
f 2824/2824/2824 2830/2830/2830 2828/2828/2828
f 2824/2824/2824 2829/2829/2829 2830/2830/2830
f 2833/2833/2833 2832/2832/2832 2831/2831/2831
f 2832/2832/2832 2834/2834/2834 2831/2831/2831
f 2832/2832/2832 2833/2833/2833 2835/2835/2835
f 2833/2833/2833 2836/2836/2836 2835/2835/2835
f 2835/2835/2835 2836/2836/2836 2837/2837/2837
f 2835/2835/2835 2837/2837/2837 2838/2838/2838
f 2832/2832/2832 2835/2835/2835 2839/2839/2839
f 2835/2835/2835 2838/2838/2838 2839/2839/2839
f 2832/2832/2832 2840/2840/2840 2834/2834/2834
f 2840/2840/2840 2832/2832/2832 2839/2839/2839
f 2841/2841/2841 2839/2839/2839 2838/2838/2838
f 2840/2840/2840 2839/2839/2839 2841/2841/2841
f 2841/2841/2841 2838/2838/2838 2842/2842/2842
f 2840/2840/2840 2843/2843/2843 2834/2834/2834
f 2843/2843/2843 2840/2840/2840 2841/2841/2841
f 2843/2843/2843 2844/2844/2844 2834/2834/2834
f 2845/2845/2845 2841/2841/2841 2842/2842/2842
f 2843/2843/2843 2841/2841/2841 2845/2845/2845
f 2845/2845/2845 2842/2842/2842 2846/2846/2846
f 2843/2843/2843 2847/2847/2847 2844/2844/2844
f 2847/2847/2847 2843/2843/2843 2845/2845/2845
f 2848/2848/2848 2845/2845/2845 2846/2846/2846
f 2847/2847/2847 2845/2845/2845 2848/2848/2848
f 2848/2848/2848 2846/2846/2846 2849/2849/2849
f 2844/2844/2844 2847/2847/2847 2850/2850/2850
f 2850/2850/2850 2847/2847/2847 2848/2848/2848
f 2851/2851/2851 2844/2844/2844 2850/2850/2850
f 2852/2852/2852 2851/2851/2851 2850/2850/2850
f 2853/2853/2853 2848/2848/2848 2849/2849/2849
f 2850/2850/2850 2848/2848/2848 2853/2853/2853
f 2853/2853/2853 2849/2849/2849 2854/2854/2854
f 2855/2855/2855 2852/2852/2852 2850/2850/2850
f 2855/2855/2855 2850/2850/2850 2853/2853/2853
f 2856/2856/2856 2853/2853/2853 2854/2854/2854
f 2855/2855/2855 2853/2853/2853 2856/2856/2856
f 2854/2854/2854 2857/2857/2857 2856/2856/2856
f 2855/2855/2855 2858/2858/2858 2852/2852/2852
f 2858/2858/2858 2855/2855/2855 2856/2856/2856
f 2858/2858/2858 2856/2856/2856 2857/2857/2857
f 2858/2858/2858 2859/2859/2859 2852/2852/2852
f 2860/2860/2860 2858/2858/2858 2857/2857/2857
f 2858/2858/2858 2860/2860/2860 2859/2859/2859
f 2863/2863/2863 2862/2862/2862 2861/2861/2861
f 2862/2862/2862 2864/2864/2864 2861/2861/2861
f 2861/2861/2861 2864/2864/2864 2865/2865/2865
f 2864/2864/2864 2866/2866/2866 2865/2865/2865
f 2865/2865/2865 2866/2866/2866 2867/2867/2867
f 2868/2868/2868 2865/2865/2865 2867/2867/2867
f 2863/2863/2863 2861/2861/2861 2869/2869/2869
f 2861/2861/2861 2865/2865/2865 2869/2869/2869
f 2868/2868/2868 2870/2870/2870 2865/2865/2865
f 2865/2865/2865 2870/2870/2870 2869/2869/2869
f 2871/2871/2871 2870/2870/2870 2868/2868/2868
f 2869/2869/2869 2870/2870/2870 2871/2871/2871
f 2872/2872/2872 2871/2871/2871 2868/2868/2868
f 2863/2863/2863 2869/2869/2869 2873/2873/2873
f 2873/2873/2873 2869/2869/2869 2871/2871/2871
f 2863/2863/2863 2873/2873/2873 2874/2874/2874
f 2873/2873/2873 2875/2875/2875 2874/2874/2874
f 2873/2873/2873 2871/2871/2871 2875/2875/2875
f 2874/2874/2874 2875/2875/2875 2876/2876/2876
f 2872/2872/2872 2877/2877/2877 2871/2871/2871
f 2871/2871/2871 2877/2877/2877 2875/2875/2875
f 2875/2875/2875 2878/2878/2878 2876/2876/2876
f 2875/2875/2875 2877/2877/2877 2878/2878/2878
f 2876/2876/2876 2878/2878/2878 2879/2879/2879
f 2877/2877/2877 2872/2872/2872 2880/2880/2880
f 2877/2877/2877 2880/2880/2880 2878/2878/2878
f 2872/2872/2872 2881/2881/2881 2880/2880/2880
f 2881/2881/2881 2882/2882/2882 2880/2880/2880
f 2878/2878/2878 2883/2883/2883 2879/2879/2879
f 2878/2878/2878 2880/2880/2880 2883/2883/2883
f 2879/2879/2879 2883/2883/2883 2884/2884/2884
f 2882/2882/2882 2885/2885/2885 2880/2880/2880
f 2880/2880/2880 2885/2885/2885 2883/2883/2883
f 2883/2883/2883 2886/2886/2886 2884/2884/2884
f 2883/2883/2883 2885/2885/2885 2886/2886/2886
f 2887/2887/2887 2884/2884/2884 2886/2886/2886
f 2888/2888/2888 2885/2885/2885 2882/2882/2882
f 2885/2885/2885 2888/2888/2888 2886/2886/2886
f 2886/2886/2886 2888/2888/2888 2887/2887/2887
f 2889/2889/2889 2888/2888/2888 2882/2882/2882
f 2888/2888/2888 2890/2890/2890 2887/2887/2887
f 2890/2890/2890 2888/2888/2888 2889/2889/2889
f 2893/2893/2893 2892/2892/2892 2891/2891/2891
f 2894/2894/2894 2893/2893/2893 2891/2891/2891
f 2895/2895/2895 2892/2892/2892 2893/2893/2893
f 2894/2894/2894 2896/2896/2896 2893/2893/2893
f 2897/2897/2897 2895/2895/2895 2893/2893/2893
f 2896/2896/2896 2898/2898/2898 2893/2893/2893
f 2897/2897/2897 2893/2893/2893 2898/2898/2898
f 2896/2896/2896 2899/2899/2899 2898/2898/2898
f 2900/2900/2900 2897/2897/2897 2898/2898/2898
f 2899/2899/2899 2901/2901/2901 2898/2898/2898
f 2900/2900/2900 2898/2898/2898 2901/2901/2901
f 2899/2899/2899 2902/2902/2902 2901/2901/2901
f 2903/2903/2903 2900/2900/2900 2901/2901/2901
f 2903/2903/2903 2901/2901/2901 2902/2902/2902
f 2906/2906/2906 2905/2905/2905 2904/2904/2904
f 2907/2907/2907 2906/2906/2906 2904/2904/2904
f 2907/2907/2907 2908/2908/2908 2906/2906/2906
f 2909/2909/2909 2905/2905/2905 2906/2906/2906
f 2908/2908/2908 2910/2910/2910 2906/2906/2906
f 2911/2911/2911 2909/2909/2909 2906/2906/2906
f 2906/2906/2906 2910/2910/2910 2911/2911/2911
f 2912/2912/2912 2909/2909/2909 2911/2911/2911
f 2910/2910/2910 2913/2913/2913 2911/2911/2911
f 2914/2914/2914 2912/2912/2912 2911/2911/2911
f 2911/2911/2911 2913/2913/2913 2914/2914/2914
f 2915/2915/2915 2912/2912/2912 2914/2914/2914
f 2913/2913/2913 2916/2916/2916 2914/2914/2914
f 2914/2914/2914 2916/2916/2916 2915/2915/2915
f 2919/2919/2919 2918/2918/2918 2917/2917/2917
f 2920/2920/2920 2919/2919/2919 2917/2917/2917
f 2919/2919/2919 2921/2921/2921 2918/2918/2918
f 2919/2919/2919 2920/2920/2920 2922/2922/2922
f 2923/2923/2923 2921/2921/2921 2919/2919/2919
f 2923/2923/2923 2919/2919/2919 2922/2922/2922
f 2926/2926/2926 2925/2925/2925 2924/2924/2924
f 2925/2925/2925 2927/2927/2927 2924/2924/2924
f 2928/2928/2928 2925/2925/2925 2926/2926/2926
f 2927/2927/2927 2925/2925/2925 2929/2929/2929
f 2928/2928/2928 2930/2930/2930 2925/2925/2925
f 2925/2925/2925 2930/2930/2930 2929/2929/2929
