g Cos
v 0.080274038 1.15446365 -0.0605654307
v 0.0818588734 1.12818873 -0.057451047
v 0.0969730243 1.15911639 -0.055751767
v -0.0535329245 0.961366713 -0.0427808128
v -0.0540250577 0.961203694 -0.041143164
v -0.0151018519 0.960653007 -0.0490678363
v 0.011979619 1.13679302 0.106524162
v -3.64016273E-07 1.13095284 0.110087924
v 0.0112475473 1.1367116 0.104078807
v 0.020607993 1.14013231 0.10104949
v 0.0211899746 1.14008784 0.103947043
v 0.0397546366 1.14532733 0.096478574
v 0.0387667045 1.14509094 0.0949482694
v 0.0579605661 1.15399873 0.0847973973
v 0.0595861524 1.15429819 0.0852039307
v 0.0701358467 1.15996301 0.0776272118
v 0.068222627 1.15939724 0.0760568231
v 0.0791652501 1.174124 0.0633273572
v -0.011980325 1.13679147 0.106524162
v -0.0112475874 1.13670993 0.10408175
v -3.64016273E-07 1.13095284 0.110087924
v -0.0206087045 1.14013314 0.101065576
v -0.0211906843 1.14008892 0.103967004
v -0.0397546366 1.14532733 0.096478574
v -0.0387674198 1.14509737 0.0949528962
v -0.0579605661 1.15399873 0.0847973973
v -0.0595861524 1.15429819 0.0852039307
v -0.0701358467 1.15996301 0.0776272118
v -0.068222627 1.15939724 0.0760568231
v -0.079165943 1.17412496 0.0633250624
v 0.0791151524 1.1808306 -0.0585540384
v 0.066846244 1.15716469 -0.061144907
v 0.0406551845 1.1830703 -0.0607703067
v -2.39239989E-06 1.15772843 -0.0655653328
v -4.85185225E-10 1.18289411 -0.0612455942
v -0.0406551845 1.1830703 -0.0607703067
v -0.0668428764 1.15716469 -0.0611449219
v -0.0791151524 1.1808306 -0.0585540459
v -0.0528318547 1.13524485 -0.063702859
v 3.19671335E-06 1.13433611 -0.0663872585
v 0.052834373 1.13524485 -0.0637028664
v -0.0311318245 1.11240983 -0.0650323108
v -3.53300265E-07 1.11208832 -0.0675442666
v 0.0311304666 1.11240983 -0.0650323555
v -0.0198394861 1.10027587 -0.0654135421
v -3.47286175E-07 1.10049713 -0.0682040453
v 0.0198387858 1.10027587 -0.0654135197
v -3.44279073E-07 1.07936537 -0.0662363097
v -0.0171023645 1.10414934 0.112568483
v -0.000863394991 1.11743414 0.110998988
v -0.00945126079 1.11671054 0.112189144
v -0.007631897 1.09578454 0.116943404
v -0.033083614 1.0865593 0.111462407
v -0.021731047 1.05287862 0.126336157
v -0.0380393676 1.06698763 0.111899272
v -0.0389278047 1.04785812 0.114125662
v 0.00959268771 1.10125411 0.11677625
v 0.0050402265 1.11765802 0.113095917
v 0.017042581 1.08321595 0.121569633
v 0.0141966073 1.06330407 0.12568967
v 0.00229978119 1.04062378 0.128571853
v -0.0123729594 1.00719857 0.129583642
v -0.0320509486 0.989797413 0.127771601
v -0.0370901003 1.00888753 0.118619747
v -0.0233951733 0.972921073 0.126848117
v -0.0322813988 0.972266436 0.121579006
v -0.0293674897 0.946283877 0.123687096
v -0.0114098806 1.09883332 0.109009922
v 0.00101986411 1.11526728 0.108681336
v -0.00739144906 1.11656404 0.10975562
v 0.00225957879 1.09846461 0.110965028
v -0.0147935916 1.07980168 0.108673282
v 0.0117226001 1.04654491 0.111828431
v -0.0138709163 1.06099331 0.107872233
v -0.00206174492 1.03248775 0.10888163
v 0.0240387525 1.09870899 0.110507131
v 0.0096559776 1.11654735 0.111291341
v 0.0372505039 1.08084309 0.10858161
v 0.0400919132 1.05824316 0.105399013
v 0.0381573848 1.03711748 0.105856389
v 0.0311128963 1.00474191 0.109602734
v 0.0209968053 0.983157277 0.111944333
v 0.0100387204 1.00061083 0.110430218
v 0.0273519754 0.979605913 0.110642575
v 0.017380327 0.977043808 0.11136768
v 0.0230500568 0.956486106 0.110348672
v -0.0791151524 1.1808306 -0.0585540459
v -0.0398888662 1.15767694 -0.0627638102
v -0.0406551845 1.1830703 -0.0607703067
v -0.0802740455 1.15446353 -0.0605654269
v -0.0969730243 1.15911639 -0.055751767
v -0.0959745273 1.17905879 -0.055508364
v -0.0818588734 1.12818873 -0.057451047
v -0.0415427536 1.12999153 -0.062338829
v -0.0812208056 1.09746981 -0.0513944887
v -0.0422976539 1.09815657 -0.0600117519
v -0.099072136 1.13731945 -0.0504470319
v -0.105273686 1.16546512 -0.0517249703
v -0.111136876 1.17912483 -0.0498284288
v -0.107922599 1.14198494 -0.0426822938
v -0.0790297687 1.07113588 -0.0433890708
v -0.0422027856 1.07148159 -0.0556118935
v -0.0414481983 1.04301345 -0.0484708473
v -0.102968633 1.11390007 -0.0362171344
v -0.110376924 1.20111108 -0.0439382009
v -0.102198683 1.20445991 -0.0464157388
v -0.0762204602 1.04328299 -0.0336953625
v -0.041441381 1.01688933 -0.0421968587
v -0.0996963009 1.09263194 -0.0289943013
v -0.109822087 1.21665454 -0.0330076702
v -0.102857336 1.21830475 -0.0341102444
v -0.0966732129 1.07126415 -0.0198269058
v -0.109407544 1.22322595 -0.0163846817
v -0.10099712 1.22412574 -0.0173778143
v -0.10909953 1.22187853 0.00292940158
v -0.0985165834 1.22199845 0.00154480874
v -0.111666836 1.21546006 -0.032550361
v -0.111747831 1.20036471 -0.0419059731
v -0.111579381 1.2215755 -0.0153745217
v -0.110823736 1.22020936 0.00312571973
v -0.112412706 1.17894411 -0.0476483181
v -0.109408937 1.2098515 0.0167901404
v -0.113035046 1.15277326 -0.0416505933
v -0.107684493 1.21166992 0.0191161595
v -0.106788509 1.19272995 0.025995085
v -0.111826658 1.15242648 -0.0430383496
v -0.0998084992 1.21234131 0.0189285446
v -0.0950727835 1.21246827 0.01868858
v -0.105064549 1.19328392 0.0293387361
v -0.104100376 1.17064035 0.0322521292
v -0.106657714 1.13796508 -0.0115476372
v -0.107246913 1.13974571 -0.0114922058
v -0.105850138 1.12910104 -0.0112223681
v -0.0989205986 1.19220722 0.0313058458
v -0.102629423 1.17087162 0.033432968
v -0.10230808 1.15303576 0.0259686746
v -0.101081483 1.15225112 0.0274869166
v -0.0983103886 1.150123 0.0338845775
v -0.0962315425 1.16662323 0.0410258584
v -0.0936290696 1.14489079 0.0457215831
v -0.089212127 1.18896616 0.0354639776
v -0.0850444585 1.18818331 0.03779779
v -0.0722205341 1.16719508 0.0589373522
v -0.0875271484 1.15920663 0.0558630042
v -0.0870572329 1.1369487 0.0616693571
v -0.0748308003 1.1457423 0.0798269287
v -0.0825985521 1.12879777 0.0770436376
v -0.0797945037 1.16555452 0.0592265725
v -0.0520341843 1.14351618 0.0886770263
v -0.0729547366 1.1350379 0.0880550146
v -0.077397801 1.12055039 0.0893979073
v -0.0639900193 1.1381768 0.091179274
v -0.0469773374 1.12898004 0.102966823
v -0.0338067226 1.13962686 0.0965784416
v -0.0715535283 1.12706077 0.0935827419
v -0.0300495978 1.1284523 0.104136243
v -0.0189181641 1.13713241 0.0993109271
v -0.0165433232 1.12722743 0.10430108
v -0.0121893818 1.13639271 0.0989748091
v -0.0708228126 1.1194979 0.0971017182
v -0.0722414553 1.11049688 0.0971325934
v -0.0623241514 1.12968898 0.0983471721
v -0.0610424317 1.12155163 0.102603383
v -0.0599345565 1.11274254 0.10494227
v -0.0685518906 1.09681726 0.0991202146
v -0.0271930974 1.11406898 0.108535372
v -2.95930214E-09 1.11286831 0.108487062
v -2.95929881E-09 1.12677515 0.104822725
v -2.9591436E-09 1.13345361 0.097454749
v 0.0121890241 1.13642132 0.0989748091
v -0.0441064425 1.11384821 0.108371101
v 0.0165433176 1.12725985 0.104271665
v 0.0189178102 1.1371454 0.0993109271
v -0.0584996119 1.09784853 0.10488379
v -0.0260960478 1.09881699 0.108538203
v 0.0300495978 1.1284523 0.104136243
v 0.0338063687 1.13962352 0.0965801254
v 0.0469773374 1.12898004 0.102966823
v 0.0520341843 1.14351618 0.0886770263
v 0.0272394456 1.11400211 0.10845948
v -0.0571670942 1.07956636 0.100848615
v -0.0659325123 1.07857811 0.0948610008
v -0.0428530201 1.09873521 0.108165748
v -0.056373015 1.05959213 0.0925999358
v -0.0637222156 1.0590986 0.0879784971
v -0.0617691651 1.0405885 0.0806752965
v -0.0421439633 1.08097661 0.104286551
v -0.0417246558 1.05993867 0.0971278548
v -0.0243551414 1.06063998 0.0998957604
v -0.0260703079 1.08181596 0.105985947
v -0.0408457704 1.0404861 0.0895907655
v -0.0574562252 0.997658849 0.0720375106
v -2.95930591E-09 1.0800761 0.105976701
v -2.95930236E-09 1.09822404 0.108928449
v 0.0260960404 1.09885526 0.108440645
v 0.044106435 1.11385036 0.108389169
v -0.0382004641 0.992665589 0.0781462118
v -0.0359626524 0.977599919 0.0753312409
v -0.0566220097 0.98825717 0.0685386881
v -0.0561122112 0.981244385 0.0712516829
v -0.0226399768 1.0408076 0.0937399045
v -0.0395966098 0.973519564 0.0725997612
v -0.0532151796 0.975968301 0.0666429102
v -0.0532441288 0.974771321 0.0677288696
v -0.0173144769 0.956089914 0.0766203925
v -0.042104356 0.947529137 0.0724044442
v -0.0165329482 0.963151813 0.0811858699
v 1.42726485E-05 0.952267885 0.0835267082
v -2.960441E-09 1.0408802 0.0957988277
v -0.0165800527 0.99160111 0.0827734098
v -0.0164642502 0.979848564 0.0876544341
v -2.95937386E-09 1.05986977 0.100761309
v 0.0260703005 1.08184779 0.105818152
v 0.00187837298 0.991351843 0.0832596943
v 0.024355134 1.0606643 0.0996452048
v 0.0428530164 1.09883523 0.108204208
v 0.0226399694 1.04081643 0.0934704468
v 0.0421439558 1.0810231 0.10430681
v 0.0417246483 1.05996025 0.0970742106
v 0.0571670868 1.07962155 0.100840479
v 0.0584996007 1.09785461 0.104903489
v 0.059934549 1.11273372 0.104963198
v 0.0685518831 1.09681404 0.0991370678
v 0.0659325048 1.07858789 0.094847098
v 0.0722414553 1.11038744 0.0971486196
v 0.0563730039 1.05961168 0.092494607
v 0.0637222007 1.05911338 0.0874489173
v 0.0617691614 1.0405885 0.0806752741
v 0.0408457592 1.04049325 0.0894768685
v 0.0567763373 1.00373507 0.0697464943
v 0.0387275293 0.995657861 0.0758855417
v 0.0545367748 0.987321675 0.0666554347
v 0.0610424206 1.12152636 0.102604933
v 0.0186466184 0.992677808 0.0816871747
v 0.0179678239 0.979811609 0.0847116262
v 0.0401062518 0.982723892 0.0775182024
v 0.0393942855 0.973519564 0.0725169629
v 0.0542312264 0.978961945 0.0679568201
v 0.0524401814 0.975788713 0.0670774356
v 0.0520796962 0.974687696 0.0679806694
v 0.0708228052 1.11940575 0.0971178859
v 0.0773977935 1.12050104 0.0894077793
v 0.0715535209 1.12699497 0.0935886204
v 0.00186188158 0.978962541 0.088197574
v 0.0172740053 0.972179592 0.0802729502
v 0.00195353199 0.971724927 0.0821354911
v 0.0623241402 1.12952995 0.0983474553
v 0.0639900193 1.1381768 0.091179274
v 0.0748308003 1.1457423 0.0798269287
v 0.0722201839 1.16719306 0.0589373522
v 0.0729547366 1.1349858 0.0880505368
v 0.0825985521 1.12875628 0.0770500153
v 0.0870572329 1.13693583 0.0616615266
v 0.0875271484 1.15920591 0.0558630042
v 0.0936290696 1.14488292 0.0457169861
v 0.0797945037 1.1655519 0.0592265725
v 0.089212127 1.18896616 0.0354639776
v 0.0850441083 1.18818331 0.03779779
v 0.0950724259 1.21246827 0.0186885763
v 0.0962315425 1.16662323 0.0410258584
v 0.098309733 1.15012133 0.0338845775
v 0.098919943 1.19220722 0.0313058458
v 0.10262876 1.17087162 0.033432968
v 0.101080827 1.15225112 0.0274869166
v 0.102307431 1.15303469 0.0259686746
v 0.104099728 1.17064035 0.0322521292
v 0.1050639 1.19328392 0.029338209
v 0.106787853 1.19272995 0.025995085
v 0.099807851 1.21234131 0.0189285446
v 0.0985171571 1.22199845 0.00154477381
v 0.107683837 1.21167076 0.0191161595
v 0.109408289 1.2098515 0.0167901404
v 0.10909953 1.22188008 0.00292940158
v 0.100996763 1.22412574 -0.0173778143
v 0.110823937 1.22020936 0.00312572089
v 0.109407544 1.22322595 -0.0163846835
v 0.102856994 1.21830475 -0.0341102444
v 0.111578688 1.2215755 -0.0153745245
v 0.109822087 1.21665454 -0.0330076702
v 0.10219834 1.20445991 -0.0464157462
v 0.111666486 1.21546221 -0.032550361
v 0.110376924 1.20111108 -0.0439382009
v 0.111747473 1.20036471 -0.0419059731
v 0.111136876 1.17912483 -0.0498284288
v 0.0959743485 1.17905879 -0.0555083603
v 0.112413034 1.17894411 -0.0476483181
v 0.113034703 1.15277326 -0.0416505896
v 0.105273686 1.16546512 -0.0517249703
v 0.0969730243 1.15911639 -0.055751767
v 0.0791151524 1.1808306 -0.0585540384
v 0.080274038 1.15446365 -0.0605654307
v 0.0398888662 1.15767694 -0.0627638102
v 0.0406551845 1.1830703 -0.0607703067
v -4.85185225E-10 1.18289411 -0.0612455942
v -1.36181377E-13 1.15767348 -0.0642627552
v 0.0818588734 1.12818873 -0.057451047
v 0.0415427536 1.12999153 -0.062338829
v -1.36159299E-13 1.12979722 -0.0662004203
v -1.36029629E-13 1.09704399 -0.0645455122
v 0.099072136 1.13731945 -0.0504470319
v 0.107922599 1.14198494 -0.0426822938
v 0.0422976539 1.09815657 -0.0600117519
v -1.29417066E-13 1.07057095 -0.0602368042
v 0.0812208056 1.09746981 -0.0513944887
v 0.111826658 1.15242648 -0.0430383496
v 0.102968633 1.11390007 -0.0362171344
v 0.106657714 1.13796163 -0.0115476372
v 0.107246682 1.13974571 -0.0114922058
v 0.105850138 1.12910104 -0.0112223681
v 0.103156574 1.14059508 0.0124195088
v 0.103790946 1.14241433 0.0119178491
v 0.101938903 1.12936163 0.0125386268
v 0.0993202925 1.13471663 0.0239024889
v 0.103252038 1.11003625 -0.00795587618
v 0.0987734795 1.11186087 0.0183105636
v 0.0959672928 1.12965453 0.0371521041
v 0.0996963009 1.09263194 -0.0289943013
v 0.0949742198 1.10651577 0.0345385335
v 0.0918836966 1.12524068 0.050199125
v 0.0967718512 1.09682763 0.0234841146
v 0.0933042318 1.07761598 0.0348247029
v 0.0918835551 1.10214496 0.0513354093
v 0.0890930742 1.12054157 0.0643266514
v 0.100693904 1.09236026 -0.00317397946
v 0.086645782 1.09822428 0.0713140219
v 0.0843255892 1.11546004 0.0778110996
v 0.0790297687 1.07113588 -0.0433890708
v 0.09732306 1.0722245 0.00392675353
v 0.0927379429 1.04275072 0.0143569261
v 0.0966732129 1.07126415 -0.0198269058
v 0.0876783133 1.07804334 0.0602023527
v 0.082350187 1.10393846 0.0819133744
v 0.0784451291 1.10882461 0.089668408
v 0.077413097 1.09547079 0.089827314
v 0.0772691444 1.07775843 0.0832318589
v 0.0764018595 1.05933535 0.0758402348
v 0.0870160013 1.06039035 0.0516975708
v 0.074856773 1.04074669 0.0688913688
v 0.0859772936 1.04193032 0.04506341
v 0.071244739 1.01197708 0.0598895103
v 0.0825927109 1.01937997 0.0423360951
v 0.076148726 1.00219643 0.0436889827
v 0.0645422041 0.993226826 0.0584102422
v 0.0879582092 1.02167249 0.0234857723
v 0.0840769857 0.99342078 0.0452159047
v 0.0711699352 0.986830413 0.0596336313
v 0.0835652426 1.00930369 0.0316157788
v 0.0897101685 1.00288701 0.0217821132
v 0.0929301158 1.01606905 0.00670253066
v 0.0813322142 0.981810033 0.0464629307
v 0.0589570813 0.976277351 0.0647526607
v 0.0587496422 0.975301862 0.0657170191
v 0.0774619877 0.976926088 0.045137886
v 0.094039686 0.990470231 0.0163667109
v 0.0854138583 0.979866326 0.019943811
v 0.0925221816 1.04385555 -0.00820763782
v 0.0864872262 1.00711215 -0.00251908647
v 0.0762204602 1.04328299 -0.0336928703
v 0.0903102979 0.996424437 -0.00462040398
v 0.0883116052 0.987177193 -0.00412812782
v 0.0853808746 0.982096016 -0.000587476185
v 0.0767709687 0.995697916 -0.0311507583
v 0.0754914135 0.987148106 -0.0279709958
v 0.0742017776 0.98438853 -0.0250857584
v 0.0521943159 0.986317635 -0.038593594
v 0.0412644669 0.998514056 -0.0486033894
v 0.0190565269 0.986193061 -0.044760175
v 9.45886313E-06 0.985796928 -0.0462859534
v 9.09982828E-06 1.00047874 -0.0547609255
v 0.0414406918 1.01688933 -0.0421965607
v 5.44462409E-06 1.0178889 -0.0492320098
v 0.0724722967 1.01156676 -0.0255297516
v 0.0414481983 1.04301345 -0.0484708473
v -9.28742895E-14 1.04328716 -0.0543765016
v 0.0422027856 1.07148159 -0.0556118935
v -0.0398888662 1.15767694 -0.0627638102
v -4.85185225E-10 1.18289411 -0.0612455942
v -0.0406551845 1.1830703 -0.0607703067
v -1.36181377E-13 1.15767348 -0.0642627552
v -0.0415427536 1.12999153 -0.062338829
v -1.36159299E-13 1.12979722 -0.0662004203
v -0.0422976539 1.09815657 -0.0600117519
v -1.36029629E-13 1.09704399 -0.0645455122
v -0.0422027856 1.07148159 -0.0556118935
v -1.29417066E-13 1.07057095 -0.0602368042
v -0.0414481983 1.04301345 -0.0484708473
v -9.28742895E-14 1.04328716 -0.0543765016
v 5.44462409E-06 1.0178889 -0.0492320098
v -0.041441381 1.01688933 -0.0421968587
v 9.09982828E-06 1.00047874 -0.0547609255
v -0.0412076712 0.998514056 -0.048603382
v 9.45886313E-06 0.985796928 -0.0462859534
v -0.0140530868 0.986193061 -0.0446356684
v -0.101081483 1.15225112 0.0274869166
v -0.103791304 1.14241362 0.0119178491
v -0.10230808 1.15303576 0.0259686746
v -0.103156574 1.14059532 0.0124195088
v -0.0993202925 1.13471675 0.0239024889
v -0.0983103886 1.150123 0.0338845775
v -0.0959672928 1.12965798 0.0371521041
v -0.0936290696 1.14489079 0.0457215831
v -0.0918836966 1.12524891 0.050199125
v -0.0870572329 1.1369487 0.0616693571
v -0.0890930742 1.12055683 0.0643248484
v -0.0843255892 1.11549294 0.0778101832
v -0.0825985521 1.12879777 0.0770436376
v -0.077397801 1.12055039 0.0893979073
v -0.0784451291 1.10885942 0.0896637291
v -0.0722414553 1.11049688 0.0971325934
v -0.077413097 1.09549856 0.0898238942
v -0.0685518906 1.09681726 0.0991202146
v -0.0659325123 1.07857811 0.0948610008
v -0.0772691444 1.07777977 0.0832378939
v -0.0764018744 1.05933535 0.0759692863
v -0.0637222156 1.0590986 0.0879784971
v -0.0617691651 1.0405885 0.0806752965
v -0.0748855397 1.04074669 0.0691095293
v -0.0574562252 0.997658849 0.0720375106
v -0.0711368769 1.00504947 0.0610795431
v -0.0566220097 0.98825717 0.0685386881
v -0.0718289167 0.996001422 0.0645395666
v -0.0561122112 0.981244385 0.0712516829
v -0.0735648647 0.989690602 0.0671469644
v -0.0532151796 0.975968301 0.0666429102
v -0.0664896443 0.978354156 0.0611984432
v -0.0532441288 0.974771321 0.0677288696
v -0.0590300635 0.975301862 0.0657916144
v -0.103156574 1.14059532 0.0124195088
v -0.103791304 1.14241362 0.0119178491
v -0.101938903 1.12936175 0.0125386268
v -0.0993202925 1.13471675 0.0239024889
v -0.0987734795 1.11186111 0.0183105636
v -0.0959672928 1.12965798 0.0371521041
v -0.103252038 1.11003625 -0.00795587618
v -0.0949742198 1.10651922 0.0345385335
v -0.0918836966 1.12524891 0.050199125
v -0.0967718512 1.09682894 0.0234841146
v -0.0933042318 1.07761705 0.0348246992
v -0.0918835551 1.10215282 0.0513294414
v -0.0890930742 1.12055683 0.0643248484
v -0.100693904 1.09236038 -0.00317397946
v -0.09732306 1.0722245 0.0039267526
v -0.0927379429 1.04275072 0.0143639324
v -0.086645782 1.09824848 0.0713106915
v -0.0843255892 1.11549294 0.0778101832
v -0.0876783133 1.0780493 0.0602023602
v -0.0925221816 1.04385555 -0.00820773374
v -0.082350187 1.10396469 0.0819111839
v -0.0784451291 1.10885942 0.0896637291
v -0.077413097 1.09549856 0.0898238942
v -0.0772691444 1.07777977 0.0832378939
v -0.0764018744 1.05933535 0.0759692863
v -0.0870160013 1.06039035 0.0517502725
v -0.0859772936 1.04193044 0.0451933891
v -0.0748855397 1.04074669 0.0691095293
v -0.0711368769 1.00504947 0.0610795431
v -0.0804850534 1.01244247 0.0445338003
v -0.0817708597 1.00045025 0.0491731316
v -0.0718289167 0.996001422 0.0645395666
v -0.0735648647 0.989690602 0.0671469644
v -0.0881366059 1.01596391 0.0261599608
v -0.0865734294 0.994039059 0.0495491438
v -0.0664896443 0.978354156 0.0611984432
v -0.0927626863 1.01368177 0.00775297452
v -0.0973385498 0.997138321 0.0236609094
v -0.0910469517 1.00506258 0.0340369008
v -0.0813846737 0.981810033 0.0465221889
v -0.0590300635 0.975301862 0.0657916144
v -0.0775941163 0.976926088 0.0452279598
v -0.0871322453 1.00711215 -0.00250810315
v -0.0953546911 0.987103581 0.0191534031
v -0.0854145586 0.979866326 0.0199438184
v -0.090324387 0.996424437 -0.0046156235
v -0.0883123055 0.987177193 -0.00412812596
v -0.0853824094 0.982096016 -0.000587473216
v -0.0724729896 1.01156676 -0.0255297385
v -0.0767716616 0.995697916 -0.0311507601
v -0.0412076712 0.998514056 -0.048603382
v -0.0754923671 0.987148106 -0.0279709995
v -0.0742024779 0.98438853 -0.0250857435
v -0.0521342568 0.986317635 -0.0385920852
v -0.0140530868 0.986193061 -0.0446356684
v 0.010490044 1.11318958 0.109176725
v -3.60343563E-07 1.121544 0.107330538
v -3.61168532E-07 1.11313701 0.108699292
v 0.0115670394 1.12144268 0.107670635
v -2.9591436E-09 1.13345361 0.097454749
v 0.013496004 1.11409009 0.111419253
v 0.0121890241 1.13642132 0.0989748091
v 0.0159473028 1.12134993 0.109707288
v 0.0201856736 1.13320017 0.105984502
v 0.0180338621 1.1343087 0.106077351
v 0.00897882786 1.11508822 0.116210699
v -3.61017158E-07 1.11958277 0.113634564
v 0.010490044 1.11318958 0.109176725
v -3.61168532E-07 1.11313701 0.108699292
v -0.0104907509 1.11315691 0.109177113
v -0.0134967109 1.11403084 0.111419253
v 0.010580874 1.12290919 0.114211261
v -3.61003146E-07 1.12337399 0.116886921
v 0.0134905512 1.1363833 0.112290591
v -3.62183272E-07 1.11564231 0.118853077
v -0.00897953566 1.11496699 0.11620567
v 0.0123435156 1.13665998 0.109635472
v -3.64016273E-07 1.13095284 0.110087924
v -3.67280393E-07 1.1377058 0.111514546
v -3.61676712E-07 1.13755691 0.114885986
v -0.0123442309 1.13664591 0.109636828
v -0.0180345681 1.13428044 0.106080055
v -0.0134912571 1.13634109 0.112290591
v -0.0105818594 1.12281322 0.114211261
v -0.020188041 1.13317049 0.105984502
v -0.0121893818 1.13639271 0.0989748091
v -0.0159480106 1.12131059 0.109703138
v -0.0115677463 1.12141216 0.107670635
v -2.9591436E-09 1.13345361 0.097454749
v -0.0104907509 1.11315691 0.109177113
v -3.60343563E-07 1.121544 0.107330538
v -3.61168532E-07 1.11313701 0.108699292
v 0.101080827 1.15225112 0.0274869166
v 0.102307431 1.15303469 0.0259686746
v 0.103790946 1.14241433 0.0119178491
v 0.103156574 1.14059508 0.0124195088
v 0.0993202925 1.13471663 0.0239024889
v 0.098309733 1.15012133 0.0338845775
v 0.0959672928 1.12965453 0.0371521041
v 0.0936290696 1.14488292 0.0457169861
v 0.0918836966 1.12524068 0.050199125
v 0.0870572329 1.13693583 0.0616615266
v 0.0890930742 1.12054157 0.0643266514
v 0.0843255892 1.11546004 0.0778110996
v 0.0825985521 1.12875628 0.0770500153
v 0.0773977935 1.12050104 0.0894077793
v 0.0784451291 1.10882461 0.089668408
v 0.0722414553 1.11038744 0.0971486196
v 0.077413097 1.09547079 0.089827314
v 0.0685518831 1.09681404 0.0991370678
v 0.0659325048 1.07858789 0.094847098
v 0.0772691444 1.07775843 0.0832318589
v 0.0637222007 1.05911338 0.0874489173
v 0.0764018595 1.05933535 0.0758402348
v 0.0617691614 1.0405885 0.0806752741
v 0.074856773 1.04074669 0.0688913688
v 0.0567763373 1.00373507 0.0697464943
v 0.071244739 1.01197708 0.0598895103
v 0.0545367748 0.987321675 0.0666554347
v 0.0645422041 0.993226826 0.0584102422
v 0.0711699352 0.986830413 0.0596336313
v 0.0542312264 0.978961945 0.0679568201
v 0.0524401814 0.975788713 0.0670774356
v 0.0589570813 0.976277351 0.0647526607
v 0.0520796962 0.974687696 0.0679806694
v 0.0587496422 0.975301862 0.0657170191
v -0.0743363425 0.959524453 -0.0282967687
v -0.0526434258 0.960778356 -0.0411133431
v -0.0540250577 0.961203694 -0.041143164
v -0.075494349 0.959901631 -0.0273315776
v -0.089112699 0.957504988 -0.000936540775
v -0.0881927386 0.957158208 -0.0023855092
v -0.0884902179 0.955268979 0.0163094811
v -0.0760429204 0.98402375 -0.0264326632
v -0.0533190109 0.986009419 -0.0405098423
v -0.0521342568 0.986317635 -0.0385920852
v -0.0742024779 0.98438853 -0.0250857435
v -0.0853824094 0.982096016 -0.000587473216
v -0.087488018 0.981658995 -0.00125935161
v -0.0876565948 0.979389012 0.019678561
v -0.0854145586 0.979866326 0.0199438184
v -0.0897032619 0.955525637 0.018147124
v -0.0805012658 0.951963842 0.0435738079
v -0.0798938274 0.976365745 0.0458046682
v -0.0775941163 0.976926088 0.0452279598
v -0.0608153604 0.974695921 0.0671999231
v -0.0590300635 0.975301862 0.0657916144
v -0.0532441288 0.974771321 0.0677288696
v -0.082214199 0.952117443 0.0450234301
v -0.0622588582 0.949627519 0.0656566545
v -0.0633551627 0.949730992 0.0670602471
v -0.0573020168 0.949111402 0.0672384426
v -0.042104356 0.947529137 0.0724044442
v -0.0422717184 0.947584271 0.0740533546
v -0.0395175219 0.94936794 0.0728884712
v -0.0403186977 0.97286123 0.0740441009
v -0.0395966098 0.973519564 0.0725997612
v -0.0397550873 0.949203491 0.0746599659
v -0.0381931812 0.97101599 0.0749349892
v -0.0375127085 0.971435308 0.073494941
v -0.0395966098 0.973519564 0.0725997612
v -0.042104356 0.947529137 0.0724044442
v -0.0526434258 0.960778356 -0.0411133431
v -0.0151018519 0.960653007 -0.0490678363
v -0.0540250577 0.961203694 -0.041143164
v -0.0150706526 0.960249484 -0.0474859998
v 3.72702084E-06 0.959837556 -0.0482900403
v 4.10785788E-06 0.960225046 -0.0519003868
v 7.966466E-06 0.985480547 -0.0512691401
v 0.019991409 0.960653007 -0.047593534
v 0.0199474134 0.960249484 -0.0468681455
v 0.0527025387 0.960778356 -0.0411100239
v 0.0540773459 0.961203694 -0.041143164
v 0.0745161176 0.959524453 -0.0282967724
v -0.0143487267 0.985883892 -0.0471620746
v -0.0535329245 0.961366713 -0.0427808128
v 0.0193429049 0.985883892 -0.0463698991
v 0.0756155178 0.959901631 -0.0273315776
v 0.0533949137 0.986009419 -0.0405098461
v 0.0888926834 0.957504988 -0.0009389107
v 0.0879798084 0.957158208 -0.00238788873
v 0.0883580074 0.955268979 0.0163438227
v 0.07604222 0.98402375 -0.0264326688
v 0.0521943159 0.986317635 -0.038593594
v 0.0190565269 0.986193061 -0.044760175
v 9.45886313E-06 0.985796928 -0.0462859534
v -0.0140530868 0.986193061 -0.0446356684
v 0.0742017776 0.98438853 -0.0250857584
v -0.0521342568 0.986317635 -0.0385920852
v 0.0853808746 0.982096016 -0.000587476185
v -0.0533190109 0.986009419 -0.0405098423
v 0.0874863043 0.981659055 -0.00125935487
v -0.0534739755 0.986411572 -0.0425724536
v 0.0895703658 0.955525637 0.0181728732
v 0.080523394 0.951963842 0.0435987078
v 0.0876558945 0.979389012 0.0196785666
v 0.0854138583 0.979866326 0.019943811
v 0.0822001994 0.952117443 0.0450292677
v 0.062033765 0.949627519 0.0654839128
v 0.0797546878 0.976365745 0.0457321405
v 0.0774619877 0.976926088 0.045137886
v -0.0610418767 0.986138105 -0.0403401479
v -0.060857933 0.986112416 -0.0369812325
v 0.0633551627 0.949730992 0.0670816824
v 0.0422717184 0.947584271 0.0740759969
v 0.0540755987 0.948804975 0.0680725724
v 0.0417326204 0.947529137 0.0720848814
v 0.06051277 0.974695921 0.0670960248
v 0.0587496422 0.975301862 0.0657170191
v 0.0520796962 0.974687696 0.0679806694
v 0.040318694 0.97286123 0.0741328448
v 0.0393942855 0.973519564 0.0725169629
v 0.0372919366 0.97143507 0.0733868852
v 0.0397550836 0.949203491 0.0746882856
v 0.0391412117 0.949370146 0.0725982562
v 0.0381931737 0.97101599 0.0750125274
v 0.0417326204 0.947529137 0.0720848814
v 0.0393942855 0.973519564 0.0725169629
v 0.107246682 1.13974571 -0.0114922058
v 0.108170375 1.13886249 -0.0114592193
v 0.113770097 1.15295887 -0.0423373394
v 0.113034703 1.15277326 -0.0416505896
v 0.114369676 1.17904282 -0.0490260683
v 0.112413034 1.17894411 -0.0476483181
v 0.113635048 1.20080185 -0.0440509319
v 0.111747473 1.20036471 -0.0419059731
v 0.113369599 1.21674693 -0.0329782888
v 0.111666486 1.21546221 -0.032550361
v 0.113479353 1.22298825 -0.0161227956
v 0.111578688 1.2215755 -0.0153745245
v 0.112701327 1.22156322 0.00367280678
v 0.110823937 1.22020936 0.00312572089
v 0.11127694 1.21040893 0.0176499132
v 0.109408289 1.2098515 0.0167901404
v 0.108521163 1.19240105 0.0274297167
v 0.106787853 1.19272995 0.025995085
v 0.10566216 1.17047441 0.0326691754
v 0.104099728 1.17064035 0.0322521292
v 0.103551321 1.15268004 0.0254670642
v 0.102307431 1.15303469 0.0259686746
v 0.104841746 1.14212167 0.0120487465
v 0.103790946 1.14241433 0.0119178491
v 0.108170375 1.13886249 -0.0114592193
v 0.107246682 1.13974571 -0.0114922058
v 0.466609716 1.16346157 -0.0108425757
v 0.443270564 1.13988543 0.00363106607
v 0.466609597 1.16127121 0.00194919086
v 0.442166746 1.14554405 -0.0256289206
v 0.466609597 1.17050135 -0.0215115659
v 0.436777323 1.137151 0.00352025055
v 0.446069866 1.16005349 -0.0325465202
v 0.423072457 1.17010081 -0.0360020362
v 0.447637975 1.16646051 -0.0307713114
v 0.444793224 1.17737281 -0.0442416407
v 0.466273189 1.18305361 -0.0312254652
v 0.420563459 1.15148866 -0.0343505964
v 0.443711698 1.19380724 -0.0386589356
v 0.4663122 1.19359422 -0.0277160071
v 0.416163892 1.19921768 -0.0347456001
v 0.443786353 1.19408011 -0.0299083423
v 0.418174535 1.18102574 -0.0422971323
v 0.457436979 1.20891511 -0.0207809322
v 0.466260165 1.20639694 -0.0195208024
v 0.371152669 1.1895386 -0.0362962894
v 0.45927611 1.21286201 -0.00888555404
v 0.466275781 1.21140826 -0.00797667727
v 0.466291189 1.21045899 0.00618692162
v 0.453455508 1.21221173 0.00790764298
v 0.466609716 1.20288038 0.0185879506
v 0.451302469 1.21706665 -0.00993974693
v 0.440665185 1.21745265 -0.0247831903
v 0.412254483 1.21512115 -0.0234175585
v 0.451390177 1.20441031 0.0200797524
v 0.466312259 1.19405985 0.0247152578
v 0.444231093 1.2179718 0.00897858106
v 0.437677026 1.22359443 -0.0108865304
v 0.370656222 1.19876909 -0.0318304561
v 0.410359681 1.22040772 -0.011703046
v 0.365980268 1.21262527 -0.0230801143
v 0.353674948 1.19814658 -0.031096369
v 0.44724375 1.19743276 0.0379043221
v 0.44125092 1.20833969 0.0253963061
v 0.434419841 1.22200251 0.0105949044
v 0.40763998 1.21975374 0.0092079388
v 0.43144697 1.21199584 0.0257249009
v 0.364154279 1.21903765 -0.0110647175
v 0.455838799 1.18767238 0.0356681496
v 0.466288209 1.1843214 0.0293630492
v 0.432255775 1.20206428 0.0393881053
v 0.406851709 1.213462 0.0193127748
v 0.452058703 1.17629874 0.0274065137
v 0.466609627 1.173406 0.0259451605
v 0.435077071 1.19225848 0.0447713211
v 0.44802177 1.16054678 0.0303937327
v 0.466609597 1.16526544 0.0146821877
v 0.331322312 1.21098757 -0.0229133405
v 0.321236402 1.21666193 -0.00996221788
v 0.36249271 1.219455 0.00784731563
v 0.406135559 1.20284128 0.032813631
v 0.431769997 1.18215466 0.0344977453
v 0.361419111 1.21212268 0.0180520192
v 0.401757687 1.19368756 0.0353595428
v 0.30918476 1.20936549 -0.0222190823
v 0.429893225 1.16828406 0.0417723134
v 0.360771477 1.20677316 0.0215006676
v 0.329422981 1.21758544 0.00664113089
v 0.336200416 1.2113477 0.0179789532
v 0.403417349 1.18357003 0.0368535891
v 0.31153053 1.21336794 0.00515934918
v 0.330598831 1.20589733 0.0239902399
v 0.361076802 1.20028639 0.029169172
v 0.362657547 1.18996978 0.0263572689
v 0.319140702 1.20897996 0.0155245764
v 0.303800076 1.20785165 0.0171568003
v 0.331136853 1.19867575 0.0254300348
v 0.334584922 1.18358064 0.0270480514
v 0.294579029 1.21886528 0.00723702274
v 0.39991504 1.17641962 0.029412888
v 0.31719017 1.19830024 0.0321988724
v 0.295225829 1.21399379 -0.00874830317
v 0.362284958 1.17666817 0.0256604087
v 0.427365303 1.15990746 0.0227742922
v 0.393222392 1.16514838 0.0232733842
v 0.438452661 1.14848173 0.0206437539
v 0.424817771 1.1534884 0.0157790296
v 0.383053243 1.15478778 0.0187987089
v 0.445321023 1.14657903 0.0167411547
v 0.466609597 1.16127121 0.00194919086
v 0.443270564 1.13988543 0.00363106607
v 0.436777323 1.137151 0.00352025055
v 0.358100653 1.16101778 0.0232924242
v 0.351147413 1.15533841 0.0151243126
v 0.377276272 1.1464138 0.00222756364
v 0.346862316 1.14859438 0.00109481672
v 0.329487145 1.16818714 0.0251598563
v 0.324279726 1.15707016 0.0146476543
v 0.319710672 1.15107417 0.00114830909
v 0.312479794 1.15960121 0.0139374882
v 0.288189292 1.15345573 0.000704653969
v 0.30861029 1.16872108 0.0294947661
v 0.298512071 1.16112077 0.0222857688
v 0.320565015 1.18437326 0.0370865948
v 0.306821644 1.19623089 0.0283747744
v 0.307880193 1.18414307 0.0326006487
v 0.284429461 1.19230402 0.0294642504
v 0.292417228 1.16667056 0.0252027605
v 0.282511413 1.15421343 0.0118293017
v 0.262741625 1.15223384 -0.00147085416
v 0.276739329 1.1586678 0.0178103521
v 0.267641455 1.1798867 0.0301333405
v 0.285060167 1.20596743 0.0232086889
v 0.263082415 1.15550685 0.0144701134
v 0.263431013 1.16378009 0.0242495537
v 0.270642489 1.19051898 0.0341601446
v 0.24359636 1.15431094 0.0144585082
v 0.24322693 1.15100563 -0.00154822168
v 0.244559333 1.16306579 0.0252427906
v 0.246489048 1.17715669 0.0296424963
v 0.218843549 1.1751219 0.0297335666
v 0.21661979 1.15406847 0.0148727484
v 0.21624431 1.14981544 -0.00279594329
v 0.248215154 1.18967772 0.0287829973
v 0.217627943 1.16250563 0.0258794762
v 0.183028787 1.15187693 0.0146266483
v 0.182700649 1.14766514 -0.00580662675
v 0.183814153 1.16050303 0.0261640809
v 0.146218762 1.14747512 0.0130471466
v 0.146053731 1.14299965 -0.00891708676
v 0.147238791 1.15681887 0.0262135956
v 0.122455202 1.14423907 0.0124316784
v 0.122794718 1.13975036 -0.010671692
v 0.123077683 1.15436912 0.0256818924
v 0.148884058 1.17206728 0.0318216048
v 0.109162442 1.14238274 0.0121391481
v 0.111593232 1.1387192 -0.0114764459
v 0.108746469 1.15310514 0.0255276747
v 0.104841746 1.14212167 0.0120487465
v 0.108170375 1.13886249 -0.0114592193
v 0.103551321 1.15268004 0.0254670642
v 0.10566216 1.17047441 0.0326691754
v 0.111402102 1.17027497 0.0322001651
v 0.108521163 1.19240105 0.0274297167
v 0.185191736 1.17386484 0.0306982752
v 0.125883952 1.17109215 0.0318577774
v 0.11478693 1.19105172 0.0268675871
v 0.11127694 1.21040893 0.0176499132
v 0.129181951 1.189273 0.0275404714
v 0.151141018 1.18970513 0.0275206268
v 0.186625242 1.19043207 0.0276680607
v 0.116868272 1.20850003 0.0176742263
v 0.131324038 1.20357406 0.018550884
v 0.118356206 1.22153747 0.0048493878
v 0.112701327 1.22156322 0.00367280678
v 0.113479353 1.22298825 -0.0161227956
v 0.154061034 1.20446289 0.0191246532
v 0.220600575 1.19007647 0.0268989168
v 0.118129805 1.22353137 -0.0157846119
v 0.113369599 1.21674693 -0.0329782888
v 0.1324967 1.2149924 0.00515332073
v 0.188074321 1.20556366 0.0190363433
v 0.222485095 1.20490479 0.0196261089
v 0.118040681 1.21674478 -0.033116255
v 0.113635048 1.20080185 -0.0440509319
v 0.156571999 1.21450889 0.00570690725
v 0.132111117 1.21687186 -0.0148506695
v 0.189609826 1.21577621 0.00612396514
v 0.251200676 1.20429957 0.0212585684
v 0.156820074 1.21642089 -0.0134554617
v 0.13189435 1.21162748 -0.0324621797
v 0.118044458 1.19961059 -0.0438758209
v 0.224009097 1.21558785 0.00614288356
v 0.274587661 1.20484746 0.0197409261
v 0.11799065 1.17866325 -0.0480017029
v 0.114369676 1.17904282 -0.0490260683
v 0.130474746 1.19804573 -0.0432870053
v 0.253228128 1.21519876 0.0067360918
v 0.281060338 1.21440423 0.00522590335
v 0.1898368 1.21673441 -0.0121091604
v 0.155200318 1.21136224 -0.0303188674
v 0.224079892 1.21506333 -0.0112859923
v 0.189395845 1.21079707 -0.0268762186
v 0.252249777 1.21400094 -0.0107871769
v 0.285953581 1.21612632 -0.0115394723
v 0.153110325 1.19887149 -0.0413692333
v 0.222664028 1.20894945 -0.0247521345
v 0.251350462 1.20744622 -0.0244642198
v 0.275699556 1.2134496 -0.0102589177
v 0.18765606 1.19804132 -0.0370113179
v 0.150455952 1.17791021 -0.0435733199
v 0.275153726 1.20775461 -0.0246232711
v 0.22071594 1.19705558 -0.034435723
v 0.128262922 1.17831564 -0.0469052605
v 0.125719339 1.15425479 -0.0392888747
v 0.117513664 1.15342641 -0.0408590958
v 0.113770097 1.15295887 -0.0423373394
v 0.108170375 1.13886249 -0.0114592193
v 0.111593232 1.1387192 -0.0114764459
v 0.122794718 1.13975036 -0.010671692
v 0.147565633 1.15688205 -0.0365679674
v 0.146053731 1.14299965 -0.00891708676
v 0.185509026 1.17893112 -0.0390180424
v 0.18349947 1.15915322 -0.0317107886
v 0.182700649 1.14766514 -0.00580662675
v 0.216957107 1.15945673 -0.0265870728
v 0.21624431 1.14981544 -0.00279594329
v 0.218580753 1.18008065 -0.036267437
v 0.243880272 1.1588105 -0.0253849048
v 0.24322693 1.15100563 -0.00154822168
v 0.262741625 1.15223384 -0.00147085416
v 0.247599944 1.19597292 -0.0339495167
v 0.246819034 1.17843473 -0.036142379
v 0.264315575 1.15905321 -0.0246230718
v 0.288189292 1.15345573 0.000704653969
v 0.261123776 1.19501519 -0.0342146121
v 0.267734528 1.17749298 -0.0361804813
v 0.284144849 1.20606661 -0.0223322641
v 0.275280654 1.19476736 -0.0314550735
v 0.299961835 1.20673728 -0.0228134729
v 0.296856314 1.19534683 -0.0322021246
v 0.311334252 1.19544268 -0.0323587731
v 0.297897011 1.17802644 -0.039888978
v 0.292898715 1.16255999 -0.0262664761
v 0.290772527 1.15684319 -0.0177435298
v 0.308724552 1.16263783 -0.0263168439
v 0.314859897 1.15434444 -0.0150484722
v 0.319710672 1.15107417 0.00114830909
v 0.31745097 1.1788528 -0.0377554111
v 0.329884559 1.19814539 -0.0317873023
v 0.333992481 1.15278649 -0.0153288897
v 0.346862316 1.14859438 0.00109481672
v 0.325818717 1.16234505 -0.0281599872
v 0.340481192 1.1815114 -0.0369735435
v 0.35770756 1.1847043 -0.0380650647
v 0.352396041 1.16338527 -0.0295575261
v 0.363913208 1.15215051 -0.0155917788
v 0.377276272 1.1464138 0.00222756364
v 0.372024745 1.16435611 -0.0308320653
v 0.399055779 1.17899787 -0.0360221043
v 0.388992727 1.16743767 -0.0388563015
v 0.405519158 1.15118074 -0.0159880202
v 0.420910418 1.14386725 0.00361507619
v 0.383053243 1.15478778 0.0187987089
v 0.424817771 1.1534884 0.0157790296
v 0.438452661 1.14848173 0.0206437539
v 0.499808788 1.16489327 0.00297877216
v 0.466609597 1.16127121 0.00194919086
v 0.466609597 1.16526544 0.0146821877
v 0.499808848 1.17214501 0.0189709011
v 0.499808997 1.16680551 0.0030032848
v 0.466609627 1.173406 0.0259451605
v 0.499808878 1.1734488 0.0174363833
v 0.466288209 1.1843214 0.0293630492
v 0.499808878 1.18392265 0.028455412
v 0.499808788 1.18416071 0.0260977503
v 0.466312259 1.19405985 0.0247152578
v 0.499808878 1.20056593 0.0220859814
v 0.466609716 1.20288038 0.0185879506
v 0.499808848 1.19962299 0.0200320091
v 0.466291189 1.21045899 0.00618692162
v 0.499808878 1.20874488 0.00672586169
v 0.499808788 1.2069186 0.00625486532
v 0.466275781 1.21140826 -0.00797667727
v 0.499808878 1.20972276 -0.00806153752
v 0.499808878 1.20781016 -0.00746084005
v 0.466260165 1.20639694 -0.0195208024
v 0.499808908 1.20088851 -0.0214695148
v 0.4663122 1.19359422 -0.0277160071
v 0.499808848 1.19976079 -0.0196878817
v 0.466273189 1.18305361 -0.0312254652
v 0.499808908 1.18288612 -0.0266819075
v 0.499808848 1.18321502 -0.0243195221
v 0.466609597 1.17050135 -0.0215115659
v 0.499808788 1.1700238 -0.0127873681
v 0.466609716 1.16346157 -0.0108425757
v 0.466609597 1.16127121 0.00194919086
v 0.499808878 1.17155337 -0.0113191092
v 0.499808788 1.16489327 0.00297877216
v 0.499808997 1.16680551 0.0030032848
v -0.0604778789 0.960788786 -0.0376448706
v -0.0540250577 0.961203694 -0.041143164
v -0.0611107871 0.961093247 -0.0408577956
v -0.0701660067 0.971983314 -0.0324321464
v -0.0706072971 0.972138345 -0.0357435308
v -0.0705085173 0.974621892 -0.0356814526
v -0.070075728 0.974467814 -0.0323735178
v -0.0540250577 0.961203694 -0.041143164
v -0.060857933 0.986112416 -0.0369812325
v -0.0533190109 0.986009419 -0.0405098423
v -0.0604778789 0.960788786 -0.0376448706
v -0.070075728 0.974467814 -0.0323735178
v -0.0701660067 0.971983314 -0.0324321464
v -0.107246913 1.13974571 -0.0114922058
v -0.113770798 1.15295887 -0.0423373394
v -0.108171366 1.13886261 -0.0114592193
v -0.113035046 1.15277326 -0.0416505933
v -0.114370368 1.17904258 -0.0490260683
v -0.112412706 1.17894411 -0.0476483181
v -0.113635756 1.20080185 -0.0440509319
v -0.111747831 1.20036471 -0.0419059731
v -0.113370284 1.21674693 -0.0329782851
v -0.111666836 1.21546006 -0.032550361
v -0.113480061 1.22299075 -0.0161227919
v -0.111579381 1.2215755 -0.0153745217
v -0.112702794 1.22156322 0.00367280445
v -0.110823736 1.22020936 0.00312571973
v -0.111277595 1.21040893 0.0176499132
v -0.109408937 1.2098515 0.0167901404
v -0.108521812 1.19240105 0.0274297167
v -0.106788509 1.19272995 0.025995085
v -0.105662808 1.17047441 0.0326691754
v -0.104100376 1.17064035 0.0322521292
v -0.103551976 1.15268123 0.0254670642
v -0.10230808 1.15303576 0.0259686746
v -0.104842432 1.14212108 0.0120487465
v -0.103791304 1.14241362 0.0119178491
v -0.108171366 1.13886261 -0.0114592193
v -0.107246913 1.13974571 -0.0114922058
v -0.466610402 1.16346157 -0.0108425748
v -0.466610283 1.16127121 0.00194919074
v -0.44327122 1.13988543 0.00363106607
v -0.442167431 1.14554405 -0.0256289206
v -0.466610283 1.17050135 -0.0215115659
v -0.436778009 1.137151 0.00352025055
v -0.446070552 1.16005218 -0.0325421691
v -0.423073143 1.17010081 -0.0360020287
v -0.44763869 1.16646051 -0.0307713114
v -0.44479391 1.17737281 -0.0442416407
v -0.466273844 1.18305361 -0.0312254652
v -0.420564115 1.15148866 -0.0343506075
v -0.443712294 1.19380724 -0.0386589356
v -0.466312885 1.19359422 -0.0277160071
v -0.416164577 1.19921768 -0.0347456001
v -0.443786979 1.19408011 -0.0299083497
v -0.418175191 1.18102574 -0.0422971323
v -0.457437664 1.20891511 -0.0207809322
v -0.466260821 1.20639694 -0.0195208024
v -0.371153325 1.1895386 -0.0362962894
v -0.459276795 1.21286201 -0.00888555404
v -0.466276437 1.21140826 -0.00797667727
v -0.466291875 1.21045899 0.00618688762
v -0.453456134 1.21221173 0.00790764298
v -0.466610402 1.20288038 0.0185879506
v -0.451303154 1.21706665 -0.00993974507
v -0.440665841 1.21745265 -0.0247831903
v -0.412255138 1.21512115 -0.0234175585
v -0.451390862 1.20441031 0.0200797524
v -0.466312945 1.19405985 0.0247152578
v -0.444231749 1.2179718 0.00897858012
v -0.437677652 1.22359443 -0.0108865304
v -0.370656878 1.19876909 -0.0318304561
v -0.410360336 1.22040772 -0.011703046
v -0.365980864 1.21262527 -0.0230801143
v -0.353675634 1.19814658 -0.031096369
v -0.447244436 1.19743276 0.0379043221
v -0.441251606 1.20833969 0.0253963061
v -0.434420526 1.22200251 0.0105948662
v -0.407640666 1.21975374 0.0092079388
v -0.431447595 1.21199584 0.0257249009
v -0.364154965 1.21903765 -0.0110647175
v -0.455839455 1.18767238 0.0356681496
v -0.466288865 1.1843214 0.0293630492
v -0.43225643 1.20206428 0.039388109
v -0.406852394 1.213462 0.0193127654
v -0.452059329 1.17629874 0.0274065137
v -0.466610312 1.173406 0.0259451605
v -0.435077786 1.19225848 0.0447713211
v -0.448022366 1.16054678 0.0303937327
v -0.466610283 1.16526544 0.0146821877
v -0.331322998 1.21098757 -0.0229133405
v -0.321237087 1.21666193 -0.0099622272
v -0.362493396 1.219455 0.00784731563
v -0.406136185 1.20284128 0.032813631
v -0.431770682 1.18215466 0.0344977453
v -0.361419797 1.21212268 0.0180520192
v -0.401758403 1.19368756 0.0353595428
v -0.309185445 1.20936549 -0.0222190823
v -0.429893851 1.16828406 0.0417723134
v -0.360772073 1.20677316 0.0215006676
v -0.329423666 1.21758544 0.00664112857
v -0.336201042 1.2113477 0.0179789532
v -0.403418005 1.18357003 0.0368535891
v -0.311531186 1.21336794 0.00515934825
v -0.330599487 1.20589733 0.0239902399
v -0.361077487 1.20028639 0.029169172
v -0.362658143 1.18996978 0.0263572689
v -0.319141388 1.20897996 0.0155245764
v -0.303800792 1.20785165 0.0171568003
v -0.331137538 1.19867575 0.0254300348
v -0.334585577 1.18358064 0.0270480514
v -0.294579744 1.21886528 0.00723701343
v -0.399915725 1.17641962 0.029412888
v -0.317190856 1.19830024 0.0321988724
v -0.295226544 1.21399379 -0.00874827337
v -0.362285614 1.17666817 0.0256604087
v -0.427365899 1.15990746 0.0227742922
v -0.393223017 1.16514838 0.0232733842
v -0.438453346 1.14848173 0.0206437539
v -0.424818456 1.1534884 0.0157790296
v -0.383053929 1.15478778 0.0187986996
v -0.445321709 1.14657903 0.0167411231
v -0.466610283 1.16127121 0.00194919074
v -0.44327122 1.13988543 0.00363106607
v -0.436778009 1.137151 0.00352025055
v -0.358101338 1.16101778 0.0232924242
v -0.351148069 1.15533841 0.0151243126
v -0.377276957 1.1464138 0.00222756341
v -0.346863002 1.14859438 0.00109481672
v -0.32948783 1.16818714 0.025159847
v -0.324280441 1.15707016 0.0146476589
v -0.319711328 1.15107417 0.00114830909
v -0.31248045 1.15960121 0.013937491
v -0.288190007 1.15345573 0.000704658742
v -0.308611006 1.16872108 0.0294947643
v -0.298512787 1.16112077 0.0222857688
v -0.320565671 1.18437326 0.0370865948
v -0.30682236 1.19623089 0.0283747744
v -0.307880938 1.18414307 0.0326006487
v -0.284430176 1.19230402 0.0294642504
v -0.26764214 1.1798867 0.0301333405
v -0.292417914 1.16667056 0.0252027605
v -0.282512099 1.15421343 0.0118293017
v -0.262742341 1.15223384 -0.00147085416
v -0.285060883 1.20596743 0.0232086889
v -0.276740074 1.1586678 0.0178103521
v -0.26308313 1.15550685 0.0144701144
v -0.263431698 1.16378009 0.0242495537
v -0.243596479 1.15431082 0.014458512
v -0.24322705 1.15100551 -0.00154821645
v -0.216244429 1.14981532 -0.00279596285
v -0.244559437 1.16306567 0.0252428185
v -0.216619864 1.15406895 0.0148727605
v -0.183028921 1.15187716 0.0146266576
v -0.182700828 1.14766526 -0.00580667192
v -0.146054089 1.14299965 -0.00891708676
v -0.217628062 1.16250551 0.0258794948
v -0.246489689 1.17715669 0.0296424963
v -0.248215333 1.18967772 0.0287829209
v -0.218844205 1.1751219 0.0297335666
v -0.183814317 1.16050303 0.0261640903
v -0.146219015 1.14747667 0.0130471392
v -0.12245556 1.14423907 0.0124316616
v -0.122795209 1.13975036 -0.010671692
v -0.147239074 1.15681911 0.0262135975
v -0.185192391 1.17386484 0.0306988023
v -0.10916312 1.1423825 0.0121391499
v -0.111594133 1.13872099 -0.0114764459
v -0.123078048 1.15437281 0.025681898
v -0.104842432 1.14212108 0.0120487465
v -0.108171366 1.13886261 -0.0114592193
v -0.103551976 1.15268123 0.0254670642
v -0.108747125 1.15310514 0.0255276747
v -0.105662808 1.17047441 0.0326691754
v -0.111402757 1.17027402 0.0322018079
v -0.108521812 1.19240105 0.0274297167
v -0.148884714 1.17206728 0.0318216048
v -0.125884607 1.17109215 0.0318577774
v -0.114787541 1.19105172 0.0268675871
v -0.111277595 1.21040893 0.0176499132
v -0.151141673 1.1897043 0.0275206268
v -0.129182607 1.18927312 0.0275404714
v -0.116868921 1.20849836 0.0176742263
v -0.131324694 1.20357406 0.018550884
v -0.118357301 1.22153747 0.0048493864
v -0.112702794 1.22156322 0.00367280445
v -0.113480061 1.22299075 -0.0161227919
v -0.132497296 1.21499252 0.00515333284
v -0.11813052 1.22353113 -0.0157846101
v -0.113370284 1.21674693 -0.0329782851
v -0.15406169 1.20446289 0.0191246532
v -0.118041381 1.21674478 -0.0331162512
v -0.113635756 1.20080185 -0.0440509319
v -0.132111505 1.21687198 -0.0148506481
v -0.156572416 1.21450901 0.0057069282
v -0.156820372 1.21642089 -0.0134554543
v -0.188074991 1.20556366 0.0190363433
v -0.18960996 1.21577632 0.0061239982
v -0.189836949 1.21673441 -0.0121091735
v -0.186625898 1.19043207 0.0276680607
v -0.220601246 1.19007647 0.0268989168
v -0.222485751 1.20490479 0.0196261089
v -0.224009186 1.21558797 0.00614291709
v -0.224079981 1.21506345 -0.0112860072
v -0.251201361 1.20429957 0.0212585684
v -0.253228277 1.21519887 0.00673611928
v -0.274588376 1.20484746 0.0197409261
v -0.270643234 1.19051898 0.0341601446
v -0.281061053 1.21440423 0.00522589264
v -0.252249897 1.21400094 -0.0107871853
v -0.222664148 1.20894945 -0.0247521605
v -0.251350582 1.20744622 -0.0244642347
v -0.285954297 1.21612632 -0.0115394732
v -0.275700271 1.2134496 -0.0102589177
v -0.189395979 1.21079719 -0.0268762484
v -0.275154412 1.20775461 -0.0246232711
v -0.220716089 1.19705844 -0.0344357491
v -0.155200601 1.21136236 -0.0303188916
v -0.131894723 1.2116276 -0.032462202
v -0.153110623 1.19887149 -0.0413692556
v -0.118045166 1.19961262 -0.0438758209
v -0.187656224 1.19804132 -0.0370113403
v -0.130475119 1.1980449 -0.0432870314
v -0.117991365 1.17866325 -0.0480017029
v -0.114370368 1.17904258 -0.0490260683
v -0.128263295 1.17831612 -0.0469052643
v -0.15045625 1.17791021 -0.0435733125
v -0.185509205 1.17893112 -0.0390180238
v -0.1834995 1.15915322 -0.0317108482
v -0.218580872 1.18008065 -0.0362674408
v -0.11751394 1.15342641 -0.0408590958
v -0.113770798 1.15295887 -0.0423373394
v -0.108171366 1.13886261 -0.0114592193
v -0.111594133 1.13872099 -0.0114764459
v -0.125719488 1.15425479 -0.0392888822
v -0.122795209 1.13975036 -0.010671692
v -0.146054089 1.14299965 -0.00891708676
v -0.147565722 1.15688205 -0.0365679935
v -0.182700828 1.14766526 -0.00580667192
v -0.216244429 1.14981532 -0.00279596285
v -0.216957226 1.15945733 -0.026587056
v -0.243880451 1.1588105 -0.0253848098
v -0.24322705 1.15100551 -0.00154821645
v -0.262742341 1.15223384 -0.00147085416
v -0.246819153 1.17843473 -0.0361424051
v -0.264316261 1.15905321 -0.0246230662
v -0.288190007 1.15345573 0.000704658742
v -0.247600079 1.19597292 -0.0339495316
v -0.261124462 1.19501519 -0.0342146121
v -0.267735243 1.17749298 -0.0361804813
v -0.284145534 1.20606661 -0.0223322641
v -0.27528137 1.19476736 -0.0314550735
v -0.299962521 1.20673728 -0.0228134729
v -0.296856999 1.19534683 -0.0322021283
v -0.311334878 1.19544268 -0.0323587731
v -0.297897726 1.17802644 -0.039888978
v -0.29289943 1.16255999 -0.0262664761
v -0.290773243 1.15684319 -0.0177435298
v -0.308725268 1.16263783 -0.0263168439
v -0.314860582 1.15434444 -0.0150484722
v -0.319711328 1.15107417 0.00114830909
v -0.317451656 1.1788528 -0.0377554111
v -0.329885215 1.19814539 -0.0317873023
v -0.333993226 1.15278649 -0.0153288897
v -0.346863002 1.14859438 0.00109481672
v -0.325819403 1.16234505 -0.0281599872
v -0.340481788 1.1815114 -0.0369735435
v -0.357708186 1.1847043 -0.0380650647
v -0.352396697 1.16338527 -0.0295575261
v -0.363913924 1.15215051 -0.0155917788
v -0.377276957 1.1464138 0.00222756341
v -0.37202543 1.16435611 -0.0308320653
v -0.399056435 1.17899787 -0.0360221043
v -0.388993382 1.16743767 -0.0388563015
v -0.405519843 1.15118074 -0.0159880202
v -0.420911044 1.14386725 0.00361506967
v -0.383053929 1.15478778 0.0187986996
v -0.424818456 1.1534884 0.0157790296
v -0.438453346 1.14848173 0.0206437539
v -0.499809444 1.16489327 0.00297877216
v -0.466610283 1.16526544 0.0146821877
v -0.466610283 1.16127121 0.00194919074
v -0.499809474 1.17214501 0.0189709011
v -0.499809623 1.16680551 0.0030032848
v -0.466610312 1.173406 0.0259451605
v -0.499809533 1.1734488 0.0174363852
v -0.466288865 1.1843214 0.0293630492
v -0.499809533 1.18392265 0.028455412
v -0.499809444 1.18416071 0.0260977503
v -0.466312945 1.19405985 0.0247152578
v -0.499809533 1.20056593 0.0220859814
v -0.466610402 1.20288038 0.0185879506
v -0.499809474 1.19962299 0.0200320091
v -0.466291875 1.21045899 0.00618688762
v -0.499809533 1.20874488 0.00672586169
v -0.499809444 1.2069186 0.00625486532
v -0.466276437 1.21140826 -0.00797667727
v -0.499809533 1.20972276 -0.00806153752
v -0.499809533 1.20781016 -0.00746084005
v -0.466260821 1.20639694 -0.0195208024
v -0.499809563 1.20088851 -0.0214695148
v -0.466312885 1.19359422 -0.0277160071
v -0.499809474 1.19976079 -0.0196878817
v -0.466273844 1.18305361 -0.0312254652
v -0.499809563 1.18288612 -0.0266819075
v -0.499809474 1.18321502 -0.0243195221
v -0.466610283 1.17050135 -0.0215115659
v -0.499809444 1.1700238 -0.0127873681
v -0.466610402 1.16346157 -0.0108425748
v -0.466610283 1.16127121 0.00194919074
v -0.499809533 1.17155337 -0.0113191092
v -0.499809444 1.16489327 0.00297877216
v -0.499809623 1.16680551 0.0030032848
v 0.0417326204 0.947529137 0.0720848814
v 0.0204074793 0.955966413 0.0776107907
v 0.0169397742 0.965237617 0.0775473788
v -0.00179869682 0.963007689 0.080067493
v -0.0165059399 0.968218923 0.0800693855
v -0.0156068159 0.97370398 0.080219321
v 0.00978871528 0.974913359 -0.0495400988
v 0.0093094334 0.974819541 -0.0483774431
v 0.00910635758 0.974845171 -0.0487814955
v 0.00958560221 0.974939108 -0.0499441326
v 0.0148279471 0.975082278 -0.0505591333
v 0.00843981747 0.973035038 -0.0492910072
v 0.0148258302 0.97511524 -0.051010903
v 0.00891910121 0.973128855 -0.0504536331
v 0.0160899293 0.974894822 -0.0510316826
v 0.016092008 0.974861741 -0.0505799241
v 0.016747769 0.973293126 -0.0506890342
v 0.014855314 0.973326147 -0.0516311377
v 0.0167456511 0.973325849 -0.0511408299
v 0.0161470883 0.971700251 -0.0507939942
v 0.00964922458 0.971288562 -0.0501913577
v 0.00916998088 0.971194744 -0.0490287058
v 0.00937305577 0.971169114 -0.0486246683
v 0.00985233765 0.971262932 -0.0497873165
v 0.0148894191 0.971464813 -0.0512580946
v 0.014891536 0.971431851 -0.0508063249
v 0.0161450487 0.971733153 -0.0512457639
v 0.016092008 0.974861741 -0.0505799241
v 0.0148597024 0.973257124 -0.050682731
v 0.0148279471 0.975082278 -0.0505591333
v 0.016747769 0.973293126 -0.0506890342
v 0.0161470883 0.971700251 -0.0507939942
v 0.014891536 0.971431851 -0.0508063249
v -0.0142494803 0.960296452 -0.0474438593
v -0.00917683542 0.960361302 -0.0482883826
v -0.0142159937 0.957192898 -0.0472654626
v -0.00914338883 0.957257748 -0.0483094938
v 0.00220611156 0.956909597 -0.0502214804
v 0.00197867304 0.960133016 -0.050197646
v 0.0142209549 0.957030714 -0.0494646206
v 0.0142568415 0.960237205 -0.0498306081
v 0.0194819942 0.958900988 -0.0486567914
v 0.0164640974 0.961517334 -0.049081292
v 0.020892363 0.964063108 -0.0485167168
v 0.0170838609 0.964063168 -0.0490400009
v 0.0207284335 0.98249799 -0.0475649685
v 0.0169621576 0.98249805 -0.0481792204
v 0.0160161108 0.984789014 -0.0482672378
v 0.0187698863 0.987329006 -0.0476039685
v 0.013877172 0.988857567 -0.0483461097
v 0.0138951177 0.985967457 -0.0483819284
v 0.00193883211 0.989073873 -0.0479205213
v 0.00178025663 0.986120641 -0.0479324199
v -0.00936997961 0.98620671 -0.0452832729
v -0.00940346252 0.989036143 -0.0466955639
v -0.014476072 0.988969803 -0.0458518863
v -0.0144425845 0.986143172 -0.0452096798
v 0.0511188693 0.953292668 0.0717962906
v 0.0556832217 0.959130287 0.0722930208
v 0.0561328009 0.955299556 0.0699649975
v 0.058493495 0.960638642 0.0691552609
v 0.0506196916 0.957109749 0.0741367936
v 0.0463632941 0.9557935 0.0735763609
v 0.0446413644 0.961337209 0.074469611
v 0.0539032221 0.964711905 0.073192358
v 0.0566986687 0.966182232 0.0700485185
v 0.0518928617 0.968683243 0.0719750524
v 0.0488692448 0.962691247 0.0750361532
v 0.0468978174 0.966676235 0.073806338
v 0.0526101813 0.960877836 0.0744541362
v 0.0164197627 0.984825492 -0.0508381128
v 0.0138951177 0.985967457 -0.0483819284
v 0.0160161108 0.984789014 -0.0482672378
v 0.0169621576 0.98249805 -0.0481792204
v 0.0141560771 0.98599422 -0.051188644
v 0.00178025663 0.986120641 -0.0479324199
v 0.0017812599 0.986135066 -0.050667312
v -0.00936997961 0.98620671 -0.0452832729
v -0.00936894305 0.986204803 -0.0483537801
v -0.0144425845 0.986143172 -0.0452096798
v -0.014476072 0.988969803 -0.0458518863
v -0.00940238498 0.989076614 -0.0482960269
v -0.00940346252 0.989036143 -0.0466955639
v 0.00193883211 0.989073873 -0.0479205213
v 0.00193983281 0.989100635 -0.0506107882
v 0.013877172 0.988857567 -0.0483461097
v 0.0141346836 0.988914192 -0.0509703606
v 0.0191735029 0.987368286 -0.050230775
v 0.0187698863 0.987329006 -0.0476039685
v 0.0207284335 0.98249799 -0.0475649685
v 0.0211320426 0.98249799 -0.0501889177
v 0.020892363 0.964063108 -0.0485167168
v 0.0173658039 0.98249805 -0.0508022048
v 0.0212960094 0.964063108 -0.0511232354
v 0.0194819942 0.958900988 -0.0486567914
v 0.0174875073 0.964063168 -0.0516465306
v 0.0170838609 0.964063168 -0.0490400009
v 0.0168677475 0.961562276 -0.0516878106
v 0.0164640974 0.961517334 -0.049081292
v 0.0198856108 0.958945811 -0.0512633212
v 0.0144755039 0.957075715 -0.0520586893
v 0.0142209549 0.957030714 -0.0494646206
v 0.00220611156 0.956909597 -0.0502214804
v 0.0145113897 0.960282207 -0.0524246581
v 0.0142568415 0.960237205 -0.0498306081
v 0.00220719189 0.956950903 -0.0528591797
v -0.00914338883 0.957257748 -0.0483094938
v 0.0019797124 0.960174441 -0.0528353378
v 0.00197867304 0.960133016 -0.050197646
v -0.00917579606 0.960402668 -0.0509260707
v -0.00917683542 0.960361302 -0.0482883826
v -0.0142494803 0.960296452 -0.0474438593
v -0.00914227311 0.957299232 -0.0509471782
v -0.0142159937 0.957192898 -0.0472654626
v -0.0511236712 0.953292668 0.0717962906
v -0.0561372451 0.955299556 0.0699649975
v -0.055687625 0.959130287 0.0722930208
v -0.0584975891 0.960638642 0.0691552609
v -0.050624121 0.957109749 0.0741367936
v -0.0463682599 0.9557935 0.0735763609
v -0.0446432717 0.961337209 0.074469611
v -0.0539043508 0.964711905 0.0731923506
v -0.0566997565 0.966182232 0.0700485185
v -0.0518940538 0.968683243 0.0719750524
v -0.0488705337 0.962691247 0.0750361532
v -0.0468996763 0.966676295 0.0738063306
v -0.0526116826 0.960877836 0.0744541362
v -0.499809533 1.17155337 -0.0113191092
v -0.499809474 1.18321502 -0.0243195221
v -0.455317497 1.18977141 0.00275787758
v -0.499809623 1.16680551 0.0030032848
v -0.499809474 1.19976079 -0.0196878817
v -0.499809533 1.1734488 0.0174363852
v -0.499809533 1.20781016 -0.00746084005
v -0.499809444 1.18416071 0.0260977503
v -0.499809444 1.2069186 0.00625486532
v -0.499809474 1.19962299 0.0200320091
v -0.0333177671 1.20514107 0.033206597
v -0.0384525396 1.21511722 0.017650377
v -0.0512036011 1.21503961 0.00849240553
v -0.038059134 1.19631684 0.0361482166
v -3.50293192E-07 1.17147255 0.00565503445
v -3.52064262E-07 1.19429743 0.0397717841
v -0.0431830883 1.22682405 -0.000289584103
v 0.0380584262 1.19631696 0.0361482315
v -0.0520717464 1.22780907 -0.0240561608
v -3.50293192E-07 1.23381543 -0.0428336151
v -0.0442175083 1.23540223 -0.0204163995
v -0.0308130849 1.23867154 -0.0326826237
v -3.50293192E-07 1.24026942 -0.039865423
v 0.030812379 1.23867154 -0.03268262
v 0.0442175083 1.23540223 -0.0204163995
v 0.0520710498 1.22780907 -0.0240561608
v 0.0431823954 1.22682405 -0.000289585878
v 0.0512029082 1.21503949 0.00849240366
v 0.033317063 1.20514107 0.033206597
v 0.038451843 1.21511722 0.017650377
v -3.53252318E-07 1.13566887 0.0990831479
v -0.00261043757 1.13547611 0.0986068547
v -0.0043958649 1.13906169 0.0947819129
v -3.99883447E-07 1.13135386 0.104903445
v 0.00261043757 1.13547611 0.0986068547
v 0.0043958649 1.13906169 0.0947819129
v -3.53250016E-07 1.13897288 0.0948249474
v -3.53193769E-07 1.15241766 0.0846135914
v -0.00955948606 1.15023124 0.0840684026
v -3.5280928E-07 1.17509592 0.0708551332
v 0.00955878198 1.15023124 0.084069401
v -0.0182860103 1.16960824 0.0654715747
v 0.0182853024 1.16960812 0.0654686615
v -0.015860552 1.20889986 0.0413481072
v -0.0333177671 1.20514107 0.033206597
v 0.0161361136 1.20950091 0.0413278267
v 0.033317063 1.20514107 0.033206597
v -3.50293107E-07 1.21122181 0.0456692688
v -0.0147840688 1.20751679 0.0397833847
v -0.038059134 1.19631684 0.0361482166
v -3.52064262E-07 1.19429743 0.0397717841
v 0.0157178305 1.20787537 0.0395463146
v 0.0380584262 1.19631696 0.0361482315
v -3.50293107E-07 1.20997047 0.0435494669
v 0.499808878 1.17155337 -0.0113191092
v 0.455316842 1.18977141 0.00275787758
v 0.499808848 1.18321502 -0.0243195221
v 0.499808997 1.16680551 0.0030032848
v 0.499808848 1.19976079 -0.0196878817
v 0.499808878 1.1734488 0.0174363833
v 0.499808878 1.20781016 -0.00746084005
v 0.499808788 1.18416071 0.0260977503
v 0.499808788 1.2069186 0.00625486532
v 0.499808848 1.19962299 0.0200320091
v 0.0791151524 1.1808306 -0.0585540384
v 0.0660087764 1.15720999 -0.0633545145
v 0.066846244 1.15716469 -0.061144907
v 0.0406551845 1.18323135 -0.0620816164
v 0.052834373 1.13524485 -0.0637028664
v -2.39131327E-06 1.15766549 -0.0681832209
v -4.85185225E-10 1.18289411 -0.062801443
v -0.0406551771 1.18323135 -0.0620818026
v 0.051112514 1.1352843 -0.0662054047
v 0.0311304666 1.11240983 -0.0650323555
v -0.0660124794 1.15720999 -0.0633545071
v -0.0791151524 1.1808306 -0.0585540459
v -0.0668428764 1.15716469 -0.0611449219
v 4.9391947E-06 1.12980711 -0.0717964694
v -0.0511099622 1.1352843 -0.0662054271
v -0.0528318547 1.13524485 -0.063702859
v 0.0279009696 1.112275 -0.0681753606
v 0.0198387858 1.10027587 -0.0654135197
v 0.0201546922 1.11230421 -0.0700895041
v 0.015178361 1.10014355 -0.0689242929
v -3.44279073E-07 1.07936537 -0.0662363097
v -3.53300265E-07 1.11114562 -0.073175326
v -0.0279035848 1.112275 -0.0681753457
v -0.0311318245 1.11240983 -0.0650323108
v -3.50293249E-07 1.09947073 -0.0718181282
v -0.0201526489 1.11230421 -0.0700895414
v -0.0151790595 1.10014355 -0.0689242929
v -0.0198394861 1.10027587 -0.0654135421
v -3.50293192E-07 1.08483005 -0.0695248619
v -0.0275546163 1.14869106 0.093108654
v -0.0276027508 1.14863932 0.0913958028
v -0.041509971 1.15646172 0.0839067921
v -0.0168942716 1.14335835 0.0962541848
v -0.017103387 1.14396739 0.0978412107
v -0.00503867958 1.13680351 0.102090634
v -0.00499251625 1.13736176 0.102856889
v -0.0045488067 1.13870394 0.103547409
v -3.99883447E-07 1.13135386 0.104903445
v -0.0161874779 1.1456368 0.098667942
v -0.0419606976 1.15570009 0.0852362886
v -0.0273650065 1.15053737 0.0941108987
v -0.0568649769 1.16398633 0.0766559094
v -0.0546164028 1.16346896 0.0753961578
v -0.0704426467 1.17508566 0.0625367984
v -0.0114651034 1.15061939 0.0944431871
v -0.041054152 1.15712166 0.0868856758
v -0.0729537308 1.17514706 0.0643957779
v -0.0861255452 1.19442236 0.0394896604
v -0.0563321784 1.16549432 0.0780524984
v -0.0357246511 1.16802239 0.0766985565
v -0.019801259 1.15725482 0.0885820761
v -0.00608445331 1.14563417 0.0979977325
v -0.00577990199 1.15211022 0.090005368
v -0.00185166788 1.14166629 0.0991823673
v -0.00334957498 1.14637208 0.0949755758
v -0.0009362321 1.13719821 0.103288859
v -0.000252593833 1.1364094 0.101552673
v -0.00261043757 1.13547611 0.0986068547
v -0.0043958649 1.13906169 0.0947819129
v -0.00233924831 1.14538455 0.0935418382
v -0.000788441568 1.1402086 0.098115541
v -0.00955948606 1.15023124 0.0840684026
v -0.00480362494 1.15097344 0.0882286653
v -0.00947898906 1.16022766 0.0823961794
v -0.00823817868 1.15865731 0.0807406902
v -0.0135683073 1.1715728 0.0689589381
v -0.0182860103 1.16960824 0.0654715747
v -0.0148892729 1.17272127 0.0705656484
v -0.0200378764 1.18616271 0.055290997
v -0.0333177671 1.20514107 0.033206597
v -0.0215989128 1.18716729 0.0569768958
v -0.0280148163 1.20685303 0.036036063
v -0.0332181826 1.22239065 0.0190626383
v -0.0384525396 1.21511722 0.017650377
v -0.0502189733 1.18096888 0.0623414628
v -0.0550745763 1.2017585 0.0394422039
v -0.0305648539 1.20818543 0.0369951278
v -0.0369621739 1.23675096 -0.000211349427
v -0.0431830883 1.22682405 -0.000289584103
v -0.0365110189 1.22424483 0.0206975881
v -0.0730925351 1.17699504 0.0658335984
v -0.0351824164 1.24437618 -0.0183360744
v -0.0442175083 1.23540223 -0.0204163995
v -0.0416629985 1.23928642 -9.83482605E-05
v -0.0712310225 1.1987828 0.0409977511
v -0.0898032486 1.1962707 0.042915076
v -0.0291934218 1.24740875 -0.0276681613
v -0.0308130849 1.23867154 -0.0326826237
v -3.50293163E-07 1.24898994 -0.035226386
v -3.50293192E-07 1.24026942 -0.039865423
v 0.030812379 1.23867154 -0.03268262
v -0.0400689729 1.24684811 -0.0187400747
v -0.0823018402 1.21468127 0.0204947609
v -0.0905034244 1.19435775 0.0414981544
v -0.0989757627 1.21265233 0.0202470515
v -0.0964821354 1.21258211 0.0191496983
v -0.099055402 1.21427512 0.0211434793
v -0.10267695 1.22289157 0.00236835098
v -0.0985165834 1.22199845 0.00154480874
v -0.102861919 1.22487342 0.00228576455
v -0.105154723 1.22448671 -0.0170123652
v -0.10099712 1.22412574 -0.0173778143
v -0.106577061 1.21828294 -0.034397848
v -0.102857336 1.21830475 -0.0341102444
v -0.105338745 1.22627664 -0.0173697323
v -0.0866449699 1.22605836 0.00116363063
v -0.10748098 1.2042371 -0.0455751643
v -0.102198683 1.20445991 -0.0464157388
v -0.0959745273 1.17905879 -0.055508364
v -0.0646666586 1.21676135 0.019853007
v -0.0528266244 1.2184521 0.0199507829
v -0.0676719993 1.22805321 0.000341272564
v -0.0522396453 1.23174608 1.67390699E-05
v -0.0871515125 1.22924089 -0.0191608835
v -0.0676551387 1.23331201 -0.0200558156
v -0.0507393815 1.23869872 -0.020058386
v -0.0522524118 1.2310102 -0.0404087007
v -0.0871328339 1.22392738 -0.0372640155
v -0.0308140032 1.25071025 -0.0318274237
v -0.0365775377 1.24159503 -0.0358385071
v -0.106598221 1.2203964 -0.0352936424
v -0.107854851 1.20555735 -0.0477483682
v -3.50293163E-07 1.25176919 -0.0406463891
v -0.0875665247 1.20768309 -0.0503926724
v -0.108819567 1.17890465 -0.0562155955
v -0.0791151524 1.1808306 -0.0585540459
v 0.0308132991 1.25071025 -0.0318274237
v 0.0291927196 1.24740875 -0.0276681613
v 0.0442175083 1.23540223 -0.0204163995
v 0.0351817198 1.24437618 -0.0183360744
v 0.0431823954 1.22682405 -0.000289585878
v 0.0400682837 1.24684846 -0.0187398735
v 0.036961481 1.23675096 -0.00021134883
v 0.038451843 1.21511722 0.017650377
v 0.0416623056 1.23929083 -9.55694923E-05
v 0.033217486 1.22239065 0.019062642
v 0.033317063 1.20514107 0.033206597
v 0.0365103334 1.22424483 0.0206975881
v 0.0365768336 1.24159503 -0.0358385071
v 0.0507386848 1.23869979 -0.0200576875
v 0.0522515997 1.2310102 -0.0404087007
v 0.0522389486 1.23174834 1.82005751E-05
v -3.50293163E-07 1.24184239 -0.0452453755
v -3.50593865E-07 1.23028696 -0.0507622436
v -3.50293192E-07 1.21392596 -0.0585127622
v 0.0528259277 1.2184521 0.0199507643
v 0.0550738797 1.2017585 0.0394422114
v 0.0676544458 1.23331201 -0.0200558081
v 0.067671299 1.22805405 0.000341780542
v -0.0479555987 1.21322823 -0.0553295016
v 0.0646659657 1.21676135 0.0198530164
v 0.0305641498 1.20818543 0.0369951278
v 0.0280141141 1.20685303 0.036036063
v 0.021598205 1.18716729 0.0569768958
v 0.0200369097 1.18616271 0.055290997
v 0.0182853024 1.16960812 0.0654686615
v 0.0135665769 1.17157304 0.0689589456
v 0.00955878198 1.15023124 0.084069401
v 0.0148871271 1.17272127 0.0705636069
v 0.086644277 1.22605848 0.00116370223
v 0.0823018402 1.21468127 0.0204947609
v 0.0871515125 1.22924066 -0.0191608779
v 0.0871328339 1.22392738 -0.0372640193
v 0.105338745 1.22627664 -0.0173697304
v 0.102861062 1.22487342 0.00228576339
v 0.0502182692 1.1809684 0.0623414442
v 0.0357246511 1.16802239 0.0766985565
v 0.0712294951 1.19878745 0.0410007425
v 0.0898025483 1.1962738 0.0429169983
v 0.0730925351 1.17699504 0.0658335984
v 0.0563314706 1.16549397 0.0780613199
v 0.099055402 1.21427512 0.0211434793
v 0.0729537308 1.17514706 0.0643957779
v 0.102676272 1.22289157 0.00236835098
v 0.0989750773 1.21265769 0.0202504583
v 0.105154723 1.22448671 -0.0170123652
v 0.0905014873 1.19436049 0.0414998941
v 0.0861248448 1.19442534 0.0394915938
v 0.0964814201 1.21258211 0.0191496983
v 0.0985171571 1.22199845 0.00154477381
v 0.0704419613 1.17508471 0.062541388
v 0.100996763 1.22412574 -0.0173778143
v 0.0568642691 1.16397965 0.0766626522
v 0.0546164028 1.16346896 0.0753961578
v 0.041509971 1.15646172 0.0839067921
v 0.106577061 1.21828294 -0.0343978554
v 0.102856994 1.21830475 -0.0341102444
v 0.10748098 1.2042371 -0.0455751643
v 0.10219834 1.20445991 -0.0464157462
v 0.0959743485 1.17905879 -0.0555083603
v 0.106598221 1.2203964 -0.0352936499
v 0.041054152 1.15712166 0.0868856758
v 0.0419606976 1.15570009 0.0852362886
v 0.107854851 1.20555472 -0.0477483608
v 0.108819567 1.17890465 -0.0562155806
v 0.0791151524 1.1808306 -0.0585540384
v 0.0273650065 1.15053737 0.0941108987
v 0.0275546163 1.14869106 0.093108654
v 0.0276027508 1.14863932 0.0913958028
v 0.0168942716 1.14335835 0.0962541848
v 0.017103387 1.14396739 0.0978412107
v 0.00503864 1.13680565 0.102087274
v 0.108822517 1.17927754 -0.0583170876
v 0.019801259 1.15725482 0.0885820761
v 0.0161874779 1.1456368 0.098667942
v 0.00454809936 1.13870251 0.103540078
v 0.00499180937 1.13736033 0.102856889
v -3.99883447E-07 1.13135386 0.104903445
v 0.0114651034 1.15061939 0.0944431871
v 0.00947828218 1.16022813 0.0824025869
v 0.00577919511 1.15210998 0.0899967551
v 0.0082374718 1.15865624 0.0807320699
v 0.00480362494 1.15097344 0.0882286653
v 0.00233854144 1.14538467 0.0935320184
v 0.0043958649 1.13906169 0.0947819129
v 0.00608374598 1.14563417 0.0979884341
v 0.00334957498 1.14637208 0.0949755758
v 0.00185166788 1.14166629 0.0991823673
v 0.000788441568 1.1402086 0.098115541
v 0.000252593833 1.1364094 0.101552673
v 0.00261043757 1.13547611 0.0986068547
v 0.0009362321 1.13719821 0.103288859
v 0.0875665247 1.20768297 -0.0503926724
v 0.0882411748 1.18165505 -0.0609754547
v 0.0479538701 1.21322823 -0.0553295016
v -2.10175969E-07 1.18312347 -0.0683287829
v 0.108824544 1.15455711 -0.058345221
v 0.043585632 1.18387163 -0.0657026693
v -9.55346025E-08 1.15645099 -0.0736005679
v -0.0435862541 1.18387163 -0.0657026693
v 0.088240847 1.15606487 -0.0624197312
v 0.108824544 1.15436459 -0.0562993512
v 0.0882408321 1.15606487 -0.0596991107
v 0.0406551845 1.18323135 -0.0620816164
v 0.108824529 1.13348472 -0.0558967926
v 0.0394632928 1.15822256 -0.0667083785
v -4.85185225E-10 1.18289411 -0.062801443
v 0.0437933058 1.1572721 -0.0689248741
v 0.108824536 1.13346505 -0.057982754
v 0.0890272409 1.13381386 -0.0609477498
v -2.20612986E-10 1.15752649 -0.0698086694
v -0.0406551771 1.18323135 -0.0620818026
v 0.0890272409 1.13377368 -0.0641648397
v 0.108824506 1.1095221 -0.0560075901
v 0.0439664312 1.1345849 -0.068711333
v 0.108824506 1.10952842 -0.0581362061
v 0.0890272334 1.10850036 -0.0636324361
v 0.0439663678 1.1345849 -0.0718517303
v 0.0890272334 1.10858691 -0.0656716973
v 0.0436640978 1.10889554 -0.071761027
v 0.0439034961 1.10874557 -0.0737096518
v -1.36167743E-13 1.13459742 -0.0736783966
v -1.36159964E-13 1.13378811 -0.0764641091
v -1.36140258E-13 1.10784292 -0.0764890239
v -1.36136856E-13 1.10764408 -0.0783434734
v -0.0439034961 1.10874557 -0.0737096369
v -0.0439664312 1.1345849 -0.0718517303
v -0.0436640978 1.10889554 -0.0717610419
v -0.0439664312 1.1345849 -0.0687113181
v -0.0890272334 1.10858691 -0.0656716973
v -0.0437936187 1.1572721 -0.0689248741
v -0.0890272409 1.13377368 -0.0641648322
v -0.0890272334 1.10850036 -0.0636324584
v -0.0394632891 1.15822256 -0.0667084605
v -0.088240847 1.15606487 -0.0624197423
v -0.108824506 1.10952842 -0.0581361949
v -0.0890272409 1.13381386 -0.0609477498
v -0.0882408321 1.15606487 -0.0596991181
v -0.108824536 1.13346505 -0.0579827689
v -0.108824506 1.1095221 -0.0560075827
v -0.108824529 1.13348651 -0.0558967851
v -0.108824544 1.15436459 -0.0562993623
v -0.108824544 1.15455711 -0.0583452322
v -0.0882411748 1.18165505 -0.0609754734
v -0.108822517 1.17927754 -0.0583170764
v -0.0387674198 1.14509737 0.0949528962
v -0.0168942716 1.14335835 0.0962541848
v -0.0206087045 1.14013314 0.101065576
v -0.0112475874 1.13670993 0.10408175
v -0.0276027508 1.14863932 0.0913958028
v -0.00503867958 1.13680351 0.102090634
v -3.64016273E-07 1.13095284 0.110087924
v -0.0579605661 1.15399873 0.0847973973
v -0.041509971 1.15646172 0.0839067921
v -0.0546164028 1.16346896 0.0753961578
v -0.068222627 1.15939724 0.0760568231
v -0.0704426467 1.17508566 0.0625367984
v -3.99883447E-07 1.13135386 0.104903445
v -0.079165943 1.17412496 0.0633250624
v 0.00503864 1.13680565 0.102087274
v -0.0861255452 1.19442236 0.0394896604
v 0.0112475473 1.1367116 0.104078807
v 0.0168942716 1.14335835 0.0962541848
v 0.020607993 1.14013231 0.10104949
v 0.0387667045 1.14509094 0.0949482694
v 0.0276027508 1.14863932 0.0913958028
v 0.0579605661 1.15399873 0.0847973973
v 0.041509971 1.15646172 0.0839067921
v 0.0546164028 1.16346896 0.0753961578
v 0.068222627 1.15939724 0.0760568231
v 0.0704419613 1.17508471 0.062541388
v 0.0791652501 1.174124 0.0633273572
v 0.0861248448 1.19442534 0.0394915938
v 0.0838742107 1.17316341 0.0625587478
v 0.0767972767 1.15825808 0.079550229
v 0.0701358467 1.15996301 0.0776272118
v 0.089740932 1.19311738 0.0403393395
v 0.0964814201 1.21258211 0.0191496983
v 0.0876701698 1.16893685 0.0613739863
v 0.0655379593 1.14923382 0.0910260305
v 0.0595861524 1.15429819 0.0852039307
v 0.0930516496 1.19068551 0.0398402475
v 0.0816160962 1.15294266 0.0775053799
v 0.0876932442 1.16705227 0.0588580482
v 0.0934110358 1.18904173 0.0388884433
v 0.041680526 1.14217496 0.102940544
v 0.0397546366 1.14532733 0.096478574
v 0.0211899746 1.14008784 0.103947043
v 0.0981036276 1.21234691 0.0192809924
v 0.0985171571 1.22199845 0.00154477381
v 0.0950724259 1.21246827 0.0186885763
v 0.0850441083 1.18818331 0.03779779
v 0.0722201839 1.16719306 0.0589373522
v 0.0815447047 1.15148354 0.0747314021
v 0.0520341843 1.14351618 0.0886770263
v 0.0752627328 1.14642715 0.0853601694
v 0.0654664189 1.14220691 0.0919402838
v 0.07452932 1.14493728 0.0827649087
v 0.0648621842 1.14161789 0.0889514536
v 0.0410853103 1.13661218 0.0992015451
v 0.0338063687 1.13962352 0.0965801254
v 0.0415822305 1.13768184 0.102280155
v 0.0223743692 1.13555646 0.104234353
v 0.0189178102 1.1371454 0.0993109271
v 0.0121890241 1.13642132 0.0989748091
v 0.0180338621 1.1343087 0.106077351
v 0.0221962873 1.13628566 0.106379233
v 0.0217934456 1.13903034 0.107661061
v 0.0131560778 1.13632488 0.108598553
v 0.011979619 1.13679302 0.106524162
v -0.0131567856 1.13632381 0.108601317
v -0.011980325 1.13679147 0.106524162
v -0.0211906843 1.14008892 0.103967004
v -0.0180345681 1.13428044 0.106080055
v -0.0217941534 1.13902915 0.107661061
v -0.0221969951 1.13628459 0.106379233
v -0.0416812226 1.14218378 0.102939546
v -0.0397546366 1.14532733 0.096478574
v -0.0595861524 1.15429819 0.0852039307
v -0.0223750733 1.13554704 0.104232661
v -0.0121893818 1.13639271 0.0989748091
v -0.0189181641 1.13713241 0.0993109271
v -0.0338067226 1.13962686 0.0965784416
v -0.0410857573 1.13661921 0.0992004052
v -0.0520341843 1.14351618 0.0886770263
v -0.0415826365 1.13768947 0.102279119
v -0.0655379593 1.14923382 0.0910260305
v -0.0701358467 1.15996301 0.0776272118
v -0.0654664189 1.14220679 0.0919402838
v -0.0648621842 1.14161789 0.088951461
v -0.0752627328 1.14642715 0.0853601694
v -0.0767972767 1.15825808 0.079550229
v -0.07452932 1.14493728 0.0827649087
v -0.0815447047 1.15148354 0.0747313946
v -0.0722205341 1.16719508 0.0589373522
v -0.0816160962 1.15294266 0.0775053799
v -0.0838749185 1.17316425 0.0625587478
v -0.0876939446 1.16705334 0.0588580482
v -0.0876705423 1.16893506 0.0613739863
v -0.0897416398 1.19311738 0.0403393395
v -0.0964821354 1.21258211 0.0191496983
v -0.0930523351 1.19068551 0.0398402475
v -0.0934117585 1.18904173 0.0388884433
v -0.0850444585 1.18818331 0.03779779
v -0.0981043428 1.21234691 0.0192809924
v -0.0985165834 1.22199845 0.00154480874
v -0.0950727835 1.21246827 0.01868858
v 0.0476184562 0.987166643 -0.032322146
v 0.0405067019 0.987289846 -0.0342589691
v 0.0416079573 0.98818028 -0.0439951159
v 0.0405096486 0.958760917 -0.0368730687
v 0.0487693585 0.988056839 -0.0420575961
v 0.0416022353 0.959651291 -0.0466093756
v 0.0487646274 0.95952785 -0.044671841
v 0.0476197414 0.958637655 -0.0349363051
v 0.0510481112 0.961043775 0.0704697892
v 0.0561328009 0.955299556 0.0699649975
v 0.058493495 0.960638642 0.0691552609
v 0.0511188693 0.953292668 0.0717962906
v 0.0566986687 0.966182232 0.0700485185
v 0.0463632941 0.9557935 0.0735763609
v 0.0518928617 0.968683243 0.0719750524
v 0.0446413644 0.961337209 0.074469611
v 0.0468978174 0.966676235 0.073806338
v -0.0510498472 0.961043775 0.0704697818
v -0.0584975891 0.960638642 0.0691552609
v -0.0561372451 0.955299556 0.0699649975
v -0.0511236712 0.953292668 0.0717962906
v -0.0566997565 0.966182232 0.0700485185
v -0.0463682599 0.9557935 0.0735763609
v -0.0518940538 0.968683243 0.0719750524
v -0.0446432717 0.961337209 0.074469611
v -0.0468996763 0.966676295 0.0738063306
v -0.0395294987 0.986853898 -0.0341146365
v -0.0333417654 0.987446785 -0.0457237549
v -0.03238938 0.986873984 -0.0359481238
v -0.0325231515 0.958274424 -0.0376161337
v -0.0405315496 0.987426758 -0.0446422026
v -0.0334668569 0.958847225 -0.0473917909
v -0.0406576395 0.958827138 -0.0455583073
v -0.0396616124 0.958254278 -0.0357826762
v 0.0277119912 0.977953315 0.112062983
v 0.0311128963 1.00474191 0.109602734
v 0.0273519754 0.979605913 0.110642575
v 0.0230500568 0.956486106 0.110348672
v 0.0313078798 1.00308657 0.112376258
v 0.0381573848 1.03711748 0.105856389
v 0.0386870392 1.0362823 0.110566624
v 0.0400919132 1.05824316 0.105399013
v 0.0396203622 1.05775154 0.111200891
v 0.0372505039 1.08084309 0.10858161
v 0.0375023112 1.07988358 0.112590946
v 0.0240387525 1.09870899 0.110507131
v 0.0238258243 1.0990063 0.113271728
v 0.0096559776 1.11654735 0.111291341
v 0.00636918331 1.11734629 0.112670705
v 0.0161679313 1.0984509 0.11665082
v 0.000668021035 1.11752367 0.112359263
v 0.0268456694 1.08020914 0.119481407
v 0.00709317112 1.09919298 0.115207963
v -0.00400627917 1.11687481 0.111524135
v 0.0304851476 1.05779791 0.120380878
v 0.0298213959 1.03700662 0.119472347
v 0.0121072102 1.08009005 0.117877938
v 0.0262062065 1.00163841 0.11558874
v 0.0159054473 1.05829144 0.119053148
v 0.0195729695 1.03727329 0.117745757
v 0.0114277517 1.05781436 0.123227142
v 0.00629321719 1.08015871 0.120199084
v -0.0012136288 1.09910178 0.11448776
v 0.0159229636 1.03614664 0.122108541
v 0.0227586925 0.975263894 0.113432921
v -0.0117257787 1.09845233 0.112703957
v -0.00739144906 1.11656404 0.10975562
v -0.0114098806 1.09883332 0.109009922
v -0.0147935916 1.07980168 0.108673282
v -0.0148769114 1.07995152 0.113409489
v -0.0138709163 1.06099331 0.107872233
v -0.0144070098 1.05986917 0.114457786
v -0.00206174492 1.03248775 0.10888163
v 0.000972267357 1.05821061 0.12287385
v -0.00221237307 1.03121758 0.115914367
v 0.0100387204 1.00061083 0.110430218
v 0.00678178575 1.03446627 0.122273214
v 0.0106082261 1.00067496 0.114753768
v 0.017380327 0.977043808 0.11136768
v 0.0222534444 1.00122535 0.118422985
v 0.0169089045 1.00006711 0.117880598
v 0.0182757378 0.975850344 0.113423057
v 0.0231804345 0.959168553 0.110726662
v -0.0233213846 0.971046746 0.1279677
v -0.0123729594 1.00719857 0.129583642
v -0.0233951733 0.972921073 0.126848117
v -0.0293674897 0.946283877 0.123687096
v -0.0126736891 1.00755167 0.133298904
v 0.00229978119 1.04062378 0.128571853
v 0.00177616742 1.04031014 0.134985477
v 0.0141966073 1.06330407 0.12568967
v 0.0133220833 1.06378973 0.13315466
v 0.017042581 1.08321595 0.121569633
v 0.0168182552 1.08468831 0.127322629
v 0.00959268771 1.10125411 0.11677625
v 0.00943514425 1.10297799 0.119628578
v 0.0050402265 1.11765802 0.113095917
v 0.00305328262 1.11814225 0.113856487
v 0.00296265888 1.10335314 0.123902902
v -0.000658037141 1.11870837 0.113964364
v 0.00368117052 1.08541787 0.131441385
v -0.00136911811 1.06465316 0.137159124
v -0.0101531865 1.04288185 0.1371997
v -0.0204428546 1.00578439 0.133464411
v -0.00266671879 1.10394609 0.123515956
v -0.00669785263 1.08553445 0.131262705
v -0.0157531481 1.06514955 0.135298401
v -0.00886323769 1.08473063 0.125147685
v -0.00362105505 1.10250401 0.119312115
v -0.00844477862 1.10425949 0.119662963
v -0.00627144193 1.11792064 0.114100017
v -0.0237486623 1.04455829 0.135408044
v -0.0303703975 0.970173776 0.12675558
v -0.0172558371 1.06517935 0.131656036
v -0.0150984935 1.08623576 0.126451209
v -0.0133197643 1.10436904 0.118122183
v -0.0264751539 1.08775032 0.124869153
v -0.0171323586 1.10431862 0.115388162
v -0.00945126079 1.11671054 0.112189144
v -0.0171023645 1.10414934 0.112568483
v -0.033083614 1.0865593 0.111462407
v -0.0328593776 1.08786011 0.118006878
v -0.0380393676 1.06698763 0.111899272
v -0.0393566489 1.06739831 0.11988584
v -0.0389278047 1.04785812 0.114125662
v -0.0321935415 1.06760049 0.127894297
v -0.0402842127 1.0474093 0.120226838
v -0.0370901003 1.00888753 0.118619747
v -0.0344690867 1.04643655 0.129508391
v -0.0378714614 1.00907671 0.122666031
v -0.0322813988 0.972266436 0.121579006
v -0.0299571361 1.00549912 0.132135436
v -0.0335616283 1.00727427 0.12995863
v -0.0325754173 0.971565902 0.123419985
v -0.0290754493 0.94963634 0.124352179
vt 0.713568211 0.514204502
vt 0.71086216 0.50862956
vt 0.715074778 0.516543984
vt 0.339010864 0.953185141
vt 0.339935899 0.953189552
vt 0.276946455 0.95314306
vt 0.519130349 0.57687068
vt 0.5 0.570718348
vt 0.517819881 0.578050792
vt 0.528348148 0.584164023
vt 0.529051304 0.582711875
vt 0.548695445 0.59046483
vt 0.547350466 0.593129575
vt 0.57100898 0.605285287
vt 0.573376656 0.603261292
vt 0.589282095 0.613803208
vt 0.587090492 0.614404976
vt 0.604716003 0.634878218
vt 0.480869681 0.57687068
vt 0.482180178 0.578050792
vt 0.5 0.570718348
vt 0.471651882 0.584164023
vt 0.470948726 0.582711875
vt 0.451304615 0.591950834
vt 0.452649474 0.594615579
vt 0.42899099 0.605285287
vt 0.426623464 0.603261292
vt 0.410717905 0.615964592
vt 0.412909567 0.61656636
vt 0.394664645 0.634369075
vt 0.562041104 0.98726356
vt 0.558009028 0.984042764
vt 0.546098053 0.987961531
vt 0.530155003 0.985129774
vt 0.530155003 0.988659143
vt 0.514186323 0.987963319
vt 0.502375543 0.983983278
vt 0.498269081 0.987263441
vt 0.504843891 0.981177986
vt 0.530160964 0.981671095
vt 0.55558306 0.981271148
vt 0.509660482 0.978164196
vt 0.530154943 0.978083134
vt 0.550827861 0.978306532
vt 0.520267963 0.969691157
vt 0.530154884 0.969822288
vt 0.540042102 0.969691157
vt 0.530155003 0.957821786
vt 0.677229047 0.805559516
vt 0.661846578 0.817561984
vt 0.66809231 0.816286922
vt 0.665018857 0.797376513
vt 0.687124193 0.787902236
vt 0.666083157 0.756770253
vt 0.692449212 0.769453764
vt 0.689293206 0.752093196
vt 0.649528086 0.80254364
vt 0.654164135 0.816498876
vt 0.643647254 0.786361217
vt 0.636012435 0.766310334
vt 0.637975395 0.749183774
vt 0.644614518 0.725371122
vt 0.666321814 0.715226769
vt 0.679706752 0.726866007
vt 0.654802859 0.704519987
vt 0.672813058 0.704372287
vt 0.667644799 0.684122205
vt 0.740687251 0.799985528
vt 0.724235713 0.812675834
vt 0.732323945 0.812736511
vt 0.726522386 0.792010427
vt 0.748384714 0.780724645
vt 0.726177692 0.748787999
vt 0.753600478 0.760919929
vt 0.750462353 0.743080735
vt 0.710763991 0.797958493
vt 0.716635346 0.813447952
vt 0.704033196 0.780357361
vt 0.697421193 0.75917244
vt 0.699728489 0.740998387
vt 0.705000401 0.716090918
vt 0.724630654 0.704410672
vt 0.738978505 0.716887712
vt 0.712988913 0.694378018
vt 0.730182648 0.695149183
vt 0.72390902 0.674151897
vt 0.283453703 0.520724833
vt 0.246944115 0.508151829
vt 0.240111917 0.513670206
vt 0.286607325 0.516052842
vt 0.29135713 0.531082451
vt 0.291293323 0.548214078
vt 0.288838387 0.508538604
vt 0.254036099 0.496959925
vt 0.29238838 0.485159636
vt 0.259925306 0.482602835
vt 0.299998969 0.512988627
vt 0.30300945 0.538858652
vt 0.309976548 0.55123955
vt 0.307255268 0.528186679
vt 0.296090364 0.473026097
vt 0.26445055 0.464792669
vt 0.271605611 0.45106113
vt 0.312474608 0.499764681
vt 0.315686017 0.566286206
vt 0.301365703 0.570998549
vt 0.305005044 0.454832613
vt 0.275956273 0.431241989
vt 0.31354335 0.488319188
vt 0.319850445 0.574990869
vt 0.309019983 0.580567718
vt 0.316402972 0.477532864
vt 0.324412912 0.580712378
vt 0.319961339 0.58508426
vt 0.331981987 0.582235515
vt 0.332501799 0.586484015
vt 0.320985824 0.574203074
vt 0.317260563 0.566424251
vt 0.325346142 0.579271257
vt 0.332121193 0.579864144
vt 0.313343614 0.554163098
vt 0.339897722 0.576021552
vt 0.314833522 0.541427135
vt 0.340371728 0.577579796
vt 0.347441226 0.567766249
vt 0.313722134 0.538934469
vt 0.343968093 0.581594944
vt 0.348295748 0.584420145
vt 0.349274307 0.568564117
vt 0.354618669 0.554918766
vt 0.323670954 0.531291544
vt 0.3246755 0.532905221
vt 0.325423181 0.524542451
vt 0.355393797 0.570383847
vt 0.355527639 0.555039585
vt 0.35504818 0.543382645
vt 0.356778026 0.542893708
vt 0.357941508 0.540781617
vt 0.36410895 0.553916156
vt 0.36704123 0.537049294
vt 0.365852147 0.572048068
vt 0.370443434 0.578242362
vt 0.411401451 0.567476809
vt 0.373810709 0.549892724
vt 0.381536007 0.531843364
vt 0.402635902 0.545709193
vt 0.393723518 0.52821821
vt 0.390210122 0.557563722
vt 0.433069497 0.5472579
vt 0.413424373 0.532791615
vt 0.410786361 0.52250731
vt 0.430950493 0.535595536
vt 0.447666287 0.529758632
vt 0.460172415 0.544392049
vt 0.422629744 0.525741577
vt 0.469593376 0.527224541
vt 0.479945362 0.540914118
vt 0.483106613 0.527310312
vt 0.488986939 0.540988445
vt 0.42602852 0.519742608
vt 0.426871151 0.512702346
vt 0.435815424 0.528581917
vt 0.438003033 0.52283603
vt 0.439899594 0.51377821
vt 0.42639339 0.500463724
vt 0.474000573 0.513240933
vt 0.499887228 0.513138771
vt 0.499957711 0.526976824
vt 0.5 0.538195312
vt 0.510953367 0.541002512
vt 0.4503465 0.513912797
vt 0.516859889 0.527383804
vt 0.520432413 0.540985703
vt 0.440272897 0.501807749
vt 0.47282964 0.501782298
vt 0.530421853 0.527420819
vt 0.540689707 0.544875503
vt 0.551796317 0.530251682
vt 0.563374996 0.548922718
vt 0.525743842 0.513328433
vt 0.438343912 0.486186147
vt 0.424207568 0.485321492
vt 0.451128274 0.502160907
vt 0.435435474 0.468459845
vt 0.423942715 0.468407959
vt 0.422290385 0.450065643
vt 0.451032072 0.486177534
vt 0.449933022 0.467644066
vt 0.472177356 0.467147797
vt 0.47193554 0.485836267
vt 0.447154462 0.448623568
vt 0.415902346 0.404836297
vt 0.499755442 0.485805392
vt 0.499827415 0.501547694
vt 0.526756823 0.501817882
vt 0.549063802 0.514143705
vt 0.442243606 0.391417146
vt 0.439921349 0.369786114
vt 0.415298074 0.389274746
vt 0.414254278 0.380490422
vt 0.472201288 0.447813869
vt 0.431872219 0.363564342
vt 0.412942767 0.37186265
vt 0.412595034 0.369707227
vt 0.46516186 0.337744057
vt 0.430486798 0.320615798
vt 0.470825851 0.348147005
vt 0.501366377 0.331442833
vt 0.499645323 0.447941005
vt 0.473977923 0.390110433
vt 0.472643107 0.372816414
vt 0.499686867 0.467030346
vt 0.527485132 0.485796571
vt 0.501912236 0.394489914
vt 0.527132273 0.466975689
vt 0.548221409 0.502273679
vt 0.527091026 0.447463512
vt 0.548207819 0.486142397
vt 0.549124241 0.46742627
vt 0.560788631 0.486172915
vt 0.558940411 0.501932681
vt 0.559250414 0.514059186
vt 0.57270354 0.500567198
vt 0.574851513 0.485298872
vt 0.572112262 0.51291585
vt 0.56349951 0.46829468
vt 0.574909687 0.468280077
vt 0.576143444 0.449881732
vt 0.551617742 0.448104501
vt 0.582789838 0.409215957
vt 0.557487905 0.387516767
vt 0.585028052 0.386565298
vt 0.560963213 0.523285627
vt 0.53008467 0.391797692
vt 0.529289961 0.373935878
vt 0.560061932 0.372577935
vt 0.570482135 0.364538431
vt 0.586683273 0.37542361
vt 0.58771044 0.370509237
vt 0.589327216 0.365628779
vt 0.572798789 0.520027578
vt 0.588126838 0.522502899
vt 0.575947821 0.526075304
vt 0.50013423 0.371104211
vt 0.532816112 0.362296402
vt 0.500671148 0.361137629
vt 0.56278646 0.529209733
vt 0.56673795 0.536623359
vt 0.596640289 0.543908358
vt 0.588899791 0.567129552
vt 0.585284352 0.532580733
vt 0.605656803 0.527793348
vt 0.61821419 0.531547487
vt 0.627222955 0.549598992
vt 0.632672131 0.53731668
vt 0.60918504 0.560074925
vt 0.634105682 0.572985351
vt 0.630842626 0.578739464
vt 0.654323339 0.584273815
vt 0.637112856 0.553036869
vt 0.641214669 0.541027606
vt 0.646409154 0.570367634
vt 0.644582093 0.555486143
vt 0.643336713 0.543158233
vt 0.64495188 0.543382585
vt 0.64540714 0.555055976
vt 0.651216388 0.568192184
vt 0.65269649 0.567640722
vt 0.657172143 0.580736279
vt 0.668436348 0.587250948
vt 0.659433186 0.577175975
vt 0.660027444 0.576144457
vt 0.66776377 0.58115989
vt 0.680276155 0.586682618
vt 0.667949796 0.579864681
vt 0.674742937 0.579452813
vt 0.690208614 0.581292212
vt 0.674285173 0.578880668
vt 0.679868042 0.574735582
vt 0.697975814 0.572057784
vt 0.679130375 0.574315488
vt 0.684129775 0.566195309
vt 0.683059752 0.565959811
vt 0.687579453 0.554665983
vt 0.704997659 0.555586517
vt 0.686267257 0.554484248
vt 0.685166419 0.541427135
vt 0.69677943 0.544023454
vt 0.715074778 0.516543984
vt 0.719697118 0.511510849
vt 0.713568211 0.514204502
vt 0.754448712 0.508023918
vt 0.759902418 0.513680041
vt 0.775747955 0.508806586
vt 0.774026096 0.502727985
vt 0.71086216 0.50862956
vt 0.746028662 0.49718672
vt 0.772198319 0.489513963
vt 0.768928528 0.477418929
vt 0.700094938 0.511719763
vt 0.689508677 0.531068683
vt 0.738879919 0.483625978
vt 0.765983403 0.461649448
vt 0.707177043 0.485804945
vt 0.686230958 0.540029466
vt 0.686895788 0.501861572
vt 0.676586032 0.531553447
vt 0.67532444 0.532905221
vt 0.674880087 0.524895549
vt 0.657408893 0.531824052
vt 0.657877266 0.533213317
vt 0.65799135 0.522329748
vt 0.649545372 0.527303636
vt 0.670909524 0.510017157
vt 0.653894305 0.512607098
vt 0.639824986 0.52136749
vt 0.686746478 0.488190442
vt 0.642059207 0.504934072
vt 0.629521608 0.516275942
vt 0.650014699 0.499698162
vt 0.643689394 0.483611465
vt 0.631672502 0.498331785
vt 0.619221389 0.512639523
vt 0.66710639 0.496259034
vt 0.614743412 0.496743828
vt 0.60782975 0.509766936
vt 0.703659236 0.473134488
vt 0.661580682 0.479642451
vt 0.65358907 0.454156041
vt 0.68401891 0.4775424
vt 0.624442458 0.483053565
vt 0.60398221 0.501719177
vt 0.590523005 0.506112993
vt 0.592980146 0.493671775
vt 0.594301283 0.484538078
vt 0.595976114 0.468177557
vt 0.623685539 0.468296349
vt 0.599195182 0.450764984
vt 0.626681924 0.452107579
vt 0.604816318 0.421164662
vt 0.626739621 0.429853231
vt 0.621532857 0.412050128
vt 0.602904558 0.399783999
vt 0.642873526 0.433213919
vt 0.62845552 0.401998013
vt 0.610106468 0.391161114
vt 0.635694563 0.421106219
vt 0.64970541 0.417877734
vt 0.66166842 0.429926336
vt 0.629133284 0.390846342
vt 0.600993395 0.375112712
vt 0.599235773 0.366202056
vt 0.629597664 0.384492755
vt 0.655714929 0.408946812
vt 0.654828489 0.394109011
vt 0.673888981 0.454780519
vt 0.671430647 0.422821075
vt 0.694843948 0.45482403
vt 0.672504961 0.413419574
vt 0.673244834 0.407048047
vt 0.671667159 0.400595456
vt 0.694064796 0.413210809
vt 0.692262888 0.405901015
vt 0.693105698 0.403782964
vt 0.713418126 0.405599833
vt 0.724237919 0.416817486
vt 0.739694178 0.403115153
vt 0.755803406 0.400368273
vt 0.758192182 0.412747085
vt 0.723204911 0.431047976
vt 0.758869529 0.426540077
vt 0.695370972 0.427444696
vt 0.728222609 0.450777113
vt 0.762364805 0.445759714
vt 0.735574007 0.464703441
vt 0.246944115 0.508151829
vt 0.22425206 0.508806586
vt 0.240111917 0.513670206
vt 0.225973859 0.502727985
vt 0.254036099 0.496959925
vt 0.22780177 0.489513963
vt 0.259925306 0.482602835
vt 0.231071502 0.477418929
vt 0.26445055 0.464792669
vt 0.234016657 0.461649448
vt 0.271605611 0.45106113
vt 0.237634733 0.445761085
vt 0.240085125 0.427392662
vt 0.275956273 0.431241989
vt 0.239150643 0.414290071
vt 0.273552656 0.417122662
vt 0.241086245 0.401709914
vt 0.253636122 0.403298795
vt 0.356778026 0.542893708
vt 0.342122704 0.533213198
vt 0.35504818 0.543382645
vt 0.342720121 0.531890571
vt 0.350233585 0.527316451
vt 0.357941508 0.540781617
vt 0.360460192 0.521496594
vt 0.36704123 0.537049294
vt 0.370437384 0.516333342
vt 0.381536007 0.531843364
vt 0.38042298 0.512659073
vt 0.391559958 0.509798169
vt 0.393723518 0.52821821
vt 0.410786361 0.52250731
vt 0.408646256 0.506085038
vt 0.426871151 0.512702346
vt 0.406202763 0.493665546
vt 0.42639339 0.500463724
vt 0.424207568 0.485321492
vt 0.404830873 0.484573722
vt 0.402967691 0.46831575
vt 0.423942715 0.468407959
vt 0.422290385 0.450065643
vt 0.399398834 0.450973779
vt 0.415902346 0.404836297
vt 0.396321654 0.413561583
vt 0.415298074 0.389274746
vt 0.3973324 0.402489841
vt 0.414254278 0.380490422
vt 0.396333724 0.395245492
vt 0.412942767 0.37186265
vt 0.394499272 0.37994796
vt 0.412595034 0.369707227
vt 0.404422104 0.372311592
vt 0.342720121 0.531890571
vt 0.342122704 0.533213198
vt 0.34232989 0.522372603
vt 0.350233585 0.527316451
vt 0.345821857 0.512407899
vt 0.360460192 0.521496594
vt 0.329443127 0.509789228
vt 0.358360142 0.504963458
vt 0.370437384 0.516333342
vt 0.350118339 0.499738634
vt 0.355946571 0.483807623
vt 0.36806789 0.497953653
vt 0.38042298 0.512659073
vt 0.332904667 0.496235639
vt 0.337769896 0.479870439
vt 0.346177578 0.454073131
vt 0.384693027 0.496661216
vt 0.391559958 0.509798169
vt 0.374968767 0.483103365
vt 0.326080739 0.454807222
vt 0.395320863 0.501690567
vt 0.408646256 0.506085038
vt 0.406202763 0.493665546
vt 0.404830873 0.484573722
vt 0.402967691 0.46831575
vt 0.375530869 0.468496114
vt 0.372411251 0.452465206
vt 0.399398834 0.450973779
vt 0.396321654 0.413561583
vt 0.375866711 0.422433883
vt 0.377311081 0.410494447
vt 0.3973324 0.402489841
vt 0.396333724 0.395245492
vt 0.356708139 0.429528683
vt 0.374458104 0.403610289
vt 0.394499272 0.37994796
vt 0.338456124 0.428277433
vt 0.350118458 0.412136614
vt 0.365682393 0.413265288
vt 0.371509492 0.390944034
vt 0.404422104 0.372311592
vt 0.370387167 0.384519726
vt 0.327857912 0.422336519
vt 0.345530808 0.405150622
vt 0.345150262 0.393916935
vt 0.325974703 0.41231817
vt 0.325180501 0.405794621
vt 0.326825112 0.399147272
vt 0.303854823 0.427196443
vt 0.304003716 0.412474692
vt 0.273552656 0.417122662
vt 0.305629194 0.404983401
vt 0.304711878 0.402835906
vt 0.284113973 0.405366421
vt 0.253636122 0.403298795
vt 0.296605021 0.593949974
vt 0.311514199 0.607470334
vt 0.309095383 0.589955568
vt 0.296034902 0.609625518
vt 0.313009501 0.626598537
vt 0.283159077 0.602748752
vt 0.296649992 0.631085753
vt 0.285118759 0.610652447
vt 0.289138645 0.623481274
vt 0.285854518 0.632870197
vt 0.276016653 0.604579508
vt 0.267365009 0.599181473
vt 0.277448684 0.596279621
vt 0.267365009 0.593596458
vt 0.25728181 0.596279621
vt 0.25157097 0.60274905
vt 0.277150273 0.613071442
vt 0.267365009 0.613480985
vt 0.280096471 0.628644288
vt 0.26736486 0.60533452
vt 0.258713484 0.60457921
vt 0.276609808 0.63547647
vt 0.267365009 0.645698428
vt 0.26736486 0.638082922
vt 0.267365128 0.629853964
vt 0.258120209 0.635476708
vt 0.248875618 0.632870555
vt 0.254633367 0.628643632
vt 0.257579625 0.613072217
vt 0.245591491 0.623481095
vt 0.2363033 0.630804837
vt 0.24961175 0.610651851
vt 0.238694727 0.609625697
vt 0.221720576 0.626598537
vt 0.238125056 0.593949914
vt 0.223216057 0.607470334
vt 0.225634843 0.589955568
vt 0.643336713 0.543158233
vt 0.64495188 0.543382585
vt 0.657877266 0.533213317
vt 0.657408893 0.531824052
vt 0.649545372 0.527303636
vt 0.641214669 0.541027606
vt 0.639824986 0.52136749
vt 0.632672131 0.53731668
vt 0.629521608 0.516275942
vt 0.61821419 0.531547487
vt 0.619221389 0.512639523
vt 0.60782975 0.509766936
vt 0.605656803 0.527793348
vt 0.588126838 0.522502899
vt 0.590523005 0.506112993
vt 0.572112262 0.51291585
vt 0.592980146 0.493671775
vt 0.57270354 0.500567198
vt 0.574851513 0.485298872
vt 0.594301283 0.484538078
vt 0.574909687 0.468280077
vt 0.595976114 0.468177557
vt 0.576143444 0.449881732
vt 0.599195182 0.450764984
vt 0.582789838 0.409215957
vt 0.604816318 0.421164662
vt 0.585028052 0.386565298
vt 0.602904558 0.399783999
vt 0.610106468 0.391161114
vt 0.586683273 0.37542361
vt 0.58771044 0.370509237
vt 0.600993395 0.375112712
vt 0.589327216 0.365628779
vt 0.599235773 0.366202056
vt 0.211489096 0.894157588
vt 0.176387593 0.894096315
vt 0.176387593 0.897584498
vt 0.211489096 0.897647798
vt 0.249722421 0.897743046
vt 0.249722421 0.894253552
vt 0.275216073 0.894316256
vt 0.211489096 0.932611108
vt 0.176387593 0.932531595
vt 0.176387593 0.935772061
vt 0.211489096 0.935854077
vt 0.249722421 0.935961843
vt 0.249722421 0.932717204
vt 0.275216073 0.932806849
vt 0.275216073 0.936053872
vt 0.275216073 0.897808254
vt 0.307998717 0.89439851
vt 0.307998717 0.932918429
vt 0.307998717 0.936167955
vt 0.327397853 0.932982922
vt 0.327397853 0.936232328
vt 0.332503736 0.93624723
vt 0.307998717 0.897893369
vt 0.327397853 0.894445002
vt 0.327397853 0.897939265
vt 0.331615508 0.894458711
vt 0.344546765 0.894500792
vt 0.344546765 0.897976816
vt 0.351112545 0.900245607
vt 0.344546765 0.933035016
vt 0.344546765 0.936282396
vt 0.348215967 0.900280774
vt 0.347100586 0.930454552
vt 0.349427193 0.93128109
vt 0.352934718 0.93529439
vt 0.3549757 0.897300541
vt 0.339935899 0.9489972
vt 0.276946455 0.95314306
vt 0.339935899 0.953189552
vt 0.276946455 0.948953927
vt 0.260395288 0.948953569
vt 0.260395288 0.95314306
vt 0.260395288 0.988751233
vt 0.230692744 0.953145921
vt 0.230692744 0.94895643
vt 0.194575831 0.948993146
vt 0.194575831 0.953187048
vt 0.146677598 0.949049771
vt 0.276946455 0.988758266
vt 0.339010864 0.953185141
vt 0.230692744 0.98876363
vt 0.146677598 0.953244627
vt 0.194575831 0.988837063
vt 0.111396387 0.95333761
vt 0.111396387 0.949140966
vt 0.0890036821 0.949204504
vt 0.146677598 0.988912165
vt 0.194575831 0.993045032
vt 0.230692744 0.992970288
vt 0.260395288 0.992954552
vt 0.276946455 0.992962778
vt 0.146677598 0.993125618
vt 0.339010864 0.993043721
vt 0.111396387 0.993221462
vt 0.339010864 0.98883599
vt 0.111396387 0.989008844
vt 0.339010864 0.988829076
vt 0.0890036821 0.953400195
vt 0.0619447343 0.94929117
vt 0.0890036821 0.989098847
vt 0.0890036821 0.993313491
vt 0.0619447343 0.953489363
vt 0.0464323722 0.94934696
vt 0.0619447343 0.989208758
vt 0.0619447343 0.993425786
vt 0.349106669 0.98850131
vt 0.352015316 0.99141711
vt 0.0464323722 0.953545392
vt 0.0317984931 0.953592241
vt 0.0406958163 0.949373007
vt 0.0317984931 0.949413359
vt 0.0464323722 0.989279568
vt 0.0464323722 0.993496478
vt 0.0413894951 0.993519843
vt 0.0317984931 0.989349425
vt 0.0317984931 0.993564308
vt 0.02606548 0.987968743
vt 0.0281913988 0.955475509
vt 0.0251174532 0.955392897
vt 0.0286905579 0.987204552
vt 0.0211238824 0.95227176
vt 0.0223157518 0.991997302
vt 0.986565769 0.783158779
vt 0.988036156 0.778544366
vt 0.970372081 0.781469226
vt 0.970684588 0.782609403
vt 0.957177639 0.780636966
vt 0.957787871 0.78314364
vt 0.943712234 0.780358553
vt 0.944098949 0.782856405
vt 0.926071227 0.780628026
vt 0.92638278 0.783043146
vt 0.907393277 0.780714154
vt 0.906713843 0.782826364
vt 0.88645035 0.779120326
vt 0.886554956 0.782979965
vt 0.862676978 0.780604303
vt 0.86267364 0.782031715
vt 0.842603147 0.780531943
vt 0.8412413 0.782689214
vt 0.820959568 0.78065151
vt 0.819870234 0.783168256
vt 0.803906679 0.780830026
vt 0.804109633 0.78292191
vt 0.785308123 0.780648589
vt 0.784978151 0.782983363
vt 0.764650166 0.78019774
vt 0.76521486 0.783024788
vt 0.961286366 0.461059004
vt 0.982480586 0.482285917
vt 0.974459171 0.460876763
vt 0.961263001 0.48407805
vt 0.947458506 0.460794091
vt 0.9831779 0.487977415
vt 0.950030327 0.479991674
vt 0.940344691 0.501675844
vt 0.945974588 0.478516042
vt 0.932771683 0.482824713
vt 0.929609179 0.461154193
vt 0.954004169 0.502840042
vt 0.920230269 0.48524487
vt 0.917168915 0.461136818
vt 0.914658487 0.511831641
vt 0.915287614 0.483729422
vt 0.930088043 0.506901681
vt 0.899630427 0.471963167
vt 0.899601042 0.461067408
vt 0.924822927 0.549423039
vt 0.886044323 0.469793409
vt 0.884942532 0.461359471
vt 0.868469179 0.461046904
vt 0.868537366 0.475746214
vt 0.852139175 0.460784197
vt 0.886248469 0.479136348
vt 0.896774411 0.490796804
vt 0.898180127 0.517624259
vt 0.85386467 0.477450162
vt 0.839585066 0.461153448
vt 0.869560003 0.486188322
vt 0.885461211 0.49417156
vt 0.915754318 0.551607549
vt 0.887827754 0.519765437
vt 0.901423752 0.556825399
vt 0.916798711 0.565790594
vt 0.839181304 0.484292835
vt 0.853604555 0.489611387
vt 0.869316041 0.496744603
vt 0.870656967 0.522048295
vt 0.855814576 0.49920401
vt 0.889353514 0.55939573
vt 0.831081271 0.474422932
vt 0.826470673 0.461536378
vt 0.843841791 0.498023957
vt 0.860965908 0.5225088
vt 0.819128811 0.47609821
vt 0.811640859 0.461155266
vt 0.836053491 0.494876504
vt 0.806639314 0.482153118
vt 0.795473039 0.461063474
vt 0.903223574 0.584639788
vt 0.890812933 0.594283998
vt 0.872874737 0.560900748
vt 0.84716785 0.522318244
vt 0.826831996 0.497117847
vt 0.861822844 0.561400652
vt 0.838981986 0.526226878
vt 0.904084682 0.602987289
vt 0.817020535 0.49952203
vt 0.855847657 0.562219441
vt 0.874721825 0.58732605
vt 0.86217916 0.58106488
vt 0.829835713 0.52434957
vt 0.876030266 0.603051305
vt 0.855424941 0.585884631
vt 0.847425222 0.561278999
vt 0.837071836 0.560721457
vt 0.864036322 0.596557498
vt 0.863184571 0.610396981
vt 0.848412335 0.586493373
vt 0.833181798 0.583055377
vt 0.876757383 0.618552148
vt 0.821942866 0.528523505
vt 0.846929073 0.59889853
vt 0.891566515 0.616532505
vt 0.824778676 0.560770571
vt 0.804109812 0.504335761
vt 0.81135118 0.534916878
vt 0.795927286 0.491444021
vt 0.796395838 0.508165717
vt 0.802504539 0.543425441
vt 0.79320693 0.484534472
vt 0.779709339 0.460763901
vt 0.781282187 0.4831689
vt 0.78178066 0.488285661
vt 0.811070919 0.563861012
vt 0.802949309 0.567723393
vt 0.787511408 0.539754987
vt 0.789970577 0.563395143
vt 0.81869477 0.586549282
vt 0.804733336 0.588275433
vt 0.792236388 0.584765911
vt 0.806133032 0.596452117
vt 0.793097913 0.610913396
vt 0.82146585 0.604171216
vt 0.813370168 0.61207521
vt 0.834986746 0.596189916
vt 0.847566605 0.607841372
vt 0.835390627 0.606401443
vt 0.844783545 0.627976954
vt 0.818629503 0.617326677
vt 0.80249846 0.622627258
vt 0.789328337 0.633035898
vt 0.80909723 0.629184783
vt 0.832298398 0.642343581
vt 0.859137058 0.626722515
vt 0.804305553 0.641540885
vt 0.816068709 0.643720269
vt 0.842797339 0.641366005
vt 0.802210331 0.660232902
vt 0.787076712 0.653925955
vt 0.814334035 0.66145587
vt 0.828649223 0.661785245
vt 0.826101959 0.687119007
vt 0.799840033 0.685231805
vt 0.783158779 0.678998232
vt 0.842187941 0.661385238
vt 0.812226176 0.686214685
vt 0.796040952 0.713275075
vt 0.778009355 0.707127869
vt 0.809550822 0.71432811
vt 0.790172458 0.74204284
vt 0.775620043 0.735441446
vt 0.806820989 0.743739069
vt 0.78616482 0.759199858
vt 0.776540399 0.756080568
vt 0.805046022 0.761379004
vt 0.822638333 0.744148433
vt 0.782325864 0.769893289
vt 0.765609264 0.760777533
vt 0.805351794 0.772136867
vt 0.785308123 0.780648589
vt 0.764650166 0.78019774
vt 0.803906679 0.780830026
vt 0.820959568 0.78065151
vt 0.821146846 0.770747304
vt 0.842603147 0.780531943
vt 0.823858678 0.715456247
vt 0.82208693 0.761051357
vt 0.846666574 0.769366324
vt 0.862676978 0.780604303
vt 0.845556557 0.759918034
vt 0.844502926 0.742728472
vt 0.843580961 0.714440227
vt 0.866564393 0.765458465
vt 0.865476608 0.756609201
vt 0.88435334 0.760876
vt 0.88645035 0.779120326
vt 0.907393277 0.780714154
vt 0.864343703 0.740084887
vt 0.842538834 0.686158717
vt 0.906938791 0.76029408
vt 0.926071227 0.780628026
vt 0.883950531 0.752844155
vt 0.863315344 0.712876379
vt 0.86202234 0.684871376
vt 0.920487046 0.760132313
vt 0.943712234 0.780358553
vt 0.883256733 0.736901104
vt 0.905647039 0.751967072
vt 0.882029235 0.710199416
vt 0.861504495 0.660471678
vt 0.903804541 0.738629103
vt 0.920140982 0.752184033
vt 0.941011965 0.763056278
vt 0.880547285 0.681311548
vt 0.861895442 0.642203569
vt 0.957367837 0.765500903
vt 0.957177639 0.780636966
vt 0.939683259 0.755417526
vt 0.87922591 0.655688286
vt 0.878466725 0.63032186
vt 0.901285529 0.710652947
vt 0.918885171 0.738504291
vt 0.898480892 0.68169558
vt 0.916648269 0.709889114
vt 0.896110058 0.656096458
vt 0.893545926 0.624636412
vt 0.937127888 0.738282621
vt 0.913826108 0.680881262
vt 0.911285996 0.655087173
vt 0.893771589 0.634399831
vt 0.93334043 0.709787965
vt 0.952989817 0.739413798
vt 0.908324003 0.632929385
vt 0.929695845 0.68158567
vt 0.95501107 0.757189572
vt 0.971867979 0.75684154
vt 0.971869826 0.766549289
vt 0.970372081 0.781469226
vt 0.988036156 0.778544366
vt 0.99268353 0.761014462
vt 0.99391973 0.755662382
vt 0.971955717 0.73821795
vt 0.993440568 0.737266779
vt 0.949973404 0.709777772
vt 0.971236885 0.70771265
vt 0.992224216 0.706791341
vt 0.970330715 0.678206205
vt 0.990272105 0.677838624
vt 0.947137892 0.680733383
vt 0.968588531 0.652732015
vt 0.98799324 0.652712882
vt 0.985153973 0.634122312
vt 0.926874995 0.656889677
vt 0.944256425 0.655085564
vt 0.963421226 0.63306284
vt 0.982952893 0.610331655
vt 0.925198495 0.644529879
vt 0.942276895 0.63549
vt 0.907395303 0.624757111
vt 0.922697306 0.631145537
vt 0.906595051 0.611029327
vt 0.920725584 0.612006724
vt 0.920337439 0.599623799
vt 0.938278377 0.608633995
vt 0.957073569 0.608736396
vt 0.966636479 0.608696818
vt 0.955834031 0.595098138
vt 0.967958272 0.586660624
vt 0.982067108 0.584277809
vt 0.936909437 0.592679501
vt 0.917648137 0.584307551
vt 0.967395067 0.57020992
vt 0.981586039 0.562648892
vt 0.953888953 0.581064522
vt 0.933732212 0.57475549
vt 0.929944992 0.560354531
vt 0.9515329 0.561143577
vt 0.966873467 0.548822999
vt 0.982195139 0.538567424
vt 0.949563146 0.545872092
vt 0.933258533 0.524532616
vt 0.942506909 0.531969249
vt 0.966594696 0.516052783
vt 0.983782887 0.502569854
vt 0.995631456 0.534837365
vt 0.994976103 0.50122124
vt 0.997579515 0.489787519
vt 0.780662239 0.411617726
vt 0.779453695 0.453414738
vt 0.795296192 0.45341593
vt 0.804109633 0.411617726
vt 0.781921446 0.410815924
vt 0.812073708 0.453420222
vt 0.803510964 0.410815924
vt 0.827147484 0.453508079
vt 0.823676288 0.411617726
vt 0.823605239 0.410815924
vt 0.839526415 0.4534491
vt 0.846135318 0.411617875
vt 0.851504266 0.45330742
vt 0.8470034 0.410816073
vt 0.868770719 0.453460664
vt 0.868094981 0.411617875
vt 0.868008912 0.410815924
vt 0.885084867 0.453413963
vt 0.886972606 0.411617875
vt 0.886899292 0.410816073
vt 0.900132298 0.453415304
vt 0.907588661 0.411617875
vt 0.917103648 0.453400135
vt 0.907490671 0.410816073
vt 0.92941469 0.453495264
vt 0.931678951 0.411617726
vt 0.932152212 0.410815924
vt 0.947631598 0.45342499
vt 0.956025779 0.411617726
vt 0.96122247 0.45341593
vt 0.974621177 0.453414738
vt 0.95666045 0.410815924
vt 0.977715909 0.411617726
vt 0.976775587 0.410815924
vt 0.352012545 0.951028585
vt 0.339935899 0.953189552
vt 0.349391967 0.952777684
vt 0.367053986 0.968089044
vt 0.363146394 0.969386637
vt 0.363103569 0.972183883
vt 0.366981953 0.973584354
vt 0.219639629 0.866963029
vt 0.236491114 0.821045756
vt 0.218082219 0.821211219
vt 0.235459298 0.867740989
vt 0.260405034 0.842538834
vt 0.260442913 0.847119331
vt 0.0134342695 0.783158958
vt 0.0296278968 0.781468928
vt 0.0119637614 0.778544366
vt 0.0293154288 0.782609165
vt 0.042822361 0.780636966
vt 0.0422121286 0.78314364
vt 0.0562877655 0.780358553
vt 0.0559010506 0.782856405
vt 0.0739287734 0.780628026
vt 0.0736172199 0.783043146
vt 0.0926067233 0.780714154
vt 0.0932861567 0.782826364
vt 0.11354965 0.779120326
vt 0.113445044 0.782979965
vt 0.137323022 0.780604303
vt 0.13732636 0.782031715
vt 0.157396853 0.780531943
vt 0.1587587 0.782689214
vt 0.179040432 0.78065151
vt 0.180129766 0.783168256
vt 0.196093306 0.780829966
vt 0.195890367 0.78292191
vt 0.21468991 0.78064847
vt 0.215021849 0.782983363
vt 0.235349834 0.78019774
vt 0.23478514 0.783024788
vt 0.038713634 0.461059004
vt 0.0255408287 0.460876763
vt 0.0175194144 0.482285917
vt 0.038736999 0.48407805
vt 0.0525421761 0.460794151
vt 0.0168220997 0.487977415
vt 0.0499693751 0.479991734
vt 0.0596554801 0.501675844
vt 0.0540260486 0.478516191
vt 0.067228362 0.482824683
vt 0.0703908652 0.461154193
vt 0.0459958315 0.502840042
vt 0.0797696933 0.48524487
vt 0.0828310996 0.461136848
vt 0.0853414983 0.511831582
vt 0.0847123787 0.483729452
vt 0.0699119195 0.506901741
vt 0.100369573 0.471963137
vt 0.100398928 0.461067408
vt 0.0751771107 0.549423039
vt 0.113955706 0.469793409
vt 0.115057513 0.461359471
vt 0.131530792 0.461046904
vt 0.131462589 0.475746244
vt 0.14786078 0.460784227
vt 0.113751531 0.479136288
vt 0.103225566 0.490796804
vt 0.101819843 0.517624259
vt 0.146135375 0.477450192
vt 0.160414949 0.461153388
vt 0.130439967 0.486188352
vt 0.114538833 0.49417159
vt 0.0842456892 0.551607549
vt 0.112172209 0.519765496
vt 0.0985762775 0.556825459
vt 0.0832013339 0.565790534
vt 0.160818651 0.484292835
vt 0.1463954 0.489611357
vt 0.130683869 0.496744573
vt 0.129342988 0.522048295
vt 0.144185424 0.49920404
vt 0.110646471 0.55939573
vt 0.168918774 0.474422932
vt 0.173529327 0.461536378
vt 0.156158194 0.498023957
vt 0.139034078 0.5225088
vt 0.180871144 0.47609821
vt 0.188359126 0.461155295
vt 0.163946554 0.494876474
vt 0.193360686 0.482153118
vt 0.204526961 0.461063474
vt 0.096776396 0.584639788
vt 0.109187067 0.594284058
vt 0.127125263 0.560900807
vt 0.152832106 0.522318184
vt 0.173168004 0.497117817
vt 0.138177171 0.561400712
vt 0.161017984 0.526226878
vt 0.0959153324 0.602987289
vt 0.182979479 0.49952203
vt 0.144152343 0.562219441
vt 0.12527813 0.58732599
vt 0.137820825 0.58106488
vt 0.170164287 0.52434963
vt 0.123969749 0.603051305
vt 0.144575089 0.58588469
vt 0.152574763 0.561278999
vt 0.162928209 0.560721457
vt 0.135963708 0.596557558
vt 0.136815384 0.610396981
vt 0.151587665 0.586493373
vt 0.166818231 0.583055377
vt 0.123242617 0.618552148
vt 0.178057179 0.528523505
vt 0.153070956 0.59889859
vt 0.108433492 0.616532505
vt 0.175221354 0.560770631
vt 0.195890144 0.504335821
vt 0.188648805 0.534916818
vt 0.204072699 0.491444021
vt 0.203604132 0.508165658
vt 0.197495461 0.543425381
vt 0.206793129 0.484534442
vt 0.220290661 0.460763931
vt 0.218717813 0.4831689
vt 0.218219325 0.488285661
vt 0.188929126 0.563861012
vt 0.197050676 0.567723334
vt 0.212488577 0.539754987
vt 0.210029468 0.563395202
vt 0.18130523 0.586549282
vt 0.195266634 0.588275373
vt 0.207763612 0.584765971
vt 0.193866953 0.596452057
vt 0.206902072 0.610913396
vt 0.178534105 0.604171216
vt 0.186629787 0.61207521
vt 0.165013209 0.596189976
vt 0.15243341 0.607841372
vt 0.164609373 0.606401503
vt 0.155216455 0.627976954
vt 0.167701602 0.642343581
vt 0.181370467 0.617326736
vt 0.197501525 0.622627258
vt 0.210671633 0.633035898
vt 0.140862942 0.626722515
vt 0.190902784 0.629184783
vt 0.195694461 0.641540885
vt 0.183931246 0.643720329
vt 0.197789758 0.660233438
vt 0.212923363 0.653926551
vt 0.216841295 0.678998828
vt 0.185665965 0.66145587
vt 0.200160056 0.685232341
vt 0.203959048 0.713275075
vt 0.221990645 0.707127869
vt 0.224379957 0.735441446
vt 0.187773824 0.686214685
vt 0.171350777 0.661785245
vt 0.157812059 0.661385238
vt 0.173898041 0.687119007
vt 0.190449178 0.71432811
vt 0.209827542 0.74204284
vt 0.21383518 0.759199858
vt 0.223459601 0.756080568
vt 0.193179011 0.743739069
vt 0.176141322 0.715456247
vt 0.217674136 0.769893289
vt 0.234390736 0.760777533
vt 0.194953978 0.761379004
vt 0.21468991 0.78064847
vt 0.235349834 0.78019774
vt 0.196093306 0.780829966
vt 0.194648206 0.772136867
vt 0.179040432 0.78065151
vt 0.178853154 0.770747304
vt 0.157396853 0.780531943
vt 0.177361667 0.744148433
vt 0.17791307 0.761051357
vt 0.153333426 0.769366324
vt 0.137323022 0.780604303
vt 0.155497074 0.742728472
vt 0.154443443 0.759918034
vt 0.133435607 0.765458465
vt 0.134523392 0.756609201
vt 0.11564666 0.760876
vt 0.11354965 0.779120326
vt 0.0926067233 0.780714154
vt 0.116049469 0.752844155
vt 0.0930612087 0.76029408
vt 0.0739287734 0.780628026
vt 0.135656297 0.740084887
vt 0.0795129538 0.760132313
vt 0.0562877655 0.780358553
vt 0.0943529606 0.751967072
vt 0.116743267 0.736901104
vt 0.0961954594 0.738629103
vt 0.136684656 0.712876379
vt 0.117970757 0.710199416
vt 0.0987144709 0.710652947
vt 0.156419039 0.714440227
vt 0.157461166 0.686158717
vt 0.13797766 0.684871376
vt 0.119452707 0.681311548
vt 0.101519108 0.68169558
vt 0.138495505 0.660471678
vt 0.12077409 0.655688286
vt 0.138104558 0.642203569
vt 0.157202661 0.641366005
vt 0.121533267 0.63032186
vt 0.103889942 0.656096458
vt 0.086173892 0.680881262
vt 0.0887140036 0.655087173
vt 0.106454067 0.624636412
vt 0.106228411 0.634399831
vt 0.0833517313 0.709889114
vt 0.0916759968 0.632929385
vt 0.0703041553 0.68158567
vt 0.0811148286 0.738504291
vt 0.0798590183 0.752184033
vt 0.0628721118 0.738282621
vt 0.0589880347 0.763056278
vt 0.0666595697 0.709787965
vt 0.0603167415 0.755417526
vt 0.0426321626 0.765500903
vt 0.042822361 0.780636966
vt 0.0449889302 0.757189572
vt 0.0470101833 0.739413798
vt 0.0500265956 0.709777772
vt 0.0287631154 0.70771265
vt 0.0528621078 0.680733383
vt 0.0281301737 0.766549289
vt 0.0296278968 0.781468928
vt 0.0119637614 0.778544366
vt 0.00731647015 0.761014462
vt 0.0281320214 0.75684154
vt 0.00608026981 0.755662382
vt 0.00655943155 0.737266779
vt 0.0280442834 0.73821795
vt 0.00777578354 0.706791341
vt 0.009727831 0.67783916
vt 0.0296692047 0.678206563
vt 0.0314113647 0.652732372
vt 0.0120066982 0.652713418
vt 0.0148460222 0.634122312
vt 0.0557435751 0.655085564
vt 0.036578808 0.63306278
vt 0.0170470923 0.610331655
vt 0.0731230229 0.656883359
vt 0.0748015046 0.644529879
vt 0.0577231199 0.63549
vt 0.0926046968 0.624757111
vt 0.0773026943 0.631145537
vt 0.0934049785 0.611029387
vt 0.0792744309 0.612006724
vt 0.0796625987 0.599623859
vt 0.0617216565 0.608633935
vt 0.0429264382 0.608736396
vt 0.033363536 0.608696759
vt 0.0441659801 0.595098197
vt 0.0320417248 0.586660683
vt 0.0179328434 0.584277809
vt 0.0630905479 0.592679501
vt 0.0823518708 0.584307492
vt 0.0326049328 0.57020992
vt 0.0184139609 0.562648892
vt 0.0461110473 0.581064522
vt 0.0662677959 0.574755549
vt 0.0700549707 0.560354471
vt 0.0484670997 0.561143577
vt 0.033126533 0.548822999
vt 0.0178048611 0.538567424
vt 0.0504368544 0.545872092
vt 0.0667415112 0.524532616
vt 0.0574930906 0.531969249
vt 0.033405304 0.516052783
vt 0.0162171125 0.502569854
vt 0.00436854362 0.534837365
vt 0.00502389669 0.50122124
vt 0.00242048502 0.489787519
vt 0.219337761 0.411617726
vt 0.204703778 0.45341593
vt 0.22054632 0.453414738
vt 0.195890367 0.411617726
vt 0.218078554 0.410815924
vt 0.187926278 0.453420222
vt 0.196489036 0.410815924
vt 0.172852471 0.453508079
vt 0.176323712 0.411617726
vt 0.176394761 0.410815924
vt 0.16047363 0.45344907
vt 0.153864682 0.411617875
vt 0.148495734 0.45330742
vt 0.1529966 0.410816073
vt 0.131229237 0.453460634
vt 0.131905019 0.411617875
vt 0.131991088 0.410815924
vt 0.114915133 0.453413993
vt 0.113027386 0.411617875
vt 0.113100708 0.410816073
vt 0.0998676643 0.453415304
vt 0.0924113393 0.411617875
vt 0.0828963146 0.453400135
vt 0.0925093293 0.410816073
vt 0.0705853105 0.453495294
vt 0.0683210492 0.411617726
vt 0.0678477883 0.410815924
vt 0.0523683913 0.45342499
vt 0.0439742208 0.411617726
vt 0.0387775302 0.45341593
vt 0.0253788643 0.453414738
vt 0.0433395505 0.410815924
vt 0.0222840905 0.411617726
vt 0.0232244134 0.410815924
vt 0.574023128 0.322441369
vt 0.538844407 0.337655962
vt 0.533270717 0.35124597
vt 0.502007127 0.348472446
vt 0.471012741 0.355988532
vt 0.472287208 0.363649398
vt 0.0893871784 0.905599713
vt 0.0921934545 0.905406713
vt 0.0915488899 0.904889345
vt 0.0894167125 0.904747725
vt 0.0786730051 0.906047344
vt 0.0919797421 0.901468873
vt 0.0785785019 0.905100346
vt 0.0902211964 0.901468873
vt 0.0761375725 0.904127002
vt 0.0755600631 0.904645324
vt 0.0742889047 0.901468873
vt 0.0784833133 0.901468873
vt 0.0751596689 0.901468873
vt 0.0755601227 0.898292661
vt 0.0894164145 0.898190141
vt 0.0915488899 0.89804852
vt 0.0921934545 0.89753139
vt 0.0893872678 0.897338271
vt 0.078578651 0.897837758
vt 0.0786727667 0.896890521
vt 0.0761375725 0.898810983
vt 0.0750336945 0.908301353
vt 0.0777335763 0.911013722
vt 0.0777335763 0.907881975
vt 0.0736875236 0.911013722
vt 0.0750336945 0.913725615
vt 0.0777335763 0.91414535
vt 0.134472132 0.856412649
vt 0.12268582 0.856476665
vt 0.135300666 0.863958001
vt 0.122466713 0.864617825
vt 0.100514047 0.865203857
vt 0.100989789 0.856431365
vt 0.0710950494 0.865324974
vt 0.0765837133 0.856593251
vt 0.0614261925 0.862670064
vt 0.0688040257 0.855282903
vt 0.0597753525 0.853527546
vt 0.0666240752 0.849206328
vt 0.0597603023 0.82055819
vt 0.0666098595 0.824876904
vt 0.0687694252 0.818816066
vt 0.061447978 0.811430812
vt 0.0711087883 0.8097229
vt 0.0765713453 0.817568779
vt 0.100526333 0.809113979
vt 0.101037107 0.817884207
vt 0.122432627 0.817270398
vt 0.122433327 0.809478521
vt 0.135291457 0.810082197
vt 0.134497494 0.817638874
vt 0.26066035 0.674277306
vt 0.270108521 0.688447356
vt 0.273946345 0.678836107
vt 0.280166686 0.691387534
vt 0.257705152 0.684212208
vt 0.247912943 0.680294752
vt 0.243361413 0.693190336
vt 0.265881956 0.700362206
vt 0.275615156 0.704283237
vt 0.26286751 0.710300565
vt 0.253478467 0.696126819
vt 0.249581516 0.705741763
vt 0.261655867 0.692295194
vt 0.0700191855 0.921826839
vt 0.0776259601 0.918401718
vt 0.0720873177 0.919135332
vt 0.0714221895 0.915321469
vt 0.0773612559 0.92345047
vt 0.102631509 0.918061376
vt 0.101979107 0.923018694
vt 0.12649712 0.919216394
vt 0.122782499 0.921597958
vt 0.136276573 0.922871947
vt 0.135973603 0.930153966
vt 0.122120947 0.928519011
vt 0.123736501 0.93441236
vt 0.101772159 0.935781837
vt 0.101437181 0.930960655
vt 0.0715098083 0.934823513
vt 0.0722131133 0.929418445
vt 0.0651062131 0.926258802
vt 0.0604973733 0.930030227
vt 0.0566024482 0.92038393
vt 0.0608709157 0.919912815
vt 0.0566026568 0.886111856
vt 0.0675579607 0.915646076
vt 0.0608697236 0.886616588
vt 0.0603599846 0.876410604
vt 0.0675557256 0.89091754
vt 0.0714149773 0.891141534
vt 0.0700217783 0.884660125
vt 0.072124511 0.887292504
vt 0.0650288761 0.880254626
vt 0.0721680224 0.876750588
vt 0.0714959204 0.871380806
vt 0.101890303 0.870463967
vt 0.0773723125 0.882853746
vt 0.0776815116 0.887850165
vt 0.101506136 0.875358105
vt 0.123819947 0.872114182
vt 0.101984173 0.883309364
vt 0.102580927 0.888179302
vt 0.122749783 0.885015249
vt 0.119610913 0.886938691
vt 0.136048764 0.883976936
vt 0.122146547 0.878087401
vt 0.13599214 0.876541495
vt 0.263195395 0.717021704
vt 0.249909461 0.721580148
vt 0.253747404 0.731191516
vt 0.243689001 0.734131694
vt 0.266150773 0.726956367
vt 0.275942922 0.723038793
vt 0.280494452 0.735934734
vt 0.257974029 0.743106604
vt 0.248240829 0.747027516
vt 0.260988355 0.753044724
vt 0.270377457 0.738870859
vt 0.27427417 0.748486161
vt 0.262200177 0.735039353
vt 0.324484527 0.311336488
vt 0.297663629 0.308246702
vt 0.310880005 0.350969881
vt 0.34184891 0.327353865
vt 0.276232898 0.326013952
vt 0.349810421 0.35286364
vt 0.269498885 0.350241274
vt 0.343355596 0.374022573
vt 0.282824576 0.380018443
vt 0.315415561 0.389388651
vt 0.478979528 0.721308112
vt 0.476844132 0.737258911
vt 0.478660017 0.743646979
vt 0.480309576 0.722776651
vt 0.5 0.739104152
vt 0.5 0.720631838
vt 0.476467073 0.751033604
vt 0.519690454 0.722776651
vt 0.481852055 0.757663012
vt 0.5 0.762112856
vt 0.480525583 0.759629726
vt 0.487813294 0.761894941
vt 0.5 0.764365315
vt 0.512186706 0.761894941
vt 0.519474387 0.759629726
vt 0.518147945 0.757663012
vt 0.52381897 0.750789642
vt 0.521339953 0.743646979
vt 0.521020472 0.721308112
vt 0.524383307 0.7392205
vt 0.331066996 0.764315188
vt 0.326386005 0.764063418
vt 0.324256152 0.771657884
vt 0.331066996 0.756529629
vt 0.335747987 0.764063418
vt 0.33787784 0.771657884
vt 0.331066996 0.771646798
vt 0.331066996 0.797744572
vt 0.313183039 0.797259629
vt 0.331066996 0.8336429
vt 0.348950952 0.797259629
vt 0.301380545 0.831925333
vt 0.360753447 0.831925333
vt 0.311621219 0.875740826
vt 0.288537383 0.87501204
vt 0.350512773 0.875740826
vt 0.373954415 0.87501204
vt 0.331066996 0.877922356
vt 0.316119611 0.880886555
vt 0.291397482 0.876604795
vt 0.331424832 0.884579897
vt 0.346372247 0.880886555
vt 0.371452272 0.876604795
vt 0.331245899 0.881035447
vt 0.675515473 0.311336488
vt 0.689119995 0.350969881
vt 0.702336371 0.308246702
vt 0.65815109 0.327353865
vt 0.723767102 0.326013952
vt 0.650189579 0.35286364
vt 0.730501115 0.350241274
vt 0.656644404 0.374022573
vt 0.717175424 0.380018443
vt 0.684584439 0.389388651
vt 0.513348103 0.956278324
vt 0.506729007 0.960207641
vt 0.508313835 0.960264266
vt 0.493105948 0.956019819
vt 0.503578305 0.963854432
vt 0.472863793 0.9596259
vt 0.472863823 0.955761313
vt 0.452621639 0.956019819
vt 0.502269387 0.963793635
vt 0.499347925 0.967363119
vt 0.439098239 0.960267901
vt 0.432379484 0.956278384
vt 0.437506795 0.960337937
vt 0.472863734 0.964425087
vt 0.443586171 0.963869333
vt 0.442236632 0.963925779
vt 0.496943533 0.967384458
vt 0.485881507 0.978025258
vt 0.492547154 0.96724987
vt 0.481425047 0.97789067
vt 0.472863793 0.992488146
vt 0.472863734 0.967615604
vt 0.449027181 0.967549086
vt 0.446602315 0.96753943
vt 0.472863644 0.977632046
vt 0.453388125 0.967359543
vt 0.46430248 0.97789067
vt 0.459846199 0.978025258
vt 0.472863734 0.987315178
vt 0.432206005 0.654899359
vt 0.43165195 0.651446581
vt 0.417703509 0.666307688
vt 0.442891747 0.641248226
vt 0.442911744 0.64568162
vt 0.453428686 0.63390398
vt 0.453999996 0.638739944
vt 0.454606891 0.642475665
vt 0.461635172 0.630892158
vt 0.444108009 0.648413241
vt 0.418970108 0.667802274
vt 0.433645844 0.659100115
vt 0.409754574 0.682528138
vt 0.405349463 0.683615804
vt 0.393967271 0.707792997
vt 0.451924622 0.657835126
vt 0.422879398 0.670097291
vt 0.401010126 0.70547843
vt 0.381609172 0.738044202
vt 0.413932443 0.683160365
vt 0.437487185 0.682043016
vt 0.446743637 0.66703707
vt 0.455492198 0.651457489
vt 0.460658133 0.661412656
vt 0.461331785 0.647114158
vt 0.461104155 0.653323412
vt 0.461117983 0.640309274
vt 0.462724805 0.640561283
vt 0.464936674 0.640114009
vt 0.466144472 0.646702826
vt 0.463393629 0.652822733
vt 0.463749588 0.646583498
vt 0.468182683 0.664448261
vt 0.463951379 0.662368059
vt 0.459866405 0.675515354
vt 0.46266681 0.675930798
vt 0.461764574 0.695218623
vt 0.469471097 0.696474135
vt 0.458653331 0.695016325
vt 0.460546613 0.708904862
vt 0.465246439 0.730089664
vt 0.457193136 0.708978891
vt 0.459176719 0.726682067
vt 0.458022058 0.764238119
vt 0.463863313 0.761431694
vt 0.42694357 0.70919472
vt 0.431334674 0.734853148
vt 0.454947352 0.728206992
vt 0.456178129 0.786652684
vt 0.462467074 0.782887816
vt 0.453122795 0.766104817
vt 0.404693067 0.705848515
vt 0.4633075 0.798678756
vt 0.467265666 0.793098092
vt 0.45192498 0.789474249
vt 0.415332615 0.736202896
vt 0.397401333 0.735613585
vt 0.474693477 0.803519249
vt 0.47791332 0.79615438
vt 0.5 0.805435717
vt 0.5 0.797513247
vt 0.52208668 0.79615438
vt 0.458378732 0.802158475
vt 0.409329534 0.766589165
vt 0.392008334 0.735186577
vt 0.386943489 0.766589165
vt 0.377820969 0.766589165
vt 0.393491745 0.766589165
vt 0.385698378 0.792351842
vt 0.374973655 0.792351842
vt 0.391391337 0.792351842
vt 0.389908314 0.813294768
vt 0.378221393 0.813294768
vt 0.392849743 0.82591486
vt 0.38078022 0.82591486
vt 0.394612163 0.813294768
vt 0.409252584 0.792351961
vt 0.397539079 0.849625468
vt 0.387997627 0.849625468
vt 0.392675698 0.883231282
vt 0.427985072 0.764325857
vt 0.440559775 0.765678525
vt 0.431661069 0.790957212
vt 0.44425416 0.790653944
vt 0.41347006 0.812103152
vt 0.432340801 0.811384797
vt 0.448047072 0.808372021
vt 0.459933013 0.823629975
vt 0.417075664 0.82597363
vt 0.473742008 0.807713032
vt 0.470819503 0.81329143
vt 0.396975845 0.82591486
vt 0.400394648 0.849625468
vt 0.5 0.808795214
vt 0.420090109 0.849143267
vt 0.402772069 0.876510143
vt 0.402442932 0.943002999
vt 0.526257992 0.807713032
vt 0.525306523 0.803519249
vt 0.532734334 0.793098092
vt 0.5366925 0.798678756
vt 0.537532926 0.782887816
vt 0.541621268 0.802158475
vt 0.543821871 0.786652684
vt 0.536136687 0.761431694
vt 0.54807502 0.789474249
vt 0.541977942 0.764238119
vt 0.534752846 0.730089664
vt 0.546877205 0.766104817
vt 0.529180467 0.81329143
vt 0.551952958 0.808372021
vt 0.540066957 0.823629975
vt 0.55574584 0.790653944
vt 0.5 0.814956248
vt 0.5 0.826452017
vt 0.5 0.845865071
vt 0.559440255 0.765678525
vt 0.568665326 0.734853148
vt 0.567659199 0.811384797
vt 0.568338931 0.790957212
vt 0.461502135 0.846700728
vt 0.572014928 0.764325857
vt 0.545052648 0.728206992
vt 0.540823281 0.726682067
vt 0.542806864 0.708978891
vt 0.539453387 0.708904862
vt 0.530528903 0.696474135
vt 0.538235426 0.695218623
vt 0.531817317 0.664448261
vt 0.541346669 0.695016325
vt 0.590747416 0.792351961
vt 0.590670466 0.766589165
vt 0.586529851 0.812103152
vt 0.582924306 0.82597363
vt 0.605387866 0.813294768
vt 0.608608603 0.792351842
vt 0.573813617 0.708194137
vt 0.563646853 0.682043016
vt 0.586256444 0.736202896
vt 0.602598667 0.735613585
vt 0.595584154 0.705848515
vt 0.586203396 0.683160365
vt 0.606508255 0.766589165
vt 0.598989904 0.70547843
vt 0.614301562 0.792351842
vt 0.613056481 0.766589165
vt 0.610091746 0.813294768
vt 0.607991695 0.735186577
vt 0.618431985 0.738044202
vt 0.622179031 0.766589165
vt 0.625026345 0.792351842
vt 0.606032729 0.707792997
vt 0.621778607 0.813294768
vt 0.589002609 0.68225199
vt 0.594650686 0.683615804
vt 0.582296431 0.666307688
vt 0.607150257 0.82591486
vt 0.61921978 0.82591486
vt 0.602460921 0.849625468
vt 0.612002373 0.849625468
vt 0.607324302 0.883231282
vt 0.603024244 0.82591486
vt 0.577809751 0.66954273
vt 0.581029892 0.667802274
vt 0.599605381 0.849625468
vt 0.597227931 0.876510143
vt 0.597557068 0.943002999
vt 0.566354215 0.658822834
vt 0.567794085 0.654899359
vt 0.56834805 0.651446581
vt 0.557108283 0.641248226
vt 0.557088256 0.64568162
vt 0.546571314 0.63390398
vt 0.595507145 0.876913428
vt 0.553860664 0.66703707
vt 0.555891991 0.648413241
vt 0.545393109 0.642475665
vt 0.546000004 0.638739944
vt 0.538364828 0.630892158
vt 0.548075378 0.657003224
vt 0.540133595 0.675515354
vt 0.539341867 0.661412656
vt 0.53733319 0.675930798
vt 0.536048591 0.662368059
vt 0.536606371 0.652822733
vt 0.533855557 0.646702826
vt 0.544507802 0.651457489
vt 0.538895845 0.653323412
vt 0.538668215 0.647114158
vt 0.536250412 0.646583498
vt 0.537275195 0.640561283
vt 0.535063326 0.640114009
vt 0.538882017 0.640309274
vt 0.579909861 0.849143267
vt 0.577765286 0.87628752
vt 0.538497865 0.846700728
vt 0.5 0.876510143
vt 0.593329251 0.895184159
vt 0.536414862 0.876510143
vt 0.5 0.894907475
vt 0.463585138 0.876510143
vt 0.575571835 0.895072222
vt 0.595033407 0.894951284
vt 0.595282078 0.940957189
vt 0.516375184 0.946067691
vt 0.592943251 0.910318971
vt 0.52147311 0.942907691
vt 0.5 0.946067691
vt 0.536414862 0.894958735
vt 0.591257632 0.910409868
vt 0.593386233 0.939252496
vt 0.5 0.942932963
vt 0.483624816 0.946067691
vt 0.574510932 0.91072613
vt 0.590569019 0.93335849
vt 0.525721371 0.940274358
vt 0.588893652 0.93210274
vt 0.574289441 0.93335849
vt 0.536414862 0.910332561
vt 0.574289441 0.93210274
vt 0.536414862 0.93335849
vt 0.536414862 0.93210274
vt 0.5 0.94032079
vt 0.5 0.910238564
vt 0.5 0.93335849
vt 0.5 0.93210274
vt 0.463585138 0.93210274
vt 0.463585138 0.910332561
vt 0.463585138 0.93335849
vt 0.474278688 0.940274358
vt 0.425710589 0.93210274
vt 0.463585138 0.894958735
vt 0.425489128 0.91072613
vt 0.425710589 0.93335849
vt 0.47852695 0.942907691
vt 0.424428284 0.895072222
vt 0.411106378 0.93210274
vt 0.406613886 0.939252496
vt 0.404717982 0.940957189
vt 0.408742368 0.910409868
vt 0.409430981 0.93335849
vt 0.407056779 0.910318971
vt 0.404966682 0.894951284
vt 0.40667069 0.895184159
vt 0.422234714 0.87628752
vt 0.404492855 0.876913428
vt 0.452649474 0.594615579
vt 0.47668463 0.590796113
vt 0.471651882 0.584164023
vt 0.482180178 0.578050792
vt 0.464529067 0.601611495
vt 0.489494115 0.578593969
vt 0.5 0.570718348
vt 0.42899099 0.605285287
vt 0.45078671 0.611984372
vt 0.435657054 0.622670352
vt 0.412909567 0.61656636
vt 0.413440764 0.637234747
vt 0.5 0.57451117
vt 0.394664645 0.634369075
vt 0.510505915 0.578593969
vt 0.385837853 0.654851377
vt 0.517819881 0.578050792
vt 0.52331531 0.590796113
vt 0.528348148 0.584164023
vt 0.547350466 0.593129575
vt 0.535470903 0.600800991
vt 0.57100898 0.605285287
vt 0.547862351 0.609687865
vt 0.563937604 0.621859789
vt 0.587090492 0.614404976
vt 0.586145103 0.637160718
vt 0.604716003 0.634878218
vt 0.614466369 0.655922949
vt 0.612747073 0.632833898
vt 0.600088894 0.611584663
vt 0.589282095 0.613803208
vt 0.62509191 0.65393734
vt 0.637727976 0.669624627
vt 0.619933009 0.626730084
vt 0.581717789 0.594536245
vt 0.573376656 0.603261292
vt 0.631381869 0.651764393
vt 0.608724415 0.604343414
vt 0.627272189 0.625091016
vt 0.638211727 0.650535405
vt 0.551396489 0.585567892
vt 0.548695445 0.59046483
vt 0.529051304 0.582711875
vt 0.650996566 0.660734117
vt 0.694697857 0.662151933
vt 0.670589328 0.64872998
vt 0.647058725 0.627576709
vt 0.63285923 0.601307452
vt 0.616232157 0.599136114
vt 0.604374051 0.579099119
vt 0.597410917 0.589881539
vt 0.585148335 0.58538425
vt 0.60071826 0.583748043
vt 0.585665524 0.579870701
vt 0.552263618 0.575222611
vt 0.551101565 0.569419742
vt 0.552622497 0.578941047
vt 0.530119717 0.571802855
vt 0.527874827 0.565223336
vt 0.521555245 0.564363301
vt 0.525155962 0.572012305
vt 0.530673742 0.575491369
vt 0.530279338 0.578890264
vt 0.521078706 0.575255573
vt 0.519130349 0.57687068
vt 0.478921235 0.575255573
vt 0.480869681 0.57687068
vt 0.470948726 0.582711875
vt 0.474844128 0.572012305
vt 0.469720662 0.578890264
vt 0.469326317 0.575491369
vt 0.44819814 0.586648583
vt 0.451304615 0.591950834
vt 0.426623464 0.603261292
vt 0.469880313 0.571802855
vt 0.47844404 0.564364851
vt 0.473993421 0.565159559
vt 0.45128119 0.571070969
vt 0.447195977 0.576708615
vt 0.394835919 0.580897629
vt 0.447107285 0.581642807
vt 0.417336702 0.594671309
vt 0.410717905 0.615964592
vt 0.414851636 0.58538425
vt 0.414334387 0.579870701
vt 0.402589142 0.589881539
vt 0.399775982 0.611179411
vt 0.399281681 0.583748043
vt 0.383767873 0.60035187
vt 0.367958456 0.603107095
vt 0.391545832 0.605424166
vt 0.387105227 0.631876647
vt 0.371797711 0.626448154
vt 0.378969997 0.62682724
vt 0.374785066 0.653755963
vt 0.362234831 0.669627666
vt 0.368484914 0.651883125
vt 0.361877263 0.65179497
vt 0.353137523 0.627659857
vt 0.349949539 0.660843611
vt 0.305302978 0.662152112
vt 0.32930398 0.648335934
vt 0.157489598 0.864980102
vt 0.174023032 0.864969134
vt 0.171040177 0.863463521
vt 0.173853517 0.825469136
vt 0.160249472 0.863492727
vt 0.170580208 0.827530503
vt 0.159789562 0.82755959
vt 0.157320082 0.825479984
vt 0.30648908 0.690834761
vt 0.294486254 0.677697062
vt 0.288261622 0.689947128
vt 0.307828277 0.673148036
vt 0.292800456 0.702721953
vt 0.320471913 0.678964734
vt 0.305443853 0.708538651
vt 0.325010687 0.691739798
vt 0.318785995 0.703989863
vt 0.304308891 0.735545158
vt 0.322536707 0.734657407
vt 0.316311836 0.722407341
vt 0.302970052 0.717858315
vt 0.317997754 0.747432232
vt 0.290326357 0.723675013
vt 0.305354118 0.75324893
vt 0.285787523 0.736450076
vt 0.292012334 0.748700142
vt 0.201139659 0.863951087
vt 0.187589079 0.862434506
vt 0.184606224 0.86394012
vt 0.18477574 0.824440122
vt 0.198379785 0.862463713
vt 0.188049048 0.826501489
vt 0.198839694 0.826530576
vt 0.201309174 0.82445097
vt 0.668555439 0.858327031
vt 0.682360709 0.881503642
vt 0.670819581 0.857694745
vt 0.655798972 0.835358858
vt 0.675348043 0.88238591
vt 0.691162765 0.909402549
vt 0.684691966 0.908647954
vt 0.692471445 0.930823624
vt 0.685747564 0.928765714
vt 0.685920775 0.955270767
vt 0.681960762 0.952757299
vt 0.677352726 0.975064754
vt 0.674222291 0.973828197
vt 0.66825372 0.992195547
vt 0.664129972 0.992461562
vt 0.667811573 0.974146247
vt 0.657557249 0.992374063
vt 0.674459398 0.95409441
vt 0.65905571 0.975326777
vt 0.651634216 0.992072225
vt 0.675155759 0.930616975
vt 0.673355579 0.912175536
vt 0.66078788 0.954818249
vt 0.66716814 0.882148325
vt 0.661700189 0.931477666
vt 0.662538528 0.91319257
vt 0.654959917 0.932435513
vt 0.654368877 0.955419302
vt 0.650198817 0.976008892
vt 0.655427575 0.913403451
vt 0.657836139 0.857570291
vt 0.639281094 0.976059556
vt 0.648528039 0.991884351
vt 0.636654317 0.978530943
vt 0.625742853 0.957314432
vt 0.630624354 0.955540955
vt 0.618156374 0.934723496
vt 0.624872506 0.936387658
vt 0.620921791 0.913320839
vt 0.642753243 0.934527874
vt 0.627788603 0.913492084
vt 0.633934557 0.883298218
vt 0.641797662 0.914283097
vt 0.637714207 0.884840429
vt 0.645894945 0.85915345
vt 0.660256684 0.882716358
vt 0.650410235 0.882950187
vt 0.648177922 0.85916549
vt 0.656093061 0.83847177
vt 0.742992342 0.859209776
vt 0.759092152 0.882073283
vt 0.745765924 0.858112454
vt 0.728397846 0.834295154
vt 0.75411588 0.884472311
vt 0.76831007 0.908643007
vt 0.760220647 0.909591913
vt 0.770242214 0.928340197
vt 0.761051416 0.929785907
vt 0.763436854 0.951277673
vt 0.756881237 0.949209511
vt 0.75465709 0.969783604
vt 0.750606298 0.968608677
vt 0.744503796 0.985146165
vt 0.739747584 0.984227479
vt 0.745528817 0.968047559
vt 0.735063851 0.98386085
vt 0.749605834 0.948772371
vt 0.749391794 0.929618478
vt 0.748788953 0.910718322
vt 0.742135108 0.884769201
vt 0.739479125 0.967557788
vt 0.741279066 0.948719144
vt 0.737781703 0.929487824
vt 0.736150503 0.949037552
vt 0.734877646 0.96711266
vt 0.729156435 0.969297528
vt 0.727432311 0.984495699
vt 0.733183503 0.91220659
vt 0.731182933 0.859408915
vt 0.732434273 0.929856598
vt 0.727000296 0.950059593
vt 0.72145474 0.969540894
vt 0.715888679 0.950631499
vt 0.715809345 0.97042352
vt 0.724482358 0.98456949
vt 0.713430285 0.972810149
vt 0.700390041 0.953858435
vt 0.706752062 0.951353133
vt 0.693891883 0.933397949
vt 0.704125106 0.931580901
vt 0.696467638 0.913245559
vt 0.71609962 0.931589723
vt 0.705168605 0.913625717
vt 0.707858324 0.884126127
vt 0.717591107 0.91318202
vt 0.713866591 0.886100709
vt 0.719192564 0.858356476
vt 0.731108308 0.884861529
vt 0.724115312 0.885722876
vt 0.721378446 0.859556854
vt 0.728868246 0.83853668
vn 0.114313856 -0.00121847098 -0.993443966
vn 0.187958896 -0.114022449 -0.975535929
vn 0.326271534 -0.024229534 -0.944965482
vn -0.160040781 -0.00261947652 -0.987106979
vn -0.559518337 -0.106011868 -0.822010159
vn -0.16471076 -0.00892261509 -0.986301541
vn -0.318126321 0.924402595 0.210417449
vn -0.000245759118 0.915384591 -0.40258038
vn -0.229424447 0.864799082 0.446639597
vn -0.118935816 0.858071923 0.499566764
vn -0.15881525 0.94416374 0.288673788
vn -0.0733059496 0.888535976 0.452912688
vn -0.0346209183 0.784755528 0.618837714
vn 0.00193379447 0.781100392 0.624402404
vn -0.0169039797 0.824605584 0.565455317
vn -0.0113101061 0.772580087 0.634816647
vn 0.0417506248 0.700442493 0.712486625
vn 0.0938685611 0.7034899 0.704478979
vn 0.318305761 0.924303889 0.210579842
vn 0.22975339 0.86474818 0.446569145
vn -0.000245759118 0.915384591 -0.40258038
vn 0.119301975 0.858291924 0.499101192
vn 0.158777639 0.944044888 0.289083123
vn 0.0732060522 0.888527632 0.452945232
vn 0.0346273705 0.784914911 0.618635237
vn -0.00217768154 0.780991316 0.624538124
vn 0.0168947931 0.824689806 0.56533289
vn 0.0113560595 0.772591472 0.634801924
vn -0.0417178087 0.700514376 0.712417901
vn -0.0936853141 0.703579009 0.704414368
vn 0.125987023 0.0949778706 -0.98747474
vn -0.0183599535 -0.092903696 0.99550581
vn 0.00745482603 0.0770368204 -0.997000277
vn 6.72978922E-06 -0.0790650249 0.996869504
vn -6.62976447E-07 0.0249747355 -0.999688029
vn -0.00745759951 0.0770363361 -0.997000396
vn 0.0183449835 -0.0929142237 0.995505095
vn -0.125979453 0.0949874148 -0.987474859
vn 0.0123415058 -0.0873120576 0.996104598
vn -7.7320401E-06 -0.0434677154 0.999054849
vn -0.012341802 -0.0873199478 0.996103883
vn -0.00821037497 -0.0962756127 0.995320857
vn 5.00524857E-06 -0.0178465918 0.999840736
vn 0.00821091142 -0.0962744951 0.995320976
vn -0.0740226135 -0.16832 0.982949138
vn -0 0.0410787836 0.999155879
vn 0.07402955 -0.168317169 0.982949138
vn 3.86947704E-06 -0.43401745 0.900904477
vn -0.111966446 0.038351465 -0.992971718
vn 0.120538287 -0.237930626 -0.963773549
vn -0.129076838 -0.0672616363 -0.989350736
vn 0.167465508 -0.235488102 -0.95734036
vn 0.184983075 -0.164836869 -0.968818963
vn 0.290120214 -0.151012599 -0.945000172
vn 0.166096106 -0.211533174 -0.963154078
vn 0.371625572 -0.122559503 -0.92025739
vn 0.373177826 -0.12666738 -0.919072211
vn 0.437233925 -0.087543048 -0.895076931
vn 0.231377259 -0.209788978 -0.949975312
vn 0.256282479 -0.271884412 -0.927576423
vn 0.3053599 -0.177200139 -0.935604334
vn 0.231217593 -0.0980520323 -0.967948437
vn 0.40462622 -0.00404751534 -0.914473176
vn 0.492841423 -0.126191512 -0.860919893
vn 0.404720038 -0.0207913443 -0.91420418
vn 0.512635112 -0.0281479396 -0.858145118
vn 0.357639134 0.10097827 -0.928384423
vn -0.251446903 0.0359495208 -0.967203259
vn 0.0557651743 -0.0271019489 -0.998075962
vn -0.49304077 0.232241273 -0.838435888
vn 0.00318686757 0.0047814413 -0.999983549
vn -0.0164021198 0.0266743414 -0.999509573
vn -0.0490672961 0.00208128965 -0.998793244
vn -0.102861986 -0.0444149412 -0.993703544
vn -0.202722728 -0.129806504 -0.970594525
vn 0.221584901 0.208520591 -0.952585638
vn 0.391266167 0.273117214 -0.878816068
vn -0.0302306693 0.0479568206 -0.998391807
vn -0.0123191886 0.0099815568 -0.999874353
vn -0.0247160047 -0.0618788265 -0.997777641
vn -0.0890626982 -0.0695198998 -0.993596911
vn -0.0772519559 -0.0109594818 -0.996951342
vn -0.0578936115 -0.0670156851 -0.996070862
vn 0.286370337 -0.0488927998 -0.956870735
vn -0.752359331 -0.215722769 -0.622430086
vn -0.138373494 0.0105509702 -0.990323901
vn -0.125979453 0.0949874148 -0.987474859
vn -0.0586362332 0.0372367054 -0.997584701
vn -0.00745759951 0.0770363361 -0.997000396
vn -0.114313781 -0.00121878192 -0.993443966
vn -0.326270819 -0.0242299456 -0.94496572
vn -0.974788308 -0.199143931 0.100645363
vn -0.187959105 -0.114022635 -0.97553581
vn -0.104195267 -0.0576905459 -0.992882252
vn -0.368055761 -0.220751926 -0.903218448
vn -0.153228194 -0.139920279 -0.978234828
vn -0.592444181 -0.223752543 -0.773915231
vn -0.513010144 -0.103068642 -0.852172136
vn -0.479679555 0.112782814 -0.870165229
vn -0.947175086 -0.219179884 -0.234135866
vn -0.511137545 -0.290771008 -0.808820546
vn -0.204588354 -0.227321595 -0.952086329
vn -0.250155091 -0.246219084 -0.936375201
vn -0.932168722 -0.227954313 -0.281244218
vn -0.433275014 0.333615959 -0.837241411
vn -0.918709993 0.0797852725 -0.386789739
vn -0.576767623 -0.280382633 -0.767284036
vn -0.307820588 -0.0168693475 -0.951294899
vn -0.897941113 -0.250854015 -0.361626774
vn -0.380872905 0.74888128 -0.542321563
vn -0.57837373 0.655110657 -0.486121356
vn -0.899341047 -0.255759537 -0.354644686
vn -0.22318624 0.970346212 -0.0928230062
vn -0.305575848 0.950112939 -0.0625199303
vn -0.160795659 0.936332464 0.312132001
vn -0.200311244 0.924783468 0.3234981
vn -0.0118571389 0.773343325 -0.633876622
vn -0.0824167207 0.407519966 -0.909469664
vn -0.0405646972 0.99396199 -0.101951413
vn -0.156144574 0.921909928 0.354543358
vn -0.236871824 0.0159657523 -0.971409738
vn -0.399816126 0.565100312 0.721670866
vn -0.415614337 -0.650562227 -0.63563627
vn -0.260756642 0.66685909 0.698072255
vn -0.471460253 0.280969024 0.835931599
vn -0.83619082 -0.248211771 -0.489056021
vn -0.0598927177 0.683758855 0.727245927
vn -0.871593475 -0.119431384 0.475458533
vn -0.467978269 0.314325541 0.825951397
vn -0.449162722 -0.0474984311 0.892186522
vn -0.970412195 -0.237665877 0.042605184
vn -0.53274262 -0.839490056 -0.106965989
vn -0.986786604 -0.15976952 0.0269409865
vn -0.281329006 0.398332208 0.873032331
vn -0.672717869 0.0594412498 0.737507522
vn -0.567042172 -0.422647238 0.706988394
vn -0.907475948 -0.202797577 0.367913753
vn -0.932340622 -0.0925040394 0.349548161
vn -0.748533666 0.176989824 0.639039934
vn -0.918741286 0.00800177082 0.394779027
vn -0.325392455 0.478179425 0.815759957
vn -0.358223408 -0.686039329 -0.63326627
vn -0.25767079 -0.755609572 -0.602212667
vn -0.784674704 0.246460363 0.568808377
vn -0.894373477 0.132516459 0.427241772
vn -0.430988729 0.588374674 0.684152067
vn -0.869041026 0.236788899 0.434394777
vn -0.34115997 0.623022795 0.703883827
vn -0.614899695 -0.665257871 0.423474193
vn -0.644081056 0.392996252 0.65628767
vn -0.818836391 0.181067705 0.544721365
vn -0.282605737 0.624677062 0.727950931
vn -0.115799665 0.455452204 0.882696867
vn -0.117822781 -0.157750994 0.980424583
vn -0.575869322 0.387164652 0.720054209
vn -0.0255918708 0.401381731 0.915553331
vn -0.0174201205 0.211312205 0.977263391
vn 0.0144217489 0.37833932 0.925554633
vn -0.628899634 -0.37075305 -0.683394134
vn -0.612938166 0.185877368 0.767956018
vn -0.649267673 0.00874295738 0.760509729
vn -0.349355072 0.495198578 0.795442879
vn -0.321885228 0.294267565 0.899887025
vn -0.313619584 0.0330784507 0.948972344
vn -0.57883811 -0.180812508 0.795143485
vn -0.0123847919 0.13137731 0.991255045
vn 0.00149848883 0.128794163 0.991670251
vn 0.000882929482 0.386852622 0.922141135
vn 0.00239888672 -0.453211486 -0.891399801
vn 0.630611479 -0.374434769 -0.679799676
vn -0.0962374508 0.125532284 0.987410724
vn -0.0130162127 0.376660347 0.926259995
vn 0.0170462467 0.209596187 0.977639437
vn -0.304033905 -0.151849389 0.940481305
vn -0.0208088532 -0.0848493353 0.996176481
vn 0.0240212847 0.399718314 0.916323185
vn 0.11680045 -0.158931762 0.980356216
vn 0.115245871 0.455147564 0.882926404
vn 0.615246832 -0.666259646 0.421389967
vn 0.0115831913 0.13064225 0.991361916
vn -0.322811574 -0.294085801 0.899614453
vn -0.587930381 -0.296334088 0.752677858
vn -0.116398528 -0.115108445 0.98650974
vn -0.339880258 -0.372820616 0.86341536
vn -0.607555926 -0.327796906 0.723481119
vn -0.501242518 -0.267548501 0.82290566
vn -0.146456301 -0.268628865 0.952044606
vn -0.208653077 -0.347472727 0.914180875
vn -0.0858972371 -0.291259676 0.952779949
vn -0.0489071682 -0.22659944 0.972759366
vn -0.279221416 -0.272565186 0.920729876
vn -0.460639387 -0.215879992 0.86093384
vn 0.00352652068 -0.217455894 0.976063728
vn 0.00220242189 -0.0787787437 0.996889651
vn 0.0204752926 -0.0863106474 0.996057868
vn 0.0935899392 0.126024812 0.987602413
vn -0.308131963 -0.229700118 0.923196852
vn -0.412990123 -0.260193378 0.872776389
vn -0.311034262 -0.0385053419 0.949618399
vn -0.323194951 -0.297385663 0.898391247
vn -0.1313494 -0.257298261 0.957363546
vn -0.279701293 -0.0977539122 0.955097616
vn -0.431739092 -0.548765957 0.715861261
vn -0.103932515 0.841698766 0.529850125
vn -0.339525998 0.1487654 0.928757787
vn -0.231343538 0.285402387 0.930067599
vn -0.272328466 -0.120050512 0.954685867
vn 0.0647680834 -0.0392657369 0.997127473
vn 0.013371883 -0.252371788 0.96753794
vn -0.125564992 -0.144538924 0.981499791
vn -0.171903878 -0.116115116 0.97824657
vn 0.00477902917 -0.271697789 0.962370694
vn 0.048799213 -0.228758574 0.972259343
vn 0.0273378212 -0.13231878 0.990830183
vn 0.0870595947 -0.29283464 0.952191472
vn 0.11262016 -0.115811788 0.986865938
vn 0.159251183 -0.271747321 0.949100852
vn 0.141790956 -0.270927429 0.952099621
vn 0.20376651 -0.349064171 0.914676726
vn 0.325863838 -0.297425628 0.897413313
vn 0.30419448 -0.152859792 0.940265715
vn 0.313830703 0.0340282619 0.94886899
vn 0.578497648 -0.182074443 0.795103371
vn 0.586470842 -0.303397119 0.751000822
vn 0.649711609 0.0083624348 0.760134876
vn 0.345386267 -0.37402299 0.860706151
vn 0.609019399 -0.329204857 0.721608937
vn 0.502447128 -0.318429798 0.8038342
vn 0.300485969 -0.309340805 0.902228653
vn 0.503242791 -0.289812982 0.814097762
vn 0.329266757 -0.23183845 0.915332913
vn 0.522120833 -0.0322414711 0.852261841
vn 0.322403222 0.296612084 0.898931265
vn 0.175751686 -0.179402262 0.96794945
vn 0.236724839 -0.150592774 0.959834933
vn 0.432212889 -0.197113231 0.879965007
vn 0.343188882 -0.260161728 0.90251714
vn 0.379980206 0.0655734017 0.922667444
vn 0.432994872 -0.150685295 0.888712227
vn 0.0949944481 0.864772558 0.493096799
vn 0.613278091 0.185794681 0.767704666
vn 0.818695188 0.181240782 0.544876158
vn 0.574735224 0.386969775 0.721064329
vn 0.0401128866 -0.0863335133 0.995458484
vn 0.245308787 -0.456162751 0.85541755
vn 0.0410497934 -0.481711805 0.875367761
vn 0.351214916 0.493329853 0.79578501
vn 0.28339988 0.622785211 0.729262054
vn 0.431333363 0.588079691 0.684188366
vn 0.257807761 -0.755615354 -0.602146745
vn 0.643699467 0.391690403 0.657441676
vn 0.869021237 0.236616641 0.434528172
vn 0.89438045 0.132471502 0.427240998
vn 0.784734726 0.246311858 0.56878984
vn 0.918722987 0.00797810219 0.394822061
vn 0.341133595 0.623044252 0.703877687
vn 0.325385928 0.478181511 0.815761209
vn 0.358354479 -0.6860286 -0.633203626
vn 0.871598005 -0.119410232 0.475455612
vn 0.748553991 0.176953599 0.639026105
vn 0.932337403 -0.0924983993 0.349558353
vn 0.281352609 0.398330331 0.873025537
vn 0.67273581 0.0594462231 0.737490773
vn 0.907479703 -0.202769861 0.367919743
vn 0.56705606 -0.422626227 0.706989825
vn 0.449104279 -0.0474938639 0.892216206
vn 0.467982084 0.314324528 0.825949609
vn 0.471429914 0.280975372 0.83594662
vn 0.0598570779 0.683746219 0.727260828
vn 0.200451016 0.92472899 0.323566973
vn 0.260727972 0.666859567 0.698082566
vn 0.39997986 0.56500411 0.721655309
vn 0.160785541 0.936338425 0.312119305
vn 0.305488288 0.95013684 -0.0625859722
vn 0.156590059 0.921832561 0.354548007
vn 0.22313714 0.970354617 -0.0928529054
vn 0.578373849 0.655106604 -0.486126542
vn 0.0410753898 0.993943512 -0.101926349
vn 0.380821735 0.748887002 -0.542349637
vn 0.918708324 0.079784967 -0.386793762
vn 0.0120093925 0.773404062 -0.633799672
vn 0.433258176 0.333620101 -0.837248445
vn 0.0824401826 0.407512844 -0.909470737
vn 0.479676574 0.112786733 -0.870166421
vn 0.97478956 -0.199140817 0.100639358
vn 0.236901328 0.0159649197 -0.971402586
vn 0.416195989 -0.650381863 -0.63544029
vn 0.513009131 -0.103067309 -0.852172911
vn 0.326271534 -0.024229534 -0.944965482
vn 0.125987023 0.0949778706 -0.98747474
vn 0.114313856 -0.00121847098 -0.993443966
vn 0.0586362667 0.037236739 -0.997584701
vn 0.00745482603 0.0770368204 -0.997000277
vn -6.62976447E-07 0.0249747355 -0.999688029
vn -0 0.0618977472 -0.998082519
vn 0.187958896 -0.114022449 -0.975535929
vn 0.104195148 -0.0576904602 -0.992882252
vn -0 -0.0198159758 -0.999803722
vn -0 -0.107286185 -0.994228125
vn 0.592444181 -0.223752558 -0.773915231
vn 0.947166026 -0.219192564 -0.234160587
vn 0.153228238 -0.139920339 -0.978234828
vn -0 -0.19628486 -0.980546892
vn 0.368055671 -0.220751926 -0.903218448
vn 0.83618623 -0.248201191 -0.489069194
vn 0.932168663 -0.227954388 -0.281244248
vn 0.970417619 -0.237643793 0.0426049456
vn 0.533636391 -0.838953316 -0.106721729
vn 0.986785352 -0.159778565 0.0269329064
vn 0.963612378 -0.159189939 0.214731961
vn 0.657195926 -0.661195457 0.36182043
vn 0.975145936 -0.104454815 0.19539614
vn 0.966556013 -0.0965720043 0.237578377
vn 0.989140868 -0.144485205 0.0269133803
vn 0.977914333 -0.0832349062 0.191717356
vn 0.965001643 -0.0612374283 0.254993528
vn 0.897940993 -0.250854105 -0.361627191
vn 0.979118347 -0.0472462177 0.197724774
vn 0.965035975 0.00798727013 0.261995643
vn 0.98209101 -0.087409839 0.166903108
vn 0.977310538 -0.11045593 0.180731013
vn 0.977028906 -0.046260301 0.208025381
vn 0.956333995 0.0641345978 0.285152555
vn 0.989591658 -0.135308206 0.048989594
vn 0.938941002 -0.0975205004 0.329969138
vn 0.917279661 0.0664259866 0.392664552
vn 0.511132479 -0.290786505 -0.808818161
vn 0.987250447 -0.133494958 0.0866927132
vn 0.983801663 -0.118600689 0.134418279
vn 0.89933157 -0.25577271 -0.35465914
vn 0.930981517 -0.163248032 0.326532483
vn 0.90165484 -0.0561127104 0.428800434
vn 0.833482563 0.0125167854 0.552403867
vn 0.804452956 -0.176311627 0.56724745
vn 0.807510436 -0.248230159 0.535078287
vn 0.811075449 -0.258843005 0.524554074
vn 0.922041774 -0.186218187 0.339354783
vn 0.789904594 -0.259595066 0.555572867
vn 0.941136956 -0.167600825 0.29354915
vn 0.772919714 -0.278106928 0.570308506
vn 0.910857439 -0.211978078 0.354124308
vn 0.841834724 0.0414854735 0.538138568
vn 0.678759336 0.00673829438 0.73432982
vn 0.95730871 -0.118826427 0.263515294
vn 0.796629786 0.25594458 0.547606945
vn 0.578020453 0.177129537 0.796566069
vn 0.902199268 0.0641004816 0.426529706
vn 0.963110089 0.165052101 0.212548181
vn 0.934140086 -0.19210422 -0.300795972
vn 0.822199523 -0.438508749 0.362902284
vn 0.589808524 -0.365469038 0.72010994
vn 0.509223938 0.588496983 0.627982676
vn 0.889664114 -0.206974924 0.407012612
vn 0.977466166 -0.210475951 0.0161172375
vn 0.89972347 -0.417290062 0.127931878
vn 0.916851103 -0.21372214 -0.337204456
vn 0.890972435 -0.0236211754 -0.453442454
vn 0.575506032 -0.281976789 -0.767646968
vn 0.927014828 0.169012666 -0.33478111
vn 0.900041759 -0.323306561 -0.292229086
vn 0.913946807 -0.369376123 -0.168114468
vn 0.665424466 0.172677934 -0.726217985
vn 0.689186394 -0.411712199 -0.596250832
vn 0.842860103 -0.104143798 -0.527959347
vn 0.35926348 -0.077034004 -0.930051327
vn 0.285114586 0.11691507 -0.951336145
vn 0.111320004 -0.35294646 -0.928997755
vn -0.000956611882 -0.37773031 -0.925915182
vn -0.000313734985 0.0323613174 -0.999476254
vn 0.307771862 -0.0166550949 -0.95131433
vn 5.41291683E-06 0.00282161543 -0.999996066
vn 0.610913575 0.0240517706 -0.791331828
vn 0.250179589 -0.246219054 -0.936368704
vn -8.63231708E-06 -0.222968787 -0.974825561
vn 0.204595163 -0.227330878 -0.952082753
vn -0.0586362332 0.0372367054 -0.997584701
vn -6.62976447E-07 0.0249747355 -0.999688029
vn -0.00745759951 0.0770363361 -0.997000396
vn -0 0.0618977472 -0.998082519
vn -0.104195267 -0.0576905459 -0.992882252
vn -0 -0.0198159758 -0.999803722
vn -0.153228194 -0.139920279 -0.978234828
vn -0 -0.107286185 -0.994228125
vn -0.204588354 -0.227321595 -0.952086329
vn -0 -0.19628486 -0.980546892
vn -0.250155091 -0.246219084 -0.936375201
vn -8.63231708E-06 -0.222968787 -0.974825561
vn 5.41291683E-06 0.00282161543 -0.999996066
vn -0.307820588 -0.0168693475 -0.951294899
vn -0.000313734985 0.0323613174 -0.999476254
vn -0.282958478 0.10372398 -0.953507185
vn -0.000956611882 -0.37773031 -0.925915182
vn -0.117666423 -0.357535481 -0.926457226
vn -0.907475948 -0.202797577 0.367913753
vn -0.656794488 -0.661569357 0.361865938
vn -0.567042172 -0.422647238 0.706988394
vn -0.963603318 -0.159242421 0.214733422
vn -0.966553569 -0.0965892449 0.237581074
vn -0.932340622 -0.0925040394 0.349548161
vn -0.964998007 -0.0612624362 0.255001336
vn -0.918741286 0.00800177082 0.394779027
vn -0.965039551 0.00791222695 0.261985183
vn -0.894373477 0.132516459 0.427241772
vn -0.956372619 0.0640175119 0.285049707
vn -0.917263746 0.0664396733 0.39269954
vn -0.869041026 0.236788899 0.434394777
vn -0.818836391 0.181067705 0.544721365
vn -0.833250284 0.0124857798 0.552755058
vn -0.649267673 0.00874295738 0.760509729
vn -0.804466963 -0.175674692 0.567425132
vn -0.57883811 -0.180812508 0.795143485
vn -0.587930381 -0.296334088 0.752677858
vn -0.810324013 -0.242962554 0.533239305
vn -0.812822223 -0.256755263 0.52287358
vn -0.607555926 -0.327796906 0.723481119
vn -0.501242518 -0.267548501 0.82290566
vn -0.803387761 -0.222727537 0.552232325
vn -0.460639387 -0.215879992 0.86093384
vn -0.773604393 -0.127845228 0.620638311
vn -0.311034262 -0.0385053419 0.949618399
vn -0.551443517 0.2861633 0.783594668
vn -0.323194951 -0.297385663 0.898391247
vn -0.630707562 -0.220121086 0.744146943
vn -0.431739092 -0.548765957 0.715861261
vn -0.589942157 -0.611220956 0.527614594
vn -0.103932515 0.841698766 0.529850125
vn -0.341138661 0.745332539 0.572803497
vn -0.963603318 -0.159242421 0.214733422
vn -0.656794488 -0.661569357 0.361865938
vn -0.975146711 -0.104452908 0.195393369
vn -0.966553569 -0.0965892449 0.237581074
vn -0.977913082 -0.083237417 0.191722766
vn -0.964998007 -0.0612624362 0.255001336
vn -0.989140868 -0.144485727 0.0269138403
vn -0.979110658 -0.0472552665 0.197760314
vn -0.965039551 0.00791222695 0.261985183
vn -0.982090235 -0.0874069557 0.166909441
vn -0.977365732 -0.110271238 0.180544749
vn -0.977021635 -0.0462581478 0.20806013
vn -0.956372619 0.0640175119 0.285049707
vn -0.989591777 -0.135306612 0.0489932299
vn -0.987268269 -0.133406013 0.0866266787
vn -0.983358204 -0.112245992 0.142854676
vn -0.938944995 -0.0974236727 0.329986125
vn -0.917263746 0.0664396733 0.39269954
vn -0.931226969 -0.162121519 0.326393902
vn -0.92053014 -0.2071964 -0.331200629
vn -0.901634216 -0.0561286546 0.42884177
vn -0.833250284 0.0124857798 0.552755058
vn -0.804466963 -0.175674692 0.567425132
vn -0.810324013 -0.242962554 0.533239305
vn -0.812822223 -0.256755263 0.52287358
vn -0.922628045 -0.184227824 0.338847369
vn -0.942477405 -0.149884909 0.29878214
vn -0.803387761 -0.222727537 0.552232325
vn -0.773604393 -0.127845228 0.620638311
vn -0.914952338 -0.0526268072 0.400115669
vn -0.764462173 0.362577617 0.533043146
vn -0.551443517 0.2861633 0.783594668
vn -0.630707562 -0.220121086 0.744146943
vn -0.960003555 0.0454181395 0.276279241
vn -0.861198068 -0.172292307 0.47817713
vn -0.589942157 -0.611220956 0.527614594
vn -0.960033 -0.0864546895 -0.266199619
vn -0.984746814 -0.0330545716 0.170824975
vn -0.840346038 0.38345328 0.383121639
vn -0.744361103 -0.568549812 0.350253671
vn -0.341138661 0.745332539 0.572803497
vn -0.825147092 -0.392060965 0.406719208
vn -0.879650891 -0.0195952673 -0.475215942
vn -0.886885583 -0.461189747 0.0271670986
vn -0.810914338 -0.578414381 0.0886275023
vn -0.917021394 0.0967243612 -0.386931956
vn -0.853682935 -0.400629193 -0.332748473
vn -0.849477828 -0.479183286 -0.220841005
vn -0.60717988 0.0198432282 -0.794316649
vn -0.664077401 0.167475969 -0.728665173
vn -0.282958478 0.10372398 -0.953507185
vn -0.688718379 -0.412072182 -0.596542954
vn -0.8425228 -0.104227453 -0.528480828
vn -0.342199713 -0.0271559879 -0.939234734
vn -0.117666423 -0.357535481 -0.926457226
vn 0.106043614 -0.538604379 -0.835858881
vn 0.000517035776 -0.452526003 -0.891751111
vn 0.000830632925 -0.575505555 -0.817797363
vn 0.239638269 -0.445010424 -0.862866879
vn 0.00239888672 -0.453211486 -0.891399801
vn 0.811069131 -0.518663049 0.270472854
vn 0.630611479 -0.374434769 -0.679799676
vn 0.943215728 -0.326806933 0.0595089123
vn 0.91986239 -0.365525633 -0.142281681
vn 0.677621663 -0.46583578 0.569057047
vn 0.335749686 -0.227794871 0.913992167
vn 0.00364956446 -0.979822814 0.199834764
vn 0.106043614 -0.538604379 -0.835858881
vn 0.000830632925 -0.575505555 -0.817797363
vn -0.104486533 -0.538377941 -0.836200774
vn -0.810949564 -0.519346058 0.26951921
vn 0.41632849 0.0826185867 0.905452788
vn -0.00114279671 0.149775043 0.988719404
vn 0.421381652 0.217234999 0.880480886
vn -0.000963506289 -0.0569656081 0.998375654
vn -0.335845202 -0.230649963 0.913240671
vn -0.0819319189 0.846262634 -0.526428163
vn -0.000245759118 0.915384591 -0.40258038
vn -0.00112674315 0.820834517 -0.571164966
vn -0.000659424579 0.316252887 0.948674619
vn 0.0797104314 0.847249269 -0.525180876
vn -0.67927283 -0.461390406 0.570707679
vn -0.421521902 0.216308013 0.880641878
vn -0.416911393 0.0824739411 0.90519774
vn -0.919868588 -0.365445346 -0.142448232
vn -0.628899634 -0.37075305 -0.683394134
vn -0.943271816 -0.32647872 0.0604141243
vn -0.238758177 -0.44476378 -0.863237977
vn 0.00239888672 -0.453211486 -0.891399801
vn -0.104486533 -0.538377941 -0.836200774
vn 0.000517035776 -0.452526003 -0.891751111
vn 0.000830632925 -0.575505555 -0.817797363
vn 0.907479703 -0.202769861 0.367919743
vn 0.56705606 -0.422626227 0.706989825
vn 0.657195926 -0.661195457 0.36182043
vn 0.963612378 -0.159189939 0.214731961
vn 0.966556013 -0.0965720043 0.237578377
vn 0.932337403 -0.0924983993 0.349558353
vn 0.965001643 -0.0612374283 0.254993528
vn 0.918722987 0.00797810219 0.394822061
vn 0.965035975 0.00798727013 0.261995643
vn 0.89438045 0.132471502 0.427240998
vn 0.956333995 0.0641345978 0.285152555
vn 0.917279661 0.0664259866 0.392664552
vn 0.869021237 0.236616641 0.434528172
vn 0.818695188 0.181240782 0.544876158
vn 0.833482563 0.0125167854 0.552403867
vn 0.649711609 0.0083624348 0.760134876
vn 0.804452956 -0.176311627 0.56724745
vn 0.578497648 -0.182074443 0.795103371
vn 0.586470842 -0.303397119 0.751000822
vn 0.807510436 -0.248230159 0.535078287
vn 0.609019399 -0.329204857 0.721608937
vn 0.811075449 -0.258843005 0.524554074
vn 0.502447128 -0.318429798 0.8038342
vn 0.789904594 -0.259595066 0.555572867
vn 0.503242791 -0.289812982 0.814097762
vn 0.772919714 -0.278106928 0.570308506
vn 0.522120833 -0.0322414711 0.852261841
vn 0.678759336 0.00673829438 0.73432982
vn 0.578020453 0.177129537 0.796566069
vn 0.379980206 0.0655734017 0.922667444
vn 0.432994872 -0.150685295 0.888712227
vn 0.589808524 -0.365469038 0.72010994
vn 0.0949944481 0.864772558 0.493096799
vn 0.509223938 0.588496983 0.627982676
vn -0.489444733 -0.523069382 -0.697740972
vn -0.114323586 -0.896762908 -0.427488476
vn -0.559518337 -0.106011868 -0.822010159
vn -0.758217156 0.0126507906 -0.65187937
vn -0.967668951 0.0197375268 -0.251450449
vn -0.647269964 -0.6723364 -0.359173268
vn -0.318514764 -0.94419235 -0.0839591846
vn -0.749624789 0.101497017 -0.654034376
vn -0.523286343 0.434997618 -0.732767642
vn -0.342199713 -0.0271559879 -0.939234734
vn -0.8425228 -0.104227453 -0.528480828
vn -0.849477828 -0.479183286 -0.220841005
vn -0.95408076 0.122208558 -0.273486614
vn -0.974294662 0.152306989 0.165989608
vn -0.810914338 -0.578414381 0.0886275023
vn -0.987280428 0.00318940566 0.158956155
vn -0.161114529 -0.986085534 -0.0409559496
vn -0.860770881 0.139825508 0.489410251
vn -0.825147092 -0.392060965 0.406719208
vn -0.573704839 0.102028109 0.812682569
vn -0.341138661 0.745332539 0.572803497
vn -0.103932515 0.841698766 0.529850125
vn -0.873014092 -0.00340306154 0.487683117
vn -0.106917836 -0.994148731 -0.015392418
vn -0.582147419 -0.000822932634 0.813082874
vn -0.105468608 -0.994375587 0.00967367832
vn -0.231343538 0.285402387 0.930067599
vn -0.312271655 -0.0311500523 0.949482024
vn 0.66525209 -0.0887959599 -0.741319716
vn -0.305733114 0.0533540435 0.950621128
vn -0.279701293 -0.0977539122 0.955097616
vn 0.132562011 -0.0671321228 0.988898695
vn 0.210838631 0.0126573797 0.977438986
vn 0.625400901 0.00667702593 -0.780275047
vn -0.279701293 -0.0977539122 0.955097616
vn -0.231343538 0.285402387 0.930067599
vn -0.114323586 -0.896762908 -0.427488476
vn -0.16471076 -0.00892261509 -0.986301541
vn -0.559518337 -0.106011868 -0.822010159
vn -0.0675987974 -0.957570076 -0.280160367
vn 0.00305171125 -0.986203432 -0.165509865
vn 0.0332293548 -0.038455978 -0.998707652
vn 0.0321236774 0.152867168 -0.987724543
vn 0.196309999 -0.00506053446 -0.980528772
vn 0.0754787624 -0.937964618 -0.338415951
vn 0.166567087 -0.748452485 -0.641930223
vn 0.340904027 0.0271113236 -0.939707041
vn 0.497993708 -0.500645518 -0.708065152
vn -0.160123065 0.151834637 -0.975349665
vn -0.160040781 -0.00261947652 -0.987106979
vn 0.192784458 0.133101881 -0.972171783
vn 0.760332108 0.0127001377 -0.649410367
vn 0.330446333 0.108079091 -0.937616169
vn 0.96813345 0.0156985912 -0.249942616
vn 0.658955693 -0.662423849 -0.356331259
vn 0.32195878 -0.942920268 -0.0851114616
vn 0.750820041 0.101275951 -0.652696311
vn 0.35926348 -0.077034004 -0.930051327
vn 0.111320004 -0.35294646 -0.928997755
vn -0.000956611882 -0.37773031 -0.925915182
vn -0.117666423 -0.357535481 -0.926457226
vn 0.842860103 -0.104143798 -0.527959347
vn -0.342199713 -0.0271559879 -0.939234734
vn 0.913946807 -0.369376123 -0.168114468
vn -0.523286343 0.434997618 -0.732767642
vn 0.955250502 0.118609451 -0.270976543
vn -0.158328548 0.0906919166 -0.98321265
vn 0.987381995 0.00159501133 0.158348098
vn 0.158788323 -0.986444771 -0.0413885638
vn 0.974904656 0.149419293 0.165029541
vn 0.89972347 -0.417290062 0.127931878
vn 0.871962488 -0.000726023165 0.489572018
vn 0.101904787 -0.994668186 -0.0158327688
vn 0.859102547 0.144246638 0.491055697
vn 0.889664114 -0.206974924 0.407012612
vn -0.413538069 0.196913481 -0.888938367
vn 0.289760649 0.186676949 0.938717544
vn 0.585688293 -0.00925575942 0.810483575
vn 0.314854831 -0.00629464071 0.949118912
vn 0.098236151 -0.995105982 -0.010664993
vn 0.274375409 0.305514097 0.911800086
vn 0.573912799 0.108754583 0.811662793
vn 0.509223938 0.588496983 0.627982676
vn 0.0949944481 0.864772558 0.493096799
vn 0.310161948 0.0592765659 0.948834002
vn 0.343188882 -0.260161728 0.90251714
vn -0.695965946 0.0149517646 -0.717919111
vn -0.187872067 -0.0841437131 0.978582621
vn -0.733839571 -0.0931055099 -0.6729123
vn -0.253477246 0.0113677308 0.967274547
vn 0.274375409 0.305514097 0.911800086
vn 0.343188882 -0.260161728 0.90251714
vn 0.533636391 -0.838953316 -0.106721729
vn -0.0424130596 -0.984670043 -0.16919218
vn 0.0303203408 -0.621289909 -0.782993853
vn 0.416195989 -0.650381863 -0.63544029
vn -0.0520344824 -0.0143407257 -0.998542309
vn 0.236901328 0.0159649197 -0.971402586
vn -0.173704952 0.390260249 -0.904170096
vn 0.0824401826 0.407512844 -0.909470737
vn -0.204524621 0.769694448 -0.604764521
vn 0.0120093925 0.773404062 -0.633799672
vn -0.228077009 0.964378297 -0.133997798
vn 0.0410753898 0.993943512 -0.101926349
vn -0.163666785 0.921598196 0.351951569
vn 0.156590059 0.921832561 0.354548007
vn -0.0513928942 0.625519216 0.778514266
vn 0.39997986 0.56500411 0.721655309
vn -0.00974240061 0.354654938 0.934946597
vn 0.471429914 0.280975372 0.83594662
vn -0.00333493692 -0.0311376527 0.999509573
vn 0.449104279 -0.0474938639 0.892216206
vn 0.0161743984 -0.592408776 0.805475116
vn 0.56705606 -0.422626227 0.706989825
vn -0.0578231961 -0.9258039 0.373555541
vn 0.657195926 -0.661195457 0.36182043
vn -0.0424130596 -0.984670043 -0.16919218
vn 0.533636391 -0.838953316 -0.106721729
vn 0.488449842 -0.815178394 -0.311289042
vn 0.447278708 -0.892730594 -0.0545334816
vn 0.44993642 -0.892726839 0.0244149826
vn 0.373232156 -0.787113905 -0.491069704
vn 0.365819275 -0.654884458 -0.661288619
vn -0.187979892 -0.981988788 -0.0190169103
vn 0.433995694 -0.384465009 -0.814760268
vn 0.0301958323 -0.34878388 -0.936716557
vn 0.330161244 -0.513209462 -0.792218089
vn 0.190148324 -0.1767786 -0.965708554
vn 0.323564559 -0.202804938 -0.924216568
vn -0.0954757258 -0.700942159 -0.706798851
vn 0.152860254 0.49178496 -0.857193887
vn 0.202538624 0.364446402 -0.908931792
vn -0.0128460946 0.442223907 -0.896812677
vn 0.152134225 0.545606196 -0.824117184
vn -0.0939011872 0.0192235932 -0.995395839
vn 0.317634225 0.565962195 -0.760785878
vn 0.117637336 0.785232127 -0.607924283
vn -0.00529553462 0.301678956 -0.95339489
vn 0.350760162 0.935239971 -0.0478890166
vn 0.0884116217 0.980057359 -0.177963197
vn 0.0714684799 0.9499439 0.304136395
vn 0.363548607 0.854793668 0.370351404
vn 0.0483412817 0.805071056 0.591205299
vn 0.46336022 0.882249653 -0.0832632706
vn 0.143889204 0.637732148 -0.756699085
vn -0.0283926465 0.690131247 -0.723127007
vn 0.385094464 0.76991111 0.508860648
vn 0.150064155 0.483051181 0.862636864
vn 0.444037586 0.838895798 0.314776868
vn 0.0794979483 0.986982942 -0.139802501
vn -0.0480692796 0.490609497 -0.870052636
vn -0.0582946688 0.982310236 -0.177956194
vn -0.046738185 0.736746967 -0.674551308
vn -0.022663733 0.495817244 -0.868131161
vn 0.40722549 0.567610383 0.715531886
vn 0.387823105 0.758938015 0.523073792
vn 0.0506593697 0.962811947 0.265380442
vn -0.0541445427 0.972157717 0.227986142
vn 0.0237906892 0.818239987 0.574384272
vn -0.0402607918 0.979218543 -0.198771715
vn 0.372790128 -0.251419902 0.893205166
vn 0.150326654 -0.00430034101 0.988627017
vn -0.0195706282 0.637844682 0.769916356
vn -0.0744874254 0.800801098 0.594280362
vn 0.272487938 -0.186338514 0.943942964
vn 0.246622249 -0.529634297 0.811581731
vn 0.00811668206 -0.204966351 0.978735387
vn 0.455214709 -0.437736183 0.775349379
vn 0.395844191 -0.815206945 0.422782451
vn -0.0475640483 0.769303262 -0.637110829
vn -0.0656695142 0.968550682 -0.239993751
vn -0.0376498774 0.977800131 0.206129655
vn -0.145909727 0.633604288 0.759773612
vn 0.175652534 -0.159787431 0.971398056
vn -0.0510560162 0.787196755 0.614584863
vn -0.100237347 0.367271453 0.924696803
vn -0.087295346 0.765047252 -0.638029814
vn -0.0187977869 -0.319048762 0.947551787
vn -0.0440205261 0.667294145 0.743492305
vn -0.0989575684 0.977711678 0.185168117
vn -0.0522162504 0.805722177 0.589987457
vn -0.211755633 -0.18782796 0.959103823
vn 0.0196068622 0.96876657 0.247197926
vn -0.138701349 0.404562205 0.903931081
vn -0.1249955 0.190044314 0.973786056
vn -0.137113869 -0.224992439 0.964664876
vn -0.0448617265 0.836031497 0.546844423
vn 0.132006362 0.745964348 0.652772188
vn 0.109612778 0.24795419 0.9625507
vn 0.154696301 -0.0792839602 0.984775603
vn 0.0137692392 0.946768463 0.321620852
vn -0.250223458 -0.539219141 0.804133713
vn 0.105195954 0.584964275 0.8042081
vn 0.0641563833 0.957454801 -0.281361461
vn -0.0151283983 -0.170129344 0.985305607
vn -0.326039851 -0.676590681 0.660244823
vn -0.0350976512 -0.371922404 0.927600026
vn -0.0885913298 -0.751446545 0.653819382
vn -0.139774367 -0.741098523 0.65668565
vn -0.0160002876 -0.698864281 0.715075314
vn 0.505134523 -0.742152512 0.440509588
vn 0.44993642 -0.892726839 0.0244149826
vn 0.447278708 -0.892730594 -0.0545334816
vn -0.187979892 -0.981988788 -0.0190169103
vn -0.0128838615 -0.399527669 0.916630566
vn -0.0824799687 -0.833343983 0.546566308
vn -0.048448246 -0.981241584 0.186594769
vn -0.0663931072 -0.992712617 0.100566961
vn 0.0856115222 -0.499047101 0.862335563
vn -0.0989739075 -0.823967338 0.557926476
vn -0.0921153724 -0.987198174 0.130209014
vn 0.0163856279 -0.874126196 0.485422492
vn 0.00903014559 -0.999956012 0.00252806535
vn 0.0353108719 -0.567613482 0.822537541
vn 0.0919906124 -0.877234519 0.471165746
vn 0.212216452 -0.100566305 0.972034276
vn -0.171424732 0.400473088 0.90013051
vn -0.16078639 -0.0405298695 0.986156702
vn 0.0687257275 0.309665769 0.948358476
vn -0.040716365 -0.439100266 0.897514999
vn 0.0526571795 -0.934898198 0.350987881
vn 0.0482118092 -0.994074166 -0.0974276662
vn -0.000466576515 -0.814628303 0.579983294
vn -0.0198185965 -0.258196086 0.965889215
vn 0.0287821144 0.669371843 0.742369711
vn 0.0358265787 -0.897538364 0.439478427
vn 0.0265000686 -0.517244458 0.855427325
vn -0.0154683506 0.350037903 0.936607838
vn 0.0379657485 -0.913599133 0.404839784
vn 0.0352538042 -0.993369579 -0.109425113
vn 0.0359445214 -0.554907918 0.831134796
vn -0.0136941206 -0.139599174 0.990113378
vn 0.0153572503 -0.0594225414 0.998114824
vn 0.0405126214 -0.916393042 0.398224026
vn 0.0522787832 -0.990497112 -0.127210259
vn -0.0709599629 0.333857208 0.939949036
vn 0.035556823 -0.57185328 0.819585085
vn 0.0765912086 -0.922421157 0.378513992
vn 0.103393532 -0.982472181 -0.155106679
vn 0.0528500862 -0.590482116 0.805318415
vn 0.102055296 -0.926242232 0.36285007
vn 0.137911454 -0.975488484 -0.171472117
vn 0.0563748367 -0.605082035 0.794164836
vn 0.105142891 -0.922968626 0.370234847
vn 0.143934175 -0.975972414 -0.163586974
vn 0.0542934351 -0.601543486 0.796992958
vn 0.0160365235 -0.0556194 0.998323262
vn 0.0799026042 -0.921259165 0.380653769
vn 0.116680682 -0.981903732 -0.149166405
vn 0.0545729995 -0.588912606 0.806352139
vn -0.0578231961 -0.9258039 0.373555541
vn -0.0424130596 -0.984670043 -0.16919218
vn 0.0161743984 -0.592408776 0.805475116
vn -0.00333493692 -0.0311376527 0.999509573
vn 0.0388560519 -0.0626633614 0.997278035
vn -0.00974240061 0.354654938 0.934946597
vn 0.0247044507 -0.0433922559 0.998752594
vn 0.00836449489 -0.0555432476 0.998421192
vn 0.0640361533 0.354296416 0.93293798
vn -0.0513928942 0.625519216 0.778514266
vn 0.0041301325 0.36177519 0.932256281
vn -0.00829352625 0.358317047 0.933563113
vn 0.00553943217 0.345171541 0.938523233
vn 0.157935828 0.60243392 0.782387137
vn 0.0465157591 0.630566835 0.774739802
vn 0.278246403 0.886909962 0.368740857
vn -0.163666785 0.921598196 0.351951569
vn -0.228077009 0.964378297 -0.133997798
vn -0.022486316 0.652888834 0.757119954
vn -0.00949701294 0.328678668 0.944394112
vn 0.300080776 0.948102951 -0.105130903
vn -0.204524621 0.769694448 -0.604764521
vn 0.142750278 0.914807081 0.377823234
vn -0.00808767229 0.648806512 0.760910392
vn -0.00980100129 0.645010412 0.764110863
vn 0.241253287 0.785556555 -0.569822669
vn -0.173704952 0.390260249 -0.904170096
vn -0.0179951172 0.936817229 0.349356085
vn 0.187967673 0.977217853 -0.0985574275
vn -0.00588824647 0.942683876 0.333635122
vn -0.0282120947 0.684665918 0.728310943
vn 0.010731467 0.994243205 -0.10660813
vn 0.149546176 0.804620743 -0.574649036
vn 0.141276404 0.387876511 -0.910819829
vn 0.0129136685 0.949854434 0.312425584
vn -0.0874788165 0.767870188 0.634604514
vn 0.163068727 -0.0548693947 -0.985087812
vn -0.0520344824 -0.0143407257 -0.998542309
vn 0.111833259 0.361886561 -0.925489902
vn 0.021023402 0.954009891 0.29903689
vn -0.124144517 0.956031024 0.265693277
vn 0.0217257459 0.98892796 -0.146797642
vn 0.0610664971 0.824848115 -0.562046647
vn 0.0409629792 0.978991032 -0.19974637
vn 0.0694938004 0.807614207 -0.585602105
vn 0.0324914083 0.977886736 -0.206595525
vn -0.0139590316 0.94127667 -0.337347448
vn 0.108479083 0.353650063 -0.929066181
vn 0.0612454824 0.791606188 -0.607954383
vn 0.0228263326 0.779975772 -0.625393212
vn -0.0670004264 0.98058629 -0.184286013
vn 0.102551565 0.352329969 -0.930240154
vn 0.135333925 -0.136363044 -0.981371462
vn 0.059191525 0.752753198 -0.655636251
vn 0.0593371466 0.365241647 -0.929019749
vn 0.129407957 -0.100269444 -0.986508787
vn 0.161069274 -0.705733776 -0.689925075
vn 0.175257877 -0.695555389 -0.696769357
vn 0.0303203408 -0.621289909 -0.782993853
vn -0.0424130596 -0.984670043 -0.16919218
vn 0.116680682 -0.981903732 -0.149166405
vn 0.143934175 -0.975972414 -0.163586974
vn 0.153423309 -0.708287179 -0.689050436
vn 0.137911454 -0.975488484 -0.171472117
vn 0.121380486 -0.159521177 -0.979703903
vn 0.127273113 -0.722177684 -0.679897785
vn 0.103393532 -0.982472181 -0.155106679
vn 0.0657689124 -0.751392901 -0.656569302
vn 0.0522787832 -0.990497112 -0.127210259
vn 0.0609252788 -0.188666746 -0.980149448
vn 0.019988209 -0.773946524 -0.632935524
vn 0.0352538042 -0.993369579 -0.109425113
vn 0.0482118092 -0.994074166 -0.0974276662
vn 0.0206483398 0.413774252 -0.910145283
vn 0.0156175662 -0.251936406 -0.96761775
vn 0.0296226535 -0.785909891 -0.617631078
vn 0.00903014559 -0.999956012 0.00252806535
vn 0.0564482659 0.373070389 -0.92608434
vn 0.000807631004 -0.221378043 -0.975187778
vn 0.0956898555 0.662391961 -0.743021131
vn 0.0101674143 0.384065449 -0.9232499
vn -0.0744033754 0.699159086 -0.711084247
vn -0.0385781005 0.46024403 -0.88695395
vn -0.0174735021 0.43873778 -0.898445249
vn -0.0296871085 -0.0133814625 -0.999469697
vn -0.00261254865 -0.689918995 -0.723881841
vn -0.0254024733 -0.897000492 -0.441299111
vn -0.0218887404 -0.743064642 -0.668861628
vn -0.0726250261 -0.943370581 -0.323693514
vn -0.0921153724 -0.987198174 0.130209014
vn 0.0261132717 -0.135934919 -0.990373611
vn -0.0397315137 0.443096966 -0.895592868
vn -0.0501386896 -0.912513614 -0.405961692
vn -0.0663931072 -0.992712617 0.100566961
vn -0.0215773378 -0.643875659 -0.764825821
vn -0.0368095599 -0.153231218 -0.987504542
vn -0.0750587359 -0.0171656888 -0.997031331
vn -0.0112022422 -0.670099795 -0.742186487
vn -0.0264883079 -0.885407925 -0.464059353
vn -0.048448246 -0.981241584 0.186594769
vn -0.114553452 -0.700879812 -0.7040205
vn -0.0328446105 -0.190762311 -0.981086671
vn -0.128730312 -0.498576641 -0.857233822
vn -0.199056685 -0.917320013 -0.344819456
vn -0.203215182 -0.96245712 0.179944098
vn -0.0160002876 -0.698864281 0.715075314
vn -0.139774367 -0.741098523 0.65668565
vn -0.0885913298 -0.751446545 0.653819382
vn 0.180986837 -0.980699778 0.0739707723
vn 0.44993642 -0.892726839 0.0244149826
vn 0.395844191 -0.815206945 0.422782451
vn 0.166396782 -0.763176143 0.624399126
vn 0.54146558 0.839192688 -0.0507018492
vn 0.246622249 -0.529634297 0.811581731
vn 0.516819596 0.681859791 -0.517653108
vn 0.150326654 -0.00430034101 0.988627017
vn 0.109650381 -0.04058538 0.993141353
vn 0.58142364 0.0925582945 -0.808318853
vn 0.150064155 0.483051181 0.862636864
vn 0.0766293406 0.67753613 0.731486678
vn 0.0483412817 0.805071056 0.591205299
vn 0.496852517 -0.556556582 -0.665869474
vn 0.0714684799 0.9499439 0.304136395
vn 0.0850138515 0.950203359 0.29981038
vn 0.445605695 -0.858965635 -0.252217203
vn 0.0884116217 0.980057359 -0.177963197
vn 0.114353903 0.969406962 -0.21719417
vn 0.499988288 -0.829112113 0.250169724
vn 0.117637336 0.785232127 -0.607924283
vn 0.16131106 0.619505644 -0.76823926
vn 0.202538624 0.364446402 -0.908931792
vn 0.564181149 -0.449337631 0.69267267
vn 0.323564559 -0.202804938 -0.924216568
vn 0.196975008 -0.269999146 -0.942497432
vn 0.630161524 0.213111043 0.746645987
vn 0.365819275 -0.654884458 -0.661288619
vn 0.202213541 -0.832487881 -0.515823305
vn 0.488449842 -0.815178394 -0.311289042
vn 0.44993642 -0.892726839 0.0244149826
vn 0.529249191 0.723700464 0.442891598
vn 0.180986837 -0.980699778 0.0739707723
vn 0.54146558 0.839192688 -0.0507018492
vn 0.305838823 -0.223122254 0.925569654
vn -0.559518337 -0.106011868 -0.822010159
vn -0.424060702 -0.160179704 -0.891355693
vn 0.289820433 -0.15605025 0.944273472
vn -0.618538797 -0.137828752 -0.77357161
vn -0.616341889 0.169419616 -0.7690382
vn 0.298606664 0.106249966 0.948443472
vn -0.559518337 -0.106011868 -0.822010159
vn 0.289760649 0.186676949 0.938717544
vn -0.523286343 0.434997618 -0.732767642
vn 0.305838823 -0.223122254 0.925569654
vn 0.298606664 0.106249966 0.948443472
vn 0.289820433 -0.15605025 0.944273472
vn -0.53274262 -0.839490056 -0.106965989
vn -0.0304139405 -0.621284187 -0.782994986
vn 0.0422081538 -0.984683692 -0.169164285
vn -0.415614337 -0.650562227 -0.63563627
vn 0.0520460382 -0.0143470522 -0.998541594
vn -0.236871824 0.0159657523 -0.971409738
vn 0.17377165 0.390223384 -0.904173136
vn -0.0824167207 0.407519966 -0.909469664
vn 0.204648867 0.769680858 -0.604739785
vn -0.0118571389 0.773343325 -0.633876622
vn 0.228087574 0.964377105 -0.133989051
vn -0.0405646972 0.99396199 -0.101951413
vn 0.163587898 0.921594739 0.351997286
vn -0.156144574 0.921909928 0.354543358
vn 0.0513378307 0.625535429 0.778504848
vn -0.399816126 0.565100312 0.721670866
vn 0.0097592948 0.354673296 0.934939384
vn -0.471460253 0.280969024 0.835931599
vn 0.00345180673 -0.0311043747 0.999510169
vn -0.449162722 -0.0474984311 0.892186522
vn -0.0160675012 -0.592393637 0.805488348
vn -0.567042172 -0.422647238 0.706988394
vn 0.05771235 -0.925809979 0.37355727
vn -0.656794488 -0.661569357 0.361865938
vn 0.0422081538 -0.984683692 -0.169164285
vn -0.53274262 -0.839490056 -0.106965989
vn -0.488439918 -0.815182984 -0.311292797
vn -0.449936539 -0.89272666 0.0244176257
vn -0.44727841 -0.892730594 -0.0545352809
vn -0.373239785 -0.787100613 -0.491085291
vn -0.365789562 -0.65488106 -0.661308289
vn 0.187980041 -0.981988668 -0.0190170854
vn -0.434010088 -0.384449065 -0.814760208
vn -0.0302204732 -0.348771006 -0.93672055
vn -0.330146819 -0.513287723 -0.792173505
vn -0.190149337 -0.176779121 -0.965708196
vn -0.323566079 -0.202804267 -0.924216151
vn 0.0954468399 -0.700933516 -0.706811249
vn -0.152858838 0.491783321 -0.85719502
vn -0.202538028 0.364446551 -0.908931792
vn 0.0128463395 0.442225993 -0.896811724
vn -0.152133673 0.545605004 -0.824118078
vn 0.0939005762 0.0192263722 -0.995395958
vn -0.317633927 0.565962791 -0.760785639
vn -0.117637359 0.785232544 -0.607923806
vn 0.00529557606 0.301681459 -0.953394055
vn -0.350760818 0.935239792 -0.0478886589
vn -0.0884116888 0.98005724 -0.177963912
vn -0.0714684129 0.949944019 0.304135919
vn -0.363549232 0.854793727 0.370350629
vn -0.0483412221 0.805071175 0.591205239
vn -0.463359594 0.882250011 -0.0832626969
vn -0.143889502 0.637734413 -0.756697178
vn 0.0283928122 0.690130532 -0.723127663
vn -0.385095567 0.769912183 0.508858204
vn -0.150064468 0.483051091 0.862636864
vn -0.444037646 0.838896215 0.314775586
vn -0.0794975013 0.986982703 -0.139804736
vn 0.0480694994 0.490611374 -0.870051622
vn 0.0582945868 0.982309282 -0.17796126
vn 0.0467381366 0.736745298 -0.674553037
vn 0.0226637274 0.495816439 -0.868131578
vn -0.407226652 0.567610443 0.715531111
vn -0.387823194 0.758938491 0.523073077
vn -0.0506599955 0.962813258 0.265375346
vn 0.0541445464 0.972158194 0.227984354
vn -0.0237904917 0.818240404 0.574383736
vn 0.0402607843 0.979218006 -0.198774114
vn -0.372792125 -0.251420349 0.893204212
vn -0.150327578 -0.00429924577 0.988626897
vn 0.0195702761 0.637844682 0.769916356
vn 0.0744872913 0.80080092 0.594280779
vn -0.272486866 -0.186339512 0.943943083
vn -0.246622518 -0.529634297 0.811581671
vn -0.00811749324 -0.204967037 0.978735149
vn -0.455213845 -0.437738031 0.775348783
vn -0.395843714 -0.81520623 0.422784269
vn 0.047564093 0.769303024 -0.637111068
vn 0.0656697005 0.968551278 -0.239991426
vn 0.0376498662 0.977800131 0.206129491
vn 0.145909756 0.633605003 0.759773016
vn -0.175652131 -0.159788638 0.971397936
vn 0.0510560051 0.787195742 0.614586234
vn 0.100237563 0.367270619 0.924697101
vn 0.0872955471 0.765047789 -0.638029337
vn 0.0187987499 -0.319048941 0.947551787
vn 0.0440202728 0.667294443 0.743491948
vn 0.0989578217 0.977712035 0.185166463
vn 0.0522164442 0.805722415 0.589987218
vn 0.211756214 -0.187828735 0.959103644
vn -0.0196068771 0.968765259 0.247203454
vn 0.138702169 0.404561937 0.903931081
vn 0.124996372 0.190042332 0.973786294
vn 0.137114584 -0.224993557 0.9646644
vn 0.0448626839 0.836030245 0.546846151
vn -0.132006273 0.745963037 0.652773738
vn -0.109612316 0.247951806 0.962551355
vn -0.15469712 -0.0792845339 0.984775484
vn -0.0137698771 0.946766973 0.321624994
vn 0.250223786 -0.539219737 0.804133117
vn -0.105196752 0.584962547 0.804209173
vn -0.0641568154 0.957455575 -0.28135851
vn 0.0151286172 -0.170129731 0.985305488
vn 0.326039344 -0.676589429 0.660246253
vn 0.0350977816 -0.37192139 0.927600563
vn 0.0885912552 -0.751446724 0.653819144
vn 0.139774799 -0.741098285 0.656685889
vn 0.0160002615 -0.698863328 0.715076327
vn -0.505135834 -0.742153406 0.440506667
vn -0.449936539 -0.89272666 0.0244176257
vn -0.44727841 -0.892730594 -0.0545352809
vn 0.187980041 -0.981988668 -0.0190170854
vn 0.012883883 -0.399528295 0.916630268
vn 0.0824798942 -0.83334446 0.546565711
vn 0.0484482162 -0.981241286 0.186596528
vn 0.0663930997 -0.992712617 0.100567013
vn -0.0856116414 -0.499046803 0.862335742
vn 0.098974131 -0.823969185 0.557923615
vn 0.0921153203 -0.987198055 0.130210251
vn -0.0163857229 -0.87412703 0.485420972
vn -0.00903006177 -0.999956012 0.00253212568
vn -0.0353099257 -0.567613184 0.822537839
vn -0.0919906273 -0.877233803 0.471167207
vn -0.212216541 -0.100566402 0.972034276
vn 0.171424299 0.400472194 0.900130928
vn 0.160786852 -0.0405306742 0.986156583
vn -0.068726331 0.309666067 0.948358357
vn 0.0198189709 -0.258195937 0.965889215
vn 0.0407165699 -0.439101487 0.897514343
vn -0.0526570417 -0.9348979 0.350988835
vn -0.0482124388 -0.994074166 -0.0974273384
vn -0.028783055 0.669372201 0.742369413
vn 0.000466451194 -0.814629972 0.57998091
vn -0.0358282439 -0.897539318 0.43947652
vn -0.0265009515 -0.517246485 0.855426013
vn -0.0379603542 -0.913599372 0.404839933
vn -0.0352480337 -0.993369937 -0.109424062
vn -0.0522768721 -0.990497351 -0.127208963
vn -0.0359424986 -0.554908872 0.831134319
vn -0.0405092016 -0.916394055 0.398222327
vn -0.0765829459 -0.922423542 0.378509939
vn -0.10339231 -0.982474029 -0.155096367
vn -0.137914091 -0.975490749 -0.171456799
vn -0.0355582759 -0.571861207 0.819579363
vn 0.0136941522 -0.139600366 0.990113258
vn 0.0709592476 0.333857268 0.939949036
vn -0.0153619945 -0.0594204515 0.998114824
vn -0.0528469682 -0.590500236 0.805305362
vn -0.102044813 -0.926234126 0.362873346
vn -0.105152212 -0.922954023 0.370268732
vn -0.143917039 -0.975975633 -0.163583368
vn -0.0563568287 -0.6051054 0.794148207
vn -0.0247032959 -0.0433916412 0.998752713
vn -0.0799473152 -0.921247423 0.380672783
vn -0.116697103 -0.981900334 -0.149176314
vn -0.0543206334 -0.601538956 0.796994448
vn 0.05771235 -0.925809979 0.37355727
vn 0.0422081538 -0.984683692 -0.169164285
vn -0.0160675012 -0.592393637 0.805488348
vn -0.0546100996 -0.588957846 0.806316495
vn 0.00345180673 -0.0311043747 0.999510169
vn -0.0388686694 -0.0626835674 0.997276247
vn 0.0097592948 0.354673296 0.934939384
vn -0.0160284415 -0.0556226857 0.998323143
vn -0.00838952977 -0.0555440374 0.998420954
vn -0.0640362278 0.354317933 0.932929873
vn 0.0513378307 0.625535429 0.778504848
vn 0.00829538144 0.358319312 0.93356216
vn -0.00413896004 0.361785889 0.932252049
vn -0.157932416 0.602419853 0.782398641
vn -0.0465053432 0.630563319 0.774743199
vn -0.278277278 0.886890888 0.368763208
vn 0.163587898 0.921594739 0.351997286
vn 0.228087574 0.964377105 -0.133989051
vn -0.142737955 0.914805353 0.377831906
vn -0.300133616 0.948086202 -0.105130255
vn 0.204648867 0.769680858 -0.604739785
vn 0.0224865265 0.652878284 0.757129014
vn -0.241287678 0.785553813 -0.569811761
vn 0.17377165 0.390223384 -0.904173136
vn -0.187964931 0.97721839 -0.0985565186
vn 0.0179952048 0.936816573 0.349357724
vn -0.0107314801 0.994242966 -0.106609948
vn 0.00808926206 0.648800075 0.760915935
vn 0.00588901248 0.942683101 0.333637416
vn -0.0217255317 0.988927722 -0.146798715
vn -0.00553678535 0.345179588 0.938520312
vn 0.00949469581 0.328682274 0.9443928
vn 0.00980086904 0.645007133 0.764113724
vn -0.0129141444 0.94985348 0.312428623
vn -0.0409638919 0.978990316 -0.199749485
vn 0.0282109194 0.684664547 0.728312135
vn -0.0210250895 0.954008579 0.299040943
vn 0.0874772817 0.767868817 0.634606361
vn 0.0154693527 0.350039393 0.936607182
vn 0.124141812 0.956030905 0.265694737
vn -0.0324928015 0.977885962 -0.206599072
vn -0.0612466708 0.791626334 -0.607928097
vn -0.0228358731 0.779984236 -0.625382364
vn 0.0139578022 0.941277027 -0.337346852
vn 0.0669988319 0.980586886 -0.184283808
vn -0.069486402 0.807626128 -0.585586727
vn -0.0591915622 0.752756655 -0.655632436
vn -0.0593368299 0.365256339 -0.929013908
vn -0.061064858 0.824846745 -0.562048972
vn -0.149554297 0.804619908 -0.574648142
vn -0.108476475 0.353652477 -0.929065526
vn -0.141287148 0.387905896 -0.910805583
vn -0.102545589 0.352322817 -0.930243552
vn -0.11184372 0.361875147 -0.925493062
vn -0.163074523 -0.0548715554 -0.985086679
vn 0.0520460382 -0.0143470522 -0.998541594
vn -0.129411742 -0.100266472 -0.986508608
vn -0.135333404 -0.136365533 -0.981371105
vn -0.12138024 -0.159519911 -0.979704142
vn -0.127276331 -0.722177505 -0.679897308
vn -0.0609244928 -0.188662946 -0.980150223
vn -0.175268471 -0.695561647 -0.696760297
vn -0.0304139405 -0.621284187 -0.782994986
vn 0.0422081538 -0.984683692 -0.169164285
vn -0.116697103 -0.981900334 -0.149176314
vn -0.16105397 -0.705733359 -0.689929068
vn -0.143917039 -0.975975633 -0.163583368
vn -0.137914091 -0.975490749 -0.171456799
vn -0.15342319 -0.708284497 -0.689053237
vn -0.10339231 -0.982474029 -0.155096367
vn -0.0522768721 -0.990497351 -0.127208963
vn -0.0657687262 -0.751390219 -0.656572342
vn -0.0199836344 -0.773948789 -0.632932782
vn -0.0352480337 -0.993369937 -0.109424062
vn -0.0482124388 -0.994074166 -0.0974273384
vn -0.0156169403 -0.251934975 -0.967618167
vn -0.0296220761 -0.785911679 -0.617628872
vn -0.00903006177 -0.999956012 0.00253212568
vn -0.0206621066 0.413764328 -0.910149515
vn -0.0564480089 0.373070508 -0.92608422
vn -0.000807682169 -0.221380547 -0.975187182
vn -0.0956911594 0.662397265 -0.743016243
vn -0.0101680569 0.384064198 -0.923250437
vn 0.0744037628 0.699163377 -0.711079895
vn 0.0385780185 0.460244507 -0.886953652
vn 0.0174733754 0.438737005 -0.898445606
vn 0.0296866801 -0.0133838914 -0.999469697
vn 0.00261271722 -0.689921916 -0.723879099
vn 0.0254026093 -0.897002459 -0.441295058
vn 0.0218886789 -0.74306345 -0.668862939
vn 0.0726251453 -0.943372011 -0.32368952
vn 0.0921153203 -0.987198055 0.130210251
vn -0.0261133481 -0.135935768 -0.990373492
vn 0.0397313572 0.443094462 -0.89559406
vn 0.0501386635 -0.912514031 -0.405960858
vn 0.0663930997 -0.992712617 0.100567013
vn 0.0215773098 -0.643874228 -0.764827073
vn 0.0368095562 -0.153231293 -0.987504542
vn 0.0750587583 -0.0171667077 -0.997031331
vn 0.0112023083 -0.670100033 -0.742186308
vn 0.026488293 -0.885407746 -0.464059889
vn 0.0484482162 -0.981241286 0.186596528
vn 0.114553042 -0.700879872 -0.7040205
vn 0.0328428857 -0.190756962 -0.981087685
vn 0.128729984 -0.498576641 -0.857233822
vn 0.199056715 -0.917320013 -0.344819456
vn 0.203215271 -0.962456822 0.17994602
vn 0.0160002615 -0.698863328 0.715076327
vn 0.139774799 -0.741098285 0.656685889
vn 0.0885912552 -0.751446724 0.653819144
vn -0.18098712 -0.98069936 0.073976472
vn -0.395843714 -0.81520623 0.422784269
vn -0.449936539 -0.89272666 0.0244176257
vn -0.166396737 -0.76317507 0.624400437
vn -0.541464627 0.839193285 -0.0507019535
vn -0.246622518 -0.529634297 0.811581671
vn -0.516820192 0.681860685 -0.517651379
vn -0.150327578 -0.00429924577 0.988626897
vn -0.109650664 -0.0405841619 0.993141353
vn -0.581426084 0.09255784 -0.808317184
vn -0.150064468 0.483051091 0.862636864
vn -0.0766291842 0.677536488 0.73148644
vn -0.0483412221 0.805071175 0.591205239
vn -0.496854633 -0.556559145 -0.665865898
vn -0.0714684129 0.949944019 0.304135919
vn -0.0850137472 0.95020324 0.299810767
vn -0.445605069 -0.858967423 -0.252212554
vn -0.0884116888 0.98005724 -0.177963912
vn -0.114353888 0.969406843 -0.217194527
vn -0.499986887 -0.829111755 0.250173628
vn -0.117637359 0.785232544 -0.607923806
vn -0.16131112 0.619506061 -0.768238902
vn -0.202538028 0.364446551 -0.908931792
vn -0.564179242 -0.449338108 0.692673802
vn -0.323566079 -0.202804267 -0.924216151
vn -0.196975842 -0.270000339 -0.942496777
vn -0.630160213 0.213111103 0.74664706
vn -0.365789562 -0.65488106 -0.661308289
vn -0.202214107 -0.832488835 -0.515821457
vn -0.488439918 -0.815182984 -0.311292797
vn -0.449936539 -0.89272666 0.0244176257
vn -0.529248297 0.723700345 0.44289282
vn -0.18098712 -0.98069936 0.073976472
vn -0.541464627 0.839193285 -0.0507019535
vn 0.274375409 0.305514097 0.911800086
vn 0.228988096 0.249423936 0.940931559
vn 0.195973232 -0.0215393081 0.980372667
vn 0.0896674544 0.0741870254 0.993204951
vn -0.0725638643 0.0724226385 0.99473083
vn -0.166729003 -0.502825201 0.848155797
vn -0.0187048819 0.997165143 0.072881408
vn -0.0187539458 0.997170269 0.0727995783
vn -0.764300823 0.58668077 -0.267675221
vn -0.310915321 0.480539858 -0.82000798
vn 0.0168958884 0.928126037 0.371882647
vn -0.924740434 0.0083422102 -0.380506963
vn -0.15949294 0.501468837 -0.850347638
vn -0.381037503 0.0557273291 -0.922878683
vn 0.451792985 0.539629221 -0.710410774
vn 0.380722612 0.345377445 0.857767284
vn 0.537769616 -0.0482243001 0.841711521
vn -0.155803338 0.0643887147 -0.985687315
vn 0.660582721 0.0626849085 -0.748131812
vn 0.394822657 -0.445223868 0.803673327
vn -0.294664234 -0.374962062 -0.878963351
vn -0.741357625 -0.571545184 -0.351745635
vn 0.0188213754 -0.997168958 -0.0727996081
vn 0.0187379178 -0.997164547 -0.0728811622
vn -0.142368063 -0.385309696 -0.911738932
vn 0.0525886901 -0.970923364 0.233543023
vn 0.468863398 -0.420686424 -0.776653111
vn 0.380722612 0.345377445 0.857767284
vn 0.00462278677 -0.067478098 0.997710109
vn 0.0168958884 0.928126037 0.371882647
vn 0.537769616 -0.0482243001 0.841711521
vn 0.394822657 -0.445223868 0.803673327
vn 0.0525886901 -0.970923364 0.233543023
vn -0.769083798 0.136766925 -0.624343634
vn 0.116331913 0.789830267 0.602191925
vn -0.768716097 -0.165645987 -0.617767692
vn 0.0894570723 -0.801404238 0.591395557
vn 0.00268391892 -0.75159663 0.659617543
vn 0.0219672602 0.761841774 0.647390544
vn 0.0191039965 -0.669493496 0.742572248
vn -0.135007158 0.605365992 0.784413874
vn 0.467990905 -0.556719363 0.686329424
vn -0.409691751 0.206104308 0.888635874
vn 0.487580121 -0.0673960671 0.870473087
vn -0.663523793 -0.0157258213 0.747989953
vn 0.469417214 0.0129309483 0.88288182
vn -0.643675387 -0.0671038032 0.762351036
vn -0.419961452 -0.309561968 0.853114128
vn 0.449112713 0.574828684 0.684010088
vn 0.0708817542 0.71594137 0.694552898
vn -0.067634128 -0.663520515 0.745094717
vn 0.0770373344 0.684626937 0.724811196
vn 0.0687098652 -0.679230452 0.730701685
vn 0.126351729 -0.448169351 0.884974241
vn 0.110173263 0.640962899 0.759623885
vn -0.850394964 0.519432724 -0.0837741122
vn -0.973634601 0.172277004 0.149520069
vn 0.057436917 -0.980048895 -0.190276369
vn 0.628431499 -0.165621579 0.760028541
vn 0.460860312 -0.828387022 -0.318406701
vn 0.884881437 0.111128114 -0.452366441
vn 0.189158648 -0.330607474 0.924617589
vn -0.828888714 -0.535023928 0.163379699
vn -0.961496711 -0.112509742 0.250730395
vn 0.477670759 0.273842305 0.834770083
vn 0.742510259 0.542511523 -0.392886311
vn -0.139461026 0.990048766 -0.0188184679
vn 0.0410345457 0.107791975 0.993326187
vn -0.541852772 0.829098582 0.13780804
vn 0.357331365 -0.0379722565 0.933205426
vn -0.119274035 -0.198367655 -0.97284317
vn -0.067634128 -0.663520515 0.745094717
vn -0.419961452 -0.309561968 0.853114128
vn -0.643675387 -0.0671038032 0.762351036
vn -0.0324811451 -0.549561977 -0.834821284
vn 0.0687098652 -0.679230452 0.730701685
vn -0.0954423696 -0.65447706 -0.750033617
vn 0.126351729 -0.448169351 0.884974241
vn -0.227925241 -0.646646798 -0.727941036
vn -0.973634601 0.172277004 0.149520069
vn -0.850394964 0.519432724 -0.0837741122
vn -0.257206589 0.518405139 -0.815537155
vn 0.110173263 0.640962899 0.759623885
vn 0.0770373344 0.684626937 0.724811196
vn -0.0822492316 0.636306822 -0.767038941
vn 0.0708817542 0.71594137 0.694552898
vn 0.0746172592 0.700960457 -0.709286094
vn 0.626659036 0.612067878 -0.482360065
vn 0.449112713 0.574828684 0.684010088
vn 0.469417214 0.0129309483 0.88288182
vn 0.722464621 0.0882251114 -0.685755968
vn 0.487580121 -0.0673960671 0.870473087
vn -0.404519022 0.0192696247 -0.914326549
vn 0.705079794 -0.00341395894 -0.709119678
vn 0.467990905 -0.556719363 0.686329424
vn -0.393766642 0.0474316925 -0.917985857
vn -0.663523793 -0.0157258213 0.747989953
vn -0.114485912 0.201402485 -0.97279489
vn -0.409691751 0.206104308 0.888635874
vn 0.659503698 -0.551076591 -0.511242926
vn 0.133187354 -0.672923446 -0.727623045
vn 0.0191039965 -0.669493496 0.742572248
vn 0.00268391892 -0.75159663 0.659617543
vn 0.0354183577 0.514106691 -0.856994748
vn -0.135007158 0.605365992 0.784413874
vn -0.0432178527 -0.617672205 -0.785247207
vn 0.0894570723 -0.801404238 0.591395557
vn -0.0445563719 0.598356307 -0.799990416
vn 0.0219672602 0.761841774 0.647390544
vn -0.255084932 0.567401469 -0.782935023
vn 0.116331913 0.789830267 0.602191925
vn -0.769083798 0.136766925 -0.624343634
vn -0.272743106 -0.557891309 -0.783816576
vn -0.768716097 -0.165645987 -0.617767692
vn -0.0574842393 -0.980065703 -0.190175548
vn -0.460783809 -0.828312516 -0.318710923
vn -0.628422976 -0.16538617 0.760086834
vn -0.884742975 0.11149437 -0.452547252
vn -0.189196259 -0.33059752 0.924613416
vn 0.828673184 -0.535268486 0.163671732
vn 0.961485684 -0.112752959 0.25066334
vn -0.477608413 0.273975581 0.834761977
vn -0.742337704 0.542784512 -0.392835706
vn 0.13947314 0.990046799 -0.018832393
vn -0.0410156772 0.107741468 0.993332446
vn 0.541844487 0.829098105 0.137843415
vn -0.35724321 -0.0377944335 0.933246434
vn -0.529248297 0.723700345 0.44289282
vn -0.630160213 0.213111103 0.74664706
vn -0.999746859 0.0123796659 0.0187883619
vn -0.541464627 0.839193285 -0.0507019535
vn -0.564179242 -0.449338108 0.692673802
vn -0.516820192 0.681860685 -0.517651379
vn -0.499986887 -0.829111755 0.250173628
vn -0.581426084 0.09255784 -0.808317184
vn -0.445605069 -0.858967423 -0.252212554
vn -0.496854633 -0.556559145 -0.665865898
vn 0.477834105 -0.114397265 -0.870969534
vn 0.596875846 -0.553768933 -0.580585182
vn 0.77758342 0.610893607 0.148906171
vn 0.618720651 0.732910097 -0.282891512
vn 2.48686632E-07 0.899564207 0.436788678
vn -0.00057873904 0.716248095 -0.697845519
vn 0.717450976 -0.599369764 -0.354992956
vn -0.618816078 0.732600927 -0.283482909
vn 0.487355411 0.556878567 0.672585249
vn -0 0.561571777 0.827427983
vn 0.779746592 -0.57629019 0.244713992
vn 0.428878814 -0.349661767 0.832946301
vn -2.17262468E-07 -0.477936238 0.878394544
vn -0.428871781 -0.349655658 0.832952499
vn -0.779747128 -0.576287031 0.244719401
vn -0.487352908 0.556877494 0.672587991
vn -0.717455089 -0.599362552 -0.35499689
vn -0.777581632 0.610896051 0.148905918
vn -0.45806393 -0.112856172 -0.881726086
vn -0.596876383 -0.553769827 -0.580583811
vn -0 0.772981703 0.634428263
vn 0.902677655 0.429180175 -0.0312629119
vn 0.194062695 0.690393865 0.696918964
vn -6.50634465E-05 0.897308111 0.44140479
vn -0.902602494 0.429349035 -0.0311128683
vn -0.19369629 0.690315664 0.697098255
vn -2.64539176E-05 0.650590658 0.75942862
vn 2.63324109E-05 0.579292536 0.815119803
vn -0.177290708 0.590444028 0.787365079
vn 0.00348119554 0.55045259 0.834859133
vn 0.17752941 0.590399384 0.787344813
vn -0.307889223 0.542791843 0.781397045
vn 0.318138361 0.534263432 0.783167064
vn -0.391868621 0.53777045 0.746486306
vn 0.477834105 -0.114397265 -0.870969534
vn 0.395170391 0.534299612 0.747237802
vn -0.45806393 -0.112856172 -0.881726086
vn -0.00905085541 0.640312612 0.768061161
vn 0.175669119 0.0788610801 -0.981285572
vn 0.618720651 0.732910097 -0.282891512
vn -0.00057873904 0.716248095 -0.697845519
vn -0.178407803 0.073837623 -0.981182277
vn -0.618816078 0.732600927 -0.283482909
vn -0.0148401903 0.428136855 -0.90359205
vn 0.529249191 0.723700464 0.442891598
vn 0.999746859 0.0123815574 0.018782869
vn 0.630161524 0.213111043 0.746645987
vn 0.54146558 0.839192688 -0.0507018492
vn 0.564181149 -0.449337631 0.69267267
vn 0.516819596 0.681859791 -0.517653108
vn 0.499988288 -0.829112113 0.250169724
vn 0.58142364 0.0925582945 -0.808318853
vn 0.445605695 -0.858965635 -0.252217203
vn 0.496852517 -0.556556582 -0.665869474
vn 0.125987023 0.0949778706 -0.98747474
vn 0.128650039 0.0880577341 -0.987772763
vn -0.0183599535 -0.092903696 0.99550581
vn -0.12107572 -0.580091238 0.805502772
vn -0.012341802 -0.0873199478 0.996103883
vn -9.94517814E-06 0.123120196 -0.992391765
vn -0 -0.239785194 0.97082597
vn 0.121060953 -0.579998493 0.805571854
vn 0.133942604 0.0517482683 -0.989637077
vn 0.00821091142 -0.0962744951 0.995320976
vn -0.128653884 0.0880440474 -0.987773478
vn -0.125979453 0.0949874148 -0.987474859
vn 0.0183449835 -0.0929142237 0.995505095
vn 1.67337039E-05 0.0806794465 -0.996740043
vn -0.133936241 0.0517319292 -0.989638805
vn 0.0123415058 -0.0873120576 0.996104598
vn 0.403379858 -0.346699804 -0.846808076
vn 0.07402955 -0.168317169 0.982949138
vn 0.136512652 -0.00572466571 -0.990621805
vn 0.35534057 -0.317067772 -0.879318595
vn 3.86947704E-06 -0.43401745 0.900904477
vn -1.78316222E-05 0.014652661 -0.999892712
vn -0.403328508 -0.346610636 -0.846869111
vn -0.00821037497 -0.0962756127 0.995320857
vn -6.66733285E-07 -0.147258341 -0.989098072
vn -0.136496082 -0.00568227191 -0.990624368
vn -0.355309904 -0.317033768 -0.879343092
vn -0.0740226135 -0.16832 0.982949138
vn 2.44196394E-06 -0.444998324 -0.895531476
vn -0.561022699 -0.649089038 0.513747931
vn -0.0652918667 0.668389738 0.740940094
vn -0.0965675861 0.637950003 0.763999045
vn -0.0452066064 0.672539592 0.738679051
vn -0.545894027 -0.532606006 0.646784723
vn 0.170160726 0.767461896 0.618099928
vn -0.575017631 -0.440785348 0.689248085
vn 0.0114418725 0.445205808 0.895355225
vn -6.50634465E-05 0.897308111 0.44140479
vn -0.0967502892 0.511129737 0.854040861
vn -0.581134677 -0.740329862 0.337926269
vn -0.130030483 0.581426382 0.803140998
vn -0.598094702 -0.79036051 0.132714286
vn -0.259263039 0.535816908 0.803543985
vn -0.349896848 0.432108343 0.831176639
vn 0.1124845 0.69567591 0.709494352
vn -0.155125052 0.578930438 0.800484776
vn -0.631796122 -0.771777093 -0.0720681772
vn -0.850715756 -0.524867117 0.0282349121
vn -0.112255074 0.644321203 0.756471395
vn -0.00155142229 0.717093885 0.696974874
vn 0.0370490178 0.719819784 0.693171501
vn 0.163591415 0.662075043 0.731364727
vn 0.383620143 0.736298084 0.557405293
vn 0.579172373 0.608043015 0.54299438
vn 0.543085992 0.68013382 0.4924182
vn 0.529000878 0.499986142 0.68569082
vn 0.956295848 -0.0798773617 -0.281279087
vn 0.902677655 0.429180175 -0.0312629119
vn 0.194062695 0.690393865 0.696918964
vn 0.820342362 -0.17365092 -0.544870436
vn 0.943693757 -0.054013066 -0.326381028
vn -0.177290708 0.590444028 0.787365079
vn 0.855025947 -0.103746407 -0.508101761
vn 0.210750982 0.753687978 0.62252593
vn 0.814025819 -0.169185072 -0.555642247
vn 0.814387143 -0.163474724 -0.556820929
vn -0.307889223 0.542791843 0.781397045
vn 0.107795857 0.738120079 0.666002035
vn 0.831743836 -0.135122567 -0.538464606
vn 0.477834105 -0.114397265 -0.870969534
vn 0.0254245885 0.72096777 0.692502022
vn 0.953084111 0.0102360249 -0.302532524
vn 0.954046249 -0.0964931771 -0.283698499
vn 0.596875846 -0.553768933 -0.580585182
vn -0.0363902934 0.721179605 0.691791773
vn -0.0947421938 0.720523238 0.686928213
vn -0.0369436778 0.724805772 0.687962055
vn 0.983962834 -0.140145645 -0.110346727
vn 0.717450976 -0.599369764 -0.354992956
vn -0.13264887 0.766616762 0.628253937
vn -0.12649098 0.69123894 0.711469412
vn 0.932711422 -0.207529008 0.29492563
vn 0.779746592 -0.57629019 0.244713992
vn -0.292379618 0.846204102 0.445480406
vn -0.0396319516 0.758272052 0.650732577
vn -0.143129468 0.720382929 0.678647399
vn 0.443689287 -0.0408536643 0.895249069
vn 0.428878814 -0.349661767 0.832946301
vn -1.29902162E-07 0.0435887948 0.999049485
vn -2.17262468E-07 -0.477936238 0.878394544
vn -0.428871781 -0.349655658 0.832952499
vn -0.453943908 0.890265703 0.0369027629
vn -0.0399692431 0.819356203 0.571889699
vn -0.660197318 -0.717546642 -0.221960142
vn -0.675539017 -0.681997955 -0.28022477
vn -0.516351223 -0.766233027 -0.382450461
vn -0.125259012 0.798997223 0.588144183
vn -0.613799632 -0.778943896 -0.128438637
vn -0.200311244 0.924783468 0.3234981
vn -0.154016912 0.933291435 0.32441619
vn -0.551302373 -0.821776867 0.144043297
vn -0.305575848 0.950112939 -0.0625199303
vn -0.513583362 -0.66219449 0.545646966
vn -0.57837373 0.655110657 -0.486121356
vn -0.244692981 0.966354549 -0.0792732388
vn -0.0868465528 0.934837878 0.344290167
vn -0.29908976 -0.403906018 0.864526093
vn -0.918709993 0.0797852725 -0.386789739
vn -0.974788308 -0.199143931 0.100645363
vn -0.103208438 0.822028518 0.560015261
vn -0.219587073 0.759492218 0.612334132
vn -0.155041188 0.91130054 0.38143611
vn -0.339481473 0.838323414 0.426574856
vn -0.174410328 0.981417477 -0.0800051317
vn -0.239370823 0.969052076 -0.0603292361
vn -0.448684216 0.892508626 -0.045944117
vn -0.207998544 0.687952697 -0.695311308
vn -0.200930387 0.783371806 -0.588179767
vn -0.296401083 0.788779616 -0.538491547
vn -0.304298997 0.620931327 -0.72238946
vn -0.273241222 0.787917137 -0.551838458
vn -0.304105788 0.512853622 -0.802808046
vn -0 0.762540281 -0.646940768
vn -0.161797822 0.470276892 -0.867560387
vn -0.160888195 -0.184956774 0.969487488
vn -0.125979453 0.0949874148 -0.987474859
vn 0.296395361 0.788781881 -0.538491249
vn -0.443691105 -0.0408655107 0.895247638
vn -0.779747128 -0.576287031 0.244719401
vn -0.932732463 -0.207519859 0.29486537
vn -0.717455089 -0.599362552 -0.35499689
vn 0.453878939 0.890300512 0.036863137
vn -0.983969986 -0.140099511 -0.110340923
vn -0.596876383 -0.553769827 -0.580583811
vn 0.292308062 0.846221566 0.445494086
vn -0.954059362 -0.096477434 -0.283659637
vn -0.45806393 -0.112856172 -0.881726086
vn 0.132598877 0.766590714 0.628296435
vn 0.304299206 0.620935202 -0.722385883
vn 0.448715955 0.892490149 -0.0459916964
vn 0.208000392 0.687949359 -0.69531405
vn 0.339553118 0.838287175 0.426589191
vn 1.86823357E-07 0.504357874 -0.863494754
vn 1.5892914E-07 0.535919309 -0.844269276
vn -0 0.41118288 -0.911552846
vn 0.219608232 0.759454787 0.612372875
vn 0.0946796462 0.720544815 0.686914027
vn 0.239396095 0.969044328 -0.0603535287
vn 0.155087397 0.91129303 0.381435335
vn -0.11836452 0.434397191 -0.892910361
vn 0.103230149 0.822009742 0.560038865
vn 0.0369457863 0.724802792 0.687965095
vn -0.953086495 0.0102521582 -0.302524328
vn -0.0254192594 0.720959604 0.692510784
vn -0.831784248 -0.135022044 -0.538427413
vn 0.318138361 0.534263432 0.783167064
vn -0.814410746 -0.163403586 -0.556807518
vn 0.17752941 0.590399384 0.787344813
vn -0.107845023 0.738144934 0.66596669
vn 0.0868600756 0.934837282 0.344288647
vn 0.0399896763 0.819390357 0.571839273
vn 0.174413934 0.981416464 -0.0800100267
vn 0.200933561 0.78336513 -0.588187695
vn 0.244689584 0.966355681 -0.0792707503
vn 0.153957069 0.933304369 0.32440713
vn 0.0363523848 0.721197963 0.691774607
vn 0.00152333919 0.717131257 0.696936369
vn 0.0395767875 0.758276701 0.650730371
vn 0.143086642 0.720401824 0.678636432
vn 0.126525462 0.691170216 0.711530089
vn 0.112248667 0.644392312 0.756411672
vn 0.125132352 0.799075842 0.588064253
vn 0.631791532 -0.771769047 -0.0721940547
vn 0.613701999 -0.779018819 -0.128450766
vn 0.675555348 -0.682013631 -0.280146986
vn 0.551316023 -0.8217628 0.144071609
vn 0.660162926 -0.717559814 -0.222019732
vn 0.851194024 -0.524065197 0.0287119504
vn 0.517127872 -0.765969813 -0.381928086
vn 0.200451016 0.92472899 0.323566973
vn 0.349799961 0.432135195 0.831203401
vn 0.305488288 0.95013684 -0.0625859722
vn 0.598123133 -0.790310919 0.132881314
vn 0.259507746 0.535549283 0.803643405
vn 0.0966934189 0.63754642 0.764319897
vn 0.513484299 -0.662245929 0.545677722
vn 0.578373849 0.655106604 -0.486126542
vn 0.298968107 -0.403930455 0.864556611
vn 0.918708324 0.079784967 -0.386793762
vn 0.97478956 -0.199140817 0.100639358
vn 0.273244411 0.787900627 -0.551860452
vn 0.155080155 0.578844845 0.800555289
vn 0.580987573 -0.74044621 0.337924182
vn 0.304119706 0.51283437 -0.80281502
vn 0.160856664 -0.184960768 0.969491899
vn 0.125987023 0.0949778706 -0.98747474
vn 0.130031139 0.581426322 0.803140938
vn 0.561025083 -0.649090946 0.513742864
vn 0.0656842217 0.667631269 0.741588891
vn 0.0458865501 0.671705067 0.739396274
vn 0.545810282 -0.532614768 0.646848261
vn -0.169769555 0.767246902 0.618474305
vn 0.322450995 0.185783356 -0.928175628
vn -0.0370124355 0.719821095 0.693172157
vn 0.0963688791 0.511259735 0.854006171
vn -0.0113979336 0.445452273 0.895233214
vn 0.574752271 -0.440380841 0.689727843
vn -6.50634465E-05 0.897308111 0.44140479
vn -0.112673849 0.69554019 0.709597349
vn -0.210810155 0.753698051 0.622493684
vn -0.384045064 0.736076891 0.557404876
vn -0.813983142 -0.169246316 -0.555686235
vn -0.854917705 -0.103799634 -0.508272946
vn -0.820062578 -0.173828393 -0.545234919
vn -0.19369629 0.690315664 0.697098255
vn -0.163892865 0.661982238 0.731381238
vn -0.543107033 0.680101097 0.492440194
vn -0.578683078 0.608261406 0.543271542
vn -0.943816066 -0.0539141595 -0.326043844
vn -0.956296384 -0.0798307657 -0.281290263
vn -0.902602494 0.429349035 -0.0311128683
vn -0.528100729 0.500119448 0.686287344
vn 0.161804602 0.470274508 -0.867560506
vn 0.137279108 0.245710984 -0.95957309
vn 0.118362896 0.434396476 -0.892910957
vn 1.38192348E-07 0.278775841 -0.960356116
vn 0.356703311 0.00833130907 -0.934180558
vn 0.098372519 0.267360657 -0.958562016
vn -0 0.148717925 -0.988879681
vn -0.0983718112 0.267357647 -0.958562851
vn 0.160216585 0.0699517429 -0.984600127
vn 0.0457519814 -0.040969789 0.998112321
vn -0.152357623 -0.0828663558 0.984845281
vn -0.12107572 -0.580091238 0.805502772
vn -0.0302386545 -0.0143652139 0.999439418
vn -0.0946705118 -0.16668883 0.981454194
vn -0 -0.239785194 0.97082597
vn 0.128942594 0.12075372 -0.98427248
vn 0.44273755 0.0195036232 -0.896439075
vn -0.196697399 -0.0803194791 0.977168798
vn -1.10792303E-06 -0.198243842 0.980152786
vn 0.121060953 -0.579998493 0.805571854
vn 0.209636688 0.0701003671 -0.975263238
vn -0.118575245 -0.184439883 0.975664794
vn -0.140588999 -0.115920298 0.983258367
vn 0.483349204 -0.141845182 -0.863859713
vn -0.21902284 -0.254440457 0.941960216
vn 0.137649834 0.0965889618 -0.985760152
vn 0.227805331 -0.0979884043 -0.968763649
vn -0.137238324 -0.255018145 0.957147598
vn 0.140556648 -0.0753256753 -0.987203062
vn 1.24458438E-07 -0.135383427 0.990793288
vn -0 0.0962646753 -0.995355844
vn -0 -0.250113785 0.968216479
vn -1.29644334E-07 -0.0677784085 -0.997700393
vn -0.140556782 -0.0753252506 -0.987203062
vn -0.137649953 0.0965881273 -0.985760272
vn 0.137238413 -0.255017519 0.957147717
vn 0.140588924 -0.115919597 0.983258486
vn -0.22780636 -0.097986795 -0.96876359
vn -0.128943056 0.120752603 -0.984272599
vn -0.209637165 0.0701001063 -0.975263178
vn 0.219022483 -0.254439533 0.941960573
vn 0.0946687683 -0.166685432 0.981454909
vn -0.160217226 0.069951281 -0.984600127
vn -0.483354181 -0.141844019 -0.86385709
vn 0.196697339 -0.0803182423 0.977168918
vn 0.15235889 -0.0828665122 0.984845102
vn -0.442743778 0.0195029303 -0.896436036
vn 0.118572898 -0.184433788 0.975666285
vn 0.0302491803 -0.0143652838 0.99943918
vn -0.045756042 -0.040970739 0.998112202
vn -0.356700659 0.00833147392 -0.934181631
vn -0.137278885 0.24570705 -0.959574163
vn -0.322470129 0.185774013 -0.9281708
vn 0.0346273705 0.784914911 0.618635237
vn -0.0452066064 0.672539592 0.738679051
vn 0.119301975 0.858291924 0.499101192
vn 0.22975339 0.86474818 0.446569145
vn -0.0652918667 0.668389738 0.740940094
vn 0.170160726 0.767461896 0.618099928
vn -0.000245759118 0.915384591 -0.40258038
vn -0.00217768154 0.780991316 0.624538124
vn -0.0965675861 0.637950003 0.763999045
vn -0.259263039 0.535816908 0.803543985
vn -0.0417178087 0.700514376 0.712417901
vn -0.349896848 0.432108343 0.831176639
vn -6.50634465E-05 0.897308111 0.44140479
vn -0.0936853141 0.703579009 0.704414368
vn -0.169769555 0.767246902 0.618474305
vn -0.850715756 -0.524867117 0.0282349121
vn -0.229424447 0.864799082 0.446639597
vn 0.0458865501 0.671705067 0.739396274
vn -0.118935816 0.858071923 0.499566764
vn -0.0346209183 0.784755528 0.618837714
vn 0.0656842217 0.667631269 0.741588891
vn 0.00193379447 0.781100392 0.624402404
vn 0.0966934189 0.63754642 0.764319897
vn 0.259507746 0.535549283 0.803643405
vn 0.0417506248 0.700442493 0.712486625
vn 0.349799961 0.432135195 0.831203401
vn 0.0938685611 0.7034899 0.704478979
vn 0.851194024 -0.524065197 0.0287119504
vn 0.432805836 0.589151382 0.682334065
vn 0.403232485 0.554897428 0.727662206
vn -0.0113101061 0.772580087 0.634816647
vn 0.378739983 0.630480111 0.677532971
vn 0.517127872 -0.765969813 -0.381928086
vn 0.817623854 0.258468658 0.514475763
vn 0.225982338 0.582674265 0.780655324
vn -0.0169039797 0.824605584 0.565455317
vn 0.712684333 0.402240783 0.574702799
vn 0.784718812 0.157052442 0.599625707
vn 0.137671292 -0.737210572 -0.661488593
vn 0.310468435 -0.680673778 -0.66354543
vn 0.175631642 0.540937006 0.822520912
vn -0.0733059496 0.888535976 0.452912688
vn -0.15881525 0.94416374 0.288673788
vn 0.349646091 -0.652058244 -0.672731459
vn 0.200451016 0.92472899 0.323566973
vn 0.871598005 -0.119410232 0.475455612
vn 0.358354479 -0.6860286 -0.633203626
vn 0.257807761 -0.755615354 -0.602146745
vn 0.0324734524 -0.760329902 -0.648724794
vn 0.615246832 -0.666259646 0.421389967
vn 0.688381016 0.00667287689 0.725318551
vn 0.485972494 -0.268459797 0.831721127
vn 0.132278532 -0.85894233 -0.494692147
vn 0.0840094015 -0.933254004 -0.349255413
vn -0.00837012473 -0.918980956 -0.394213021
vn 0.11680045 -0.158931762 0.980356216
vn 0.357064873 -0.386898369 0.850184917
vn 0.0515989624 -0.971620023 -0.230850384
vn 0.0170462467 0.209596187 0.977639437
vn 0.630611479 -0.374434769 -0.679799676
vn 0.677621663 -0.46583578 0.569057047
vn 0.230490595 -0.541870952 0.808238745
vn 0.038918227 0.573922694 0.817984223
vn 0.0234378204 0.294915468 0.955235839
vn -0.318126321 0.924402595 0.210417449
vn -0.0240740478 0.292344928 0.956009865
vn 0.318305761 0.924303889 0.210579842
vn 0.158777639 0.944044888 0.289083123
vn -0.67927283 -0.461390406 0.570707679
vn -0.0394541584 0.572680771 0.818828583
vn -0.231002286 -0.541122913 0.80859375
vn -0.175721347 0.540843487 0.822563171
vn 0.0732060522 0.888527632 0.452945232
vn 0.0168947931 0.824689806 0.56533289
vn -0.0528093539 -0.971595824 -0.230678841
vn -0.628899634 -0.37075305 -0.683394134
vn -0.0174201205 0.211312205 0.977263391
vn -0.117822781 -0.157750994 0.980424583
vn 0.00808937475 -0.919206142 -0.393693596
vn -0.614899695 -0.665257871 0.423474193
vn -0.357135236 -0.386731356 0.850231349
vn -0.226010635 0.582712471 0.780618548
vn 0.0113560595 0.772591472 0.634801924
vn -0.485918134 -0.268486649 0.831744313
vn -0.0840048417 -0.933318615 -0.34908393
vn -0.688377619 0.00667008106 0.725321829
vn -0.40322873 0.554900408 0.727662086
vn -0.1322788 -0.858941555 -0.494693577
vn -0.0324038938 -0.760294437 -0.648769915
vn -0.25767079 -0.755609572 -0.602212667
vn -0.784712136 0.157051146 0.599634767
vn -0.432720453 0.589203775 0.682343006
vn -0.137583569 -0.737199724 -0.661518991
vn -0.817627668 0.25844124 0.514483392
vn -0.378516495 0.630596936 0.677549124
vn -0.516351223 -0.766233027 -0.382450461
vn -0.712688923 0.4022291 0.574705422
vn -0.31038177 -0.68069303 -0.663566172
vn -0.358223408 -0.686039329 -0.63326627
vn -0.349622428 -0.652060628 -0.672741473
vn -0.200311244 0.924783468 0.3234981
vn -0.871593475 -0.119431384 0.475458533
vn 0.967633784 0.21404928 0.133670092
vn -0.95699048 0.278175622 -0.0823865384
vn -0.673918784 0.259061754 -0.6918962
vn -0.956734538 -0.259543568 -0.131515607
vn 0.871313274 0.244573995 -0.425437123
vn -0.676181734 -0.130098805 -0.725156903
vn 0.870492041 -0.161985084 -0.464762688
vn 0.967811882 -0.233973995 0.0927159637
vn -0.353170156 0.0302773807 -0.935069025
vn 0.460860312 -0.828387022 -0.318406701
vn 0.884881437 0.111128114 -0.452366441
vn 0.057436917 -0.980048895 -0.190276369
vn 0.742510259 0.542511523 -0.392886311
vn -0.828888714 -0.535023928 0.163379699
vn -0.139461026 0.990048766 -0.0188184679
vn -0.961496711 -0.112509742 0.250730395
vn -0.541852772 0.829098582 0.13780804
vn 0.353173524 0.0301836208 -0.935070813
vn -0.884742975 0.11149437 -0.452547252
vn -0.460783809 -0.828312516 -0.318710923
vn -0.0574842393 -0.980065703 -0.190175548
vn -0.742337704 0.542784512 -0.392835706
vn 0.828673184 -0.535268486 0.163671732
vn 0.13947314 0.990046799 -0.018832393
vn 0.961485684 -0.112752959 0.25066334
vn 0.541844487 0.829098105 0.137843415
vn -0.968740046 0.223362669 0.107943371
vn 0.701674521 0.238830507 -0.671277046
vn 0.957379401 0.278342903 -0.0771368518
vn 0.95701009 -0.268970549 -0.108565547
vn -0.861177862 0.226322278 -0.455138326
vn 0.701648593 -0.162177444 -0.693821132
vn -0.8677755 -0.177084059 -0.464334816
vn -0.972753167 -0.216458306 0.0830480754
vn 0.628721476 -0.138517082 0.765194416
vn -0.0890626982 -0.0695198998 -0.993596911
vn 0.286370337 -0.0488927998 -0.956870735
vn -0.138373494 0.0105509702 -0.990323901
vn 0.771093249 -0.153168738 0.618024707
vn -0.0247160047 -0.0618788265 -0.997777641
vn 0.84484899 -0.123233929 0.520618379
vn -0.0123191886 0.0099815568 -0.999874353
vn 0.826812387 0.0128794722 0.562330365
vn -0.0302306693 0.0479568206 -0.998391807
vn 0.753980458 0.211933792 0.621769667
vn 0.221584901 0.208520591 -0.952585638
vn 0.560194254 0.440609545 0.701459587
vn 0.391266167 0.273117214 -0.878816068
vn 0.0351068676 0.214641333 0.976061821
vn 0.1176029 0.225459114 0.967128515
vn -0.118051469 0.129433185 0.984535873
vn 0.23957108 0.139768898 0.960765541
vn -0.102651708 0.140389904 0.984760582
vn -0.19660981 0.149454683 0.969024181
vn 0.313566118 0.000313742028 0.949566245
vn 0.363579273 -0.0924906358 0.926960409
vn -0.0139380116 0.0908672139 0.995765448
vn 0.550958753 -0.101076394 0.82838881
vn 0.10449712 0.0279680993 0.994131863
vn 0.175361365 -0.0153945033 0.984383821
vn 0.242620572 0.0494108684 0.968862116
vn -0.211462274 0.150241107 0.965769827
vn -0.219675556 0.149441808 0.964058995
vn 0.24860844 -0.0262968857 0.968247056
vn 0.0995571464 -0.162491158 0.981674612
vn -0.465667695 0.17233178 0.868018031
vn -0.49304077 0.232241273 -0.838435888
vn -0.251446903 0.0359495208 -0.967203259
vn -0.0164021198 0.0266743414 -0.999509573
vn -0.545286894 0.128111228 0.828401923
vn -0.102861986 -0.0444149412 -0.993703544
vn -0.704255283 -0.0916702449 0.704003692
vn -0.202722728 -0.129806504 -0.970594525
vn -0.347586691 -0.010947926 0.937583864
vn -0.739679098 -0.298382342 0.60319382
vn -0.0578936115 -0.0670156851 -0.996070862
vn -0.305527657 -0.152097493 0.939957023
vn -0.692042708 -0.306907803 0.653364062
vn -0.752359331 -0.215722769 -0.622430086
vn 0.185167477 -0.10797558 0.97675699
vn -0.235783905 -0.185471714 0.953942418
vn -0.51613158 -0.243243128 0.821243584
vn 0.178468436 -0.150341973 0.972392023
vn 0.125218704 -0.198158577 0.972138584
vn 0.231217593 -0.0980520323 -0.967948437
vn 0.404720038 -0.0207913443 -0.91420418
vn 0.357639134 0.10097827 -0.928384423
vn 0.399089724 -0.244583562 0.883689046
vn 0.3053599 -0.177200139 -0.935604334
vn 0.509028494 -0.241092011 0.826295674
vn 0.256282479 -0.271884412 -0.927576423
vn 0.594693542 -0.0581684709 0.801845431
vn 0.231377259 -0.209788978 -0.949975312
vn 0.645990491 0.251405895 0.720757544
vn 0.373177826 -0.12666738 -0.919072211
vn 0.620162308 0.464661449 0.63205111
vn 0.437233925 -0.087543048 -0.895076931
vn 0.265486926 0.530745685 0.804876268
vn 0.22483246 0.45068875 0.863903999
vn -0.0590316802 0.489054054 0.870253742
vn 0.174511343 0.300968021 0.937530875
vn 0.0949106142 0.101216771 0.990326822
vn 0.00369198457 -0.046657268 0.998904109
vn -0.0629065335 -0.106510587 0.992319643
vn -0.414501786 0.474176854 0.776752532
vn -0.358315527 0.373294055 0.855722845
vn -0.294289857 0.207797229 0.932852507
vn -0.518180788 0.424738109 0.74235177
vn -0.483075023 0.381498307 0.788097382
vn -0.00100933365 0.359919429 0.932982802
vn -0.258414239 0.430017143 0.865047634
vn -0.267143965 0.0333654694 0.963078797
vn -0.480998158 -0.147220537 0.864272475
vn -0.408287555 0.277199566 0.869748056
vn -0.0521540456 0.288824707 0.955960393
vn -0.306109369 0.499649912 0.810337543
vn -0.39611128 0.374911427 0.838174939
vn -0.649404109 0.66054076 0.376776069
vn -0.129076838 -0.0672616363 -0.989350736
vn -0.111966446 0.038351465 -0.992971718
vn 0.184983075 -0.164836869 -0.968818963
vn -0.815158308 0.464840204 0.345601767
vn 0.166096106 -0.211533174 -0.963154078
vn -0.920643568 0.186553702 0.342947781
vn 0.371625572 -0.122559503 -0.92025739
vn -0.491548091 0.209548891 0.845263183
vn -0.957518399 0.00504675461 0.288327843
vn 0.492841423 -0.126191512 -0.860919893
vn -0.648044884 0.0616851933 0.75909996
vn -0.952849746 -0.0667567998 0.296008438
vn 0.512635112 -0.0281479396 -0.858145118
vn -0.288236231 -0.0657994151 0.95529592
vn -0.720515549 -0.0404712968 0.692256808
vn -0.934964299 -0.126490608 0.331423938
vn -0.400140852 -0.13611953 0.906288505
g Cos_0
f 3/3/3 2/2/2 1/1/1
f 6/6/6 5/5/5 4/4/4
f 9/9/9 8/8/8 7/7/7
f 10/10/10 9/9/9 7/7/7
f 11/11/11 10/10/10 7/7/7
f 10/10/10 11/11/11 12/12/12
f 13/13/13 10/10/10 12/12/12
f 13/13/13 12/12/12 14/14/14
f 12/12/12 15/15/15 14/14/14
f 15/15/15 16/16/16 14/14/14
f 16/16/16 17/17/17 14/14/14
f 17/17/17 16/16/16 18/18/18
f 21/21/21 20/20/20 19/19/19
f 20/20/20 22/22/22 19/19/19
f 22/22/22 23/23/23 19/19/19
f 23/23/23 22/22/22 24/24/24
f 22/22/22 25/25/25 24/24/24
f 24/24/24 25/25/25 26/26/26
f 27/27/27 24/24/24 26/26/26
f 27/27/27 26/26/26 28/28/28
f 29/29/29 28/28/28 26/26/26
f 30/30/30 28/28/28 29/29/29
f 33/33/33 32/32/32 31/31/31
f 33/33/33 34/34/34 32/32/32
f 33/33/33 35/35/35 34/34/34
f 34/34/34 35/35/35 36/36/36
f 37/37/37 34/34/34 36/36/36
f 37/37/37 36/36/36 38/38/38
f 37/37/37 39/39/39 34/34/34
f 34/34/34 40/40/40 32/32/32
f 39/39/39 40/40/40 34/34/34
f 40/40/40 41/41/41 32/32/32
f 39/39/39 42/42/42 40/40/40
f 40/40/40 43/43/43 41/41/41
f 42/42/42 43/43/43 40/40/40
f 43/43/43 44/44/44 41/41/41
f 42/42/42 45/45/45 43/43/43
f 43/43/43 46/46/46 44/44/44
f 45/45/45 46/46/46 43/43/43
f 46/46/46 47/47/47 44/44/44
f 48/48/48 46/46/46 45/45/45
f 46/46/46 48/48/48 47/47/47
f 51/51/51 50/50/50 49/49/49
f 50/50/50 52/52/52 49/49/49
f 52/52/52 53/53/53 49/49/49
f 52/52/52 54/54/54 53/53/53
f 54/54/54 55/55/55 53/53/53
f 54/54/54 56/56/56 55/55/55
f 52/52/52 50/50/50 57/57/57
f 50/50/50 58/58/58 57/57/57
f 52/52/52 57/57/57 59/59/59
f 52/52/52 59/59/59 60/60/60
f 54/54/54 52/52/52 60/60/60
f 54/54/54 60/60/60 61/61/61
f 54/54/54 61/61/61 62/62/62
f 54/54/54 63/63/63 56/56/56
f 63/63/63 54/54/54 62/62/62
f 63/63/63 64/64/64 56/56/56
f 63/63/63 62/62/62 65/65/65
f 63/63/63 66/66/66 64/64/64
f 67/67/67 63/63/63 65/65/65
f 66/66/66 63/63/63 67/67/67
f 70/70/70 69/69/69 68/68/68
f 69/69/69 71/71/71 68/68/68
f 71/71/71 72/72/72 68/68/68
f 71/71/71 73/73/73 72/72/72
f 73/73/73 74/74/74 72/72/72
f 73/73/73 75/75/75 74/74/74
f 71/71/71 69/69/69 76/76/76
f 69/69/69 77/77/77 76/76/76
f 71/71/71 76/76/76 78/78/78
f 71/71/71 78/78/78 79/79/79
f 73/73/73 71/71/71 79/79/79
f 73/73/73 79/79/79 80/80/80
f 73/73/73 80/80/80 81/81/81
f 73/73/73 82/82/82 75/75/75
f 82/82/82 73/73/73 81/81/81
f 82/82/82 83/83/83 75/75/75
f 82/82/82 81/81/81 84/84/84
f 82/82/82 85/85/85 83/83/83
f 86/86/86 82/82/82 84/84/84
f 85/85/85 82/82/82 86/86/86
f 89/89/89 88/88/88 87/87/87
f 88/88/88 90/90/90 87/87/87
f 90/90/90 91/91/91 87/87/87
f 91/91/91 92/92/92 87/87/87
f 93/93/93 90/90/90 88/88/88
f 93/93/93 91/91/91 90/90/90
f 94/94/94 93/93/93 88/88/88
f 95/95/95 93/93/93 94/94/94
f 96/96/96 95/95/95 94/94/94
f 93/93/93 97/97/97 91/91/91
f 95/95/95 97/97/97 93/93/93
f 92/92/92 91/91/91 98/98/98
f 98/98/98 91/91/91 97/97/97
f 99/99/99 92/92/92 98/98/98
f 98/98/98 97/97/97 100/100/100
f 98/98/98 100/100/100 99/99/99
f 95/95/95 96/96/96 101/101/101
f 96/96/96 102/102/102 101/101/101
f 101/101/101 102/102/102 103/103/103
f 95/95/95 104/104/104 97/97/97
f 97/97/97 104/104/104 100/100/100
f 92/92/92 99/99/99 105/105/105
f 106/106/106 92/92/92 105/105/105
f 107/107/107 101/101/101 103/103/103
f 103/103/103 108/108/108 107/107/107
f 109/109/109 95/95/95 101/101/101
f 95/95/95 109/109/109 104/104/104
f 105/105/105 110/110/110 106/106/106
f 110/110/110 111/111/111 106/106/106
f 112/112/112 101/101/101 107/107/107
f 112/112/112 109/109/109 101/101/101
f 111/111/111 110/110/110 113/113/113
f 114/114/114 111/111/111 113/113/113
f 113/113/113 115/115/115 114/114/114
f 115/115/115 116/116/116 114/114/114
f 117/117/117 110/110/110 105/105/105
f 118/118/118 117/117/117 105/105/105
f 117/117/117 119/119/119 110/110/110
f 119/119/119 113/113/113 110/110/110
f 119/119/119 120/120/120 113/113/113
f 120/120/120 115/115/115 113/113/113
f 118/118/118 105/105/105 99/99/99
f 121/121/121 118/118/118 99/99/99
f 120/120/120 122/122/122 115/115/115
f 121/121/121 99/99/99 123/123/123
f 122/122/122 124/124/124 115/115/115
f 115/115/115 124/124/124 116/116/116
f 122/122/122 125/125/125 124/124/124
f 99/99/99 126/126/126 123/123/123
f 100/100/100 126/126/126 99/99/99
f 124/124/124 127/127/127 116/116/116
f 127/127/127 128/128/128 116/116/116
f 125/125/125 129/129/129 124/124/124
f 124/124/124 129/129/129 127/127/127
f 125/125/125 130/130/130 129/129/129
f 123/123/123 126/126/126 131/131/131
f 132/132/132 123/123/123 131/131/131
f 126/126/126 100/100/100 133/133/133
f 131/131/131 126/126/126 133/133/133
f 100/100/100 104/104/104 133/133/133
f 127/127/127 134/134/134 128/128/128
f 129/129/129 134/134/134 127/127/127
f 130/130/130 135/135/135 129/129/129
f 129/129/129 135/135/135 134/134/134
f 130/130/130 136/136/136 135/135/135
f 136/136/136 137/137/137 135/135/135
f 135/135/135 137/137/137 138/138/138
f 138/138/138 139/139/139 135/135/135
f 135/135/135 139/139/139 134/134/134
f 138/138/138 140/140/140 139/139/139
f 134/134/134 141/141/141 128/128/128
f 134/134/134 139/139/139 141/141/141
f 141/141/141 142/142/142 128/128/128
f 143/143/143 142/142/142 141/141/141
f 144/144/144 139/139/139 140/140/140
f 139/139/139 144/144/144 141/141/141
f 140/140/140 145/145/145 144/144/144
f 146/146/146 144/144/144 145/145/145
f 145/145/145 147/147/147 146/146/146
f 144/144/144 148/148/148 141/141/141
f 148/148/148 143/143/143 141/141/141
f 148/148/148 144/144/144 146/146/146
f 148/148/148 146/146/146 143/143/143
f 146/146/146 149/149/149 143/143/143
f 146/146/146 147/147/147 150/150/150
f 150/150/150 147/147/147 151/151/151
f 149/149/149 146/146/146 152/152/152
f 150/150/150 152/152/152 146/146/146
f 149/149/149 152/152/152 153/153/153
f 153/153/153 154/154/154 149/149/149
f 155/155/155 150/150/150 151/151/151
f 150/150/150 155/155/155 152/152/152
f 153/153/153 156/156/156 154/154/154
f 157/157/157 154/154/154 156/156/156
f 158/158/158 157/157/157 156/156/156
f 159/159/159 157/157/157 158/158/158
f 155/155/155 151/151/151 160/160/160
f 160/160/160 151/151/151 161/161/161
f 155/155/155 162/162/162 152/152/152
f 152/152/152 162/162/162 153/153/153
f 163/163/163 162/162/162 155/155/155
f 160/160/160 163/163/163 155/155/155
f 162/162/162 163/163/163 153/153/153
f 161/161/161 164/164/164 160/160/160
f 164/164/164 163/163/163 160/160/160
f 165/165/165 164/164/164 161/161/161
f 166/166/166 156/156/156 153/153/153
f 166/166/166 158/158/158 156/156/156
f 166/166/166 167/167/167 158/158/158
f 159/159/159 158/158/158 168/168/168
f 167/167/167 168/168/168 158/158/158
f 169/169/169 159/159/159 168/168/168
f 170/170/170 169/169/169 168/168/168
f 153/153/153 163/163/163 171/171/171
f 171/171/171 163/163/163 164/164/164
f 171/171/171 166/166/166 153/153/153
f 172/172/172 170/170/170 168/168/168
f 168/168/168 167/167/167 172/172/172
f 173/173/173 170/170/170 172/172/172
f 174/174/174 164/164/164 165/165/165
f 171/171/171 164/164/164 174/174/174
f 175/175/175 166/166/166 171/171/171
f 166/166/166 175/175/175 167/167/167
f 173/173/173 172/172/172 176/176/176
f 177/177/177 173/173/173 176/176/176
f 177/177/177 176/176/176 178/178/178
f 177/177/177 178/178/178 179/179/179
f 172/172/172 180/180/180 176/176/176
f 167/167/167 180/180/180 172/172/172
f 176/176/176 180/180/180 178/178/178
f 181/181/181 174/174/174 165/165/165
f 182/182/182 181/181/181 165/165/165
f 183/183/183 171/171/171 174/174/174
f 183/183/183 175/175/175 171/171/171
f 183/183/183 174/174/174 181/181/181
f 184/184/184 181/181/181 182/182/182
f 185/185/185 184/184/184 182/182/182
f 185/185/185 186/186/186 184/184/184
f 187/187/187 183/183/183 181/181/181
f 187/187/187 181/181/181 184/184/184
f 188/188/188 184/184/184 186/186/186
f 188/188/188 187/187/187 184/184/184
f 188/188/188 189/189/189 187/187/187
f 187/187/187 190/190/190 183/183/183
f 190/190/190 175/175/175 183/183/183
f 189/189/189 190/190/190 187/187/187
f 191/191/191 188/188/188 186/186/186
f 188/188/188 191/191/191 189/189/189
f 191/191/191 186/186/186 192/192/192
f 190/190/190 193/193/193 175/175/175
f 193/193/193 190/190/190 189/189/189
f 193/193/193 194/194/194 175/175/175
f 175/175/175 194/194/194 167/167/167
f 194/194/194 195/195/195 167/167/167
f 194/194/194 193/193/193 195/195/195
f 195/195/195 180/180/180 167/167/167
f 180/180/180 195/195/195 196/196/196
f 180/180/180 196/196/196 178/178/178
f 197/197/197 191/191/191 192/192/192
f 198/198/198 197/197/197 192/192/192
f 199/199/199 198/198/198 192/192/192
f 199/199/199 200/200/200 198/198/198
f 191/191/191 201/201/201 189/189/189
f 201/201/201 191/191/191 197/197/197
f 200/200/200 202/202/202 198/198/198
f 203/203/203 202/202/202 200/200/200
f 204/204/204 202/202/202 203/203/203
f 198/198/198 202/202/202 205/205/205
f 205/205/205 202/202/202 206/206/206
f 207/207/207 198/198/198 205/205/205
f 207/207/207 205/205/205 208/208/208
f 189/189/189 201/201/201 209/209/209
f 210/210/210 201/201/201 197/197/197
f 209/209/209 201/201/201 210/210/210
f 211/211/211 210/210/210 197/197/197
f 211/211/211 197/197/197 198/198/198
f 212/212/212 189/189/189 209/209/209
f 212/212/212 193/193/193 189/189/189
f 213/213/213 193/193/193 212/212/212
f 193/193/193 213/213/213 195/195/195
f 214/214/214 210/210/210 211/211/211
f 214/214/214 209/209/209 210/210/210
f 215/215/215 212/212/212 209/209/209
f 215/215/215 213/213/213 212/212/212
f 195/195/195 213/213/213 216/216/216
f 195/195/195 216/216/216 196/196/196
f 217/217/217 209/209/209 214/214/214
f 217/217/217 215/215/215 209/209/209
f 213/213/213 215/215/215 218/218/218
f 213/213/213 218/218/218 216/216/216
f 215/215/215 219/219/219 218/218/218
f 215/215/215 217/217/217 219/219/219
f 216/216/216 218/218/218 220/220/220
f 220/220/220 218/218/218 219/219/219
f 196/196/196 216/216/216 221/221/221
f 221/221/221 216/216/216 220/220/220
f 222/222/222 196/196/196 221/221/221
f 221/221/221 220/220/220 223/223/223
f 222/222/222 221/221/221 223/223/223
f 220/220/220 224/224/224 223/223/223
f 222/222/222 223/223/223 225/225/225
f 220/220/220 226/226/226 224/224/224
f 226/226/226 220/220/220 219/219/219
f 226/226/226 227/227/227 224/224/224
f 226/226/226 228/228/228 227/227/227
f 226/226/226 219/219/219 228/228/228
f 219/219/219 229/229/229 228/228/228
f 217/217/217 229/229/229 219/219/219
f 228/228/228 229/229/229 230/230/230
f 229/229/229 231/231/231 230/230/230
f 229/229/229 217/217/217 231/231/231
f 232/232/232 230/230/230 231/231/231
f 233/233/233 196/196/196 222/222/222
f 233/233/233 178/178/178 196/196/196
f 217/217/217 234/234/234 231/231/231
f 234/234/234 217/217/217 214/214/214
f 234/234/234 235/235/235 231/231/231
f 234/234/234 214/214/214 235/235/235
f 232/232/232 231/231/231 236/236/236
f 236/236/236 231/231/231 235/235/235
f 236/236/236 237/237/237 232/232/232
f 232/232/232 237/237/237 238/238/238
f 238/238/238 237/237/237 239/239/239
f 239/239/239 237/237/237 240/240/240
f 233/233/233 222/222/222 241/241/241
f 222/222/222 225/225/225 241/241/241
f 242/242/242 241/241/241 225/225/225
f 233/233/233 241/241/241 243/243/243
f 242/242/242 243/243/243 241/241/241
f 214/214/214 244/244/244 235/235/235
f 244/244/244 214/214/214 211/211/211
f 235/235/235 245/245/245 236/236/236
f 245/245/245 237/237/237 236/236/236
f 244/244/244 246/246/246 235/235/235
f 246/246/246 244/244/244 211/211/211
f 246/246/246 245/245/245 235/235/235
f 247/247/247 233/233/233 243/243/243
f 233/233/233 247/247/247 178/178/178
f 247/247/247 248/248/248 178/178/178
f 247/247/247 243/243/243 248/248/248
f 248/248/248 179/179/179 178/178/178
f 248/248/248 249/249/249 179/179/179
f 179/179/179 249/249/249 250/250/250
f 243/243/243 251/251/251 248/248/248
f 248/248/248 251/251/251 249/249/249
f 251/251/251 243/243/243 242/242/242
f 252/252/252 251/251/251 242/242/242
f 252/252/252 249/249/249 251/251/251
f 252/252/252 253/253/253 249/249/249
f 254/254/254 249/249/249 253/253/253
f 253/253/253 255/255/255 254/254/254
f 249/249/249 256/256/256 250/250/250
f 254/254/254 256/256/256 249/249/249
f 250/250/250 256/256/256 257/257/257
f 256/256/256 254/254/254 257/257/257
f 258/258/258 250/250/250 257/257/257
f 258/258/258 257/257/257 259/259/259
f 260/260/260 254/254/254 255/255/255
f 254/254/254 260/260/260 257/257/257
f 261/261/261 260/260/260 255/255/255
f 257/257/257 262/262/262 259/259/259
f 260/260/260 262/262/262 257/257/257
f 261/261/261 263/263/263 260/260/260
f 260/260/260 263/263/263 262/262/262
f 261/261/261 264/264/264 263/263/263
f 264/264/264 265/265/265 263/263/263
f 265/265/265 266/266/266 263/263/263
f 263/263/263 266/266/266 267/267/267
f 263/263/263 267/267/267 262/262/262
f 266/266/266 268/268/268 267/267/267
f 262/262/262 269/269/269 259/259/259
f 262/262/262 267/267/267 269/269/269
f 259/259/259 269/269/269 270/270/270
f 267/267/267 268/268/268 271/271/271
f 267/267/267 271/271/271 269/269/269
f 269/269/269 271/271/271 270/270/270
f 268/268/268 272/272/272 271/271/271
f 271/271/271 273/273/273 270/270/270
f 271/271/271 272/272/272 273/273/273
f 270/270/270 273/273/273 274/274/274
f 272/272/272 275/275/275 273/273/273
f 273/273/273 276/276/276 274/274/274
f 273/273/273 275/275/275 276/276/276
f 277/277/277 274/274/274 276/276/276
f 275/275/275 278/278/278 276/276/276
f 279/279/279 277/277/277 276/276/276
f 276/276/276 278/278/278 279/279/279
f 277/277/277 279/279/279 280/280/280
f 278/278/278 281/281/281 279/279/279
f 279/279/279 282/282/282 280/280/280
f 279/279/279 281/281/281 282/282/282
f 281/281/281 283/283/283 282/282/282
f 282/282/282 283/283/283 284/284/284
f 285/285/285 280/280/280 282/282/282
f 284/284/284 285/285/285 282/282/282
f 283/283/283 286/286/286 284/284/284
f 284/284/284 286/286/286 287/287/287
f 285/285/285 284/284/284 288/288/288
f 289/289/289 285/285/285 288/288/288
f 285/285/285 289/289/289 290/290/290
f 289/289/289 291/291/291 290/290/290
f 291/291/291 292/292/292 290/290/290
f 292/292/292 293/293/293 290/290/290
f 294/294/294 293/293/293 292/292/292
f 295/295/295 294/294/294 292/292/292
f 291/291/291 296/296/296 292/292/292
f 295/295/295 292/292/292 297/297/297
f 296/296/296 297/297/297 292/292/292
f 298/298/298 295/295/295 297/297/297
f 298/298/298 297/297/297 299/299/299
f 300/300/300 289/289/289 288/288/288
f 289/289/289 300/300/300 296/296/296
f 301/301/301 288/288/288 284/284/284
f 300/300/300 288/288/288 301/301/301
f 297/297/297 302/302/302 299/299/299
f 299/299/299 302/302/302 303/303/303
f 296/296/296 304/304/304 297/297/297
f 304/304/304 296/296/296 300/300/300
f 304/304/304 302/302/302 297/297/297
f 305/305/305 301/301/301 284/284/284
f 305/305/305 284/284/284 287/287/287
f 306/306/306 300/300/300 301/301/301
f 304/304/304 300/300/300 306/306/306
f 305/305/305 287/287/287 307/307/307
f 287/287/287 308/308/308 307/307/307
f 301/301/301 305/305/305 309/309/309
f 306/306/306 301/301/301 309/309/309
f 305/305/305 307/307/307 309/309/309
f 307/307/307 308/308/308 310/310/310
f 308/308/308 311/311/311 310/310/310
f 307/307/307 310/310/310 312/312/312
f 307/307/307 312/312/312 309/309/309
f 313/313/313 312/312/312 310/310/310
f 314/314/314 306/306/306 309/309/309
f 314/314/314 309/309/309 312/312/312
f 313/313/313 315/315/315 312/312/312
f 314/314/314 312/312/312 315/315/315
f 313/313/313 316/316/316 315/315/315
f 306/306/306 317/317/317 304/304/304
f 317/317/317 306/306/306 314/314/314
f 316/316/316 318/318/318 315/315/315
f 316/316/316 319/319/319 318/318/318
f 314/314/314 315/315/315 320/320/320
f 318/318/318 320/320/320 315/315/315
f 321/321/321 320/320/320 318/318/318
f 321/321/321 318/318/318 322/322/322
f 322/322/322 318/318/318 319/319/319
f 322/322/322 319/319/319 323/323/323
f 314/314/314 320/320/320 324/324/324
f 324/324/324 317/317/317 314/314/314
f 324/324/324 320/320/320 321/321/321
f 322/322/322 323/323/323 325/325/325
f 323/323/323 326/326/326 325/325/325
f 304/304/304 317/317/317 327/327/327
f 302/302/302 304/304/304 327/327/327
f 324/324/324 328/328/328 317/317/317
f 328/328/328 324/324/324 321/321/321
f 329/329/329 328/328/328 321/321/321
f 328/328/328 330/330/330 317/317/317
f 317/317/317 330/330/330 327/327/327
f 328/328/328 329/329/329 330/330/330
f 322/322/322 325/325/325 331/331/331
f 322/322/322 331/331/331 321/321/321
f 326/326/326 332/332/332 325/325/325
f 332/332/332 326/326/326 333/333/333
f 332/332/332 333/333/333 334/334/334
f 332/332/332 334/334/334 325/325/325
f 325/325/325 334/334/334 335/335/335
f 331/331/331 325/325/325 335/335/335
f 335/335/335 336/336/336 331/331/331
f 336/336/336 337/337/337 331/331/331
f 331/331/331 337/337/337 321/321/321
f 336/336/336 338/338/338 337/337/337
f 337/337/337 339/339/339 321/321/321
f 338/338/338 339/339/339 337/337/337
f 339/339/339 329/329/329 321/321/321
f 339/339/339 338/338/338 340/340/340
f 341/341/341 339/339/339 340/340/340
f 329/329/329 339/339/339 341/341/341
f 342/342/342 341/341/341 340/340/340
f 343/343/343 342/342/342 340/340/340
f 344/344/344 329/329/329 341/341/341
f 341/341/341 342/342/342 344/344/344
f 345/345/345 342/342/342 343/343/343
f 346/346/346 345/345/345 343/343/343
f 342/342/342 347/347/347 344/344/344
f 342/342/342 345/345/345 347/347/347
f 344/344/344 347/347/347 348/348/348
f 345/345/345 348/348/348 347/347/347
f 329/329/329 344/344/344 349/349/349
f 349/349/349 344/344/344 348/348/348
f 346/346/346 350/350/350 345/345/345
f 346/346/346 351/351/351 350/350/350
f 351/351/351 352/352/352 350/350/350
f 352/352/352 353/353/353 350/350/350
f 354/354/354 345/345/345 350/350/350
f 354/354/354 350/350/350 353/353/353
f 354/354/354 348/348/348 345/345/345
f 355/355/355 354/354/354 353/353/353
f 329/329/329 349/349/349 356/356/356
f 329/329/329 356/356/356 330/330/330
f 357/357/357 349/349/349 348/348/348
f 349/349/349 357/357/357 356/356/356
f 330/330/330 356/356/356 358/358/358
f 357/357/357 358/358/358 356/356/356
f 327/327/327 330/330/330 358/358/358
f 359/359/359 348/348/348 354/354/354
f 357/357/357 348/348/348 359/359/359
f 360/360/360 354/354/354 355/355/355
f 360/360/360 359/359/359 354/354/354
f 361/361/361 360/360/360 355/355/355
f 359/359/359 362/362/362 357/357/357
f 359/359/359 360/360/360 362/362/362
f 360/360/360 361/361/361 363/363/363
f 360/360/360 363/363/363 362/362/362
f 361/361/361 364/364/364 363/363/363
f 365/365/365 363/363/363 364/364/364
f 363/363/363 365/365/365 366/366/366
f 363/363/363 366/366/366 362/362/362
f 367/367/367 366/366/366 365/365/365
f 367/367/367 368/368/368 366/366/366
f 368/368/368 369/369/369 366/366/366
f 370/370/370 366/366/366 369/369/369
f 362/362/362 366/366/366 370/370/370
f 371/371/371 370/370/370 369/369/369
f 362/362/362 372/372/372 357/357/357
f 372/372/372 362/362/362 370/370/370
f 357/357/357 372/372/372 358/358/358
f 372/372/372 370/370/370 358/358/358
f 373/373/373 370/370/370 371/371/371
f 370/370/370 373/373/373 358/358/358
f 374/374/374 373/373/373 371/371/371
f 327/327/327 358/358/358 373/373/373
f 374/374/374 303/303/303 373/373/373
f 375/375/375 327/327/327 373/373/373
f 303/303/303 375/375/375 373/373/373
f 375/375/375 302/302/302 327/327/327
f 302/302/302 375/375/375 303/303/303
f 378/378/378 377/377/377 376/376/376
f 377/377/377 379/379/379 376/376/376
f 376/376/376 379/379/379 380/380/380
f 379/379/379 381/381/381 380/380/380
f 380/380/380 381/381/381 382/382/382
f 381/381/381 383/383/383 382/382/382
f 382/382/382 383/383/383 384/384/384
f 383/383/383 385/385/385 384/384/384
f 384/384/384 385/385/385 386/386/386
f 385/385/385 387/387/387 386/386/386
f 386/386/386 387/387/387 388/388/388
f 389/389/389 386/386/386 388/388/388
f 389/389/389 388/388/388 390/390/390
f 391/391/391 389/389/389 390/390/390
f 390/390/390 392/392/392 391/391/391
f 392/392/392 393/393/393 391/391/391
f 396/396/396 395/395/395 394/394/394
f 395/395/395 397/397/397 394/394/394
f 398/398/398 394/394/394 397/397/397
f 399/399/399 394/394/394 398/398/398
f 399/399/399 398/398/398 400/400/400
f 399/399/399 400/400/400 401/401/401
f 400/400/400 402/402/402 401/401/401
f 402/402/402 403/403/403 401/401/401
f 402/402/402 404/404/404 403/403/403
f 404/404/404 405/405/405 403/403/403
f 406/406/406 403/403/403 405/405/405
f 407/407/407 406/406/406 405/405/405
f 408/408/408 407/407/407 405/405/405
f 409/409/409 407/407/407 408/408/408
f 409/409/409 408/408/408 410/410/410
f 411/411/411 409/409/409 410/410/410
f 411/411/411 410/410/410 412/412/412
f 410/410/410 413/413/413 412/412/412
f 412/412/412 413/413/413 414/414/414
f 415/415/415 412/412/412 414/414/414
f 415/415/415 414/414/414 416/416/416
f 414/414/414 417/417/417 416/416/416
f 416/416/416 417/417/417 418/418/418
f 417/417/417 419/419/419 418/418/418
f 418/418/418 419/419/419 420/420/420
f 419/419/419 421/421/421 420/420/420
f 422/422/422 420/420/420 421/421/421
f 423/423/423 422/422/422 421/421/421
f 422/422/422 423/423/423 424/424/424
f 423/423/423 425/425/425 424/424/424
f 426/426/426 424/424/424 425/425/425
f 427/427/427 426/426/426 425/425/425
f 429/429/429 132/132/132 428/428/428
f 132/132/132 131/131/131 428/428/428
f 428/428/428 131/131/131 430/430/430
f 430/430/430 431/431/431 428/428/428
f 430/430/430 131/131/131 133/133/133
f 432/432/432 431/431/431 430/430/430
f 433/433/433 431/431/431 432/432/432
f 133/133/133 434/434/434 430/430/430
f 430/430/430 434/434/434 432/432/432
f 104/104/104 434/434/434 133/133/133
f 104/104/104 109/109/109 434/434/434
f 435/435/435 433/433/433 432/432/432
f 436/436/436 433/433/433 435/435/435
f 432/432/432 434/434/434 437/437/437
f 437/437/437 435/435/435 432/432/432
f 437/437/437 438/438/438 435/435/435
f 435/435/435 438/438/438 439/439/439
f 435/435/435 439/439/439 436/436/436
f 436/436/436 439/439/439 440/440/440
f 437/437/437 434/434/434 441/441/441
f 109/109/109 441/441/441 434/434/434
f 437/437/437 441/441/441 438/438/438
f 442/442/442 441/441/441 109/109/109
f 441/441/441 442/442/442 438/438/438
f 442/442/442 443/443/443 438/438/438
f 112/112/112 442/442/442 109/109/109
f 443/443/443 442/442/442 112/112/112
f 440/440/440 439/439/439 444/444/444
f 445/445/445 440/440/440 444/444/444
f 446/446/446 439/439/439 438/438/438
f 444/444/444 439/439/439 446/446/446
f 447/447/447 443/443/443 112/112/112
f 447/447/447 112/112/112 107/107/107
f 448/448/448 445/445/445 444/444/444
f 445/445/445 448/448/448 449/449/449
f 449/449/449 448/448/448 450/450/450
f 450/450/450 448/448/448 444/444/444
f 450/450/450 444/444/444 451/451/451
f 444/444/444 446/446/446 451/451/451
f 452/452/452 451/451/451 446/446/446
f 453/453/453 446/446/446 438/438/438
f 453/453/453 452/452/452 446/446/446
f 454/454/454 453/453/453 438/438/438
f 453/453/453 454/454/454 452/452/452
f 443/443/443 454/454/454 438/438/438
f 454/454/454 455/455/455 452/452/452
f 455/455/455 454/454/454 456/456/456
f 454/454/454 457/457/457 456/456/456
f 454/454/454 443/443/443 457/457/457
f 457/457/457 458/458/458 456/456/456
f 458/458/458 459/459/459 456/456/456
f 459/459/459 458/458/458 460/460/460
f 443/443/443 461/461/461 457/457/457
f 458/458/458 457/457/457 461/461/461
f 458/458/458 462/462/462 460/460/460
f 463/463/463 460/460/460 462/462/462
f 461/461/461 443/443/443 464/464/464
f 461/461/461 464/464/464 465/465/465
f 464/464/464 443/443/443 447/447/447
f 466/466/466 458/458/458 461/461/461
f 462/462/462 458/458/458 466/466/466
f 466/466/466 461/461/461 465/465/465
f 465/465/465 462/462/462 466/466/466
f 467/467/467 463/463/463 462/462/462
f 462/462/462 465/465/465 467/467/467
f 468/468/468 463/463/463 467/467/467
f 469/469/469 468/468/468 467/467/467
f 470/470/470 464/464/464 447/447/447
f 464/464/464 470/470/470 465/465/465
f 107/107/107 470/470/470 447/447/447
f 467/467/467 471/471/471 469/469/469
f 465/465/465 471/471/471 467/467/467
f 471/471/471 472/472/472 469/469/469
f 465/465/465 473/473/473 471/471/471
f 465/465/465 470/470/470 473/473/473
f 471/471/471 474/474/474 472/472/472
f 473/473/473 474/474/474 471/471/471
f 474/474/474 475/475/475 472/472/472
f 476/476/476 470/470/470 107/107/107
f 108/108/108 476/476/476 107/107/107
f 477/477/477 473/473/473 470/470/470
f 476/476/476 477/477/477 470/470/470
f 477/477/477 476/476/476 108/108/108
f 474/474/474 473/473/473 477/477/477
f 478/478/478 477/477/477 108/108/108
f 475/475/475 474/474/474 479/479/479
f 479/479/479 474/474/474 477/477/477
f 478/478/478 479/479/479 477/477/477
f 480/480/480 475/475/475 479/479/479
f 479/479/479 481/481/481 480/480/480
f 478/478/478 481/481/481 479/479/479
f 478/478/478 482/482/482 481/481/481
f 485/485/485 484/484/484 483/483/483
f 484/484/484 486/486/486 483/483/483
f 484/484/484 487/487/487 486/486/486
f 483/483/483 486/486/486 488/488/488
f 487/487/487 489/489/489 486/486/486
f 486/486/486 489/489/489 490/490/490
f 486/486/486 490/490/490 488/488/488
f 489/489/489 491/491/491 490/490/490
f 492/492/492 491/491/491 489/489/489
f 488/488/488 490/490/490 493/493/493
f 493/493/493 494/494/494 488/488/488
f 488/488/488 494/494/494 495/495/495
f 496/496/496 495/495/495 494/494/494
f 497/497/497 496/496/496 494/494/494
f 494/494/494 498/498/498 497/497/497
f 490/490/490 491/491/491 499/499/499
f 490/490/490 499/499/499 493/493/493
f 493/493/493 499/499/499 500/500/500
f 491/491/491 501/501/501 499/499/499
f 492/492/492 501/501/501 491/491/491
f 499/499/499 501/501/501 500/500/500
f 502/502/502 494/494/494 493/493/493
f 502/502/502 493/493/493 500/500/500
f 494/494/494 502/502/502 503/503/503
f 494/494/494 503/503/503 498/498/498
f 503/503/503 502/502/502 500/500/500
f 504/504/504 501/501/501 492/492/492
f 504/504/504 492/492/492 505/505/505
f 504/504/504 506/506/506 501/501/501
f 504/504/504 505/505/505 506/506/506
f 506/506/506 507/507/507 501/501/501
f 501/501/501 507/507/507 500/500/500
f 508/508/508 506/506/506 505/505/505
f 507/507/507 506/506/506 508/508/508
f 508/508/508 505/505/505 509/509/509
f 510/510/510 507/507/507 508/508/508
f 507/507/507 510/510/510 500/500/500
f 510/510/510 508/508/508 509/509/509
f 511/511/511 503/503/503 500/500/500
f 510/510/510 511/511/511 500/500/500
f 512/512/512 510/510/510 509/509/509
f 510/510/510 512/512/512 511/511/511
f 512/512/512 509/509/509 513/513/513
f 511/511/511 514/514/514 503/503/503
f 512/512/512 514/514/514 511/511/511
f 512/512/512 513/513/513 514/514/514
f 514/514/514 498/498/498 503/503/503
f 513/513/513 515/515/515 514/514/514
f 514/514/514 515/515/515 498/498/498
f 513/513/513 516/516/516 515/515/515
f 515/515/515 517/517/517 498/498/498
f 516/516/516 518/518/518 515/515/515
f 515/515/515 518/518/518 517/517/517
f 518/518/518 519/519/519 517/517/517
f 522/522/522 521/521/521 520/520/520
f 523/523/523 522/522/522 520/520/520
f 520/520/520 524/524/524 523/523/523
f 520/520/520 525/525/525 524/524/524
f 526/526/526 524/524/524 525/525/525
f 526/526/526 525/525/525 527/527/527
f 528/528/528 526/526/526 527/527/527
f 529/529/529 528/528/528 527/527/527
f 530/530/530 528/528/528 529/529/529
f 531/531/531 530/530/530 529/529/529
f 529/529/529 532/532/532 531/531/531
f 532/532/532 533/533/533 531/531/531
f 533/533/533 534/534/534 531/531/531
f 533/533/533 535/535/535 534/534/534
f 536/536/536 534/534/534 535/535/535
f 537/537/537 536/536/536 535/535/535
f 536/536/536 537/537/537 538/538/538
f 539/539/539 536/536/536 538/538/538
f 539/539/539 538/538/538 540/540/540
f 541/541/541 539/539/539 540/540/540
f 541/541/541 540/540/540 542/542/542
f 543/543/543 541/541/541 542/542/542
f 543/543/543 542/542/542 544/544/544
f 545/545/545 543/543/543 544/544/544
f 544/544/544 546/546/546 545/545/545
f 546/546/546 547/547/547 545/545/545
f 547/547/547 546/546/546 548/548/548
f 546/546/546 549/549/549 548/548/548
f 549/549/549 550/550/550 548/548/548
f 550/550/550 551/551/551 548/548/548
f 550/550/550 552/552/552 551/551/551
f 552/552/552 553/553/553 551/551/551
f 556/556/556 555/555/555 554/554/554
f 557/557/557 556/556/556 554/554/554
f 557/557/557 554/554/554 558/558/558
f 554/554/554 559/559/559 558/558/558
f 558/558/558 559/559/559 560/560/560
f 556/556/556 557/557/557 561/561/561
f 562/562/562 556/556/556 561/561/561
f 563/563/563 562/562/562 561/561/561
f 564/564/564 563/563/563 561/561/561
f 564/564/564 561/561/561 565/565/565
f 561/561/561 557/557/557 566/566/566
f 561/561/561 566/566/566 565/565/565
f 557/557/557 558/558/558 566/566/566
f 565/565/565 566/566/566 567/567/567
f 566/566/566 558/558/558 567/567/567
f 568/568/568 565/565/565 567/567/567
f 569/569/569 558/558/558 560/560/560
f 558/558/558 569/569/569 567/567/567
f 569/569/569 560/560/560 570/570/570
f 568/568/568 567/567/567 571/571/571
f 567/567/567 569/569/569 571/571/571
f 572/572/572 568/568/568 571/571/571
f 572/572/572 571/571/571 573/573/573
f 574/574/574 572/572/572 573/573/573
f 573/573/573 575/575/575 574/574/574
f 576/576/576 569/569/569 570/570/570
f 569/569/569 576/576/576 571/571/571
f 571/571/571 576/576/576 573/573/573
f 576/576/576 570/570/570 577/577/577
f 578/578/578 576/576/576 577/577/577
f 576/576/576 578/578/578 573/573/573
f 577/577/577 579/579/579 578/578/578
f 579/579/579 580/580/580 578/578/578
f 580/580/580 581/581/581 578/578/578
f 578/578/578 581/581/581 573/573/573
f 580/580/580 582/582/582 581/581/581
f 573/573/573 583/583/583 575/575/575
f 581/581/581 583/583/583 573/573/573
f 583/583/583 584/584/584 575/575/575
f 583/583/583 581/581/581 585/585/585
f 582/582/582 585/585/585 581/581/581
f 583/583/583 586/586/586 584/584/584
f 586/586/586 583/583/583 585/585/585
f 586/586/586 587/587/587 584/584/584
f 587/587/587 586/586/586 585/585/585
f 582/582/582 587/587/587 585/585/585
f 588/588/588 587/587/587 582/582/582
f 589/589/589 588/588/588 582/582/582
f 592/592/592 591/591/591 590/590/590
f 591/591/591 593/593/593 590/590/590
f 594/594/594 593/593/593 591/591/591
f 595/595/595 594/594/594 591/591/591
f 596/596/596 595/595/595 591/591/591
f 594/594/594 595/595/595 597/597/597
f 597/597/597 595/595/595 596/596/596
f 598/598/598 594/594/594 597/597/597
f 598/598/598 597/597/597 599/599/599
f 597/597/597 600/600/600 599/599/599
f 599/599/599 600/600/600 601/601/601
f 602/602/602 596/596/596 591/591/591
f 591/591/591 603/603/603 602/602/602
f 600/600/600 597/597/597 604/604/604
f 604/604/604 597/597/597 596/596/596
f 600/600/600 605/605/605 601/601/601
f 606/606/606 600/600/600 604/604/604
f 605/605/605 600/600/600 606/606/606
f 601/601/601 605/605/605 607/607/607
f 608/608/608 601/601/601 607/607/607
f 608/608/608 607/607/607 609/609/609
f 610/610/610 605/605/605 606/606/606
f 607/607/607 605/605/605 610/610/610
f 611/611/611 606/606/606 604/604/604
f 606/606/606 611/611/611 610/610/610
f 612/612/612 611/611/611 604/604/604
f 612/612/612 604/604/604 596/596/596
f 613/613/613 612/612/612 596/596/596
f 614/614/614 613/613/613 596/596/596
f 611/611/611 615/615/615 610/610/610
f 602/602/602 614/614/614 596/596/596
f 616/616/616 614/614/614 602/602/602
f 610/610/610 615/615/615 617/617/617
f 618/618/618 616/616/616 602/602/602
f 619/619/619 607/607/607 610/610/610
f 619/619/619 610/610/610 617/617/617
f 602/602/602 620/620/620 618/618/618
f 603/603/603 620/620/620 602/602/602
f 621/621/621 607/607/607 619/619/619
f 607/607/607 621/621/621 609/609/609
f 609/609/609 621/621/621 622/622/622
f 619/619/619 617/617/617 623/623/623
f 623/623/623 621/621/621 619/619/619
f 617/617/617 624/624/624 623/623/623
f 621/621/621 625/625/625 622/622/622
f 625/625/625 621/621/621 623/623/623
f 622/622/622 625/625/625 626/626/626
f 623/623/623 624/624/624 627/627/627
f 627/627/627 625/625/625 623/623/623
f 624/624/624 628/628/628 627/627/627
f 620/620/620 629/629/629 618/618/618
f 629/629/629 630/630/630 618/618/618
f 625/625/625 631/631/631 626/626/626
f 631/631/631 625/625/625 627/627/627
f 626/626/626 631/631/631 632/632/632
f 633/633/633 626/626/626 632/632/632
f 634/634/634 633/633/633 632/632/632
f 627/627/627 628/628/628 635/635/635
f 635/635/635 631/631/631 627/627/627
f 632/632/632 631/631/631 635/635/635
f 628/628/628 636/636/636 635/635/635
f 635/635/635 636/636/636 637/637/637
f 638/638/638 635/635/635 637/637/637
f 638/638/638 632/632/632 635/635/635
f 638/638/638 637/637/637 639/639/639
f 639/639/639 640/640/640 638/638/638
f 632/632/632 641/641/641 634/634/634
f 641/641/641 642/642/642 634/634/634
f 632/632/632 638/638/638 643/643/643
f 641/641/641 632/632/632 643/643/643
f 642/642/642 641/641/641 643/643/643
f 640/640/640 643/643/643 638/638/638
f 640/640/640 642/642/642 643/643/643
f 644/644/644 642/642/642 640/640/640
f 645/645/645 644/644/644 640/640/640
f 648/648/648 647/647/647 646/646/646
f 649/649/649 648/648/648 646/646/646
f 648/648/648 649/649/649 650/650/650
f 649/649/649 651/651/651 650/650/650
f 652/652/652 650/650/650 651/651/651
f 653/653/653 652/652/652 651/651/651
f 654/654/654 652/652/652 653/653/653
f 655/655/655 654/654/654 653/653/653
f 656/656/656 654/654/654 655/655/655
f 657/657/657 656/656/656 655/655/655
f 658/658/658 656/656/656 657/657/657
f 659/659/659 658/658/658 657/657/657
f 660/660/660 658/658/658 659/659/659
f 661/661/661 660/660/660 659/659/659
f 662/662/662 660/660/660 661/661/661
f 663/663/663 662/662/662 661/661/661
f 664/664/664 662/662/662 663/663/663
f 665/665/665 664/664/664 663/663/663
f 666/666/666 664/664/664 665/665/665
f 667/667/667 666/666/666 665/665/665
f 668/668/668 666/666/666 667/667/667
f 669/669/669 668/668/668 667/667/667
f 670/670/670 668/668/668 669/669/669
f 671/671/671 670/670/670 669/669/669
f 674/674/674 673/673/673 672/672/672
f 673/673/673 675/675/675 672/672/672
f 672/672/672 675/675/675 676/676/676
f 675/675/675 673/673/673 677/677/677
f 675/675/675 678/678/678 676/676/676
f 678/678/678 675/675/675 679/679/679
f 680/680/680 678/678/678 679/679/679
f 678/678/678 680/680/680 676/676/676
f 676/676/676 680/680/680 681/681/681
f 680/680/680 679/679/679 681/681/681
f 682/682/682 676/676/676 681/681/681
f 683/683/683 675/675/675 677/677/677
f 675/675/675 683/683/683 679/679/679
f 682/682/682 681/681/681 684/684/684
f 685/685/685 682/682/682 684/684/684
f 684/684/684 681/681/681 686/686/686
f 685/685/685 684/684/684 687/687/687
f 684/684/684 686/686/686 687/687/687
f 679/679/679 688/688/688 681/681/681
f 681/681/681 688/688/688 686/686/686
f 685/685/685 687/687/687 689/689/689
f 685/685/685 689/689/689 690/690/690
f 688/688/688 679/679/679 691/691/691
f 686/686/686 688/688/688 691/691/691
f 690/690/690 689/689/689 692/692/692
f 690/690/690 692/692/692 693/693/693
f 693/693/693 692/692/692 694/694/694
f 692/692/692 695/695/695 694/694/694
f 694/694/694 695/695/695 696/696/696
f 689/689/689 697/697/697 692/692/692
f 692/692/692 697/697/697 695/695/695
f 687/687/687 698/698/698 689/689/689
f 689/689/689 698/698/698 697/697/697
f 686/686/686 699/699/699 687/687/687
f 699/699/699 698/698/698 687/687/687
f 695/695/695 700/700/700 696/696/696
f 700/700/700 701/701/701 696/696/696
f 697/697/697 702/702/702 695/695/695
f 695/695/695 702/702/702 700/700/700
f 698/698/698 703/703/703 697/697/697
f 697/697/697 703/703/703 702/702/702
f 699/699/699 686/686/686 704/704/704
f 704/704/704 686/686/686 691/691/691
f 699/699/699 705/705/705 698/698/698
f 705/705/705 703/703/703 698/698/698
f 706/706/706 699/699/699 704/704/704
f 705/705/705 699/699/699 706/706/706
f 691/691/691 707/707/707 704/704/704
f 706/706/706 704/704/704 707/707/707
f 708/708/708 701/701/701 700/700/700
f 702/702/702 709/709/709 700/700/700
f 700/700/700 709/709/709 708/708/708
f 703/703/703 710/710/710 702/702/702
f 702/702/702 710/710/710 709/709/709
f 705/705/705 711/711/711 703/703/703
f 711/711/711 710/710/710 703/703/703
f 710/710/710 712/712/712 709/709/709
f 709/709/709 712/712/712 708/708/708
f 710/710/710 711/711/711 712/712/712
f 713/713/713 705/705/705 706/706/706
f 711/711/711 705/705/705 713/713/713
f 708/708/708 714/714/714 701/701/701
f 714/714/714 715/715/715 701/701/701
f 712/712/712 716/716/716 708/708/708
f 714/714/714 708/708/708 716/716/716
f 711/711/711 717/717/717 712/712/712
f 712/712/712 717/717/717 716/716/716
f 715/715/715 714/714/714 718/718/718
f 719/719/719 715/715/715 718/718/718
f 720/720/720 714/714/714 716/716/716
f 718/718/718 714/714/714 720/720/720
f 721/721/721 719/719/719 718/718/718
f 722/722/722 719/719/719 721/721/721
f 713/713/713 706/706/706 723/723/723
f 724/724/724 713/713/713 723/723/723
f 723/723/723 706/706/706 707/707/707
f 725/725/725 711/711/711 713/713/713
f 725/725/725 713/713/713 724/724/724
f 717/717/717 711/711/711 725/725/725
f 717/717/717 726/726/726 716/716/716
f 716/716/716 726/726/726 720/720/720
f 727/727/727 718/718/718 720/720/720
f 721/721/721 718/718/718 727/727/727
f 728/728/728 717/717/717 725/725/725
f 726/726/726 717/717/717 728/728/728
f 726/726/726 729/729/729 720/720/720
f 720/720/720 729/729/729 727/727/727
f 723/723/723 707/707/707 730/730/730
f 724/724/724 723/723/723 730/730/730
f 731/731/731 721/721/721 727/727/727
f 727/727/727 729/729/729 731/731/731
f 729/729/729 726/726/726 732/732/732
f 732/732/732 726/726/726 728/728/728
f 728/728/728 725/725/725 733/733/733
f 733/733/733 725/725/725 724/724/724
f 734/734/734 728/728/728 733/733/733
f 732/732/732 728/728/728 734/734/734
f 729/729/729 735/735/735 731/731/731
f 729/729/729 732/732/732 735/735/735
f 736/736/736 733/733/733 724/724/724
f 734/734/734 733/733/733 736/736/736
f 734/734/734 737/737/737 732/732/732
f 732/732/732 738/738/738 735/735/735
f 737/737/737 738/738/738 732/732/732
f 735/735/735 738/738/738 739/739/739
f 739/739/739 738/738/738 737/737/737
f 737/737/737 734/734/734 740/740/740
f 740/740/740 734/734/734 736/736/736
f 741/741/741 740/740/740 736/736/736
f 742/742/742 737/737/737 740/740/740
f 742/742/742 739/739/739 737/737/737
f 742/742/742 740/740/740 741/741/741
f 742/742/742 743/743/743 739/739/739
f 736/736/736 724/724/724 744/744/744
f 736/736/736 744/744/744 741/741/741
f 745/745/745 735/735/735 739/739/739
f 731/731/731 735/735/735 745/745/745
f 743/743/743 742/742/742 746/746/746
f 746/746/746 742/742/742 741/741/741
f 724/724/724 747/747/747 744/744/744
f 747/747/747 724/724/724 730/730/730
f 745/745/745 739/739/739 748/748/748
f 743/743/743 748/748/748 739/739/739
f 749/749/749 731/731/731 745/745/745
f 750/750/750 745/745/745 748/748/748
f 745/745/745 750/750/750 749/749/749
f 751/751/751 731/731/731 749/749/749
f 731/731/731 751/751/751 721/721/721
f 750/750/750 752/752/752 749/749/749
f 751/751/751 749/749/749 752/752/752
f 752/752/752 750/750/750 753/753/753
f 753/753/753 750/750/750 748/748/748
f 751/751/751 754/754/754 721/721/721
f 754/754/754 722/722/722 721/721/721
f 722/722/722 754/754/754 755/755/755
f 754/754/754 756/756/756 755/755/755
f 754/754/754 751/751/751 756/756/756
f 751/751/751 757/757/757 756/756/756
f 758/758/758 753/753/753 748/748/748
f 748/748/748 743/743/743 758/758/758
f 759/759/759 753/753/753 758/758/758
f 760/760/760 753/753/753 759/759/759
f 761/761/761 760/760/760 759/759/759
f 759/759/759 758/758/758 762/762/762
f 743/743/743 762/762/762 758/758/758
f 761/761/761 759/759/759 763/763/763
f 763/763/763 759/759/759 762/762/762
f 764/764/764 761/761/761 763/763/763
f 764/764/764 763/763/763 765/765/765
f 765/765/765 763/763/763 762/762/762
f 766/766/766 764/764/764 765/765/765
f 767/767/767 762/762/762 743/743/743
f 765/765/765 762/762/762 767/767/767
f 765/765/765 768/768/768 766/766/766
f 768/768/768 765/765/765 767/767/767
f 769/769/769 767/767/767 743/743/743
f 769/769/769 743/743/743 746/746/746
f 769/769/769 746/746/746 770/770/770
f 770/770/770 746/746/746 741/741/741
f 767/767/767 769/769/769 771/771/771
f 771/771/771 769/769/769 770/770/770
f 772/772/772 770/770/770 741/741/741
f 771/771/771 770/770/770 772/772/772
f 773/773/773 767/767/767 771/771/771
f 768/768/768 767/767/767 773/773/773
f 768/768/768 774/774/774 766/766/766
f 774/774/774 775/775/775 766/766/766
f 776/776/776 774/774/774 768/768/768
f 773/773/773 776/776/776 768/768/768
f 773/773/773 771/771/771 777/777/777
f 777/777/777 771/771/771 772/772/772
f 772/772/772 741/741/741 778/778/778
f 744/744/744 778/778/778 741/741/741
f 779/779/779 775/775/775 774/774/774
f 776/776/776 779/779/779 774/774/774
f 776/776/776 773/773/773 780/780/780
f 780/780/780 773/773/773 777/777/777
f 779/779/779 776/776/776 780/780/780
f 777/777/777 772/772/772 781/781/781
f 781/781/781 772/772/772 778/778/778
f 775/775/775 779/779/779 782/782/782
f 783/783/783 775/775/775 782/782/782
f 779/779/779 780/780/780 784/784/784
f 782/782/782 779/779/779 784/784/784
f 780/780/780 777/777/777 785/785/785
f 785/785/785 777/777/777 781/781/781
f 784/784/784 780/780/780 785/785/785
f 784/784/784 785/785/785 786/786/786
f 783/783/783 782/782/782 787/787/787
f 787/787/787 782/782/782 784/784/784
f 788/788/788 783/783/783 787/787/787
f 789/789/789 785/785/785 781/781/781
f 786/786/786 785/785/785 789/789/789
f 790/790/790 787/787/787 784/784/784
f 790/790/790 784/784/784 786/786/786
f 788/788/788 787/787/787 791/791/791
f 792/792/792 788/788/788 791/791/791
f 790/790/790 793/793/793 787/787/787
f 790/790/790 786/786/786 793/793/793
f 793/793/793 791/791/791 787/787/787
f 792/792/792 791/791/791 794/794/794
f 795/795/795 792/792/792 794/794/794
f 791/791/791 793/793/793 796/796/796
f 794/794/794 791/791/791 796/796/796
f 795/795/795 794/794/794 797/797/797
f 798/798/798 795/795/795 797/797/797
f 794/794/794 796/796/796 799/799/799
f 797/797/797 794/794/794 799/799/799
f 796/796/796 793/793/793 800/800/800
f 796/796/796 800/800/800 799/799/799
f 797/797/797 801/801/801 798/798/798
f 801/801/801 802/802/802 798/798/798
f 801/801/801 797/797/797 803/803/803
f 797/797/797 799/799/799 803/803/803
f 802/802/802 801/801/801 804/804/804
f 804/804/804 801/801/801 803/803/803
f 805/805/805 802/802/802 804/804/804
f 806/806/806 804/804/804 803/803/803
f 806/806/806 803/803/803 807/807/807
f 803/803/803 808/808/808 807/807/807
f 803/803/803 799/799/799 808/808/808
f 807/807/807 808/808/808 809/809/809
f 793/793/793 810/810/810 800/800/800
f 786/786/786 810/810/810 793/793/793
f 799/799/799 811/811/811 808/808/808
f 800/800/800 811/811/811 799/799/799
f 808/808/808 812/812/812 809/809/809
f 809/809/809 812/812/812 813/813/813
f 811/811/811 814/814/814 808/808/808
f 814/814/814 811/811/811 800/800/800
f 814/814/814 812/812/812 808/808/808
f 815/815/815 800/800/800 810/810/810
f 815/815/815 814/814/814 800/800/800
f 816/816/816 810/810/810 786/786/786
f 816/816/816 815/815/815 810/810/810
f 812/812/812 817/817/817 813/813/813
f 817/817/817 812/812/812 814/814/814
f 814/814/814 815/815/815 818/818/818
f 818/818/818 817/817/817 814/814/814
f 813/813/813 817/817/817 819/819/819
f 819/819/819 817/817/817 818/818/818
f 820/820/820 813/813/813 819/819/819
f 820/820/820 819/819/819 821/821/821
f 815/815/815 822/822/822 818/818/818
f 815/815/815 816/816/816 822/822/822
f 823/823/823 816/816/816 786/786/786
f 823/823/823 786/786/786 789/789/789
f 819/819/819 824/824/824 821/821/821
f 825/825/825 821/821/821 824/824/824
f 826/826/826 819/819/819 818/818/818
f 818/818/818 822/822/822 826/826/826
f 819/819/819 826/826/826 824/824/824
f 816/816/816 827/827/827 822/822/822
f 827/827/827 816/816/816 823/823/823
f 828/828/828 823/823/823 789/789/789
f 828/828/828 827/827/827 823/823/823
f 829/829/829 825/825/825 824/824/824
f 825/825/825 829/829/829 830/830/830
f 822/822/822 831/831/831 826/826/826
f 822/822/822 827/827/827 831/831/831
f 826/826/826 832/832/832 824/824/824
f 824/824/824 832/832/832 829/829/829
f 826/826/826 831/831/831 832/832/832
f 827/827/827 833/833/833 831/831/831
f 833/833/833 827/827/827 828/828/828
f 834/834/834 828/828/828 789/789/789
f 834/834/834 789/789/789 781/781/781
f 831/831/831 835/835/835 832/832/832
f 831/831/831 833/833/833 835/835/835
f 832/832/832 836/836/836 829/829/829
f 836/836/836 832/832/832 835/835/835
f 829/829/829 837/837/837 830/830/830
f 829/829/829 836/836/836 837/837/837
f 838/838/838 833/833/833 828/828/828
f 838/838/838 828/828/828 834/834/834
f 839/839/839 834/834/834 781/781/781
f 781/781/781 778/778/778 839/839/839
f 837/837/837 840/840/840 830/830/830
f 840/840/840 841/841/841 830/830/830
f 836/836/836 842/842/842 837/837/837
f 837/837/837 842/842/842 840/840/840
f 834/834/834 839/839/839 843/843/843
f 843/843/843 838/838/838 834/834/834
f 839/839/839 778/778/778 844/844/844
f 839/839/839 844/844/844 843/843/843
f 778/778/778 744/744/744 844/844/844
f 845/845/845 833/833/833 838/838/838
f 833/833/833 845/845/845 835/835/835
f 846/846/846 836/836/836 835/835/835
f 842/842/842 836/836/836 846/846/846
f 847/847/847 838/838/838 843/843/843
f 847/847/847 845/845/845 838/838/838
f 835/835/835 845/845/845 848/848/848
f 846/846/846 835/835/835 848/848/848
f 848/848/848 845/845/845 847/847/847
f 849/849/849 847/847/847 843/843/843
f 843/843/843 844/844/844 849/849/849
f 744/744/744 850/850/850 844/844/844
f 850/850/850 744/744/744 747/747/747
f 851/851/851 842/842/842 846/846/846
f 851/851/851 846/846/846 848/848/848
f 852/852/852 848/848/848 847/847/847
f 852/852/852 847/847/847 849/849/849
f 853/853/853 852/852/852 849/849/849
f 844/844/844 854/854/854 849/849/849
f 850/850/850 854/854/854 844/844/844
f 849/849/849 854/854/854 853/853/853
f 854/854/854 850/850/850 853/853/853
f 855/855/855 851/851/851 848/848/848
f 855/855/855 848/848/848 852/852/852
f 851/851/851 856/856/856 842/842/842
f 851/851/851 855/855/855 856/856/856
f 850/850/850 747/747/747 857/857/857
f 850/850/850 857/857/857 853/853/853
f 858/858/858 852/852/852 853/853/853
f 858/858/858 855/855/855 852/852/852
f 856/856/856 859/859/859 842/842/842
f 842/842/842 859/859/859 840/840/840
f 840/840/840 859/859/859 860/860/860
f 860/860/860 859/859/859 856/856/856
f 861/861/861 840/840/840 860/860/860
f 841/841/841 840/840/840 861/861/861
f 862/862/862 841/841/841 861/861/861
f 862/862/862 861/861/861 863/863/863
f 861/861/861 864/864/864 863/863/863
f 861/861/861 860/860/860 864/864/864
f 860/860/860 865/865/865 864/864/864
f 865/865/865 860/860/860 866/866/866
f 866/866/866 860/860/860 856/856/856
f 867/867/867 865/865/865 866/866/866
f 855/855/855 868/868/868 856/856/856
f 866/866/866 856/856/856 868/868/868
f 867/867/867 866/866/866 869/869/869
f 869/869/869 866/866/866 868/868/868
f 870/870/870 867/867/867 869/869/869
f 870/870/870 869/869/869 871/871/871
f 871/871/871 869/869/869 868/868/868
f 872/872/872 870/870/870 871/871/871
f 873/873/873 868/868/868 855/855/855
f 873/873/873 871/871/871 868/868/868
f 858/858/858 873/873/873 855/855/855
f 872/872/872 871/871/871 874/874/874
f 875/875/875 872/872/872 874/874/874
f 876/876/876 875/875/875 874/874/874
f 858/858/858 877/877/877 873/873/873
f 877/877/877 858/858/858 853/853/853
f 873/873/873 878/878/878 871/871/871
f 878/878/878 874/874/874 871/871/871
f 877/877/877 878/878/878 873/873/873
f 879/879/879 876/876/876 874/874/874
f 879/879/879 874/874/874 878/878/878
f 876/876/876 879/879/879 880/880/880
f 877/877/877 853/853/853 881/881/881
f 877/877/877 881/881/881 878/878/878
f 853/853/853 857/857/857 881/881/881
f 882/882/882 879/879/879 878/878/878
f 878/878/878 881/881/881 882/882/882
f 857/857/857 883/883/883 881/881/881
f 747/747/747 883/883/883 857/857/857
f 883/883/883 884/884/884 881/881/881
f 881/881/881 884/884/884 882/882/882
f 747/747/747 885/885/885 883/883/883
f 883/883/883 885/885/885 884/884/884
f 730/730/730 885/885/885 747/747/747
f 885/885/885 886/886/886 884/884/884
f 884/884/884 886/886/886 882/882/882
f 887/887/887 885/885/885 730/730/730
f 885/885/885 887/887/887 886/886/886
f 886/886/886 888/888/888 882/882/882
f 886/886/886 887/887/887 888/888/888
f 879/879/879 882/882/882 889/889/889
f 889/889/889 882/882/882 888/888/888
f 890/890/890 879/879/879 889/889/889
f 880/880/880 879/879/879 890/890/890
f 891/891/891 889/889/889 888/888/888
f 890/890/890 889/889/889 891/891/891
f 890/890/890 892/892/892 880/880/880
f 892/892/892 890/890/890 891/891/891
f 892/892/892 893/893/893 880/880/880
f 891/891/891 888/888/888 894/894/894
f 887/887/887 894/894/894 888/888/888
f 895/895/895 887/887/887 730/730/730
f 707/707/707 895/895/895 730/730/730
f 893/893/893 892/892/892 896/896/896
f 897/897/897 893/893/893 896/896/896
f 892/892/892 891/891/891 898/898/898
f 898/898/898 891/891/891 894/894/894
f 896/896/896 892/892/892 898/898/898
f 887/887/887 895/895/895 899/899/899
f 887/887/887 899/899/899 894/894/894
f 900/900/900 895/895/895 707/707/707
f 895/895/895 900/900/900 899/899/899
f 691/691/691 900/900/900 707/707/707
f 901/901/901 898/898/898 894/894/894
f 896/896/896 898/898/898 901/901/901
f 899/899/899 901/901/901 894/894/894
f 897/897/897 896/896/896 902/902/902
f 902/902/902 896/896/896 901/901/901
f 903/903/903 897/897/897 902/902/902
f 899/899/899 904/904/904 901/901/901
f 902/902/902 901/901/901 904/904/904
f 899/899/899 900/900/900 904/904/904
f 900/900/900 691/691/691 905/905/905
f 679/679/679 905/905/905 691/691/691
f 906/906/906 900/900/900 905/905/905
f 906/906/906 905/905/905 679/679/679
f 900/900/900 906/906/906 904/904/904
f 683/683/683 906/906/906 679/679/679
f 907/907/907 902/902/902 904/904/904
f 904/904/904 906/906/906 907/907/907
f 903/903/903 902/902/902 907/907/907
f 906/906/906 683/683/683 907/907/907
f 908/908/908 903/903/903 907/907/907
f 908/908/908 907/907/907 683/683/683
f 903/903/903 908/908/908 909/909/909
f 677/677/677 908/908/908 683/683/683
f 908/908/908 910/910/910 909/909/909
f 910/910/910 908/908/908 677/677/677
f 911/911/911 910/910/910 677/677/677
f 914/914/914 913/913/913 912/912/912
f 915/915/915 914/914/914 912/912/912
f 912/912/912 916/916/916 915/915/915
f 917/917/917 914/914/914 915/915/915
f 916/916/916 918/918/918 915/915/915
f 919/919/919 917/917/917 915/915/915
f 915/915/915 918/918/918 920/920/920
f 920/920/920 919/919/919 915/915/915
f 918/918/918 921/921/921 920/920/920
f 922/922/922 919/919/919 920/920/920
f 920/920/920 921/921/921 923/923/923
f 923/923/923 922/922/922 920/920/920
f 924/924/924 922/922/922 923/923/923
f 921/921/921 925/925/925 923/923/923
f 926/926/926 924/924/924 923/923/923
f 923/923/923 925/925/925 927/927/927
f 927/927/927 926/926/926 923/923/923
f 925/925/925 928/928/928 927/927/927
f 929/929/929 926/926/926 927/927/927
f 927/927/927 928/928/928 930/930/930
f 930/930/930 929/929/929 927/927/927
f 928/928/928 931/931/931 930/930/930
f 932/932/932 929/929/929 930/930/930
f 930/930/930 931/931/931 933/933/933
f 933/933/933 932/932/932 930/930/930
f 934/934/934 932/932/932 933/933/933
f 931/931/931 935/935/935 933/933/933
f 934/934/934 933/933/933 936/936/936
f 933/933/933 935/935/935 937/937/937
f 933/933/933 937/937/937 936/936/936
f 935/935/935 938/938/938 937/937/937
f 939/939/939 936/936/936 937/937/937
f 937/937/937 938/938/938 940/940/940
f 940/940/940 939/939/939 937/937/937
f 941/941/941 939/939/939 940/940/940
f 941/941/941 940/940/940 942/942/942
f 938/938/938 943/943/943 940/940/940
f 940/940/940 944/944/944 942/942/942
f 940/940/940 943/943/943 944/944/944
f 943/943/943 945/945/945 944/944/944
f 947/947/947 946/946/946 603/603/603
f 946/946/946 948/948/948 603/603/603
f 603/603/603 948/948/948 620/620/620
f 946/946/946 949/949/949 948/948/948
f 948/948/948 629/629/629 620/620/620
f 949/949/949 950/950/950 948/948/948
f 948/948/948 950/950/950 629/629/629
f 951/951/951 950/950/950 949/949/949
f 950/950/950 951/951/951 629/629/629
f 952/952/952 951/951/951 949/949/949
f 629/629/629 951/951/951 630/630/630
f 951/951/951 952/952/952 630/630/630
f 955/955/955 954/954/954 953/953/953
f 954/954/954 956/956/956 953/953/953
f 954/954/954 957/957/957 956/956/956
f 957/957/957 958/958/958 956/956/956
f 961/961/961 960/960/960 959/959/959
f 960/960/960 962/962/962 959/959/959
f 962/962/962 960/960/960 963/963/963
f 964/964/964 962/962/962 963/963/963
f 963/963/963 965/965/965 964/964/964
f 965/965/965 966/966/966 964/964/964
f 965/965/965 967/967/967 966/966/966
f 967/967/967 968/968/968 966/966/966
f 967/967/967 969/969/969 968/968/968
f 969/969/969 970/970/970 968/968/968
f 969/969/969 971/971/971 970/970/970
f 971/971/971 972/972/972 970/970/970
f 971/971/971 973/973/973 972/972/972
f 973/973/973 974/974/974 972/972/972
f 973/973/973 975/975/975 974/974/974
f 975/975/975 976/976/976 974/974/974
f 975/975/975 977/977/977 976/976/976
f 977/977/977 978/978/978 976/976/976
f 977/977/977 979/979/979 978/978/978
f 979/979/979 980/980/980 978/978/978
f 979/979/979 981/981/981 980/980/980
f 981/981/981 982/982/982 980/980/980
f 981/981/981 983/983/983 982/982/982
f 983/983/983 984/984/984 982/982/982
f 987/987/987 986/986/986 985/985/985
f 988/988/988 987/987/987 985/985/985
f 988/988/988 985/985/985 989/989/989
f 987/987/987 988/988/988 990/990/990
f 991/991/991 988/988/988 989/989/989
f 988/988/988 991/991/991 992/992/992
f 991/991/991 993/993/993 992/992/992
f 993/993/993 991/991/991 989/989/989
f 993/993/993 989/989/989 994/994/994
f 992/992/992 993/993/993 994/994/994
f 989/989/989 995/995/995 994/994/994
f 988/988/988 996/996/996 990/990/990
f 996/996/996 988/988/988 992/992/992
f 994/994/994 995/995/995 997/997/997
f 995/995/995 998/998/998 997/997/997
f 994/994/994 997/997/997 999/999/999
f 997/997/997 998/998/998 1000/1000/1000
f 999/999/999 997/997/997 1000/1000/1000
f 1001/1001/1001 992/992/992 994/994/994
f 1001/1001/1001 994/994/994 999/999/999
f 1000/1000/1000 998/998/998 1002/1002/1002
f 1002/1002/1002 998/998/998 1003/1003/1003
f 992/992/992 1001/1001/1001 1004/1004/1004
f 1001/1001/1001 999/999/999 1004/1004/1004
f 1002/1002/1002 1003/1003/1003 1005/1005/1005
f 1005/1005/1005 1003/1003/1003 1006/1006/1006
f 1005/1005/1005 1006/1006/1006 1007/1007/1007
f 1008/1008/1008 1005/1005/1005 1007/1007/1007
f 1008/1008/1008 1007/1007/1007 1009/1009/1009
f 1010/1010/1010 1002/1002/1002 1005/1005/1005
f 1010/1010/1010 1005/1005/1005 1008/1008/1008
f 1011/1011/1011 1000/1000/1000 1002/1002/1002
f 1011/1011/1011 1002/1002/1002 1010/1010/1010
f 1012/1012/1012 999/999/999 1000/1000/1000
f 1011/1011/1011 1012/1012/1012 1000/1000/1000
f 1013/1013/1013 1008/1008/1008 1009/1009/1009
f 1014/1014/1014 1013/1013/1013 1009/1009/1009
f 1015/1015/1015 1010/1010/1010 1008/1008/1008
f 1015/1015/1015 1008/1008/1008 1013/1013/1013
f 1016/1016/1016 1011/1011/1011 1010/1010/1010
f 1016/1016/1016 1010/1010/1010 1015/1015/1015
f 999/999/999 1012/1012/1012 1017/1017/1017
f 999/999/999 1017/1017/1017 1004/1004/1004
f 1018/1018/1018 1012/1012/1012 1011/1011/1011
f 1016/1016/1016 1018/1018/1018 1011/1011/1011
f 1012/1012/1012 1019/1019/1019 1017/1017/1017
f 1012/1012/1012 1018/1018/1018 1019/1019/1019
f 1020/1020/1020 1004/1004/1004 1017/1017/1017
f 1017/1017/1017 1019/1019/1019 1020/1020/1020
f 1014/1014/1014 1021/1021/1021 1013/1013/1013
f 1022/1022/1022 1015/1015/1015 1013/1013/1013
f 1022/1022/1022 1013/1013/1013 1021/1021/1021
f 1023/1023/1023 1016/1016/1016 1015/1015/1015
f 1023/1023/1023 1015/1015/1015 1022/1022/1022
f 1024/1024/1024 1018/1018/1018 1016/1016/1016
f 1023/1023/1023 1024/1024/1024 1016/1016/1016
f 1025/1025/1025 1023/1023/1023 1022/1022/1022
f 1025/1025/1025 1022/1022/1022 1021/1021/1021
f 1024/1024/1024 1023/1023/1023 1025/1025/1025
f 1018/1018/1018 1026/1026/1026 1019/1019/1019
f 1018/1018/1018 1024/1024/1024 1026/1026/1026
f 1027/1027/1027 1021/1021/1021 1014/1014/1014
f 1028/1028/1028 1027/1027/1027 1014/1014/1014
f 1029/1029/1029 1025/1025/1025 1021/1021/1021
f 1021/1021/1021 1027/1027/1027 1029/1029/1029
f 1030/1030/1030 1024/1024/1024 1025/1025/1025
f 1030/1030/1030 1025/1025/1025 1029/1029/1029
f 1027/1027/1027 1028/1028/1028 1031/1031/1031
f 1028/1028/1028 1032/1032/1032 1031/1031/1031
f 1027/1027/1027 1033/1033/1033 1029/1029/1029
f 1027/1027/1027 1031/1031/1031 1033/1033/1033
f 1032/1032/1032 1034/1034/1034 1031/1031/1031
f 1032/1032/1032 1035/1035/1035 1034/1034/1034
f 1019/1019/1019 1026/1026/1026 1036/1036/1036
f 1026/1026/1026 1037/1037/1037 1036/1036/1036
f 1019/1019/1019 1036/1036/1036 1020/1020/1020
f 1024/1024/1024 1038/1038/1038 1026/1026/1026
f 1024/1024/1024 1030/1030/1030 1038/1038/1038
f 1026/1026/1026 1038/1038/1038 1037/1037/1037
f 1039/1039/1039 1030/1030/1030 1029/1029/1029
f 1039/1039/1039 1029/1029/1029 1033/1033/1033
f 1031/1031/1031 1040/1040/1040 1033/1033/1033
f 1031/1031/1031 1034/1034/1034 1040/1040/1040
f 1030/1030/1030 1041/1041/1041 1038/1038/1038
f 1030/1030/1030 1039/1039/1039 1041/1041/1041
f 1042/1042/1042 1039/1039/1039 1033/1033/1033
f 1042/1042/1042 1033/1033/1033 1040/1040/1040
f 1020/1020/1020 1036/1036/1036 1043/1043/1043
f 1036/1036/1036 1037/1037/1037 1043/1043/1043
f 1034/1034/1034 1044/1044/1044 1040/1040/1040
f 1042/1042/1042 1040/1040/1040 1044/1044/1044
f 1039/1039/1039 1042/1042/1042 1045/1045/1045
f 1039/1039/1039 1045/1045/1045 1041/1041/1041
f 1038/1038/1038 1041/1041/1041 1046/1046/1046
f 1038/1038/1038 1046/1046/1046 1037/1037/1037
f 1041/1041/1041 1047/1047/1047 1046/1046/1046
f 1041/1041/1041 1045/1045/1045 1047/1047/1047
f 1048/1048/1048 1042/1042/1042 1044/1044/1044
f 1045/1045/1045 1042/1042/1042 1048/1048/1048
f 1046/1046/1046 1049/1049/1049 1037/1037/1037
f 1046/1046/1046 1047/1047/1047 1049/1049/1049
f 1050/1050/1050 1047/1047/1047 1045/1045/1045
f 1051/1051/1051 1045/1045/1045 1048/1048/1048
f 1051/1051/1051 1050/1050/1050 1045/1045/1045
f 1051/1051/1051 1048/1048/1048 1052/1052/1052
f 1051/1051/1051 1052/1052/1052 1050/1050/1050
f 1047/1047/1047 1050/1050/1050 1053/1053/1053
f 1047/1047/1047 1053/1053/1053 1049/1049/1049
f 1053/1053/1053 1054/1054/1054 1049/1049/1049
f 1050/1050/1050 1055/1055/1055 1053/1053/1053
f 1052/1052/1052 1055/1055/1055 1050/1050/1050
f 1053/1053/1053 1055/1055/1055 1054/1054/1054
f 1056/1056/1056 1055/1055/1055 1052/1052/1052
f 1037/1037/1037 1049/1049/1049 1057/1057/1057
f 1057/1057/1057 1049/1049/1049 1054/1054/1054
f 1048/1048/1048 1058/1058/1058 1052/1052/1052
f 1048/1048/1048 1044/1044/1044 1058/1058/1058
f 1055/1055/1055 1056/1056/1056 1059/1059/1059
f 1055/1055/1055 1059/1059/1059 1054/1054/1054
f 1060/1060/1060 1037/1037/1037 1057/1057/1057
f 1037/1037/1037 1060/1060/1060 1043/1043/1043
f 1052/1052/1052 1058/1058/1058 1061/1061/1061
f 1061/1061/1061 1056/1056/1056 1052/1052/1052
f 1044/1044/1044 1062/1062/1062 1058/1058/1058
f 1058/1058/1058 1063/1063/1063 1061/1061/1061
f 1063/1063/1063 1058/1058/1058 1062/1062/1062
f 1044/1044/1044 1064/1064/1064 1062/1062/1062
f 1064/1064/1064 1044/1044/1044 1034/1034/1034
f 1065/1065/1065 1063/1063/1063 1062/1062/1062
f 1062/1062/1062 1064/1064/1064 1065/1065/1065
f 1063/1063/1063 1065/1065/1065 1066/1066/1066
f 1063/1063/1063 1066/1066/1066 1061/1061/1061
f 1067/1067/1067 1064/1064/1064 1034/1034/1034
f 1035/1035/1035 1067/1067/1067 1034/1034/1034
f 1067/1067/1067 1035/1035/1035 1068/1068/1068
f 1069/1069/1069 1067/1067/1067 1068/1068/1068
f 1064/1064/1064 1067/1067/1067 1069/1069/1069
f 1070/1070/1070 1064/1064/1064 1069/1069/1069
f 1066/1066/1066 1071/1071/1071 1061/1061/1061
f 1056/1056/1056 1061/1061/1061 1071/1071/1071
f 1066/1066/1066 1072/1072/1072 1071/1071/1071
f 1066/1066/1066 1073/1073/1073 1072/1072/1072
f 1073/1073/1073 1074/1074/1074 1072/1072/1072
f 1071/1071/1071 1072/1072/1072 1075/1075/1075
f 1075/1075/1075 1056/1056/1056 1071/1071/1071
f 1072/1072/1072 1074/1074/1074 1076/1076/1076
f 1072/1072/1072 1076/1076/1076 1075/1075/1075
f 1074/1074/1074 1077/1077/1077 1076/1076/1076
f 1076/1076/1076 1077/1077/1077 1078/1078/1078
f 1076/1076/1076 1078/1078/1078 1075/1075/1075
f 1077/1077/1077 1079/1079/1079 1078/1078/1078
f 1075/1075/1075 1080/1080/1080 1056/1056/1056
f 1075/1075/1075 1078/1078/1078 1080/1080/1080
f 1081/1081/1081 1078/1078/1078 1079/1079/1079
f 1078/1078/1078 1081/1081/1081 1080/1080/1080
f 1080/1080/1080 1082/1082/1082 1056/1056/1056
f 1056/1056/1056 1082/1082/1082 1059/1059/1059
f 1059/1059/1059 1082/1082/1082 1083/1083/1083
f 1059/1059/1059 1083/1083/1083 1054/1054/1054
f 1082/1082/1082 1080/1080/1080 1084/1084/1084
f 1082/1082/1082 1084/1084/1084 1083/1083/1083
f 1083/1083/1083 1085/1085/1085 1054/1054/1054
f 1083/1083/1083 1084/1084/1084 1085/1085/1085
f 1084/1084/1084 1086/1086/1086 1085/1085/1085
f 1080/1080/1080 1087/1087/1087 1084/1084/1084
f 1080/1080/1080 1081/1081/1081 1087/1087/1087
f 1084/1084/1084 1087/1087/1087 1086/1086/1086
f 1088/1088/1088 1081/1081/1081 1079/1079/1079
f 1089/1089/1089 1088/1088/1088 1079/1079/1079
f 1054/1054/1054 1085/1085/1085 1090/1090/1090
f 1090/1090/1090 1057/1057/1057 1054/1054/1054
f 1091/1091/1091 1087/1087/1087 1081/1081/1081
f 1088/1088/1088 1091/1091/1091 1081/1081/1081
f 1089/1089/1089 1092/1092/1092 1088/1088/1088
f 1092/1092/1092 1091/1091/1091 1088/1088/1088
f 1087/1087/1087 1091/1091/1091 1093/1093/1093
f 1087/1087/1087 1093/1093/1093 1086/1086/1086
f 1091/1091/1091 1092/1092/1092 1093/1093/1093
f 1092/1092/1092 1089/1089/1089 1094/1094/1094
f 1089/1089/1089 1095/1095/1095 1094/1094/1094
f 1094/1094/1094 1095/1095/1095 1096/1096/1096
f 1093/1093/1093 1092/1092/1092 1097/1097/1097
f 1092/1092/1092 1094/1094/1094 1097/1097/1097
f 1093/1093/1093 1097/1097/1097 1086/1086/1086
f 1098/1098/1098 1094/1094/1094 1096/1096/1096
f 1094/1094/1094 1098/1098/1098 1097/1097/1097
f 1098/1098/1098 1096/1096/1096 1099/1099/1099
f 1096/1096/1096 1100/1100/1100 1099/1099/1099
f 1099/1099/1099 1100/1100/1100 1101/1101/1101
f 1098/1098/1098 1102/1102/1102 1097/1097/1097
f 1098/1098/1098 1099/1099/1099 1102/1102/1102
f 1097/1097/1097 1103/1103/1103 1086/1086/1086
f 1103/1103/1103 1097/1097/1097 1102/1102/1102
f 1086/1086/1086 1103/1103/1103 1104/1104/1104
f 1105/1105/1105 1103/1103/1103 1102/1102/1102
f 1103/1103/1103 1105/1105/1105 1104/1104/1104
f 1099/1099/1099 1106/1106/1106 1102/1102/1102
f 1105/1105/1105 1102/1102/1102 1106/1106/1106
f 1107/1107/1107 1099/1099/1099 1101/1101/1101
f 1099/1099/1099 1107/1107/1107 1106/1106/1106
f 1107/1107/1107 1101/1101/1101 1108/1108/1108
f 1101/1101/1101 1109/1109/1109 1108/1108/1108
f 1107/1107/1107 1110/1110/1110 1106/1106/1106
f 1107/1107/1107 1108/1108/1108 1110/1110/1110
f 1111/1111/1111 1105/1105/1105 1106/1106/1106
f 1111/1111/1111 1106/1106/1106 1110/1110/1110
f 1112/1112/1112 1108/1108/1108 1109/1109/1109
f 1113/1113/1113 1112/1112/1112 1109/1109/1109
f 1108/1108/1108 1114/1114/1114 1110/1110/1110
f 1114/1114/1114 1108/1108/1108 1112/1112/1112
f 1112/1112/1112 1113/1113/1113 1115/1115/1115
f 1113/1113/1113 1116/1116/1116 1115/1115/1115
f 1115/1115/1115 1117/1117/1117 1112/1112/1112
f 1117/1117/1117 1118/1118/1118 1112/1112/1112
f 1118/1118/1118 1114/1114/1114 1112/1112/1112
f 1118/1118/1118 1117/1117/1117 1119/1119/1119
f 1120/1120/1120 1118/1118/1118 1119/1119/1119
f 1114/1114/1114 1118/1118/1118 1120/1120/1120
f 1120/1120/1120 1119/1119/1119 1121/1121/1121
f 1122/1122/1122 1110/1110/1110 1114/1114/1114
f 1122/1122/1122 1111/1111/1111 1110/1110/1110
f 1123/1123/1123 1122/1122/1122 1114/1114/1114
f 1123/1123/1123 1114/1114/1114 1120/1120/1120
f 1124/1124/1124 1120/1120/1120 1121/1121/1121
f 1124/1124/1124 1121/1121/1121 1125/1125/1125
f 1122/1122/1122 1123/1123/1123 1126/1126/1126
f 1122/1122/1122 1126/1126/1126 1111/1111/1111
f 1127/1127/1127 1123/1123/1123 1120/1120/1120
f 1124/1124/1124 1127/1127/1127 1120/1120/1120
f 1123/1123/1123 1127/1127/1127 1126/1126/1126
f 1128/1128/1128 1124/1124/1124 1125/1125/1125
f 1127/1127/1127 1124/1124/1124 1129/1129/1129
f 1124/1124/1124 1128/1128/1128 1129/1129/1129
f 1128/1128/1128 1125/1125/1125 1130/1130/1130
f 1125/1125/1125 1131/1131/1131 1130/1130/1130
f 1130/1130/1130 1131/1131/1131 1132/1132/1132
f 1128/1128/1128 1130/1130/1130 1133/1133/1133
f 1129/1129/1129 1128/1128/1128 1133/1133/1133
f 1134/1134/1134 1130/1130/1130 1132/1132/1132
f 1133/1133/1133 1130/1130/1130 1134/1134/1134
f 1132/1132/1132 1135/1135/1135 1134/1134/1134
f 1127/1127/1127 1129/1129/1129 1136/1136/1136
f 1126/1126/1126 1127/1127/1127 1136/1136/1136
f 1135/1135/1135 1137/1137/1137 1134/1134/1134
f 1137/1137/1137 1135/1135/1135 1138/1138/1138
f 1139/1139/1139 1133/1133/1133 1134/1134/1134
f 1139/1139/1139 1134/1134/1134 1137/1137/1137
f 1129/1129/1129 1133/1133/1133 1140/1140/1140
f 1136/1136/1136 1129/1129/1129 1140/1140/1140
f 1133/1133/1133 1139/1139/1139 1141/1141/1141
f 1140/1140/1140 1133/1133/1133 1141/1141/1141
f 1126/1126/1126 1136/1136/1136 1142/1142/1142
f 1136/1136/1136 1140/1140/1140 1143/1143/1143
f 1142/1142/1142 1136/1136/1136 1143/1143/1143
f 1140/1140/1140 1141/1141/1141 1144/1144/1144
f 1143/1143/1143 1140/1140/1140 1144/1144/1144
f 1145/1145/1145 1126/1126/1126 1142/1142/1142
f 1126/1126/1126 1145/1145/1145 1111/1111/1111
f 1111/1111/1111 1145/1145/1145 1146/1146/1146
f 1105/1105/1105 1111/1111/1111 1146/1146/1146
f 1105/1105/1105 1146/1146/1146 1104/1104/1104
f 1146/1146/1146 1145/1145/1145 1147/1147/1147
f 1145/1145/1145 1142/1142/1142 1147/1147/1147
f 1146/1146/1146 1147/1147/1147 1104/1104/1104
f 1142/1142/1142 1143/1143/1143 1148/1148/1148
f 1147/1147/1147 1142/1142/1142 1148/1148/1148
f 1143/1143/1143 1144/1144/1144 1149/1149/1149
f 1148/1148/1148 1143/1143/1143 1149/1149/1149
f 1147/1147/1147 1148/1148/1148 1150/1150/1150
f 1147/1147/1147 1150/1150/1150 1104/1104/1104
f 1148/1148/1148 1151/1151/1151 1150/1150/1150
f 1148/1148/1148 1149/1149/1149 1151/1151/1151
f 1150/1150/1150 1152/1152/1152 1104/1104/1104
f 1152/1152/1152 1150/1150/1150 1151/1151/1151
f 1152/1152/1152 1153/1153/1153 1104/1104/1104
f 1153/1153/1153 1086/1086/1086 1104/1104/1104
f 1085/1085/1085 1086/1086/1086 1153/1153/1153
f 1085/1085/1085 1153/1153/1153 1090/1090/1090
f 1090/1090/1090 1153/1153/1153 1152/1152/1152
f 1090/1090/1090 1152/1152/1152 1154/1154/1154
f 1154/1154/1154 1152/1152/1152 1151/1151/1151
f 1057/1057/1057 1090/1090/1090 1154/1154/1154
f 1149/1149/1149 1155/1155/1155 1151/1151/1151
f 1154/1154/1154 1151/1151/1151 1155/1155/1155
f 1149/1149/1149 1144/1144/1144 1156/1156/1156
f 1149/1149/1149 1156/1156/1156 1155/1155/1155
f 1156/1156/1156 1157/1157/1157 1155/1155/1155
f 1158/1158/1158 1057/1057/1057 1154/1154/1154
f 1057/1057/1057 1158/1158/1158 1060/1060/1060
f 1159/1159/1159 1154/1154/1154 1155/1155/1155
f 1159/1159/1159 1155/1155/1155 1157/1157/1157
f 1159/1159/1159 1158/1158/1158 1154/1154/1154
f 1158/1158/1158 1159/1159/1159 1157/1157/1157
f 1144/1144/1144 1160/1160/1160 1156/1156/1156
f 1144/1144/1144 1141/1141/1141 1160/1160/1160
f 1060/1060/1060 1158/1158/1158 1161/1161/1161
f 1161/1161/1161 1158/1158/1158 1157/1157/1157
f 1156/1156/1156 1160/1160/1160 1162/1162/1162
f 1156/1156/1156 1162/1162/1162 1157/1157/1157
f 1141/1141/1141 1163/1163/1163 1160/1160/1160
f 1141/1141/1141 1139/1139/1139 1163/1163/1163
f 1139/1139/1139 1164/1164/1164 1163/1163/1163
f 1164/1164/1164 1139/1139/1139 1137/1137/1137
f 1163/1163/1163 1165/1165/1165 1160/1160/1160
f 1163/1163/1163 1164/1164/1164 1165/1165/1165
f 1164/1164/1164 1137/1137/1137 1166/1166/1166
f 1166/1166/1166 1137/1137/1137 1138/1138/1138
f 1160/1160/1160 1167/1167/1167 1162/1162/1162
f 1165/1165/1165 1167/1167/1167 1160/1160/1160
f 1168/1168/1168 1164/1164/1164 1166/1166/1166
f 1164/1164/1164 1168/1168/1168 1165/1165/1165
f 1169/1169/1169 1166/1166/1166 1138/1138/1138
f 1170/1170/1170 1169/1169/1169 1138/1138/1138
f 1171/1171/1171 1168/1168/1168 1166/1166/1166
f 1169/1169/1169 1171/1171/1171 1166/1166/1166
f 1172/1172/1172 1165/1165/1165 1168/1168/1168
f 1171/1171/1171 1172/1172/1172 1168/1168/1168
f 1173/1173/1173 1167/1167/1167 1165/1165/1165
f 1172/1172/1172 1173/1173/1173 1165/1165/1165
f 1173/1173/1173 1172/1172/1172 1174/1174/1174
f 1173/1173/1173 1175/1175/1175 1167/1167/1167
f 1175/1175/1175 1162/1162/1162 1167/1167/1167
f 1175/1175/1175 1173/1173/1173 1174/1174/1174
f 1169/1169/1169 1170/1170/1170 1176/1176/1176
f 1170/1170/1170 1177/1177/1177 1176/1176/1176
f 1176/1176/1176 1177/1177/1177 1178/1178/1178
f 1179/1179/1179 1176/1176/1176 1178/1178/1178
f 1169/1169/1169 1176/1176/1176 1180/1180/1180
f 1180/1180/1180 1176/1176/1176 1179/1179/1179
f 1171/1171/1171 1169/1169/1169 1180/1180/1180
f 1181/1181/1181 1180/1180/1180 1179/1179/1179
f 1180/1180/1180 1181/1181/1181 1182/1182/1182
f 1172/1172/1172 1171/1171/1171 1183/1183/1183
f 1171/1171/1171 1180/1180/1180 1183/1183/1183
f 1183/1183/1183 1180/1180/1180 1182/1182/1182
f 1172/1172/1172 1183/1183/1183 1174/1174/1174
f 1183/1183/1183 1182/1182/1182 1174/1174/1174
f 1182/1182/1182 1184/1184/1184 1174/1174/1174
f 1174/1174/1174 1184/1184/1184 1185/1185/1185
f 1186/1186/1186 1174/1174/1174 1185/1185/1185
f 1186/1186/1186 1175/1175/1175 1174/1174/1174
f 1186/1186/1186 1185/1185/1185 1187/1187/1187
f 1186/1186/1186 1187/1187/1187 1175/1175/1175
f 1185/1185/1185 1188/1188/1188 1187/1187/1187
f 1188/1188/1188 1189/1189/1189 1187/1187/1187
f 1187/1187/1187 1190/1190/1190 1175/1175/1175
f 1175/1175/1175 1190/1190/1190 1162/1162/1162
f 1189/1189/1189 1191/1191/1191 1187/1187/1187
f 1187/1187/1187 1191/1191/1191 1190/1190/1190
f 1191/1191/1191 1189/1189/1189 1192/1192/1192
f 1190/1190/1190 1193/1193/1193 1162/1162/1162
f 1162/1162/1162 1193/1193/1193 1157/1157/1157
f 1157/1157/1157 1193/1193/1193 1194/1194/1194
f 1194/1194/1194 1193/1193/1193 1190/1190/1190
f 1161/1161/1161 1157/1157/1157 1194/1194/1194
f 1191/1191/1191 1195/1195/1195 1190/1190/1190
f 1194/1194/1194 1190/1190/1190 1195/1195/1195
f 1196/1196/1196 1161/1161/1161 1194/1194/1194
f 1196/1196/1196 1060/1060/1060 1161/1161/1161
f 1197/1197/1197 1196/1196/1196 1194/1194/1194
f 1197/1197/1197 1194/1194/1194 1195/1195/1195
f 1198/1198/1198 1060/1060/1060 1196/1196/1196
f 1198/1198/1198 1196/1196/1196 1197/1197/1197
f 1198/1198/1198 1043/1043/1043 1060/1060/1060
f 1199/1199/1199 1198/1198/1198 1197/1197/1197
f 1199/1199/1199 1197/1197/1197 1195/1195/1195
f 1198/1198/1198 1200/1200/1200 1043/1043/1043
f 1200/1200/1200 1198/1198/1198 1199/1199/1199
f 1201/1201/1201 1199/1199/1199 1195/1195/1195
f 1200/1200/1200 1199/1199/1199 1201/1201/1201
f 1195/1195/1195 1191/1191/1191 1202/1202/1202
f 1195/1195/1195 1202/1202/1202 1201/1201/1201
f 1191/1191/1191 1203/1203/1203 1202/1202/1202
f 1191/1191/1191 1192/1192/1192 1203/1203/1203
f 1202/1202/1202 1204/1204/1204 1201/1201/1201
f 1202/1202/1202 1203/1203/1203 1204/1204/1204
f 1205/1205/1205 1203/1203/1203 1192/1192/1192
f 1203/1203/1203 1205/1205/1205 1204/1204/1204
f 1206/1206/1206 1205/1205/1205 1192/1192/1192
f 1201/1201/1201 1204/1204/1204 1207/1207/1207
f 1207/1207/1207 1200/1200/1200 1201/1201/1201
f 1200/1200/1200 1208/1208/1208 1043/1043/1043
f 1208/1208/1208 1020/1020/1020 1043/1043/1043
f 1205/1205/1205 1206/1206/1206 1209/1209/1209
f 1206/1206/1206 1210/1210/1210 1209/1209/1209
f 1204/1204/1204 1205/1205/1205 1211/1211/1211
f 1204/1204/1204 1211/1211/1211 1207/1207/1207
f 1205/1205/1205 1209/1209/1209 1211/1211/1211
f 1208/1208/1208 1200/1200/1200 1212/1212/1212
f 1212/1212/1212 1200/1200/1200 1207/1207/1207
f 1208/1208/1208 1213/1213/1213 1020/1020/1020
f 1213/1213/1213 1208/1208/1208 1212/1212/1212
f 1213/1213/1213 1004/1004/1004 1020/1020/1020
f 1211/1211/1211 1214/1214/1214 1207/1207/1207
f 1211/1211/1211 1209/1209/1209 1214/1214/1214
f 1214/1214/1214 1212/1212/1212 1207/1207/1207
f 1209/1209/1209 1210/1210/1210 1215/1215/1215
f 1209/1209/1209 1215/1215/1215 1214/1214/1214
f 1210/1210/1210 1216/1216/1216 1215/1215/1215
f 1217/1217/1217 1212/1212/1212 1214/1214/1214
f 1214/1214/1214 1215/1215/1215 1217/1217/1217
f 1213/1213/1213 1212/1212/1212 1217/1217/1217
f 1004/1004/1004 1213/1213/1213 1218/1218/1218
f 1218/1218/1218 992/992/992 1004/1004/1004
f 1213/1213/1213 1219/1219/1219 1218/1218/1218
f 1218/1218/1218 1219/1219/1219 992/992/992
f 1219/1219/1219 1213/1213/1213 1217/1217/1217
f 1219/1219/1219 996/996/996 992/992/992
f 1215/1215/1215 1220/1220/1220 1217/1217/1217
f 1219/1219/1219 1217/1217/1217 1220/1220/1220
f 1215/1215/1215 1216/1216/1216 1220/1220/1220
f 996/996/996 1219/1219/1219 1220/1220/1220
f 1216/1216/1216 1221/1221/1221 1220/1220/1220
f 1220/1220/1220 1221/1221/1221 996/996/996
f 1221/1221/1221 1216/1216/1216 1222/1222/1222
f 1221/1221/1221 990/990/990 996/996/996
f 1223/1223/1223 1221/1221/1221 1222/1222/1222
f 1221/1221/1221 1223/1223/1223 990/990/990
f 1223/1223/1223 1224/1224/1224 990/990/990
f 1227/1227/1227 1226/1226/1226 1225/1225/1225
f 1226/1226/1226 1228/1228/1228 1225/1225/1225
f 1229/1229/1229 1225/1225/1225 1228/1228/1228
f 1226/1226/1226 1230/1230/1230 1228/1228/1228
f 1231/1231/1231 1229/1229/1229 1228/1228/1228
f 1230/1230/1230 1232/1232/1232 1228/1228/1228
f 1231/1231/1231 1228/1228/1228 1233/1233/1233
f 1232/1232/1232 1233/1233/1233 1228/1228/1228
f 1234/1234/1234 1231/1231/1231 1233/1233/1233
f 1232/1232/1232 1235/1235/1235 1233/1233/1233
f 1234/1234/1234 1233/1233/1233 1236/1236/1236
f 1235/1235/1235 1236/1236/1236 1233/1233/1233
f 1235/1235/1235 1237/1237/1237 1236/1236/1236
f 1238/1238/1238 1234/1234/1234 1236/1236/1236
f 1237/1237/1237 1239/1239/1239 1236/1236/1236
f 1238/1238/1238 1236/1236/1236 1240/1240/1240
f 1239/1239/1239 1240/1240/1240 1236/1236/1236
f 1241/1241/1241 1238/1238/1238 1240/1240/1240
f 1239/1239/1239 1242/1242/1242 1240/1240/1240
f 1241/1241/1241 1240/1240/1240 1243/1243/1243
f 1242/1242/1242 1243/1243/1243 1240/1240/1240
f 1244/1244/1244 1241/1241/1241 1243/1243/1243
f 1242/1242/1242 1245/1245/1245 1243/1243/1243
f 1244/1244/1244 1243/1243/1243 1246/1246/1246
f 1245/1245/1245 1246/1246/1246 1243/1243/1243
f 1245/1245/1245 1247/1247/1247 1246/1246/1246
f 1248/1248/1248 1244/1244/1244 1246/1246/1246
f 1246/1246/1246 1247/1247/1247 1249/1249/1249
f 1248/1248/1248 1246/1246/1246 1250/1250/1250
f 1250/1250/1250 1246/1246/1246 1249/1249/1249
f 1251/1251/1251 1248/1248/1248 1250/1250/1250
f 1249/1249/1249 1252/1252/1252 1250/1250/1250
f 1251/1251/1251 1250/1250/1250 1253/1253/1253
f 1252/1252/1252 1253/1253/1253 1250/1250/1250
f 1252/1252/1252 1254/1254/1254 1253/1253/1253
f 1253/1253/1253 1254/1254/1254 1255/1255/1255
f 1256/1256/1256 1251/1251/1251 1253/1253/1253
f 1257/1257/1257 1253/1253/1253 1255/1255/1255
f 1256/1256/1256 1253/1253/1253 1257/1257/1257
f 1258/1258/1258 1256/1256/1256 1257/1257/1257
f 1260/1260/1260 1259/1259/1259 237/237/237
f 1261/1261/1261 1260/1260/1260 237/237/237
f 245/245/245 1261/1261/1261 237/237/237
f 1260/1260/1260 1261/1261/1261 208/208/208
f 1261/1261/1261 245/245/245 1262/1262/1262
f 1261/1261/1261 1262/1262/1262 208/208/208
f 208/208/208 1262/1262/1262 207/207/207
f 245/245/245 246/246/246 1262/1262/1262
f 1262/1262/1262 1263/1263/1263 207/207/207
f 1262/1262/1262 246/246/246 1263/1263/1263
f 1263/1263/1263 198/198/198 207/207/207
f 246/246/246 1264/1264/1264 1263/1263/1263
f 1263/1263/1263 1264/1264/1264 198/198/198
f 1264/1264/1264 246/246/246 211/211/211
f 1264/1264/1264 211/211/211 198/198/198
f 1267/1267/1267 1266/1266/1266 1265/1265/1265
f 1268/1268/1268 1267/1267/1267 1265/1265/1265
f 1268/1268/1268 1265/1265/1265 1269/1269/1269
f 1270/1270/1270 1267/1267/1267 1268/1268/1268
f 1271/1271/1271 1268/1268/1268 1269/1269/1269
f 1272/1272/1272 1270/1270/1270 1268/1268/1268
f 1272/1272/1272 1268/1268/1268 1271/1271/1271
f 1271/1271/1271 1269/1269/1269 1273/1273/1273
f 1269/1269/1269 1274/1274/1274 1273/1273/1273
f 1274/1274/1274 1275/1275/1275 1273/1273/1273
f 1276/1276/1276 1271/1271/1271 1273/1273/1273
f 1276/1276/1276 1272/1272/1272 1271/1271/1271
f 1275/1275/1275 1277/1277/1277 1273/1273/1273
f 1276/1276/1276 1273/1273/1273 1277/1277/1277
f 1275/1275/1275 1278/1278/1278 1277/1277/1277
f 1272/1272/1272 1279/1279/1279 1270/1270/1270
f 1279/1279/1279 1280/1280/1280 1270/1270/1270
f 1281/1281/1281 1280/1280/1280 1279/1279/1279
f 1282/1282/1282 1281/1281/1281 1279/1279/1279
f 1283/1283/1283 1279/1279/1279 1272/1272/1272
f 1282/1282/1282 1279/1279/1279 1283/1283/1283
f 1276/1276/1276 1283/1283/1283 1272/1272/1272
f 1284/1284/1284 1282/1282/1282 1283/1283/1283
f 1284/1284/1284 1283/1283/1283 1278/1278/1278
f 1278/1278/1278 1285/1285/1285 1277/1277/1277
f 1276/1276/1276 1277/1277/1277 1285/1285/1285
f 1283/1283/1283 1285/1285/1285 1278/1278/1278
f 1283/1283/1283 1276/1276/1276 1285/1285/1285
f 1288/1288/1288 1287/1287/1287 1286/1286/1286
f 1287/1287/1287 1289/1289/1289 1286/1286/1286
f 1287/1287/1287 1290/1290/1290 1289/1289/1289
f 1287/1287/1287 1291/1291/1291 1290/1290/1290
f 1294/1294/1294 1293/1293/1293 1292/1292/1292
f 1295/1295/1295 1293/1293/1293 1294/1294/1294
f 1296/1296/1296 1293/1293/1293 1295/1295/1295
f 1297/1297/1297 1293/1293/1293 1296/1296/1296
f 1296/1296/1296 1298/1298/1298 1297/1297/1297
f 1298/1298/1298 1299/1299/1299 1297/1297/1297
f 1298/1298/1298 1300/1300/1300 1299/1299/1299
f 1300/1300/1300 1301/1301/1301 1299/1299/1299
f 1301/1301/1301 1300/1300/1300 1302/1302/1302
f 1303/1303/1303 1301/1301/1301 1302/1302/1302
f 1303/1303/1303 1302/1302/1302 1304/1304/1304
f 1305/1305/1305 1303/1303/1303 1304/1304/1304
f 1305/1305/1305 1304/1304/1304 1306/1306/1306
f 1304/1304/1304 1307/1307/1307 1306/1306/1306
f 1306/1306/1306 1307/1307/1307 1308/1308/1308
f 1309/1309/1309 1306/1306/1306 1308/1308/1308
f 1309/1309/1309 1308/1308/1308 1310/1310/1310
f 1311/1311/1311 1309/1309/1309 1310/1310/1310
f 1311/1311/1311 1310/1310/1310 1312/1312/1312
f 1310/1310/1310 1313/1313/1313 1312/1312/1312
f 1312/1312/1312 1313/1313/1313 1314/1314/1314
f 1315/1315/1315 1312/1312/1312 1314/1314/1314
f 1318/1318/1318 1317/1317/1317 1316/1316/1316
f 1319/1319/1319 1317/1317/1317 1318/1318/1318
f 1317/1317/1317 1320/1320/1320 1316/1316/1316
f 1316/1316/1316 1320/1320/1320 1321/1321/1321
f 1321/1321/1321 1320/1320/1320 1322/1322/1322
f 1323/1323/1323 1317/1317/1317 1319/1319/1319
f 1324/1324/1324 1323/1323/1323 1319/1319/1319
f 1325/1325/1325 1323/1323/1323 1324/1324/1324
f 1320/1320/1320 1326/1326/1326 1322/1322/1322
f 1326/1326/1326 1323/1323/1323 1325/1325/1325
f 1322/1322/1322 1326/1326/1326 1327/1327/1327
f 1327/1327/1327 1326/1326/1326 1325/1325/1325
f 1317/1317/1317 1328/1328/1328 1320/1320/1320
f 1323/1323/1323 1328/1328/1328 1317/1317/1317
f 1326/1326/1326 1328/1328/1328 1323/1323/1323
f 1320/1320/1320 1328/1328/1328 1326/1326/1326
f 1331/1331/1331 1330/1330/1330 1329/1329/1329
f 1332/1332/1332 1331/1331/1331 1329/1329/1329
f 1330/1330/1330 1333/1333/1333 1329/1329/1329
f 1330/1330/1330 1334/1334/1334 1333/1333/1333
f 1334/1334/1334 1335/1335/1335 1333/1333/1333
f 1334/1334/1334 1336/1336/1336 1335/1335/1335
f 1336/1336/1336 1337/1337/1337 1335/1335/1335
f 1336/1336/1336 1338/1338/1338 1337/1337/1337
f 1338/1338/1338 1339/1339/1339 1337/1337/1337
f 1339/1339/1339 1340/1340/1340 1337/1337/1337
f 1340/1340/1340 1339/1339/1339 1341/1341/1341
f 1340/1340/1340 1341/1341/1341 1342/1342/1342
f 1340/1340/1340 1343/1343/1343 1337/1337/1337
f 1343/1343/1343 1340/1340/1340 1342/1342/1342
f 1343/1343/1343 1335/1335/1335 1337/1337/1337
f 1343/1343/1343 1342/1342/1342 1344/1344/1344
f 1343/1343/1343 1345/1345/1345 1335/1335/1335
f 1345/1345/1345 1333/1333/1333 1335/1335/1335
f 1345/1345/1345 1343/1343/1343 1344/1344/1344
f 1345/1345/1345 1346/1346/1346 1333/1333/1333
f 1345/1345/1345 1344/1344/1344 1346/1346/1346
f 1346/1346/1346 1329/1329/1329 1333/1333/1333
f 1344/1344/1344 1347/1347/1347 1346/1346/1346
f 1347/1347/1347 1348/1348/1348 1346/1346/1346
f 1348/1348/1348 1349/1349/1349 1346/1346/1346
f 1329/1329/1329 1346/1346/1346 1349/1349/1349
f 1348/1348/1348 1350/1350/1350 1349/1349/1349
f 1351/1351/1351 1329/1329/1329 1349/1349/1349
f 1351/1351/1351 1332/1332/1332 1329/1329/1329
f 1350/1350/1350 1352/1352/1352 1349/1349/1349
f 1351/1351/1351 1349/1349/1349 1352/1352/1352
f 1350/1350/1350 1353/1353/1353 1352/1352/1352
f 1351/1351/1351 1354/1354/1354 1332/1332/1332
f 1354/1354/1354 1351/1351/1351 1352/1352/1352
f 1354/1354/1354 1355/1355/1355 1332/1332/1332
f 1354/1354/1354 1356/1356/1356 1355/1355/1355
f 1354/1354/1354 1352/1352/1352 1356/1356/1356
f 1356/1356/1356 1357/1357/1357 1355/1355/1355
f 1353/1353/1353 1358/1358/1358 1352/1352/1352
f 1352/1352/1352 1358/1358/1358 1356/1356/1356
f 1359/1359/1359 1358/1358/1358 1353/1353/1353
f 1356/1356/1356 1358/1358/1358 1359/1359/1359
f 1360/1360/1360 1359/1359/1359 1353/1353/1353
f 1360/1360/1360 1361/1361/1361 1359/1359/1359
f 1356/1356/1356 1362/1362/1362 1357/1357/1357
f 1362/1362/1362 1356/1356/1356 1359/1359/1359
f 1362/1362/1362 1363/1363/1363 1357/1357/1357
f 1361/1361/1361 1364/1364/1364 1359/1359/1359
f 1362/1362/1362 1359/1359/1359 1364/1364/1364
f 1361/1361/1361 1365/1365/1365 1364/1364/1364
f 1362/1362/1362 1366/1366/1366 1363/1363/1363
f 1366/1366/1366 1362/1362/1362 1364/1364/1364
f 1366/1366/1366 1367/1367/1367 1363/1363/1363
f 1366/1366/1366 1368/1368/1368 1367/1367/1367
f 1366/1366/1366 1364/1364/1364 1368/1368/1368
f 1368/1368/1368 1369/1369/1369 1367/1367/1367
f 1368/1368/1368 1370/1370/1370 1369/1369/1369
f 1365/1365/1365 1371/1371/1371 1364/1364/1364
f 1364/1364/1364 1371/1371/1371 1368/1368/1368
f 1368/1368/1368 1371/1371/1371 1370/1370/1370
f 1365/1365/1365 1372/1372/1372 1371/1371/1371
f 1371/1371/1371 1372/1372/1372 1370/1370/1370
f 1375/1375/1375 1374/1374/1374 1373/1373/1373
f 1375/1375/1375 1376/1376/1376 1374/1374/1374
f 1377/1377/1377 1375/1375/1375 1373/1373/1373
f 1377/1377/1377 1373/1373/1373 1378/1378/1378
f 1377/1377/1377 1378/1378/1378 1379/1379/1379
f 1375/1375/1375 1380/1380/1380 1376/1376/1376
f 1380/1380/1380 1381/1381/1381 1376/1376/1376
f 1380/1380/1380 1382/1382/1382 1381/1381/1381
f 1383/1383/1383 1377/1377/1377 1379/1379/1379
f 1380/1380/1380 1383/1383/1383 1382/1382/1382
f 1383/1383/1383 1379/1379/1379 1384/1384/1384
f 1383/1383/1383 1384/1384/1384 1382/1382/1382
f 1385/1385/1385 1375/1375/1375 1377/1377/1377
f 1385/1385/1385 1380/1380/1380 1375/1375/1375
f 1385/1385/1385 1383/1383/1383 1380/1380/1380
f 1385/1385/1385 1377/1377/1377 1383/1383/1383
f 1388/1388/1388 1387/1387/1387 1386/1386/1386
f 1388/1388/1388 1386/1386/1386 1389/1389/1389
f 1388/1388/1388 1390/1390/1390 1387/1387/1387
f 1388/1388/1388 1389/1389/1389 1391/1391/1391
f 1388/1388/1388 1392/1392/1392 1390/1390/1390
f 1388/1388/1388 1391/1391/1391 1393/1393/1393
f 1388/1388/1388 1394/1394/1394 1392/1392/1392
f 1388/1388/1388 1393/1393/1393 1395/1395/1395
f 1388/1388/1388 1395/1395/1395 1394/1394/1394
f 1398/1398/1398 1397/1397/1397 1396/1396/1396
f 1399/1399/1399 1398/1398/1398 1396/1396/1396
f 1400/1400/1400 1398/1398/1398 1399/1399/1399
f 1399/1399/1399 1401/1401/1401 1400/1400/1400
f 1398/1398/1398 1402/1402/1402 1397/1397/1397
f 1403/1403/1403 1400/1400/1400 1401/1401/1401
f 1398/1398/1398 1404/1404/1404 1402/1402/1402
f 1400/1400/1400 1404/1404/1404 1398/1398/1398
f 1400/1400/1400 1405/1405/1405 1404/1404/1404
f 1404/1404/1404 1406/1406/1406 1402/1402/1402
f 1404/1404/1404 1405/1405/1405 1406/1406/1406
f 1405/1405/1405 1407/1407/1407 1406/1406/1406
f 1405/1405/1405 1408/1408/1408 1407/1407/1407
f 1408/1408/1408 1405/1405/1405 1409/1409/1409
f 1409/1409/1409 1405/1405/1405 1410/1410/1410
f 1405/1405/1405 1411/1411/1411 1410/1410/1410
f 1405/1405/1405 1400/1400/1400 1411/1411/1411
f 1410/1410/1410 1411/1411/1411 1412/1412/1412
f 1413/1413/1413 1400/1400/1400 1403/1403/1403
f 1411/1411/1411 1400/1400/1400 1413/1413/1413
f 1411/1411/1411 1413/1413/1413 1412/1412/1412
f 1413/1413/1413 1403/1403/1403 1414/1414/1414
f 1412/1412/1412 1413/1413/1413 1415/1415/1415
f 1415/1415/1415 1413/1413/1413 1414/1414/1414
f 1418/1418/1418 1417/1417/1417 1416/1416/1416
f 1416/1416/1416 1417/1417/1417 1419/1419/1419
f 1420/1420/1420 1416/1416/1416 1419/1419/1419
f 1420/1420/1420 1421/1421/1421 1416/1416/1416
f 1422/1422/1422 1418/1418/1418 1416/1416/1416
f 1421/1421/1421 1422/1422/1422 1416/1416/1416
f 1422/1422/1422 1423/1423/1423 1418/1418/1418
f 1423/1423/1423 1422/1422/1422 1421/1421/1421
f 1423/1423/1423 1424/1424/1424 1418/1418/1418
f 1423/1423/1423 1425/1425/1425 1424/1424/1424
f 1426/1426/1426 1423/1423/1423 1421/1421/1421
f 1425/1425/1425 1423/1423/1423 1426/1426/1426
f 1425/1425/1425 1427/1427/1427 1424/1424/1424
f 1428/1428/1428 1425/1425/1425 1426/1426/1426
f 1427/1427/1427 1425/1425/1425 1429/1429/1429
f 1430/1430/1430 1427/1427/1427 1429/1429/1429
f 1425/1425/1425 1428/1428/1428 1431/1431/1431
f 1428/1428/1428 1432/1432/1432 1431/1431/1431
f 1433/1433/1433 1429/1429/1429 1425/1425/1425
f 1431/1431/1431 1433/1433/1433 1425/1425/1425
f 1434/1434/1434 1430/1430/1430 1429/1429/1429
f 1434/1434/1434 1429/1429/1429 1433/1433/1433
f 1435/1435/1435 1430/1430/1430 1434/1434/1434
f 1436/1436/1436 1435/1435/1435 1434/1434/1434
f 1432/1432/1432 1437/1437/1437 1431/1431/1431
f 1431/1431/1431 1437/1437/1437 1433/1433/1433
f 1432/1432/1432 1438/1438/1438 1437/1437/1437
f 1438/1438/1438 1436/1436/1436 1437/1437/1437
f 1439/1439/1439 1434/1434/1434 1433/1433/1433
f 1437/1437/1437 1439/1439/1439 1433/1433/1433
f 1437/1437/1437 1436/1436/1436 1439/1439/1439
f 1436/1436/1436 1434/1434/1434 1439/1439/1439
f 1442/1442/1442 1441/1441/1441 1440/1440/1440
f 1440/1440/1440 1441/1441/1441 1443/1443/1443
f 1444/1444/1444 1441/1441/1441 1442/1442/1442
f 1443/1443/1443 1441/1441/1441 1445/1445/1445
f 1446/1446/1446 1441/1441/1441 1444/1444/1444
f 1445/1445/1445 1441/1441/1441 1447/1447/1447
f 1448/1448/1448 1441/1441/1441 1446/1446/1446
f 1447/1447/1447 1441/1441/1441 1449/1449/1449
f 1449/1449/1449 1441/1441/1441 1448/1448/1448
f 1452/1452/1452 1451/1451/1451 1450/1450/1450
f 1451/1451/1451 1453/1453/1453 1450/1450/1450
f 1452/1452/1452 1454/1454/1454 1451/1451/1451
f 1451/1451/1451 1455/1455/1455 1453/1453/1453
f 1455/1455/1455 1456/1456/1456 1453/1453/1453
f 1457/1457/1457 1456/1456/1456 1455/1455/1455
f 1454/1454/1454 1458/1458/1458 1451/1451/1451
f 1451/1451/1451 1458/1458/1458 1455/1455/1455
f 1454/1454/1454 1459/1459/1459 1458/1458/1458
f 1457/1457/1457 1455/1455/1455 1460/1460/1460
f 1457/1457/1457 1460/1460/1460 1461/1461/1461
f 1460/1460/1460 1462/1462/1462 1461/1461/1461
f 1455/1455/1455 1463/1463/1463 1460/1460/1460
f 1458/1458/1458 1463/1463/1463 1455/1455/1455
f 1460/1460/1460 1464/1464/1464 1462/1462/1462
f 1463/1463/1463 1464/1464/1464 1460/1460/1460
f 1464/1464/1464 1465/1465/1465 1462/1462/1462
f 1459/1459/1459 1466/1466/1466 1458/1458/1458
f 1459/1459/1459 1467/1467/1467 1466/1466/1466
f 1458/1458/1458 1468/1468/1468 1463/1463/1463
f 1466/1466/1466 1468/1468/1468 1458/1458/1458
f 1467/1467/1467 1469/1469/1469 1466/1466/1466
f 1466/1466/1466 1469/1469/1469 1468/1468/1468
f 1467/1467/1467 1470/1470/1470 1469/1469/1469
f 1468/1468/1468 1471/1471/1471 1463/1463/1463
f 1463/1463/1463 1471/1471/1471 1464/1464/1464
f 1464/1464/1464 1472/1472/1472 1465/1465/1465
f 1472/1472/1472 1473/1473/1473 1465/1465/1465
f 1469/1469/1469 1474/1474/1474 1468/1468/1468
f 1468/1468/1468 1474/1474/1474 1471/1471/1471
f 1471/1471/1471 1475/1475/1475 1464/1464/1464
f 1475/1475/1475 1472/1472/1472 1464/1464/1464
f 1471/1471/1471 1474/1474/1474 1475/1475/1475
f 1475/1475/1475 1474/1474/1474 1472/1472/1472
f 1472/1472/1472 1476/1476/1476 1473/1473/1473
f 1474/1474/1474 1476/1476/1476 1472/1472/1472
f 1476/1476/1476 1477/1477/1477 1473/1473/1473
f 1477/1477/1477 1476/1476/1476 1470/1470/1470
f 1470/1470/1470 1478/1478/1478 1469/1469/1469
f 1469/1469/1469 1478/1478/1478 1474/1474/1474
f 1476/1476/1476 1478/1478/1478 1470/1470/1470
f 1478/1478/1478 1476/1476/1476 1474/1474/1474
f 1481/1481/1481 1480/1480/1480 1479/1479/1479
f 1479/1479/1479 1480/1480/1480 1482/1482/1482
f 1483/1483/1483 1479/1479/1479 1482/1482/1482
f 1482/1482/1482 1484/1484/1484 1483/1483/1483
f 1484/1484/1484 1485/1485/1485 1483/1483/1483
f 1485/1485/1485 1486/1486/1486 1483/1483/1483
f 1487/1487/1487 1485/1485/1485 1484/1484/1484
f 1486/1486/1486 1485/1485/1485 1487/1487/1487
f 1483/1483/1483 1488/1488/1488 1479/1479/1479
f 1486/1486/1486 1488/1488/1488 1483/1483/1483
f 1489/1489/1489 1481/1481/1481 1479/1479/1479
f 1488/1488/1488 1490/1490/1490 1479/1479/1479
f 1479/1479/1479 1490/1490/1490 1489/1489/1489
f 1489/1489/1489 1491/1491/1491 1481/1481/1481
f 1491/1491/1491 1492/1492/1492 1481/1481/1481
f 1493/1493/1493 1492/1492/1492 1491/1491/1491
f 1488/1488/1488 1486/1486/1486 1494/1494/1494
f 1488/1488/1488 1494/1494/1494 1490/1490/1490
f 1489/1489/1489 1495/1495/1495 1491/1491/1491
f 1490/1490/1490 1495/1495/1495 1489/1489/1489
f 1496/1496/1496 1493/1493/1493 1491/1491/1491
f 1497/1497/1497 1493/1493/1493 1496/1496/1496
f 1495/1495/1495 1498/1498/1498 1491/1491/1491
f 1491/1491/1491 1498/1498/1498 1496/1496/1496
f 1495/1495/1495 1490/1490/1490 1499/1499/1499
f 1495/1495/1495 1499/1499/1499 1498/1498/1498
f 1494/1494/1494 1500/1500/1500 1490/1490/1490
f 1490/1490/1490 1500/1500/1500 1499/1499/1499
f 1486/1486/1486 1501/1501/1501 1494/1494/1494
f 1500/1500/1500 1494/1494/1494 1502/1502/1502
f 1494/1494/1494 1501/1501/1501 1502/1502/1502
f 1501/1501/1501 1486/1486/1486 1503/1503/1503
f 1501/1501/1501 1504/1504/1504 1502/1502/1502
f 1504/1504/1504 1501/1501/1501 1503/1503/1503
f 1486/1486/1486 1505/1505/1505 1503/1503/1503
f 1487/1487/1487 1505/1505/1505 1486/1486/1486
f 1506/1506/1506 1505/1505/1505 1487/1487/1487
f 1503/1503/1503 1505/1505/1505 1506/1506/1506
f 1487/1487/1487 1507/1507/1507 1506/1506/1506
f 1506/1506/1506 1507/1507/1507 1508/1508/1508
f 1504/1504/1504 1503/1503/1503 1509/1509/1509
f 1504/1504/1504 1509/1509/1509 1502/1502/1502
f 1510/1510/1510 1503/1503/1503 1506/1506/1506
f 1510/1510/1510 1506/1506/1506 1508/1508/1508
f 1503/1503/1503 1510/1510/1510 1509/1509/1509
f 1509/1509/1509 1510/1510/1510 1508/1508/1508
f 1508/1508/1508 1511/1511/1511 1509/1509/1509
f 1509/1509/1509 1512/1512/1512 1502/1502/1502
f 1511/1511/1511 1512/1512/1512 1509/1509/1509
f 1513/1513/1513 1500/1500/1500 1502/1502/1502
f 1502/1502/1502 1512/1512/1512 1513/1513/1513
f 1514/1514/1514 1512/1512/1512 1511/1511/1511
f 1512/1512/1512 1514/1514/1514 1513/1513/1513
f 1515/1515/1515 1514/1514/1514 1511/1511/1511
f 1513/1513/1513 1514/1514/1514 1515/1515/1515
f 1516/1516/1516 1515/1515/1515 1511/1511/1511
f 1513/1513/1513 1517/1517/1517 1500/1500/1500
f 1517/1517/1517 1513/1513/1513 1515/1515/1515
f 1517/1517/1517 1499/1499/1499 1500/1500/1500
f 1518/1518/1518 1515/1515/1515 1516/1516/1516
f 1517/1517/1517 1515/1515/1515 1518/1518/1518
f 1519/1519/1519 1518/1518/1518 1516/1516/1516
f 1517/1517/1517 1520/1520/1520 1499/1499/1499
f 1520/1520/1520 1517/1517/1517 1518/1518/1518
f 1521/1521/1521 1518/1518/1518 1519/1519/1519
f 1520/1520/1520 1518/1518/1518 1521/1521/1521
f 1522/1522/1522 1521/1521/1521 1519/1519/1519
f 1523/1523/1523 1522/1522/1522 1519/1519/1519
f 1520/1520/1520 1524/1524/1524 1499/1499/1499
f 1525/1525/1525 1524/1524/1524 1520/1520/1520
f 1498/1498/1498 1499/1499/1499 1524/1524/1524
f 1526/1526/1526 1520/1520/1520 1521/1521/1521
f 1526/1526/1526 1521/1521/1521 1522/1522/1522
f 1526/1526/1526 1525/1525/1525 1520/1520/1520
f 1527/1527/1527 1522/1522/1522 1523/1523/1523
f 1528/1528/1528 1527/1527/1527 1523/1523/1523
f 1529/1529/1529 1526/1526/1526 1522/1522/1522
f 1526/1526/1526 1529/1529/1529 1525/1525/1525
f 1529/1529/1529 1522/1522/1522 1527/1527/1527
f 1530/1530/1530 1498/1498/1498 1524/1524/1524
f 1498/1498/1498 1530/1530/1530 1496/1496/1496
f 1531/1531/1531 1527/1527/1527 1528/1528/1528
f 1532/1532/1532 1531/1531/1531 1528/1528/1528
f 1533/1533/1533 1529/1529/1529 1527/1527/1527
f 1533/1533/1533 1527/1527/1527 1531/1531/1531
f 1530/1530/1530 1524/1524/1524 1534/1534/1534
f 1525/1525/1525 1534/1534/1534 1524/1524/1524
f 1530/1530/1530 1535/1535/1535 1496/1496/1496
f 1535/1535/1535 1530/1530/1530 1534/1534/1534
f 1536/1536/1536 1531/1531/1531 1532/1532/1532
f 1537/1537/1537 1536/1536/1536 1532/1532/1532
f 1538/1538/1538 1536/1536/1536 1537/1537/1537
f 1539/1539/1539 1538/1538/1538 1537/1537/1537
f 1538/1538/1538 1539/1539/1539 1540/1540/1540
f 1541/1541/1541 1531/1531/1531 1536/1536/1536
f 1541/1541/1541 1533/1533/1533 1531/1531/1531
f 1542/1542/1542 1534/1534/1534 1525/1525/1525
f 1535/1535/1535 1534/1534/1534 1542/1542/1542
f 1535/1535/1535 1543/1543/1543 1496/1496/1496
f 1543/1543/1543 1497/1497/1497 1496/1496/1496
f 1543/1543/1543 1544/1544/1544 1497/1497/1497
f 1543/1543/1543 1535/1535/1535 1544/1544/1544
f 1544/1544/1544 1545/1545/1545 1497/1497/1497
f 1535/1535/1535 1546/1546/1546 1544/1544/1544
f 1546/1546/1546 1535/1535/1535 1542/1542/1542
f 1544/1544/1544 1547/1547/1547 1545/1545/1545
f 1544/1544/1544 1546/1546/1546 1547/1547/1547
f 1547/1547/1547 1548/1548/1548 1545/1545/1545
f 1546/1546/1546 1549/1549/1549 1547/1547/1547
f 1549/1549/1549 1546/1546/1546 1542/1542/1542
f 1547/1547/1547 1550/1550/1550 1548/1548/1548
f 1547/1547/1547 1549/1549/1549 1550/1550/1550
f 1550/1550/1550 1551/1551/1551 1548/1548/1548
f 1550/1550/1550 1552/1552/1552 1551/1551/1551
f 1552/1552/1552 1553/1553/1553 1551/1551/1551
f 1549/1549/1549 1554/1554/1554 1550/1550/1550
f 1550/1550/1550 1554/1554/1554 1552/1552/1552
f 1555/1555/1555 1549/1549/1549 1542/1542/1542
f 1554/1554/1554 1549/1549/1549 1555/1555/1555
f 1553/1553/1553 1552/1552/1552 1556/1556/1556
f 1557/1557/1557 1553/1553/1553 1556/1556/1556
f 1558/1558/1558 1557/1557/1557 1556/1556/1556
f 1555/1555/1555 1542/1542/1542 1559/1559/1559
f 1559/1559/1559 1542/1542/1542 1525/1525/1525
f 1559/1559/1559 1525/1525/1525 1560/1560/1560
f 1529/1529/1529 1560/1560/1560 1525/1525/1525
f 1560/1560/1560 1529/1529/1529 1533/1533/1533
f 1561/1561/1561 1555/1555/1555 1559/1559/1559
f 1561/1561/1561 1559/1559/1559 1560/1560/1560
f 1562/1562/1562 1560/1560/1560 1533/1533/1533
f 1562/1562/1562 1561/1561/1561 1560/1560/1560
f 1562/1562/1562 1533/1533/1533 1541/1541/1541
f 1563/1563/1563 1555/1555/1555 1561/1561/1561
f 1563/1563/1563 1554/1554/1554 1555/1555/1555
f 1564/1564/1564 1561/1561/1561 1562/1562/1562
f 1564/1564/1564 1563/1563/1563 1561/1561/1561
f 1565/1565/1565 1562/1562/1562 1541/1541/1541
f 1565/1565/1565 1564/1564/1564 1562/1562/1562
f 1566/1566/1566 1564/1564/1564 1565/1565/1565
f 1567/1567/1567 1563/1563/1563 1564/1564/1564
f 1554/1554/1554 1563/1563/1563 1567/1567/1567
f 1566/1566/1566 1567/1567/1567 1564/1564/1564
f 1565/1565/1565 1541/1541/1541 1568/1568/1568
f 1568/1568/1568 1541/1541/1541 1536/1536/1536
f 1568/1568/1568 1536/1536/1536 1538/1538/1538
f 1569/1569/1569 1565/1565/1565 1568/1568/1568
f 1569/1569/1569 1566/1566/1566 1565/1565/1565
f 1570/1570/1570 1554/1554/1554 1567/1567/1567
f 1554/1554/1554 1570/1570/1570 1552/1552/1552
f 1552/1552/1552 1570/1570/1570 1556/1556/1556
f 1570/1570/1570 1567/1567/1567 1571/1571/1571
f 1570/1570/1570 1571/1571/1571 1556/1556/1556
f 1572/1572/1572 1568/1568/1568 1538/1538/1538
f 1569/1569/1569 1568/1568/1568 1572/1572/1572
f 1567/1567/1567 1566/1566/1566 1573/1573/1573
f 1567/1567/1567 1573/1573/1573 1571/1571/1571
f 1574/1574/1574 1556/1556/1556 1571/1571/1571
f 1574/1574/1574 1558/1558/1558 1556/1556/1556
f 1575/1575/1575 1558/1558/1558 1574/1574/1574
f 1576/1576/1576 1572/1572/1572 1538/1538/1538
f 1577/1577/1577 1576/1576/1576 1538/1538/1538
f 1577/1577/1577 1538/1538/1538 1540/1540/1540
f 1577/1577/1577 1540/1540/1540 1578/1578/1578
f 1579/1579/1579 1577/1577/1577 1578/1578/1578
f 1579/1579/1579 1578/1578/1578 1580/1580/1580
f 1581/1581/1581 1576/1576/1576 1577/1577/1577
f 1579/1579/1579 1581/1581/1581 1577/1577/1577
f 1582/1582/1582 1579/1579/1579 1580/1580/1580
f 1582/1582/1582 1580/1580/1580 1583/1583/1583
f 1584/1584/1584 1581/1581/1581 1579/1579/1579
f 1582/1582/1582 1584/1584/1584 1579/1579/1579
f 1585/1585/1585 1582/1582/1582 1583/1583/1583
f 1585/1585/1585 1583/1583/1583 1586/1586/1586
f 1587/1587/1587 1584/1584/1584 1582/1582/1582
f 1585/1585/1585 1587/1587/1587 1582/1582/1582
f 1576/1576/1576 1588/1588/1588 1572/1572/1572
f 1581/1581/1581 1589/1589/1589 1576/1576/1576
f 1589/1589/1589 1588/1588/1588 1576/1576/1576
f 1590/1590/1590 1588/1588/1588 1589/1589/1589
f 1584/1584/1584 1591/1591/1591 1581/1581/1581
f 1591/1591/1591 1589/1589/1589 1581/1581/1581
f 1588/1588/1588 1592/1592/1592 1572/1572/1572
f 1592/1592/1592 1569/1569/1569 1572/1572/1572
f 1593/1593/1593 1592/1592/1592 1588/1588/1588
f 1592/1592/1592 1593/1593/1593 1569/1569/1569
f 1590/1590/1590 1593/1593/1593 1588/1588/1588
f 1593/1593/1593 1566/1566/1566 1569/1569/1569
f 1593/1593/1593 1594/1594/1594 1566/1566/1566
f 1594/1594/1594 1593/1593/1593 1590/1590/1590
f 1587/1587/1587 1595/1595/1595 1584/1584/1584
f 1595/1595/1595 1591/1591/1591 1584/1584/1584
f 1595/1595/1595 1587/1587/1587 1596/1596/1596
f 1597/1597/1597 1589/1589/1589 1591/1591/1591
f 1597/1597/1597 1590/1590/1590 1589/1589/1589
f 1598/1598/1598 1591/1591/1591 1595/1595/1595
f 1598/1598/1598 1597/1597/1597 1591/1591/1591
f 1594/1594/1594 1599/1599/1599 1566/1566/1566
f 1566/1566/1566 1599/1599/1599 1573/1573/1573
f 1596/1596/1596 1600/1600/1600 1595/1595/1595
f 1600/1600/1600 1598/1598/1598 1595/1595/1595
f 1587/1587/1587 1601/1601/1601 1596/1596/1596
f 1601/1601/1601 1587/1587/1587 1585/1585/1585
f 1602/1602/1602 1601/1601/1601 1585/1585/1585
f 1602/1602/1602 1585/1585/1585 1586/1586/1586
f 1603/1603/1603 1601/1601/1601 1602/1602/1602
f 1596/1596/1596 1601/1601/1601 1603/1603/1603
f 1604/1604/1604 1602/1602/1602 1586/1586/1586
f 1604/1604/1604 1603/1603/1603 1602/1602/1602
f 1604/1604/1604 1586/1586/1586 1605/1605/1605
f 1606/1606/1606 1604/1604/1604 1605/1605/1605
f 1606/1606/1606 1605/1605/1605 1607/1607/1607
f 1608/1608/1608 1603/1603/1603 1604/1604/1604
f 1606/1606/1606 1608/1608/1608 1604/1604/1604
f 1609/1609/1609 1598/1598/1598 1600/1600/1600
f 1610/1610/1610 1600/1600/1600 1596/1596/1596
f 1610/1610/1610 1609/1609/1609 1600/1600/1600
f 1609/1609/1609 1611/1611/1611 1598/1598/1598
f 1611/1611/1611 1597/1597/1597 1598/1598/1598
f 1611/1611/1611 1612/1612/1612 1597/1597/1597
f 1612/1612/1612 1590/1590/1590 1597/1597/1597
f 1613/1613/1613 1611/1611/1611 1609/1609/1609
f 1611/1611/1611 1613/1613/1613 1612/1612/1612
f 1614/1614/1614 1609/1609/1609 1610/1610/1610
f 1614/1614/1614 1613/1613/1613 1609/1609/1609
f 1615/1615/1615 1596/1596/1596 1603/1603/1603
f 1603/1603/1603 1608/1608/1608 1616/1616/1616
f 1615/1615/1615 1603/1603/1603 1616/1616/1616
f 1617/1617/1617 1610/1610/1610 1596/1596/1596
f 1617/1617/1617 1596/1596/1596 1615/1615/1615
f 1617/1617/1617 1618/1618/1618 1610/1610/1610
f 1615/1615/1615 1619/1619/1619 1617/1617/1617
f 1619/1619/1619 1618/1618/1618 1617/1617/1617
f 1620/1620/1620 1619/1619/1619 1615/1615/1615
f 1616/1616/1616 1620/1620/1620 1615/1615/1615
f 1621/1621/1621 1614/1614/1614 1610/1610/1610
f 1618/1618/1618 1621/1621/1621 1610/1610/1610
f 1618/1618/1618 1619/1619/1619 1622/1622/1622
f 1619/1619/1619 1620/1620/1620 1622/1622/1622
f 1614/1614/1614 1621/1621/1621 1623/1623/1623
f 1621/1621/1621 1618/1618/1618 1624/1624/1624
f 1621/1621/1621 1624/1624/1624 1623/1623/1623
f 1613/1613/1613 1614/1614/1614 1625/1625/1625
f 1614/1614/1614 1623/1623/1623 1625/1625/1625
f 1626/1626/1626 1618/1618/1618 1622/1622/1622
f 1618/1618/1618 1626/1626/1626 1624/1624/1624
f 1624/1624/1624 1626/1626/1626 1627/1627/1627
f 1627/1627/1627 1626/1626/1626 1622/1622/1622
f 1628/1628/1628 1624/1624/1624 1627/1627/1627
f 1623/1623/1623 1624/1624/1624 1628/1628/1628
f 1629/1629/1629 1623/1623/1623 1628/1628/1628
f 1625/1625/1625 1623/1623/1623 1629/1629/1629
f 1630/1630/1630 1627/1627/1627 1622/1622/1622
f 1631/1631/1631 1625/1625/1625 1629/1629/1629
f 1630/1630/1630 1622/1622/1622 1632/1632/1632
f 1633/1633/1633 1630/1630/1630 1632/1632/1632
f 1620/1620/1620 1632/1632/1632 1622/1622/1622
f 1633/1633/1633 1632/1632/1632 1634/1634/1634
f 1635/1635/1635 1625/1625/1625 1631/1631/1631
f 1636/1636/1636 1635/1635/1635 1631/1631/1631
f 1635/1635/1635 1636/1636/1636 1637/1637/1637
f 1636/1636/1636 1638/1638/1638 1637/1637/1637
f 1613/1613/1613 1625/1625/1625 1635/1635/1635
f 1638/1638/1638 1639/1639/1639 1637/1637/1637
f 1640/1640/1640 1613/1613/1613 1635/1635/1635
f 1640/1640/1640 1635/1635/1635 1637/1637/1637
f 1613/1613/1613 1640/1640/1640 1612/1612/1612
f 1620/1620/1620 1641/1641/1641 1632/1632/1632
f 1616/1616/1616 1641/1641/1641 1620/1620/1620
f 1632/1632/1632 1642/1642/1642 1634/1634/1634
f 1641/1641/1641 1642/1642/1642 1632/1632/1632
f 1612/1612/1612 1640/1640/1640 1643/1643/1643
f 1643/1643/1643 1640/1640/1640 1637/1637/1637
f 1639/1639/1639 1644/1644/1644 1637/1637/1637
f 1644/1644/1644 1639/1639/1639 1645/1645/1645
f 1646/1646/1646 1641/1641/1641 1616/1616/1616
f 1641/1641/1641 1646/1646/1646 1642/1642/1642
f 1634/1634/1634 1642/1642/1642 1647/1647/1647
f 1646/1646/1646 1647/1647/1647 1642/1642/1642
f 1648/1648/1648 1634/1634/1634 1647/1647/1647
f 1648/1648/1648 1647/1647/1647 1649/1649/1649
f 1647/1647/1647 1650/1650/1650 1649/1649/1649
f 1651/1651/1651 1649/1649/1649 1650/1650/1650
f 1643/1643/1643 1637/1637/1637 1652/1652/1652
f 1637/1637/1637 1644/1644/1644 1652/1652/1652
f 1653/1653/1653 1646/1646/1646 1616/1616/1616
f 1616/1616/1616 1608/1608/1608 1653/1653/1653
f 1646/1646/1646 1654/1654/1654 1647/1647/1647
f 1654/1654/1654 1650/1650/1650 1647/1647/1647
f 1654/1654/1654 1655/1655/1655 1650/1650/1650
f 1656/1656/1656 1651/1651/1651 1650/1650/1650
f 1655/1655/1655 1656/1656/1656 1650/1650/1650
f 1656/1656/1656 1657/1657/1657 1651/1651/1651
f 1656/1656/1656 1655/1655/1655 1657/1657/1657
f 1658/1658/1658 1654/1654/1654 1646/1646/1646
f 1653/1653/1653 1658/1658/1658 1646/1646/1646
f 1655/1655/1655 1654/1654/1654 1658/1658/1658
f 1608/1608/1608 1659/1659/1659 1653/1653/1653
f 1659/1659/1659 1608/1608/1608 1606/1606/1606
f 1658/1658/1658 1653/1653/1653 1660/1660/1660
f 1653/1653/1653 1659/1659/1659 1660/1660/1660
f 1661/1661/1661 1659/1659/1659 1606/1606/1606
f 1661/1661/1661 1606/1606/1606 1607/1607/1607
f 1661/1661/1661 1662/1662/1662 1659/1659/1659
f 1662/1662/1662 1661/1661/1661 1607/1607/1607
f 1662/1662/1662 1660/1660/1660 1659/1659/1659
f 1662/1662/1662 1607/1607/1607 1663/1663/1663
f 1662/1662/1662 1663/1663/1663 1660/1660/1660
f 1607/1607/1607 1664/1664/1664 1663/1663/1663
f 1665/1665/1665 1658/1658/1658 1660/1660/1660
f 1665/1665/1665 1655/1655/1655 1658/1658/1658
f 1666/1666/1666 1665/1665/1665 1660/1660/1660
f 1663/1663/1663 1666/1666/1666 1660/1660/1660
f 1665/1665/1665 1666/1666/1666 1667/1667/1667
f 1655/1655/1655 1665/1665/1665 1667/1667/1667
f 1667/1667/1667 1666/1666/1666 1663/1663/1663
f 1668/1668/1668 1663/1663/1663 1664/1664/1664
f 1668/1668/1668 1667/1667/1667 1663/1663/1663
f 1669/1669/1669 1668/1668/1668 1664/1664/1664
f 1667/1667/1667 1668/1668/1668 1669/1669/1669
f 1670/1670/1670 1669/1669/1669 1664/1664/1664
f 1670/1670/1670 1657/1657/1657 1669/1669/1669
f 1671/1671/1671 1655/1655/1655 1667/1667/1667
f 1671/1671/1671 1667/1667/1667 1669/1669/1669
f 1671/1671/1671 1669/1669/1669 1657/1657/1657
f 1671/1671/1671 1657/1657/1657 1655/1655/1655
f 1672/1672/1672 1612/1612/1612 1643/1643/1643
f 1590/1590/1590 1612/1612/1612 1672/1672/1672
f 1673/1673/1673 1672/1672/1672 1643/1643/1643
f 1643/1643/1643 1652/1652/1652 1673/1673/1673
f 1674/1674/1674 1590/1590/1590 1672/1672/1672
f 1674/1674/1674 1672/1672/1672 1673/1673/1673
f 1674/1674/1674 1594/1594/1594 1590/1590/1590
f 1675/1675/1675 1594/1594/1594 1674/1674/1674
f 1594/1594/1594 1675/1675/1675 1599/1599/1599
f 1673/1673/1673 1652/1652/1652 1676/1676/1676
f 1676/1676/1676 1652/1652/1652 1644/1644/1644
f 1677/1677/1677 1674/1674/1674 1673/1673/1673
f 1677/1677/1677 1675/1675/1675 1674/1674/1674
f 1678/1678/1678 1675/1675/1675 1677/1677/1677
f 1675/1675/1675 1679/1679/1679 1599/1599/1599
f 1678/1678/1678 1679/1679/1679 1675/1675/1675
f 1573/1573/1573 1599/1599/1599 1679/1679/1679
f 1680/1680/1680 1677/1677/1677 1673/1673/1673
f 1680/1680/1680 1673/1673/1673 1676/1676/1676
f 1681/1681/1681 1676/1676/1676 1644/1644/1644
f 1681/1681/1681 1644/1644/1644 1645/1645/1645
f 1682/1682/1682 1681/1681/1681 1645/1645/1645
f 1682/1682/1682 1645/1645/1645 1683/1683/1683
f 1676/1676/1676 1681/1681/1681 1684/1684/1684
f 1684/1684/1684 1681/1681/1681 1682/1682/1682
f 1685/1685/1685 1682/1682/1682 1683/1683/1683
f 1685/1685/1685 1683/1683/1683 1686/1686/1686
f 1678/1678/1678 1677/1677/1677 1687/1687/1687
f 1680/1680/1680 1687/1687/1687 1677/1677/1677
f 1680/1680/1680 1676/1676/1676 1688/1688/1688
f 1688/1688/1688 1676/1676/1676 1684/1684/1684
f 1689/1689/1689 1684/1684/1684 1682/1682/1682
f 1689/1689/1689 1682/1682/1682 1685/1685/1685
f 1690/1690/1690 1685/1685/1685 1686/1686/1686
f 1690/1690/1690 1686/1686/1686 1691/1691/1691
f 1687/1687/1687 1680/1680/1680 1692/1692/1692
f 1692/1692/1692 1680/1680/1680 1688/1688/1688
f 1688/1688/1688 1684/1684/1684 1693/1693/1693
f 1693/1693/1693 1684/1684/1684 1689/1689/1689
f 1689/1689/1689 1685/1685/1685 1694/1694/1694
f 1694/1694/1694 1685/1685/1685 1690/1690/1690
f 1695/1695/1695 1688/1688/1688 1693/1693/1693
f 1692/1692/1692 1688/1688/1688 1695/1695/1695
f 1689/1689/1689 1696/1696/1696 1693/1693/1693
f 1695/1695/1695 1693/1693/1693 1696/1696/1696
f 1696/1696/1696 1689/1689/1689 1694/1694/1694
f 1697/1697/1697 1687/1687/1687 1692/1692/1692
f 1678/1678/1678 1687/1687/1687 1697/1697/1697
f 1698/1698/1698 1692/1692/1692 1695/1695/1695
f 1698/1698/1698 1695/1695/1695 1696/1696/1696
f 1697/1697/1697 1692/1692/1692 1698/1698/1698
f 1696/1696/1696 1694/1694/1694 1699/1699/1699
f 1698/1698/1698 1696/1696/1696 1699/1699/1699
f 1697/1697/1697 1698/1698/1698 1700/1700/1700
f 1700/1700/1700 1698/1698/1698 1699/1699/1699
f 1699/1699/1699 1694/1694/1694 1701/1701/1701
f 1694/1694/1694 1690/1690/1690 1701/1701/1701
f 1702/1702/1702 1678/1678/1678 1697/1697/1697
f 1702/1702/1702 1697/1697/1697 1700/1700/1700
f 1700/1700/1700 1699/1699/1699 1703/1703/1703
f 1699/1699/1699 1701/1701/1701 1703/1703/1703
f 1704/1704/1704 1702/1702/1702 1700/1700/1700
f 1704/1704/1704 1700/1700/1700 1703/1703/1703
f 1702/1702/1702 1704/1704/1704 1705/1705/1705
f 1705/1705/1705 1704/1704/1704 1703/1703/1703
f 1706/1706/1706 1678/1678/1678 1702/1702/1702
f 1706/1706/1706 1702/1702/1702 1705/1705/1705
f 1703/1703/1703 1701/1701/1701 1707/1707/1707
f 1707/1707/1707 1705/1705/1705 1703/1703/1703
f 1701/1701/1701 1690/1690/1690 1708/1708/1708
f 1701/1701/1701 1708/1708/1708 1707/1707/1707
f 1709/1709/1709 1705/1705/1705 1707/1707/1707
f 1709/1709/1709 1706/1706/1706 1705/1705/1705
f 1706/1706/1706 1710/1710/1710 1678/1678/1678
f 1678/1678/1678 1710/1710/1710 1679/1679/1679
f 1711/1711/1711 1710/1710/1710 1706/1706/1706
f 1709/1709/1709 1711/1711/1711 1706/1706/1706
f 1712/1712/1712 1709/1709/1709 1707/1707/1707
f 1707/1707/1707 1708/1708/1708 1712/1712/1712
f 1690/1690/1690 1713/1713/1713 1708/1708/1708
f 1713/1713/1713 1690/1690/1690 1691/1691/1691
f 1714/1714/1714 1679/1679/1679 1710/1710/1710
f 1711/1711/1711 1714/1714/1714 1710/1710/1710
f 1711/1711/1711 1709/1709/1709 1715/1715/1715
f 1715/1715/1715 1709/1709/1709 1712/1712/1712
f 1708/1708/1708 1716/1716/1716 1712/1712/1712
f 1708/1708/1708 1713/1713/1713 1716/1716/1716
f 1713/1713/1713 1691/1691/1691 1717/1717/1717
f 1713/1713/1713 1717/1717/1717 1716/1716/1716
f 1691/1691/1691 1575/1575/1575 1717/1717/1717
f 1718/1718/1718 1711/1711/1711 1715/1715/1715
f 1718/1718/1718 1714/1714/1714 1711/1711/1711
f 1719/1719/1719 1715/1715/1715 1712/1712/1712
f 1712/1712/1712 1716/1716/1716 1719/1719/1719
f 1718/1718/1718 1715/1715/1715 1719/1719/1719
f 1720/1720/1720 1719/1719/1719 1716/1716/1716
f 1716/1716/1716 1717/1717/1717 1720/1720/1720
f 1720/1720/1720 1718/1718/1718 1719/1719/1719
f 1721/1721/1721 1717/1717/1717 1575/1575/1575
f 1717/1717/1717 1721/1721/1721 1720/1720/1720
f 1720/1720/1720 1721/1721/1721 1718/1718/1718
f 1721/1721/1721 1575/1575/1575 1574/1574/1574
f 1721/1721/1721 1722/1722/1722 1718/1718/1718
f 1718/1718/1718 1722/1722/1722 1714/1714/1714
f 1721/1721/1721 1574/1574/1574 1722/1722/1722
f 1714/1714/1714 1722/1722/1722 1723/1723/1723
f 1714/1714/1714 1723/1723/1723 1679/1679/1679
f 1723/1723/1723 1573/1573/1573 1679/1679/1679
f 1571/1571/1571 1573/1573/1573 1723/1723/1723
f 1724/1724/1724 1574/1574/1574 1571/1571/1571
f 1574/1574/1574 1724/1724/1724 1722/1722/1722
f 1722/1722/1722 1724/1724/1724 1723/1723/1723
f 1723/1723/1723 1724/1724/1724 1571/1571/1571
f 1727/1727/1727 1726/1726/1726 1725/1725/1725
f 1727/1727/1727 1728/1728/1728 1726/1726/1726
f 1726/1726/1726 1729/1729/1729 1725/1725/1725
f 1728/1728/1728 1730/1730/1730 1726/1726/1726
f 1730/1730/1730 1728/1728/1728 1731/1731/1731
f 1725/1725/1725 1729/1729/1729 1732/1732/1732
f 1729/1729/1729 1733/1733/1733 1732/1732/1732
f 1732/1732/1732 1733/1733/1733 1734/1734/1734
f 1735/1735/1735 1732/1732/1732 1734/1734/1734
f 1735/1735/1735 1734/1734/1734 1736/1736/1736
f 1737/1737/1737 1730/1730/1730 1731/1731/1731
f 1738/1738/1738 1735/1735/1735 1736/1736/1736
f 1739/1739/1739 1737/1737/1737 1731/1731/1731
f 1738/1738/1738 1736/1736/1736 1740/1740/1740
f 1741/1741/1741 1739/1739/1739 1731/1731/1731
f 1739/1739/1739 1741/1741/1741 1742/1742/1742
f 1741/1741/1741 1743/1743/1743 1742/1742/1742
f 1742/1742/1742 1743/1743/1743 1744/1744/1744
f 1745/1745/1745 1742/1742/1742 1744/1744/1744
f 1745/1745/1745 1744/1744/1744 1746/1746/1746
f 1747/1747/1747 1745/1745/1745 1746/1746/1746
f 1747/1747/1747 1746/1746/1746 1748/1748/1748
f 1749/1749/1749 1748/1748/1748 1746/1746/1746
f 1748/1748/1748 1749/1749/1749 1750/1750/1750
f 1749/1749/1749 1751/1751/1751 1750/1750/1750
f 1752/1752/1752 1750/1750/1750 1751/1751/1751
f 1752/1752/1752 1751/1751/1751 1753/1753/1753
f 1754/1754/1754 1753/1753/1753 1751/1751/1751
f 1755/1755/1755 1754/1754/1754 1751/1751/1751
f 1756/1756/1756 1752/1752/1752 1753/1753/1753
f 1757/1757/1757 1752/1752/1752 1756/1756/1756
f 1756/1756/1756 1753/1753/1753 1758/1758/1758
f 1758/1758/1758 1753/1753/1753 1754/1754/1754
f 1754/1754/1754 1755/1755/1755 1759/1759/1759
f 1755/1755/1755 1760/1760/1760 1759/1759/1759
f 1757/1757/1757 1756/1756/1756 1761/1761/1761
f 1761/1761/1761 1756/1756/1756 1758/1758/1758
f 1762/1762/1762 1758/1758/1758 1754/1754/1754
f 1762/1762/1762 1754/1754/1754 1759/1759/1759
f 1761/1761/1761 1758/1758/1758 1763/1763/1763
f 1763/1763/1763 1758/1758/1758 1762/1762/1762
f 1757/1757/1757 1761/1761/1761 1764/1764/1764
f 1764/1764/1764 1761/1761/1761 1763/1763/1763
f 1765/1765/1765 1759/1759/1759 1760/1760/1760
f 1766/1766/1766 1765/1765/1765 1760/1760/1760
f 1766/1766/1766 1767/1767/1767 1765/1765/1765
f 1768/1768/1768 1757/1757/1757 1764/1764/1764
f 1769/1769/1769 1757/1757/1757 1768/1768/1768
f 1768/1768/1768 1770/1770/1770 1769/1769/1769
f 1771/1771/1771 1770/1770/1770 1768/1768/1768
f 1764/1764/1764 1771/1771/1771 1768/1768/1768
f 1771/1771/1771 1764/1764/1764 1772/1772/1772
f 1764/1764/1764 1763/1763/1763 1772/1772/1772
f 1763/1763/1763 1773/1773/1773 1772/1772/1772
f 1773/1773/1773 1763/1763/1763 1762/1762/1762
f 1773/1773/1773 1774/1774/1774 1772/1772/1772
f 1775/1775/1775 1762/1762/1762 1759/1759/1759
f 1773/1773/1773 1762/1762/1762 1775/1775/1775
f 1759/1759/1759 1765/1765/1765 1776/1776/1776
f 1775/1775/1775 1759/1759/1759 1776/1776/1776
f 1777/1777/1777 1773/1773/1773 1775/1775/1775
f 1773/1773/1773 1777/1777/1777 1774/1774/1774
f 1777/1777/1777 1775/1775/1775 1778/1778/1778
f 1777/1777/1777 1778/1778/1778 1774/1774/1774
f 1775/1775/1775 1776/1776/1776 1778/1778/1778
f 1778/1778/1778 1779/1779/1779 1774/1774/1774
f 1779/1779/1779 1778/1778/1778 1776/1776/1776
f 1779/1779/1779 1780/1780/1780 1774/1774/1774
f 1765/1765/1765 1781/1781/1781 1776/1776/1776
f 1779/1779/1779 1776/1776/1776 1781/1781/1781
f 1779/1779/1779 1782/1782/1782 1780/1780/1780
f 1782/1782/1782 1783/1783/1783 1780/1780/1780
f 1783/1783/1783 1782/1782/1782 1784/1784/1784
f 1784/1784/1784 1782/1782/1782 1785/1785/1785
f 1782/1782/1782 1779/1779/1779 1786/1786/1786
f 1779/1779/1779 1781/1781/1781 1786/1786/1786
f 1782/1782/1782 1786/1786/1786 1785/1785/1785
f 1765/1765/1765 1787/1787/1787 1781/1781/1781
f 1787/1787/1787 1786/1786/1786 1781/1781/1781
f 1767/1767/1767 1787/1787/1787 1765/1765/1765
f 1788/1788/1788 1785/1785/1785 1786/1786/1786
f 1787/1787/1787 1788/1788/1788 1786/1786/1786
f 1787/1787/1787 1767/1767/1767 1788/1788/1788
f 1767/1767/1767 1789/1789/1789 1788/1788/1788
f 1731/1731/1731 1785/1785/1785 1788/1788/1788
f 1789/1789/1789 1731/1731/1731 1788/1788/1788
f 1731/1731/1731 1791/1791/1791 1790/1790/1790
f 1791/1791/1791 1792/1792/1792 1790/1790/1790
f 1793/1793/1793 1731/1731/1731 1790/1790/1790
f 1792/1792/1792 1794/1794/1794 1790/1790/1790
f 1793/1793/1793 1790/1790/1790 1795/1795/1795
f 1790/1790/1790 1794/1794/1794 1795/1795/1795
f 1794/1794/1794 1792/1792/1792 1796/1796/1796
f 1792/1792/1792 1797/1797/1797 1796/1796/1796
f 1796/1796/1796 1797/1797/1797 1798/1798/1798
f 1795/1795/1795 1799/1799/1799 1793/1793/1793
f 1799/1799/1799 1800/1800/1800 1793/1793/1793
f 1799/1799/1799 1801/1801/1801 1800/1800/1800
f 1801/1801/1801 1799/1799/1799 1802/1802/1802
f 1799/1799/1799 1803/1803/1803 1802/1802/1802
f 1803/1803/1803 1799/1799/1799 1795/1795/1795
f 1802/1802/1802 1803/1803/1803 1804/1804/1804
f 1795/1795/1795 1794/1794/1794 1805/1805/1805
f 1794/1794/1794 1796/1796/1796 1805/1805/1805
f 1805/1805/1805 1803/1803/1803 1795/1795/1795
f 1806/1806/1806 1796/1796/1796 1798/1798/1798
f 1798/1798/1798 1807/1807/1807 1806/1806/1806
f 1805/1805/1805 1796/1796/1796 1808/1808/1808
f 1808/1808/1808 1803/1803/1803 1805/1805/1805
f 1796/1796/1796 1806/1806/1806 1808/1808/1808
f 1808/1808/1808 1809/1809/1809 1803/1803/1803
f 1803/1803/1803 1809/1809/1809 1804/1804/1804
f 1806/1806/1806 1810/1810/1810 1808/1808/1808
f 1808/1808/1808 1810/1810/1810 1809/1809/1809
f 1807/1807/1807 1811/1811/1811 1806/1806/1806
f 1806/1806/1806 1811/1811/1811 1810/1810/1810
f 1809/1809/1809 1812/1812/1812 1804/1804/1804
f 1810/1810/1810 1812/1812/1812 1809/1809/1809
f 1812/1812/1812 1813/1813/1813 1804/1804/1804
f 1804/1804/1804 1813/1813/1813 1814/1814/1814
f 1810/1810/1810 1815/1815/1815 1812/1812/1812
f 1815/1815/1815 1813/1813/1813 1812/1812/1812
f 1811/1811/1811 1815/1815/1815 1810/1810/1810
f 1816/1816/1816 1811/1811/1811 1807/1807/1807
f 1738/1738/1738 1816/1816/1816 1807/1807/1807
f 1738/1738/1738 1740/1740/1740 1816/1816/1816
f 1813/1813/1813 1817/1817/1817 1814/1814/1814
f 1817/1817/1817 1813/1813/1813 1815/1815/1815
f 1818/1818/1818 1815/1815/1815 1811/1811/1811
f 1816/1816/1816 1818/1818/1818 1811/1811/1811
f 1818/1818/1818 1817/1817/1817 1815/1815/1815
f 1740/1740/1740 1819/1819/1819 1816/1816/1816
f 1816/1816/1816 1819/1819/1819 1818/1818/1818
f 1740/1740/1740 1820/1820/1820 1819/1819/1819
f 1819/1819/1819 1821/1821/1821 1818/1818/1818
f 1818/1818/1818 1821/1821/1821 1817/1817/1817
f 1819/1819/1819 1820/1820/1820 1821/1821/1821
f 1817/1817/1817 1822/1822/1822 1814/1814/1814
f 1821/1821/1821 1822/1822/1822 1817/1817/1817
f 1821/1821/1821 1820/1820/1820 1822/1822/1822
f 1822/1822/1822 1823/1823/1823 1814/1814/1814
f 1820/1820/1820 1824/1824/1824 1822/1822/1822
f 1823/1823/1823 1822/1822/1822 1824/1824/1824
f 1820/1820/1820 1825/1825/1825 1824/1824/1824
f 1826/1826/1826 1823/1823/1823 1824/1824/1824
f 1826/1826/1826 1824/1824/1824 1825/1825/1825
f 1829/1829/1829 1828/1828/1828 1827/1827/1827
f 1828/1828/1828 1829/1829/1829 1830/1830/1830
f 1831/1831/1831 1829/1829/1829 1827/1827/1827
f 1829/1829/1829 1832/1832/1832 1830/1830/1830
f 1832/1832/1832 1829/1829/1829 1831/1831/1831
f 1831/1831/1831 1827/1827/1827 1833/1833/1833
f 1833/1833/1833 1832/1832/1832 1831/1831/1831
f 1830/1830/1830 1832/1832/1832 1833/1833/1833
f 1827/1827/1827 1834/1834/1834 1833/1833/1833
f 1834/1834/1834 1830/1830/1830 1833/1833/1833
f 1837/1837/1837 1836/1836/1836 1835/1835/1835
f 1836/1836/1836 1838/1838/1838 1835/1835/1835
f 1839/1839/1839 1837/1837/1837 1835/1835/1835
f 1838/1838/1838 1840/1840/1840 1835/1835/1835
f 1841/1841/1841 1839/1839/1839 1835/1835/1835
f 1840/1840/1840 1842/1842/1842 1835/1835/1835
f 1843/1843/1843 1841/1841/1841 1835/1835/1835
f 1842/1842/1842 1843/1843/1843 1835/1835/1835
f 1846/1846/1846 1845/1845/1845 1844/1844/1844
f 1847/1847/1847 1846/1846/1846 1844/1844/1844
f 1845/1845/1845 1848/1848/1848 1844/1844/1844
f 1849/1849/1849 1847/1847/1847 1844/1844/1844
f 1848/1848/1848 1850/1850/1850 1844/1844/1844
f 1851/1851/1851 1849/1849/1849 1844/1844/1844
f 1850/1850/1850 1852/1852/1852 1844/1844/1844
f 1852/1852/1852 1851/1851/1851 1844/1844/1844
f 1855/1855/1855 1854/1854/1854 1853/1853/1853
f 1854/1854/1854 1855/1855/1855 1856/1856/1856
f 1854/1854/1854 1857/1857/1857 1853/1853/1853
f 1858/1858/1858 1854/1854/1854 1856/1856/1856
f 1854/1854/1854 1858/1858/1858 1857/1857/1857
f 1853/1853/1853 1857/1857/1857 1859/1859/1859
f 1858/1858/1858 1859/1859/1859 1857/1857/1857
f 1858/1858/1858 1856/1856/1856 1859/1859/1859
f 1860/1860/1860 1853/1853/1853 1859/1859/1859
f 1856/1856/1856 1860/1860/1860 1859/1859/1859
f 1863/1863/1863 1862/1862/1862 1861/1861/1861
f 1863/1863/1863 1861/1861/1861 1864/1864/1864
f 1862/1862/1862 1865/1865/1865 1861/1861/1861
f 1862/1862/1862 1866/1866/1866 1865/1865/1865
f 1866/1866/1866 1867/1867/1867 1865/1865/1865
f 1866/1866/1866 1868/1868/1868 1867/1867/1867
f 1868/1868/1868 1869/1869/1869 1867/1867/1867
f 1868/1868/1868 1870/1870/1870 1869/1869/1869
f 1870/1870/1870 1871/1871/1871 1869/1869/1869
f 1870/1870/1870 1872/1872/1872 1871/1871/1871
f 1872/1872/1872 1873/1873/1873 1871/1871/1871
f 1872/1872/1872 1874/1874/1874 1873/1873/1873
f 1873/1873/1873 1874/1874/1874 1875/1875/1875
f 1876/1876/1876 1873/1873/1873 1875/1875/1875
f 1876/1876/1876 1875/1875/1875 1877/1877/1877
f 1878/1878/1878 1871/1871/1871 1873/1873/1873
f 1876/1876/1876 1878/1878/1878 1873/1873/1873
f 1879/1879/1879 1876/1876/1876 1877/1877/1877
f 1876/1876/1876 1879/1879/1879 1878/1878/1878
f 1877/1877/1877 1880/1880/1880 1879/1879/1879
f 1881/1881/1881 1869/1869/1869 1871/1871/1871
f 1878/1878/1878 1881/1881/1881 1871/1871/1871
f 1882/1882/1882 1867/1867/1867 1869/1869/1869
f 1881/1881/1881 1882/1882/1882 1869/1869/1869
f 1878/1878/1878 1883/1883/1883 1881/1881/1881
f 1879/1879/1879 1883/1883/1883 1878/1878/1878
f 1882/1882/1882 1884/1884/1884 1867/1867/1867
f 1884/1884/1884 1865/1865/1865 1867/1867/1867
f 1881/1881/1881 1885/1885/1885 1882/1882/1882
f 1883/1883/1883 1885/1885/1885 1881/1881/1881
f 1885/1885/1885 1886/1886/1886 1882/1882/1882
f 1886/1886/1886 1884/1884/1884 1882/1882/1882
f 1883/1883/1883 1887/1887/1887 1885/1885/1885
f 1885/1885/1885 1887/1887/1887 1886/1886/1886
f 1879/1879/1879 1888/1888/1888 1883/1883/1883
f 1887/1887/1887 1883/1883/1883 1888/1888/1888
f 1880/1880/1880 1889/1889/1889 1879/1879/1879
f 1879/1879/1879 1889/1889/1889 1888/1888/1888
f 1887/1887/1887 1890/1890/1890 1886/1886/1886
f 1884/1884/1884 1886/1886/1886 1890/1890/1890
f 1884/1884/1884 1891/1891/1891 1865/1865/1865
f 1891/1891/1891 1861/1861/1861 1865/1865/1865
f 1889/1889/1889 1880/1880/1880 1892/1892/1892
f 1880/1880/1880 1893/1893/1893 1892/1892/1892
f 1892/1892/1892 1893/1893/1893 1894/1894/1894
f 1892/1892/1892 1894/1894/1894 1895/1895/1895
f 1889/1889/1889 1892/1892/1892 1896/1896/1896
f 1896/1896/1896 1892/1892/1892 1895/1895/1895
f 1888/1888/1888 1889/1889/1889 1896/1896/1896
f 1896/1896/1896 1895/1895/1895 1897/1897/1897
f 1898/1898/1898 1896/1896/1896 1897/1897/1897
f 1888/1888/1888 1896/1896/1896 1898/1898/1898
f 1898/1898/1898 1897/1897/1897 1899/1899/1899
f 1900/1900/1900 1888/1888/1888 1898/1898/1898
f 1887/1887/1887 1888/1888/1888 1900/1900/1900
f 1887/1887/1887 1900/1900/1900 1890/1890/1890
f 1901/1901/1901 1898/1898/1898 1899/1899/1899
f 1900/1900/1900 1898/1898/1898 1901/1901/1901
f 1901/1901/1901 1899/1899/1899 1902/1902/1902
f 1900/1900/1900 1903/1903/1903 1890/1890/1890
f 1903/1903/1903 1900/1900/1900 1901/1901/1901
f 1904/1904/1904 1901/1901/1901 1902/1902/1902
f 1903/1903/1903 1901/1901/1901 1904/1904/1904
f 1904/1904/1904 1902/1902/1902 1905/1905/1905
f 1906/1906/1906 1890/1890/1890 1903/1903/1903
f 1884/1884/1884 1890/1890/1890 1906/1906/1906
f 1884/1884/1884 1906/1906/1906 1891/1891/1891
f 1907/1907/1907 1906/1906/1906 1903/1903/1903
f 1907/1907/1907 1903/1903/1903 1904/1904/1904
f 1891/1891/1891 1906/1906/1906 1907/1907/1907
f 1908/1908/1908 1904/1904/1904 1905/1905/1905
f 1907/1907/1907 1904/1904/1904 1908/1908/1908
f 1891/1891/1891 1907/1907/1907 1908/1908/1908
f 1908/1908/1908 1905/1905/1905 1864/1864/1864
f 1909/1909/1909 1891/1891/1891 1908/1908/1908
f 1909/1909/1909 1908/1908/1908 1864/1864/1864
f 1861/1861/1861 1891/1891/1891 1909/1909/1909
f 1861/1861/1861 1909/1909/1909 1864/1864/1864
f 1912/1912/1912 1911/1911/1911 1910/1910/1910
f 1912/1912/1912 1910/1910/1910 1913/1913/1913
f 1911/1911/1911 1914/1914/1914 1910/1910/1910
f 1911/1911/1911 1915/1915/1915 1914/1914/1914
f 1915/1915/1915 1916/1916/1916 1914/1914/1914
f 1915/1915/1915 1917/1917/1917 1916/1916/1916
f 1917/1917/1917 1918/1918/1918 1916/1916/1916
f 1917/1917/1917 1919/1919/1919 1918/1918/1918
f 1919/1919/1919 1920/1920/1920 1918/1918/1918
f 1919/1919/1919 1921/1921/1921 1920/1920/1920
f 1921/1921/1921 1922/1922/1922 1920/1920/1920
f 1921/1921/1921 1923/1923/1923 1922/1922/1922
f 1922/1922/1922 1923/1923/1923 1924/1924/1924
f 1925/1925/1925 1922/1922/1922 1924/1924/1924
f 1925/1925/1925 1924/1924/1924 1926/1926/1926
f 1927/1927/1927 1920/1920/1920 1922/1922/1922
f 1925/1925/1925 1927/1927/1927 1922/1922/1922
f 1928/1928/1928 1918/1918/1918 1920/1920/1920
f 1927/1927/1927 1928/1928/1928 1920/1920/1920
f 1929/1929/1929 1916/1916/1916 1918/1918/1918
f 1928/1928/1928 1929/1929/1929 1918/1918/1918
f 1930/1930/1930 1914/1914/1914 1916/1916/1916
f 1929/1929/1929 1930/1930/1930 1916/1916/1916
f 1925/1925/1925 1931/1931/1931 1927/1927/1927
f 1931/1931/1931 1925/1925/1925 1926/1926/1926
f 1927/1927/1927 1932/1932/1932 1928/1928/1928
f 1931/1931/1931 1932/1932/1932 1927/1927/1927
f 1928/1928/1928 1933/1933/1933 1929/1929/1929
f 1932/1932/1932 1933/1933/1933 1928/1928/1928
f 1932/1932/1932 1931/1931/1931 1934/1934/1934
f 1932/1932/1932 1934/1934/1934 1933/1933/1933
f 1935/1935/1935 1931/1931/1931 1926/1926/1926
f 1931/1931/1931 1935/1935/1935 1934/1934/1934
f 1936/1936/1936 1935/1935/1935 1926/1926/1926
f 1934/1934/1934 1935/1935/1935 1936/1936/1936
f 1936/1936/1936 1926/1926/1926 1937/1937/1937
f 1933/1933/1933 1938/1938/1938 1929/1929/1929
f 1929/1929/1929 1938/1938/1938 1930/1930/1930
f 1930/1930/1930 1939/1939/1939 1914/1914/1914
f 1939/1939/1939 1910/1910/1910 1914/1914/1914
f 1934/1934/1934 1940/1940/1940 1933/1933/1933
f 1933/1933/1933 1940/1940/1940 1938/1938/1938
f 1941/1941/1941 1934/1934/1934 1936/1936/1936
f 1941/1941/1941 1940/1940/1940 1934/1934/1934
f 1942/1942/1942 1936/1936/1936 1937/1937/1937
f 1941/1941/1941 1936/1936/1936 1942/1942/1942
f 1940/1940/1940 1941/1941/1941 1943/1943/1943
f 1943/1943/1943 1941/1941/1941 1942/1942/1942
f 1942/1942/1942 1937/1937/1937 1944/1944/1944
f 1937/1937/1937 1945/1945/1945 1944/1944/1944
f 1944/1944/1944 1945/1945/1945 1946/1946/1946
f 1944/1944/1944 1946/1946/1946 1947/1947/1947
f 1942/1942/1942 1944/1944/1944 1948/1948/1948
f 1948/1948/1948 1944/1944/1944 1947/1947/1947
f 1943/1943/1943 1942/1942/1942 1948/1948/1948
f 1948/1948/1948 1947/1947/1947 1949/1949/1949
f 1950/1950/1950 1948/1948/1948 1949/1949/1949
f 1943/1943/1943 1948/1948/1948 1950/1950/1950
f 1950/1950/1950 1949/1949/1949 1951/1951/1951
f 1952/1952/1952 1940/1940/1940 1943/1943/1943
f 1952/1952/1952 1943/1943/1943 1950/1950/1950
f 1938/1938/1938 1940/1940/1940 1952/1952/1952
f 1953/1953/1953 1950/1950/1950 1951/1951/1951
f 1952/1952/1952 1950/1950/1950 1953/1953/1953
f 1953/1953/1953 1951/1951/1951 1954/1954/1954
f 1955/1955/1955 1938/1938/1938 1952/1952/1952
f 1955/1955/1955 1952/1952/1952 1953/1953/1953
f 1956/1956/1956 1953/1953/1953 1954/1954/1954
f 1955/1955/1955 1953/1953/1953 1956/1956/1956
f 1956/1956/1956 1954/1954/1954 1957/1957/1957
f 1958/1958/1958 1938/1938/1938 1955/1955/1955
f 1938/1938/1938 1958/1958/1958 1930/1930/1930
f 1930/1930/1930 1958/1958/1958 1939/1939/1939
f 1959/1959/1959 1958/1958/1958 1955/1955/1955
f 1959/1959/1959 1955/1955/1955 1956/1956/1956
f 1939/1939/1939 1958/1958/1958 1959/1959/1959
f 1960/1960/1960 1956/1956/1956 1957/1957/1957
f 1959/1959/1959 1956/1956/1956 1960/1960/1960
f 1939/1939/1939 1959/1959/1959 1960/1960/1960
f 1960/1960/1960 1957/1957/1957 1913/1913/1913
f 1961/1961/1961 1939/1939/1939 1960/1960/1960
f 1961/1961/1961 1960/1960/1960 1913/1913/1913
f 1910/1910/1910 1939/1939/1939 1961/1961/1961
f 1910/1910/1910 1961/1961/1961 1913/1913/1913
