g Hair_Wolf
v 0.0978835151 1.40874183 -0.0355852023
v 0.110068269 1.39110017 -0.0437352657
v 0.107947975 1.41313016 -0.0421067812
v 0.0978835151 1.40874183 -0.0355852023
v 0.107947975 1.41313016 -0.0421067812
v 0.107356347 1.3909198 -0.0423525646
v -0.107892595 1.39393783 -0.0492704809
v -0.100285612 1.40716565 -0.0364243798
v -0.106821582 1.41273689 -0.0438497625
v -0.0542110391 1.37491143 -0.126215652
v -0.0566930883 1.39998078 -0.122382559
v -0.0536448173 1.38266039 -0.118011631
v -0.0134887584 1.32450759 -0.113769807
v -0.0169080272 1.33381319 -0.126553357
v -0.0139152603 1.32537472 -0.112151973
v -0.0103771295 1.50608492 0.0371904522
v -0.0125356019 1.50364423 0.0405815504
v -0.0147057781 1.5053879 0.0408061557
v -0.0179989114 1.50277603 0.0452126786
v -0.0207531992 1.50345147 0.0447642654
v -0.0262679532 1.49470711 0.0519248843
v -0.0320972912 1.49484968 0.0507762767
v -0.0338078141 1.48503613 0.0568949245
v -0.0427251123 1.48447013 0.0553021841
v -0.0509523489 1.47096217 0.0586502627
v -0.0422607288 1.47183013 0.0619964115
v -0.0506234355 1.45564711 0.0661441684
v -0.0593038015 1.45351839 0.0615728498
v -0.0568811931 1.43927538 0.0682409629
v -0.0651835352 1.43770051 0.0631968156
v -0.0635471344 1.41958475 0.0678345263
v -0.0689979568 1.42057443 0.0634741113
v -0.0686063692 1.39878535 0.0652391538
v -0.0719789639 1.39851296 0.0624693111
v -0.0725775063 1.38219011 0.061102841
v -0.0712072328 1.38218689 0.0622026511
v -0.0720934942 1.36709619 0.0593208857
v -0.0103771295 1.50608492 0.0371904522
v -0.00793576147 1.50835478 0.0372679271
v -0.0125356019 1.50364423 0.0405815504
v -0.0735544935 1.44381762 0.0452869013
v -0.0749331713 1.45074189 0.0351698622
v -0.0580575466 1.46614408 0.048874218
v -0.0907156318 1.39483869 0.00852973759
v -0.0915700868 1.40204918 0.00782875717
v -0.0909985676 1.40007687 0.0132922754
v -0.078859359 1.36601985 0.0221286844
v -0.078601189 1.36577117 0.0261587594
v -0.0802555531 1.36271119 0.0151545154
v -0.0658617616 1.32697701 -0.00889821351
v -0.0740460902 1.3352282 -0.012165606
v -0.06405624 1.33549285 -0.0143622458
v -0.0649534166 1.34078324 -0.010362043
v -0.0610498004 1.33416486 -0.0119711077
v -0.06405624 1.33549285 -0.0143622458
v 0.0805349201 1.37553191 0.0245971009
v 0.0802642778 1.36792457 0.014739152
v 0.0795525163 1.37489653 0.0256332792
v 0.0795525163 1.37489653 0.0256332792
v 0.0791231021 1.37414622 0.0278225169
v 0.0791667327 1.37038279 0.0231975112
v 0.0789915621 1.36914742 0.0261941254
v 0.078859359 1.36601985 0.0221286844
v 0.0802555531 1.36271119 0.0151545154
v 0.077324219 1.36100984 0.00365957129
v 0.078859359 1.36601985 0.0221286844
v 0.0802555531 1.36271119 0.0151545154
v 0.078601189 1.36577117 0.0261587594
v 0.06405624 1.33549285 -0.0143622458
v 0.0610498004 1.33416486 -0.0119711077
v 0.0649534166 1.34078324 -0.010362043
v 0.0657428578 1.3270129 -0.00879518595
v 0.06405624 1.33549285 -0.0143622458
v 0.0740460902 1.3352282 -0.012165606
v 0.0662153065 1.44959068 -0.104449928
v 0.0709126815 1.43215263 -0.110004023
v 0.0734566227 1.4311949 -0.106435932
v 0.080631122 1.41282165 -0.109333552
v 0.0752117634 1.41372752 -0.115230769
v 0.0786495581 1.39574456 -0.117037043
v 0.0860131979 1.39658964 -0.110952102
v 0.0932195559 1.37035608 -0.109853163
v 0.0826296955 1.37160325 -0.118734941
v 0.0935873017 1.35035825 -0.11045114
v 0.0818783939 1.34980607 -0.115337268
v 0.097324729 1.37102568 -0.0981772318
v 0.0946992785 1.39361537 -0.0950077698
v 0.0795869082 1.33676422 -0.109932221
v 0.0738696009 1.33716166 -0.106883697
v 0.0678693578 1.32861686 -0.0998454541
v 0.0717599317 1.32726955 -0.100720271
v 0.0612995811 1.32259333 -0.0928885117
v 0.0635722578 1.32020164 -0.0918495059
v 0.054292731 1.31755388 -0.0848118588
v 0.0560472868 1.31666076 -0.0840127915
v 0.0507834218 1.31327116 -0.0783910528
v 0.0516566783 1.31266069 -0.0775359645
v 0.0485961176 1.30759168 -0.0695306137
v 0.0587335564 1.31591475 -0.082457006
v 0.0677009821 1.31905472 -0.089259699
v 0.0779727176 1.32674956 -0.0977879614
v 0.052907262 1.31234598 -0.0766188428
v 0.0540081486 1.31242323 -0.0751466602
v 0.0537224524 1.31366992 -0.0750569776
v 0.0600887798 1.31786227 -0.0777730718
v 0.0605763085 1.31596386 -0.079508543
v 0.069489561 1.32350075 -0.0812340826
v 0.0706934705 1.31976366 -0.0835896209
v 0.0770449638 1.32929718 -0.0834924281
v 0.0811052695 1.32703865 -0.0887560621
v 0.0872681513 1.3368715 -0.105753228
v 0.0907666385 1.33760881 -0.0939098448
v 0.0857032388 1.34064066 -0.0868298486
v 0.0917334333 1.35352623 -0.0903391987
v 0.0965768769 1.35161614 -0.0975683853
v 0.0943366662 1.37214923 -0.0930595845
v 0.0946992785 1.39361537 -0.0950077698
v 0.112750754 1.37355661 -0.012391801
v 0.109541349 1.39133883 -0.0163800642
v 0.106593877 1.38912284 -0.0006962794
v 0.109918527 1.37286448 -0.000273498736
v 0.116276644 1.35428035 -0.00709466962
v 0.114431992 1.35283637 0.000395779527
v 0.119306065 1.33643615 -0.00148594985
v 0.113422006 1.37282407 0.00282623945
v 0.118887469 1.33577967 0.00458637811
v 0.119166926 1.33193564 0.0004879958
v 0.110292412 1.38900709 0.00172540417
v 0.103547536 1.4101758 0.000934545998
v 0.117187262 1.35418057 0.00550128939
v 0.119074993 1.33271956 0.00590636535
v 0.117104985 1.32770503 0.00251568062
v 0.105479352 1.41229796 0.00100348063
v 0.10027498 1.42983985 0.0017302942
v 0.12032529 1.3363682 0.00873574801
v 0.116460577 1.32902992 0.00696634874
v 0.11807847 1.32880521 0.0104135033
v 0.11071033 1.32125247 0.00668706512
v 0.109347805 1.3224721 0.00957753975
v 0.103686601 1.31421781 0.00966240466
v 0.100869879 1.43049467 0.000847880205
v 0.095671773 1.45142996 0.00271354732
v 0.120271765 1.33263731 0.00955736171
v 0.123096026 1.33184648 0.00918965042
v 0.123447694 1.33646286 0.00806295499
v 0.125027418 1.33128548 0.00456832536
v 0.120689057 1.35442972 0.00340774562
v 0.119989775 1.32675123 0.0103422375
v 0.12516281 1.33630657 0.002629339
v 0.117288701 1.37296188 -0.000475530396
v 0.121635847 1.35457802 -0.00281631458
v 0.121637322 1.33726513 -0.00132318633
v 0.113113746 1.39070809 -0.00292415498
v 0.11772529 1.37304878 -0.00679580914
v 0.107943349 1.41314495 -0.00506340712
v 0.118436322 1.35454345 -0.00661440892
v 0.114102386 1.39035904 -0.00937994197
v 0.102939159 1.43174696 -0.00613452354
v 0.104397066 1.4321177 -0.0126493312
v 0.0964228734 1.45501447 -0.00530169997
v 0.114806153 1.37341118 -0.0113607282
v 0.10945008 1.41295636 -0.0111850994
v 0.108921804 1.41287363 -0.017179139
v 0.0959402546 1.45358324 0.00171268813
v 0.0864753127 1.47342455 0.00326067349
v 0.0864153579 1.47267365 0.00577304605
v 0.112148531 1.39118981 -0.0147543876
v 0.0755587965 1.48619616 0.00503655802
v 0.0746909901 1.4849931 0.00723466417
v 0.0648296177 1.49578285 0.00725358725
v 0.0645022616 1.49530661 0.00958391745
v 0.052989576 1.5055784 0.0091509372
v 0.052637022 1.50454187 0.0115797585
v 0.0347500741 1.5172745 0.0126931984
v 0.0329377353 1.51740062 0.0147158392
v 0.019088855 1.52136528 0.0167983882
v 0.0536300987 1.50690675 0.0014592309
v 0.0655483752 1.49712861 -0.000689228822
v 0.0767206699 1.48758018 -0.00260850927
v 0.0365325697 1.51812851 0.0038358022
v 0.0201002713 1.52261317 0.00733703608
v 0.0060928301 1.52364755 0.0181521773
v 0.0376728773 1.51811576 -0.00785922911
v 0.0537339337 1.50844157 -0.0116550885
v 0.0876243934 1.47516215 -0.00467672804
v 0.0659784377 1.49952781 -0.0146880038
v 0.0768855661 1.49015069 -0.0173546486
v 0.097087115 1.4553535 -0.0129714478
v 0.0875156 1.47683799 -0.0194459073
v 0.0972006992 1.45581412 -0.0218264237
v 0.10477981 1.43206239 -0.0192482602
v 0.103297219 1.43228018 -0.0204995312
v 0.107672974 1.41254449 -0.0183159746
v 0.109541349 1.39133883 -0.0163800642
v 0.112750754 1.37355661 -0.012391801
v 0.116276644 1.35428035 -0.00709466962
v 0.119306065 1.33643615 -0.00148594985
v 0.121254295 1.33181381 0.0012678426
v 0.119166926 1.33193564 0.0004879958
v 0.117104985 1.32770503 0.00251568062
v 0.118966617 1.3269825 0.00357035431
v 0.12160714 1.32564664 0.00688079558
v 0.113516062 1.31882906 0.00935632084
v 0.111762434 1.3198477 0.00718936883
v 0.11071033 1.32125247 0.00668706512
v 0.1041639 1.3136903 0.0100157149
v 0.103686601 1.31421781 0.00966240466
v 0.112503059 1.31979918 0.0116189821
v 0.0991341472 1.31009209 0.0126984604
v 0.0988954976 1.3103559 0.0125218043
v 0.0952852294 1.30504274 0.015891701
v 0.099260807 1.31019378 0.0137633281
v 0.104654685 1.31347108 0.0116952118
v 0.104179733 1.31431627 0.0125956926
v 0.111028634 1.3219409 0.0119861979
v 0.0987089053 1.31116438 0.0142167574
v 0.103313424 1.31583464 0.0130523099
v 0.102265544 1.31692934 0.0116272802
v 0.098184973 1.31171155 0.0135042425
v 0.0988954976 1.3103559 0.0125218043
v -0.0124745341 1.52081835 0.0210799314
v -0.0160433426 1.51430321 0.0234240238
v -0.0169797 1.51540315 0.0165490471
v -0.0144607658 1.52113533 0.0132572828
v -0.0077965986 1.52359939 0.0116852494
v -0.00599928247 1.52424431 0.0193941109
v -0.0157994088 1.52098906 0.00420839665
v -0.017665768 1.51594877 0.00781840738
v -0.0178847332 1.51488626 -0.00283400947
v -0.00888250768 1.52366388 0.0024484524
v 0.00512276357 1.52467299 0.00991297048
v 0.00424214732 1.52526116 -0.000144257574
v -0.0152553665 1.5206672 -0.00593608012
v -0.0143800974 1.51880074 -0.0100057889
v -0.0164780486 1.51444638 -0.0104109449
v -0.00793517753 1.52175987 -0.0107910018
v -0.0087179793 1.5232985 -0.00769446557
v 0.00363870873 1.52425957 -0.0131978905
v 0.00281395344 1.52604318 -0.0107617062
v 0.020161042 1.52453518 -0.0161046237
v 0.0208931994 1.52350307 -0.0040321108
v 0.0378870331 1.51797998 -0.0196071491
v 0.053089574 1.50920045 -0.0248219837
v 0.065201439 1.50044906 -0.0298534203
v 0.0763406977 1.49052894 -0.0286620297
v 0.0875156 1.47683799 -0.0194459073
v 0.0866151154 1.47745788 -0.0316526555
v 0.0978551358 1.45502806 -0.0354836807
v 0.0972006992 1.45581412 -0.0218264237
v 0.106062412 1.43306625 -0.0247918796
v 0.103499614 1.4326936 -0.021261435
v 0.107746333 1.41225219 -0.0203295276
v 0.105026379 1.43283379 -0.034136489
v 0.103803121 1.43241274 -0.0388247781
v 0.107947975 1.41313016 -0.0421067812
v 0.110612884 1.41324019 -0.0342383347
v 0.110068269 1.39110017 -0.0437352657
v 0.110449381 1.4129945 -0.0248105954
v 0.112809971 1.39211881 -0.024461085
v 0.10912025 1.39146817 -0.0197293684
v 0.113503702 1.39184201 -0.0345857479
v 0.110998206 1.37310374 -0.0427305847
v 0.1147632 1.37427878 -0.024044048
v 0.110245921 1.37366164 -0.0186270848
v 0.115618125 1.37460685 -0.0345881879
v 0.109864205 1.35423923 -0.0395469889
v 0.114963017 1.35457742 -0.0224724263
v 0.109314039 1.35384178 -0.0163494814
v 0.115090899 1.35473216 -0.0330302119
v 0.107520476 1.33478773 -0.0341946892
v 0.111675568 1.33477485 -0.0193123333
v 0.108204469 1.33720934 -0.01445626
v 0.110666715 1.3337388 -0.0288363956
v 0.0988284722 1.32022071 -0.0264740437
v 0.103147209 1.31979454 -0.0172887053
v 0.102818966 1.31936049 -0.0231700726
v 0.0894972086 1.31333768 -0.0200113188
v 0.0995054916 1.32098544 -0.0142799979
v 0.10022945 1.33882415 -0.0136615681
v 0.0956695601 1.32244563 -0.0143189412
v 0.0921178684 1.31269515 -0.0173099972
v 0.0811480284 1.30723643 -0.0123501187
v 0.0928473845 1.31329966 -0.0151646407
v 0.0920696929 1.31473553 -0.0137439976
v 0.0904453918 1.31637359 -0.0140333362
v 0.0311242286 1.30881 -0.0901666135
v 0.0337497555 1.31292343 -0.0902630463
v 0.0345445313 1.31244493 -0.0895075426
v 0.0427650437 1.31671381 -0.0915556625
v 0.0381278247 1.31858134 -0.0945421457
v 0.0549074858 1.32108259 -0.0962081924
v 0.0441324525 1.32582068 -0.101369657
v 0.0659578592 1.32880342 -0.101990029
v 0.0499433614 1.33243144 -0.110270157
v 0.0738696009 1.33716166 -0.106883697
v 0.0537437759 1.34007108 -0.118931785
v 0.0553977489 1.34962487 -0.123337708
v 0.0720602423 1.35067177 -0.10816285
v 0.0718272254 1.37223411 -0.110051483
v 0.0552938245 1.37133253 -0.125266105
v 0.0857032388 1.34064066 -0.0868298486
v 0.0678693578 1.32861686 -0.0998454541
v 0.0917334333 1.35352623 -0.0903391987
v 0.0770449638 1.32929718 -0.0834924281
v 0.0943366662 1.37214923 -0.0930595845
v 0.0612995811 1.32259333 -0.0928885117
v 0.069489561 1.32350075 -0.0812340826
v 0.054292731 1.31755388 -0.0848118588
v 0.0600887798 1.31786227 -0.0777730718
v 0.0507834218 1.31327116 -0.0783910528
v 0.0537224524 1.31366992 -0.0750569776
v 0.0485961176 1.30759168 -0.0695306137
v 0.0946992785 1.39361537 -0.0950077698
v 0.070636861 1.38489175 -0.107510619
v 0.0697657168 1.39443862 -0.106698804
v 0.0855021924 1.39709604 -0.0902528539
v 0.0923060998 1.41522431 -0.0912898779
v 0.0541832335 1.38326371 -0.118920647
v 0.0519157164 1.39315009 -0.112859689
v 0.0388718396 1.38392234 -0.124108396
v 0.0414837338 1.39224458 -0.118619621
v 0.0385367908 1.37204385 -0.125439063
v 0.0362831652 1.35071301 -0.122964114
v 0.0535836034 1.34853709 -0.119954258
v 0.033002913 1.33964503 -0.117381901
v 0.0489545986 1.33683681 -0.114988469
v 0.0298535321 1.33092129 -0.111864142
v 0.0407317877 1.32711351 -0.10738527
v 0.0308462903 1.31954467 -0.0978881046
v 0.0249105934 1.32105756 -0.099548623
v 0.0205364227 1.30965579 -0.0904499069
v 0.0286666527 1.38304627 -0.120115347
v 0.0285583343 1.39109051 -0.120801471
v 0.0402385145 1.37325966 -0.133772939
v 0.0403102562 1.39724743 -0.133099005
v 0.0164843798 1.38273597 -0.120524429
v 0.0132450089 1.39033866 -0.121762343
v 0.0284805838 1.37321436 -0.119276732
v 7.68972637E-19 1.38305247 -0.1207707
v -4.07640267E-19 1.39033866 -0.122038893
v 0.0265595503 1.35825789 -0.120349862
v 0.0382201485 1.35038388 -0.129732072
v 0.0349914953 1.33852386 -0.124153115
v 0.0172050335 1.37325609 -0.119249277
v 0.0238103233 1.34483302 -0.119468838
v 0.0300808121 1.32973504 -0.115916699
v 0.0201660842 1.33581555 -0.11671786
v 0.018934302 1.32166088 -0.103028446
v -0.0131728146 1.38265729 -0.120633923
v -0.0132450089 1.39033866 -0.121762343
v 0.0163770504 1.35929894 -0.118555412
v 0.0238103233 1.34483302 -0.119468838
v -5.66034523E-19 1.37456703 -0.119220674
v 0.00925873779 1.32074535 -0.101644866
v 0.00247106701 1.30862486 -0.0867888108
v 0.00926284678 1.32171202 -0.109272547
v 0.0155692417 1.33081698 -0.127747551
v -0.0284045991 1.38305664 -0.120119572
v -0.0285582878 1.39109051 -0.120801449
v -0.0414837338 1.39224458 -0.118619621
v -0.0536448173 1.38266039 -0.118011631
v -0.0533581115 1.39315009 -0.11289072
v -0.0713038594 1.38583004 -0.110169992
v -0.0697657093 1.39443862 -0.106698886
v -0.0855021924 1.39709604 -0.0902528539
v -0.0130845783 1.37326884 -0.119254746
v -0.0282167587 1.37323725 -0.11928615
v 8.31283905E-05 1.35971677 -0.117620036
v -0.0196842551 1.35876322 -0.12006259
v -0.0179327149 1.3475368 -0.118411884
v -0.000471356616 1.348598 -0.115420885
v -0.052085571 1.37463808 -0.125108644
v 0.0136450334 1.34738898 -0.116720751
v -0.047940392 1.35680568 -0.123911217
v -0.0542110391 1.37491143 -0.126215652
v -0.0499764532 1.35659635 -0.124544084
v -0.0439886972 1.34480667 -0.118065424
v -0.0462733582 1.34438431 -0.118535124
v -0.0408686399 1.33564949 -0.113732643
v -0.0383888409 1.33590174 -0.112992704
v -0.029138431 1.32487845 -0.103151836
v -0.00148715405 1.33946311 -0.110296294
v 0.010570745 1.33865535 -0.111779943
v 0.0201660842 1.33581555 -0.11671786
v -0.0146285258 1.33575451 -0.116143435
v -0.0275615957 1.32536709 -0.103050582
v -0.0222543739 1.31976819 -0.0953240246
v 0.00467356713 1.32483625 -0.101123609
v 0.00969366543 1.32505977 -0.105443135
v -0.00338486535 1.32569182 -0.10064657
v -0.00426367857 1.31961238 -0.0947350115
v 0.00214166404 1.3185364 -0.093936041
v 0.00465981849 1.3187716 -0.0967573896
v -2.06854179E-06 1.31337845 -0.088938728
v -0.0130720418 1.32691514 -0.109524369
v -0.0114137195 1.31906259 -0.0999885574
v -0.00971939694 1.31301403 -0.0914557651
v -0.00501255458 1.31443179 -0.0896975026
v -0.00919902418 1.30801463 -0.0863841102
v -0.00613372307 1.30890787 -0.0856805593
v -0.00311873946 1.30815482 -0.0852856636
v -0.00886173919 1.30339336 -0.0844841748
v -0.00697478699 1.3033241 -0.0836949646
v -0.00548452139 1.30284023 -0.0835575387
v -0.00809678901 1.29480028 -0.0837960318
v -0.0122288233 1.32845545 -0.106896773
v -0.0130720418 1.32691514 -0.109524369
v -0.0114137195 1.31906259 -0.0999885574
v -0.0211895443 1.31999934 -0.0954249874
v -0.0108508291 1.32081199 -0.0976032391
v -0.0099588912 1.31489694 -0.0919399336
v -0.0168035161 1.31618786 -0.0900631398
v -0.0175054166 1.31610608 -0.0898755342
v -0.0134759136 1.31097114 -0.0856850296
v -0.00999959931 1.31581354 -0.0911994129
v -0.00972300489 1.31082499 -0.0863469765
v -0.00970265083 1.31036663 -0.0867172331
v -0.00956426281 1.30470669 -0.0820824057
v -0.0127619077 1.31105447 -0.0858758837
v 0.104392834 1.412516 -0.0595429651
v 0.100448832 1.43367112 -0.0547456928
v 0.10345573 1.41318178 -0.0618384965
v 0.108846344 1.39232874 -0.062369369
v 0.105073877 1.39348245 -0.0663407296
v 0.112369135 1.3719821 -0.0642390028
v 0.103665523 1.37197435 -0.0668433309
v 0.102605328 1.34970737 -0.0636365041
v 0.114750862 1.36958146 -0.0560993999
v 0.112277545 1.3894676 -0.0480032377
v 0.112105876 1.34735274 -0.0610090382
v 0.115371376 1.34618127 -0.0519626811
v 0.104664229 1.32964766 -0.0509912856
v 0.0952396542 1.32858181 -0.0531024151
v 0.114166841 1.37254822 -0.0470254235
v 0.109196432 1.33014846 -0.0444801003
v 0.0943709761 1.31756425 -0.042723611
v 0.0875400901 1.31685162 -0.0441786572
v 0.111873366 1.34942985 -0.0420827046
v 0.0985307097 1.31877899 -0.0374768712
v 0.0825604051 1.3086828 -0.0339674167
v 0.0805795491 1.30918896 -0.0364849232
v 0.079259254 1.30470741 -0.0334122777
v 0.080408603 1.30467403 -0.0321220122
v 0.0787001625 1.29790068 -0.0299933907
v 0.0837997049 1.31025112 -0.0307713654
v 0.0808693394 1.30523849 -0.0305554979
v 0.0801877379 1.30570757 -0.0296865478
v 0.082103774 1.3108983 -0.0297620911
v 0.0969293565 1.32003736 -0.0331715904
v 0.0914753154 1.32092965 -0.0304674637
v 0.101969004 1.33477867 -0.0341049656
v 0.106190816 1.33170259 -0.0364959985
v 0.108082265 1.35195243 -0.0386051945
v 0.109574147 1.37297714 -0.0421846993
v 0.107356347 1.3909198 -0.0423525646
v 0.107947975 1.41313016 -0.0421067812
v 0.107160076 1.41503811 -0.0423097163
v 0.103803121 1.43241274 -0.0388247781
v 0.0944548622 1.3385998 -0.111668058
v 0.0965899527 1.3468709 -0.114614904
v 0.0996282771 1.34677804 -0.113691784
v 0.0963691026 1.35696876 -0.116331272
v 0.100709036 1.35247803 -0.113175958
v 0.0956482515 1.36343443 -0.116574138
v 0.100170657 1.36325884 -0.110322073
v 0.0979291797 1.37599123 -0.104784079
v 0.0908653587 1.37920046 -0.113577172
v 0.0946992785 1.39361537 -0.0950077698
v 0.0860131979 1.39658964 -0.110952102
v 0.114642657 1.37168562 -0.0623854846
v 0.108846344 1.39232874 -0.062369369
v 0.112277545 1.3894676 -0.0480032377
v 0.118058316 1.37082195 -0.0504644252
v 0.12155813 1.35460985 -0.0502297021
v 0.119057566 1.35527527 -0.0586870424
v 0.120618179 1.34288311 -0.0509690121
v 0.115203619 1.39086366 -0.0486092381
v 0.107160076 1.41503811 -0.0423097163
v 0.121794172 1.34331834 -0.0474338084
v 0.12059921 1.33479583 -0.043485444
v 0.109213084 1.41365373 -0.0436553657
v 0.103803121 1.43241274 -0.0388247781
v 0.104952268 1.43226647 -0.0400379077
v 0.0978551358 1.45502806 -0.0354836807
v 0.096099548 1.45542049 -0.0440482125
v 0.0866151154 1.47745788 -0.0316526555
v 0.103635073 1.43442547 -0.0488505587
v 0.086059466 1.47649157 -0.0396473743
v 0.0763406977 1.49052894 -0.0286620297
v 0.0754191428 1.48987329 -0.0375100262
v 0.065201439 1.50044906 -0.0298534203
v 0.0858113617 1.4733448 -0.044393301
v 0.0937884897 1.45481396 -0.0493524335
v 0.115643129 1.39254928 -0.0559944175
v 0.109609395 1.41387963 -0.0530721135
v 0.121577345 1.37160754 -0.0580060594
v 0.11083512 1.39251816 -0.0625262409
v 0.106179349 1.41317391 -0.059051536
v 0.100448832 1.43367112 -0.0547456928
v 0.104392834 1.412516 -0.0595429651
v 0.108846344 1.39232874 -0.062369369
v 0.116976582 1.37176645 -0.0629335269
v 0.114642657 1.37168562 -0.0623854846
v 0.119057566 1.35527527 -0.0586870424
v 0.120762691 1.37123597 -0.0516772829
v 0.125003591 1.35576868 -0.0558363609
v 0.123779915 1.35528743 -0.0513614006
v 0.121358678 1.35551178 -0.0588615201
v 0.124828801 1.34866178 -0.0528737158
v 0.123674951 1.34893656 -0.0498093218
v 0.122112617 1.34875059 -0.0550567694
v 0.120618179 1.34288311 -0.0509690121
v 0.121550746 1.34247279 -0.0506564565
v 0.123176679 1.34219444 -0.0493259355
v 0.122325122 1.34289229 -0.0476516746
v 0.0811480284 1.30723643 -0.0123501187
v 0.0894972086 1.31333768 -0.0200113188
v 0.0904453918 1.31637359 -0.0140333362
v 0.0988284722 1.32022071 -0.0264740437
v 0.0956695601 1.32244563 -0.0143189412
v 0.107520476 1.33478773 -0.0341946892
v 0.10022945 1.33882415 -0.0136615681
v 0.109864205 1.35423923 -0.0395469889
v 0.103014067 1.35313702 -0.0166850388
v 0.110998206 1.37310374 -0.0427305847
v 0.105849162 1.3728044 -0.02065056
v 0.110068269 1.39110017 -0.0437352657
v 0.104188621 1.38934863 -0.0204743557
v 0.0965853482 1.38807189 -0.00691222725
v 0.0978835151 1.40874183 -0.0355852023
v 0.0994603261 1.4065634 -0.019891927
v 0.0974532887 1.41419876 -0.0199832432
v 0.0975371972 1.4215548 -0.00177253806
v 0.0982545838 1.404212 -0.00484297425
v 0.0995838121 1.40481842 -0.00214260537
v 0.100742258 1.386747 -0.00233141845
v 0.103437327 1.37151599 -0.00110312202
v 0.0988465101 1.37229598 -0.00776537647
v 0.104456224 1.35306716 0.000832104008
v 0.0983084068 1.35389924 -0.00677516311
v 0.103014067 1.35313702 -0.0166850388
v 0.103937842 1.33715129 0.00326399831
v 0.10022945 1.33882415 -0.0136615681
v 0.0977712646 1.33851147 -0.0037658962
v 0.101227015 1.32394159 0.00632446352
v 0.0975356847 1.32491803 -0.000491875107
v 0.0979842544 1.32095742 -0.00507861236
v 0.0977004915 1.31410754 0.00777330669
v 0.0958517045 1.31286848 -0.000461679621
v 0.0952908695 1.31382322 0.00369126978
v 0.0945926532 1.30620539 0.00797569938
v 0.0925721824 1.30613816 0.00615033507
v 0.0925625488 1.30619502 0.00348122045
v 0.0923110172 1.29990327 0.00676035695
v 0.0916664451 1.29992688 0.00600760756
v 0.0914378539 1.299963 0.00552015938
v 0.0919716358 1.29525316 0.00425646035
v 0.108836971 1.3731755 -0.00109561358
v 0.106593877 1.38912284 -0.0006962794
v 0.109541349 1.39133883 -0.0163800642
v 0.11096023 1.37359083 -0.0150035461
v 0.110245921 1.37366164 -0.0186270848
v 0.10912025 1.39146817 -0.0197293684
v 0.107746333 1.41225219 -0.0203295276
v 0.107672974 1.41254449 -0.0183159746
v 0.103297219 1.43228018 -0.0204995312
v 0.103499614 1.4326936 -0.021261435
v 0.0972006992 1.45581412 -0.0218264237
v 0.112301439 1.35319948 -0.0123374779
v 0.109314039 1.35384178 -0.0163494814
v 0.111206032 1.35209715 -0.00108022266
v 0.11205364 1.33640909 -0.00893699378
v 0.108204469 1.33720934 -0.01445626
v 0.110360391 1.33694458 0.000731602137
v 0.103437327 1.37151599 -0.00110312202
v 0.104456224 1.35306716 0.000832104008
v 0.100742258 1.386747 -0.00233141845
v 0.106593877 1.38912284 -0.0006962794
v 0.103547536 1.4101758 0.000934545998
v 0.0995838121 1.40481842 -0.00214260537
v 0.103937842 1.33715129 0.00326399831
v 0.107626714 1.32234144 0.00340581429
v 0.101227015 1.32394159 0.00632446352
v 0.10836225 1.32016873 -0.00197151885
v 0.102052107 1.31404233 0.0051786555
v 0.0977004915 1.31410754 0.00777330669
v 0.1036276 1.31981874 -0.0047830143
v 0.10022945 1.33882415 -0.0136615681
v 0.0979842544 1.32095742 -0.00507861236
v 0.10004662 1.31151807 1.77207585E-05
v 0.0958517045 1.31286848 -0.000461679621
v 0.102133699 1.31237793 0.00127605256
v 0.0960442647 1.30620408 0.0062792548
v 0.0945926532 1.30620539 0.00797569938
v 0.0962043852 1.30585444 0.00405289466
v 0.0946380869 1.30538189 0.0031601144
v 0.0925625488 1.30619502 0.00348122045
v 0.0914378539 1.299963 0.00552015938
v 0.0928657874 1.29996002 0.00554366829
v 0.0923110172 1.29990327 0.00676035695
v 0.0919716358 1.29525316 0.00425646035
v 0.0922090486 1.3000102 0.00479525002
v -0.0143800974 1.51880074 -0.0100057889
v -0.0164780486 1.51444638 -0.0104109449
v -0.019015776 1.51525688 -0.0155931432
v -0.015818309 1.52091873 -0.0131621026
v -0.00793517753 1.52175987 -0.0107910018
v -0.0164837781 1.52139282 -0.0217037071
v -0.0191829596 1.51602125 -0.0209725089
v -0.0188777614 1.51659906 -0.0302268565
v -0.00849738996 1.52353525 -0.0131613361
v 0.00363870873 1.52425957 -0.0131978905
v -0.0164127033 1.52050996 -0.0301345456
v -0.0177081879 1.51565135 -0.0382722318
v -0.00973572396 1.52423859 -0.0222193096
v 0.00315649179 1.52637208 -0.0144835804
v 0.0026470013 1.52689111 -0.0249818396
v -0.0156132663 1.51769102 -0.0402484275
v -0.0146230329 1.51687872 -0.0434877425
v -0.00996655691 1.52393198 -0.0324325114
v 0.0190347452 1.52443814 -0.027863767
v -0.00981504284 1.52213824 -0.0432015359
v 0.0020446775 1.52618217 -0.0377434269
v 0.0369933359 1.51771224 -0.0321675651
v -0.00862677488 1.52067161 -0.0489168428
v -0.0134331388 1.51594126 -0.0456290767
v 0.0176474415 1.52417064 -0.0382162966
v 0.051916182 1.50933945 -0.0379730836
v 0.00192067528 1.52412856 -0.0479770079
v -0.00688502006 1.51836073 -0.0535102151
v -0.0120118186 1.51527786 -0.0489514098
v 0.0352221355 1.51776278 -0.0440238528
v 0.0157769267 1.52361321 -0.0448463298
v 0.00683236681 1.52044809 -0.0611888878
v -0.00656905118 1.51637733 -0.0546144396
v -0.0103525156 1.51388037 -0.0512674116
v 0.0110920202 1.52215755 -0.0532906465
v 0.01807319 1.51372373 -0.0740416571
v 0.00471433718 1.51729214 -0.0635148734
v -0.00562267844 1.51500678 -0.0561629608
v -0.0038877409 1.5142442 -0.0582690574
v 0.00466080103 1.5151372 -0.0656125098
v 0.00474539027 1.51370943 -0.0664836541
v 0.0164484791 1.51111984 -0.0761020184
v 0.0160493441 1.5095855 -0.0763695538
v 0.0315426067 1.51721406 -0.0544918813
v 0.0255587734 1.50405419 -0.085431695
v 0.0246256087 1.50222147 -0.0850808918
v 0.0251941904 1.51547682 -0.0642684028
v 0.049791716 1.50891268 -0.052830141
v 0.0610664263 1.49912369 -0.0611168072
v 0.0634472817 1.50046992 -0.0436313227
v 0.0452237651 1.50814998 -0.0633678958
v 0.0285419729 1.50575089 -0.0839265883
v 0.0373721048 1.50713015 -0.0739470869
v 0.0735229626 1.4873867 -0.0567049868
v 0.0557942986 1.49794936 -0.0728547201
v 0.0648710877 1.48289287 -0.0813679025
v 0.047330454 1.49708879 -0.0832061395
v 0.0364955105 1.49460924 -0.0939540341
v 0.0425705053 1.4801681 -0.10313049
v 0.0330153853 1.49297786 -0.094426766
v 0.0321511813 1.49217296 -0.0938512236
v 0.0388330929 1.47919309 -0.103176899
v 0.0434793904 1.46612072 -0.110645711
v 0.0567719676 1.48140001 -0.0916320309
v 0.0473175421 1.4669683 -0.10991212
v 0.0480500162 1.44855237 -0.117297649
v 0.0609398112 1.46651018 -0.0985417813
v 0.0638681427 1.46652019 -0.0974446088
v 0.0662153065 1.44959068 -0.104449928
v 0.0706650615 1.45055962 -0.102610633
v 0.0528426729 1.44867134 -0.116797142
v 0.0575534664 1.43100405 -0.121669576
v 0.0709126815 1.43215263 -0.110004023
v 0.0752117634 1.41372752 -0.115230769
v 0.0521924086 1.43175423 -0.122128859
v 0.0505903773 1.43131542 -0.121230789
v 0.0616517998 1.41328943 -0.124775723
v 0.0554246493 1.41370249 -0.126635715
v 0.0523293614 1.41402984 -0.123738982
v 0.0791667402 1.39576399 -0.119925231
v 0.0786495581 1.39574456 -0.117037043
v 0.0828209668 1.37161541 -0.123789206
v 0.0826296955 1.37160325 -0.118734941
v 0.0818783939 1.34980607 -0.115337268
v 0.0657523498 1.39478898 -0.128110185
v 0.0574512742 1.39591563 -0.129765511
v 0.0540981293 1.39576519 -0.125781119
v 0.0696916357 1.37159944 -0.130671799
v 0.0703723282 1.35021019 -0.127732575
v 0.0599884912 1.37195873 -0.131964192
v 0.0552938245 1.37133253 -0.125266105
v 0.0607466027 1.35030901 -0.128645211
v 0.0553977489 1.34962487 -0.123337708
v 0.0587581843 1.33747995 -0.122308671
v 0.0537437759 1.34007108 -0.118931785
v 0.0499433614 1.33243144 -0.110270157
v 0.0812865421 1.34991372 -0.12258812
v 0.0740546286 1.33590114 -0.116345443
v 0.0669420809 1.33680367 -0.121667154
v 0.0538362451 1.330405 -0.114207707
v 0.0748387203 1.3366307 -0.110670201
v 0.0738696009 1.33716166 -0.106883697
v 0.0659578592 1.32880342 -0.101990029
v 0.0597668104 1.32860422 -0.113499783
v 0.0465189479 1.3239696 -0.104973599
v 0.0441324525 1.32582068 -0.101369657
v 0.0664689317 1.32863617 -0.104762331
v 0.0549074858 1.32108259 -0.0962081924
v 0.0649589524 1.32806623 -0.109443754
v 0.0498527661 1.32164955 -0.103801735
v 0.0392580926 1.31762064 -0.0968856961
v 0.0381278247 1.31858134 -0.0945421457
v 0.0545625277 1.32102942 -0.097777091
v 0.0528037697 1.32096422 -0.10097979
v 0.0404586866 1.31593287 -0.0958816186
v 0.0339701064 1.31252146 -0.0917457268
v 0.0337497555 1.31292343 -0.0902630463
v 0.0311242286 1.30881 -0.0901666135
v 0.034127418 1.31155467 -0.0915546864
v 0.0416999795 1.31592667 -0.0940248817
v 0.0424032211 1.3158474 -0.0925124362
v 0.0427650437 1.31671381 -0.0915556625
v 0.0348772369 1.31192303 -0.0908287615
v 0.0347791426 1.31214702 -0.0899529904
v 0.0345445313 1.31244493 -0.0895075426
v -0.106011398 1.39522362 -0.0475701317
v -0.100285612 1.40716565 -0.0364243798
v -0.0990995169 1.40626752 -0.0491202213
v -0.106821582 1.41273689 -0.0438497625
v -0.104324259 1.33888316 -0.0357412845
v -0.106212489 1.34589922 -0.0352485031
v -0.111332022 1.35276115 -0.0327492245
v -0.111085095 1.33894968 -0.0308059808
v -0.109036148 1.32955301 -0.0284416527
v -0.10182289 1.3287468 -0.0329375044
v -0.110359482 1.3386445 -0.0243845433
v -0.104318798 1.32204711 -0.0245035589
v -0.0981262401 1.32240367 -0.0283382367
v -0.0938276723 1.31616557 -0.0233168863
v -0.109118715 1.32991636 -0.0232585799
v -0.110500142 1.35025799 -0.0242436994
v -0.105011977 1.33873367 -0.0216570236
v -0.106925391 1.37245452 -0.020347381
v -0.109426446 1.37279308 -0.0274349153
v -0.10576643 1.34876609 -0.0222386476
v -0.104208261 1.3895402 -0.0160998404
v -0.109341867 1.38875604 -0.0234544668
v -0.0990628675 1.41118896 -0.00841239281
v -0.103737049 1.37230432 -0.0194778144
v -0.0968464911 1.40976882 -0.00949798524
v -0.0946849138 1.42472744 -0.00467260228
v -0.100699492 1.38970029 -0.0150718009
v -0.0948580876 1.4086026 -0.0101585947
v -0.0975181833 1.41451716 -0.0201381966
v -0.0968215987 1.38890362 -0.0172356572
v -0.0999941677 1.3928653 -0.0282696858
v -0.104886189 1.37301552 -0.0329177864
v -0.0980403498 1.37245083 -0.0216038432
v -0.106212489 1.34589922 -0.0352485031
v -0.0999022573 1.34866977 -0.022751864
v -0.104324259 1.33888316 -0.0357412845
v -0.0997155234 1.33855414 -0.0218461659
v -0.10182289 1.3287468 -0.0329375044
v -0.0979159623 1.33149743 -0.0208216347
v -0.0981262401 1.32240367 -0.0283382367
v -0.102516972 1.33014357 -0.0204926655
v -0.0956703201 1.32509446 -0.0185864307
v -0.0938276723 1.31616557 -0.0233168863
v -0.104678139 1.32322252 -0.0203028526
v -0.0998119265 1.32478142 -0.0179268885
v -0.0992565826 1.31607223 -0.0201253705
v -0.100471348 1.31804442 -0.0171861332
v -0.0956979319 1.31918252 -0.0150243137
v -0.0921868309 1.31986403 -0.0157522038
v -0.0942115113 1.31178355 -0.0164612047
v -0.0893300921 1.31178439 -0.0186337158
v -0.0858195499 1.3070991 -0.0145797199
v -0.0955242738 1.31326473 -0.0140344854
v -0.0894022658 1.30733383 -0.0131577104
v -0.0911623091 1.31360912 -0.0120378882
v -0.0880355611 1.31305707 -0.0157396309
v -0.0893300921 1.31178439 -0.0186337158
v -0.0858195499 1.3070991 -0.0145797199
v -0.0864930972 1.30281258 -0.0113225942
v -0.0847271606 1.30160642 -0.0118318535
v -0.0852804258 1.29292524 -0.0086916741
v -0.0889224857 1.30815768 -0.0113392258
v -0.0860556141 1.30349922 -0.0103651648
v -0.0884851366 1.31406021 -0.0122516202
v -0.0869303718 1.30827689 -0.0103774248
v -0.0844761282 1.30732882 -0.012362442
v -0.0847271606 1.30160642 -0.0118318535
v -0.0848861709 1.30841172 -0.0105413161
v -0.0850663036 1.30363798 -0.0100158881
v -0.083844088 1.30279839 -0.00983615126
v -0.00101235579 1.3421644 -0.13475962
v 2.43661034E-05 1.35376489 -0.140837669
v -0.0114522595 1.35449219 -0.142348349
v -0.0108014559 1.34256375 -0.137871712
v -0.0109532829 1.33335114 -0.131311551
v -0.0025101339 1.33302307 -0.128783554
v -0.00518412469 1.32286811 -0.114252374
v -0.0103472592 1.32373559 -0.115796439
v -0.00757012004 1.31697655 -0.10287334
v -0.00950477645 1.31731963 -0.103593729
v -0.00930722896 1.31170225 -0.0927051231
v -0.116012439 1.37329936 -0.0247475766
v -0.109341867 1.38875604 -0.0234544668
v -0.115170412 1.3939538 -0.0227291789
v -0.120808408 1.37367606 -0.0234258808
v -0.123069391 1.35313797 -0.0249010436
v -0.125735298 1.35352373 -0.0239184704
v -0.127877802 1.33754802 -0.0244237091
v -0.128692627 1.33787012 -0.0233895257
v -0.127655298 1.33258677 -0.0218163207
v -0.121141262 1.37378955 -0.0139709041
v -0.125764951 1.35365891 -0.0164723601
v -0.128747106 1.3378551 -0.0173985194
v -0.116450563 1.39309061 -0.0109481383
v -0.112092286 1.41274226 -0.0188235696
v -0.111366957 1.41317117 -0.00747112604
v -0.106309921 1.43323004 -0.0143971592
v -0.128495038 1.33289027 -0.0210395958
v -0.127873838 1.33316004 -0.0161724631
v -0.122486562 1.32656872 -0.0155803394
v -0.121805169 1.32658827 -0.016408639
v -0.12216644 1.32735002 -0.0128444359
v -0.115209594 1.32198787 -0.0126838535
v -0.114529766 1.32204175 -0.0134488326
v -0.123413399 1.33460832 -0.0135900117
v -0.102745064 1.31673539 -0.0101640867
v -0.102943398 1.31702363 -0.0106571699
v -0.0928188935 1.31255174 -0.00982671231
v -0.115164928 1.32282865 -0.0103952009
v -0.124468803 1.33761811 -0.0148619469
v -0.121055998 1.35220933 -0.0142772933
v -0.103663892 1.31815016 -0.00908096135
v -0.103896648 1.32043302 -0.00848638825
v -0.119673915 1.33101773 -0.0115606459
v -0.122921109 1.3376987 -0.0158935636
v -0.115129001 1.37314463 -0.0122136213
v -0.10387823 1.32118332 -0.00968996249
v -0.102943398 1.31702363 -0.0106571699
v -0.112696677 1.325822 -0.00904484373
v -0.112718135 1.32631755 -0.0112781646
v -0.114529766 1.32204175 -0.0134488326
v -0.121805169 1.32658827 -0.016408639
v -0.119193532 1.33150542 -0.0127932662
v -0.127655298 1.33258677 -0.0218163207
v -0.12218105 1.33495975 -0.0146974558
v -0.127877802 1.33754802 -0.0244237091
v -0.118619628 1.3521328 -0.0150336884
v -0.123069391 1.35313797 -0.0249010436
v -0.111565284 1.37283945 -0.0131376637
v -0.105574742 1.39040291 -0.0112418896
v -0.116012439 1.37329936 -0.0247475766
v -0.109341867 1.38875604 -0.0234544668
v -0.0990628675 1.41118896 -0.00841239281
v -0.109340668 1.39195764 -0.00965617318
v -0.102880716 1.4116739 -0.00603132369
v -0.0987666622 1.41116464 -0.00715799769
v -0.0946849138 1.42472744 -0.00467260228
v -0.0970782042 1.4289856 -0.00305083743
v -0.0917613804 1.44202149 -0.000936827913
v -0.10420084 1.43381715 -0.0039276639
v -0.0955064967 1.45452392 -0.000603075954
v -0.084613122 1.45985866 0.00211757235
v -0.078002423 1.47608721 0.00441721128
v -0.0867829323 1.47465944 0.00246065832
v -0.0970174596 1.45666444 -0.00933059026
v -0.0789139569 1.48807693 0.00449098833
v -0.075938493 1.48652136 0.00522931572
v -0.0688710511 1.49758101 0.00642720936
v -0.0711602271 1.49794877 0.00584704522
v -0.057370469 1.50825894 0.00821571704
v -0.0802031234 1.48876595 -0.00405740179
v -0.0718033686 1.49880886 -0.00196129573
v -0.058841452 1.50937521 0.000957563927
v -0.0881328061 1.47441804 -0.00634540105
v -0.0893861726 1.47455156 -0.0135342414
v -0.0978326574 1.45590925 -0.0180778615
v -0.105565511 1.43460143 -0.0229752772
v -0.112092286 1.41274226 -0.0188235696
v -0.0453380942 1.51679206 0.00362633448
v -0.0449088365 1.51512802 0.00996705052
v -0.0973710418 1.45527899 -0.0264770817
v -0.111157022 1.41349959 -0.0281814672
v -0.115170412 1.3939538 -0.0227291789
v -0.0308305155 1.52004015 0.00529936003
v -0.0305725969 1.5190233 0.0107397316
v -0.0238608643 1.5196811 0.00523047987
v -0.0232654493 1.51863003 0.0108300084
v -0.0198155902 1.51761186 0.0101484079
v -0.0200936031 1.51753211 0.00443985919
v -0.017665768 1.51594877 0.00781840738
v -0.0178847332 1.51488626 -0.00283400947
v -0.0193449892 1.51819074 -0.00238190778
v -0.0164780486 1.51444638 -0.0104109449
v -0.0249085557 1.52129555 -0.00225459924
v -0.0198230799 1.51977158 -0.0101241227
v -0.019015776 1.51525688 -0.0155931432
v -0.0310340747 1.52175367 -0.00199247757
v -0.0254352037 1.52261794 -0.00991053414
v -0.0212321971 1.51971734 -0.0196675863
v -0.0191829596 1.51602125 -0.0209725089
v -0.0457439274 1.51798987 -0.00430993829
v -0.0318029746 1.52300334 -0.0116920229
v -0.0264568068 1.52226412 -0.020235341
v -0.0219110921 1.51941705 -0.0206349306
v -0.0598099902 1.51075006 -0.00781951938
v -0.0468498282 1.51891565 -0.0167091396
v -0.0221985579 1.51877749 -0.0206711907
v -0.0188777614 1.51659906 -0.0302268565
v -0.032344766 1.52265358 -0.0221572183
v -0.0267849993 1.52121317 -0.0214874148
v -0.0726512671 1.50013185 -0.0114128031
v -0.021613244 1.52019465 -0.0314839482
v -0.0177081879 1.51565135 -0.0382722318
v -0.0268298555 1.51969647 -0.0206126329
v -0.0268298555 1.51969647 -0.0206126329
v -0.0322402976 1.5215317 -0.0235207099
v -0.0334976427 1.51924157 -0.0236473791
v -0.0198724102 1.51892924 -0.0400600061
v -0.0146230329 1.51687872 -0.0434877425
v -0.0262208432 1.52209961 -0.0319157578
v -0.0334976427 1.51924157 -0.0236473791
v -0.0440359823 1.51887846 -0.0281051174
v -0.0436647199 1.51715934 -0.029879814
v -0.0430457257 1.5153501 -0.0292854346
v -0.0193257537 1.51879883 -0.0459459573
v -0.0134331388 1.51594126 -0.0456290767
v -0.0596500151 1.51160514 -0.0213476531
v -0.0567356534 1.50821459 -0.0392442495
v -0.0560927577 1.50665438 -0.0374696888
v -0.0675908476 1.49794519 -0.0486662947
v -0.0577730052 1.5102154 -0.0377319343
v -0.072670266 1.5016185 -0.0264413562
v -0.0679268315 1.50004768 -0.0457961448
v -0.0164810792 1.51768291 -0.0491608419
v -0.0120118186 1.51527786 -0.0489514098
v -0.0818430707 1.48981869 -0.0143261421
v -0.0125607224 1.51515055 -0.0506869592
v -0.0103525156 1.51388037 -0.0512674116
v -0.0129192639 1.5143826 -0.0517105907
v -0.0132658752 1.5135206 -0.0517312326
v -0.0187173393 1.51726091 -0.0533782691
v -0.0182208586 1.51462126 -0.0549735278
v -0.0189610794 1.51256049 -0.0559804142
v -0.0247017406 1.51341987 -0.0630820394
v -0.0266411062 1.51532221 -0.0613087602
v -0.0258094948 1.50934172 -0.0624833517
v -0.0217992533 1.519068 -0.0518963523
v -0.0326201655 1.50462043 -0.07701841
v -0.0318242721 1.5041461 -0.0740424097
v -0.0265401937 1.51966012 -0.0491125248
v -0.0387101434 1.49517882 -0.0874667913
v -0.0382801704 1.49414885 -0.0846460164
v -0.0449650437 1.48129988 -0.0991692916
v -0.049200356 1.48273933 -0.0976906344
v -0.0423424318 1.4947902 -0.0879691988
v -0.0350991003 1.50546932 -0.0762929767
v -0.0515452661 1.49633276 -0.0827218741
v -0.0434959829 1.50632155 -0.0711164698
v -0.0229809377 1.52038741 -0.044146996
v -0.0297368169 1.52031231 -0.0412325561
v -0.032818649 1.51659739 -0.05675859
v -0.0317825638 1.52071226 -0.0334579274
v -0.0430457257 1.5153501 -0.0292854346
v -0.0374913849 1.51735437 -0.0501143113
v -0.0407181382 1.51696622 -0.0404983275
v -0.0560927577 1.50665438 -0.0374696888
v -0.048754476 1.50752544 -0.0621800683
v -0.0523822829 1.50749373 -0.0517527424
v -0.0639791861 1.49600852 -0.0624837093
v -0.0584680028 1.49629271 -0.0743275136
v -0.0650338903 1.48355818 -0.082525149
v -0.0589563176 1.48306429 -0.0919799432
v -0.0641518757 1.46967399 -0.0973938555
v -0.0744857416 1.4876039 -0.0563626736
v -0.0757317543 1.48773527 -0.0554537661
v -0.0820025802 1.47083056 -0.0654177442
v -0.0788024366 1.48930371 -0.0457493402
v -0.0697818622 1.48594248 -0.0677457526
v -0.0840133354 1.47301126 -0.0561892465
v -0.0821979344 1.49006593 -0.0327997915
v -0.0858188048 1.47340167 -0.0506400727
v -0.0892887414 1.47607374 -0.0392336659
v -0.0896668211 1.47634971 -0.0283264946
v -0.0987546295 1.45498848 -0.0339482017
v -0.0895213783 1.4745909 -0.0203503743
v -0.0905543938 1.45639539 -0.0610164851
v -0.0965715945 1.45649767 -0.0460599065
v -0.092766203 1.45527661 -0.0559334829
v -0.092766203 1.45527661 -0.0559334829
v -0.102060109 1.4353224 -0.0527652726
v -0.0977893323 1.436342 -0.0612576045
v -0.101212956 1.41513979 -0.0669839457
v -0.0969990268 1.43660784 -0.0664779916
v -0.0977893323 1.436342 -0.0612576045
v -0.106235445 1.41502011 -0.0587298237
v -0.103187986 1.39621806 -0.0724751875
v -0.0878111348 1.45689738 -0.0707886741
v -0.102089271 1.41558731 -0.0716385469
v -0.101212956 1.41513979 -0.0669839457
v -0.0943063349 1.43819749 -0.0757806599
v -0.0842134655 1.45465136 -0.079896234
v -0.10399168 1.43503809 -0.0404704846
v -0.10431581 1.43288577 -0.0384667255
v -0.106821582 1.41273689 -0.0438497625
v -0.108075738 1.41481733 -0.0471001677
v -0.106011398 1.39522362 -0.0475701317
v -0.109480381 1.39552033 -0.0529602356
v -0.107516125 1.39489865 -0.0654011369
v -0.110247865 1.37385023 -0.0580785386
v -0.10457772 1.37389863 -0.0533518679
v -0.107775114 1.373227 -0.0705499575
v -0.107474156 1.3508116 -0.0623296164
v -0.10275384 1.35137498 -0.0579683483
v -0.102147274 1.33887327 -0.0627476424
v -0.0990884155 1.34163022 -0.0586456619
v -0.0933360234 1.33237135 -0.059022788
v -0.103356972 1.3732115 -0.0785606578
v -0.0971941426 1.37337029 -0.0882828981
v -0.0909180045 1.39989388 -0.093176201
v -0.0909528136 1.37349451 -0.0930344537
v -0.100759886 1.35628963 -0.0806440115
v -0.0949378014 1.35774839 -0.0871971399
v -0.09602312 1.34160006 -0.0801461861
v -0.0884930044 1.35261059 -0.0903001651
v -0.104480468 1.35416579 -0.0735896602
v -0.0914886147 1.34337497 -0.085226506
v -0.0863263756 1.34212613 -0.0879677385
v -0.0828932077 1.33248079 -0.0846754462
v -0.099909462 1.34146845 -0.0738245323
v -0.0931503475 1.33148861 -0.0718323812
v -0.0858614594 1.3310647 -0.081764333
v -0.0944118649 1.32814562 -0.061547216
v -0.0848028809 1.31968772 -0.0572738983
v -0.0841377825 1.32135475 -0.055975955
v -0.0766241178 1.31355619 -0.0513320342
v -0.0837439969 1.32002068 -0.0608021542
v -0.0818465501 1.31986666 -0.0604537316
v -0.0864423141 1.32791221 -0.0694654882
v -0.0773176476 1.3218956 -0.0769543275
v -0.0744996592 1.32271934 -0.0770264864
v -0.0670504645 1.31660306 -0.0702295452
v -0.0888374373 1.33028197 -0.0776044875
v -0.0792562962 1.32111847 -0.0742930844
v -0.0779073685 1.32124555 -0.0714783072
v -0.0764601752 1.32268858 -0.0700520724
v -0.0864423141 1.32791221 -0.0694654882
v -0.08602909 1.3061595 -0.0361196399
v -0.0944367647 1.31548953 -0.0373094119
v -0.0917853415 1.31477296 -0.0433954671
v -0.0975897759 1.32497001 -0.0521856993
v -0.100832954 1.32334924 -0.0382595323
v -0.107466727 1.33715725 -0.0366526954
v -0.101648815 1.33883691 -0.0567403175
v -0.105300538 1.35483468 -0.0575869754
v -0.106212489 1.34589922 -0.0352485031
v -0.104886189 1.37301552 -0.0329177864
v -0.106220871 1.37405229 -0.0545562916
v -0.0999941677 1.3928653 -0.0282696858
v -0.107892595 1.39393783 -0.0492704809
v -0.0975181833 1.41451716 -0.0201381966
v -0.100285612 1.40716565 -0.0364243798
v 0.0403102562 1.39724743 -0.133099005
v 0.033602424 1.37315381 -0.137207061
v 0.0402385145 1.37325966 -0.133772939
v 0.0339280106 1.39795935 -0.135930091
v 0.0230594985 1.37441266 -0.14199096
v 0.0388630368 1.41560113 -0.130598262
v 0.0238807313 1.40037751 -0.139610916
v 0.0333860591 1.41524625 -0.133335426
v 0.0258243866 1.41728771 -0.135368019
v 0.0261770524 1.43287528 -0.131133676
v 0.0371039324 1.4306047 -0.126899242
v 0.0252989531 1.44938552 -0.126635656
v 0.034965761 1.44789958 -0.12256895
v 0.0307876002 1.46717811 -0.115985163
v 0.0224089697 1.46770453 -0.120350018
v 0.0270455219 1.48030484 -0.109802313
v 0.0192896556 1.48258662 -0.110684834
v 0.0213483348 1.49427664 -0.0988971516
v 0.0146614723 1.4963702 -0.099674955
v 0.0139242252 1.50722682 -0.0856989771
v 0.00862085167 1.5087558 -0.0855197608
v 0.00347044249 1.51388884 -0.0686314031
v 0.000436444505 1.51401305 -0.0692679882
v -0.00477282563 1.51316071 -0.0591204055
v 0.0153805893 1.50713801 -0.0850117654
v 0.0230072774 1.49379182 -0.0984851047
v 0.0290200375 1.48004389 -0.109422594
v 0.0329265483 1.46720803 -0.115849033
v -0.0038877409 1.5142442 -0.0582690574
v -0.0103525156 1.51388037 -0.0512674116
v 0.00474539027 1.51370943 -0.0664836541
v 0.0160493441 1.5095855 -0.0763695538
v 0.016117068 1.50887811 -0.0806866214
v 0.0224637259 1.5035193 -0.0870193467
v 0.0246256087 1.50222147 -0.0850808918
v 0.0303549971 1.49285614 -0.095495604
v 0.0321511813 1.49217296 -0.0938512236
v 0.0388330929 1.47919309 -0.103176899
v 0.0377425775 1.47914481 -0.104534604
v 0.0434793904 1.46612072 -0.110645711
v 0.0480500162 1.44855237 -0.117297649
v 0.0368743166 1.44979775 -0.122374691
v 0.0505903773 1.43131542 -0.121230789
v 0.0371039324 1.4306047 -0.126899242
v 0.0396672562 1.43244624 -0.127345011
v 0.0523293614 1.41402984 -0.123738982
v 0.0391489379 1.41560113 -0.130598262
v 0.0418312475 1.41614437 -0.130969524
v 0.0540981293 1.39576519 -0.125781119
v 0.0437937044 1.3975209 -0.134357825
v 0.0405835174 1.39724743 -0.133099005
v 0.0552938245 1.37133253 -0.125266105
v 0.0405292921 1.37326431 -0.133622468
v 0.0442859195 1.37301981 -0.13531743
v 0.0535836034 1.34853709 -0.119954258
v 0.0425848663 1.34920001 -0.130626157
v 0.0385109261 1.35038841 -0.129581586
v 0.0489545986 1.33683681 -0.114988469
v 0.0397223607 1.33712649 -0.124709032
v 0.0352822728 1.33852839 -0.124002635
v 0.0407317877 1.32711351 -0.10738527
v 0.0300548077 1.3298707 -0.115453027
v 0.0342561416 1.32820857 -0.116467021
v 0.0308462903 1.31954467 -0.0978881046
v 0.0244110245 1.32138824 -0.102699727
v 0.0272628739 1.32074213 -0.102997683
v 0.0205364227 1.30965579 -0.0904499069
v 0.0402385145 1.37325966 -0.133772939
v 0.033602424 1.37315381 -0.137207061
v 0.0311911535 1.35021281 -0.133673757
v 0.0382201485 1.35038388 -0.129732072
v 0.0279585309 1.33893871 -0.128932372
v 0.0349914953 1.33852386 -0.124153115
v 0.0243669692 1.33046508 -0.12305066
v 0.0300808121 1.32973504 -0.115916699
v 0.015368334 1.32093978 -0.106897272
v 0.018934302 1.32166088 -0.103028446
v 0.00247106701 1.30862486 -0.0867888108
v 0.00926284678 1.32171202 -0.109272547
v 0.00247106701 1.30862486 -0.0867888108
v 0.015368334 1.32093978 -0.106897272
v 0.0243669692 1.33046508 -0.12305066
v 0.0155692417 1.33081698 -0.127747551
v 0.0190614332 1.3396548 -0.134512201
v 0.0279585309 1.33893871 -0.128932372
v 0.0215669554 1.35177124 -0.13906537
v 0.0311911535 1.35021281 -0.133673757
v 0.033602424 1.37315381 -0.137207061
v 0.0230594985 1.37441266 -0.14199096
v -0.00809678901 1.29480028 -0.0837960318
v -0.00548452139 1.30284023 -0.0835575387
v -0.00552304927 1.30238879 -0.0841458663
v -0.00329041271 1.30700433 -0.0865231752
v -0.00311873946 1.30815482 -0.0852856636
v -0.00036957144 1.31125855 -0.0910367593
v -2.06854179E-06 1.31337845 -0.088938728
v 0.00465981849 1.3187716 -0.0967573896
v 0.00299906125 1.31580079 -0.0985640287
v 0.0073710857 1.32169604 -0.108333401
v 0.00969366543 1.32505977 -0.105443135
v 0.0155692417 1.33081698 -0.127747551
v 0.0201660842 1.33581555 -0.11671786
v 0.00890515465 1.48277998 -0.1110669
v 0.00332493777 1.49845731 -0.0975024104
v 0.00554420333 1.48247397 -0.112373382
v 0.0112724137 1.46760941 -0.121353425
v 0.00570702041 1.46831918 -0.121087417
v 0.0126788625 1.44916701 -0.130107224
v 0.00576839317 1.44941735 -0.129009888
v 0.0134840142 1.43325472 -0.135287717
v 0.00481930049 1.43365669 -0.133348018
v 0.0137007674 1.41837287 -0.139925912
v 0.00284365867 1.41853547 -0.137605518
v -5.4803153E-05 1.40139771 -0.141818002
v 0.0132815167 1.40170157 -0.14223437
v 0.0115231741 1.37430632 -0.145390436
v 0.0238807313 1.40037751 -0.139610916
v 0.0230594985 1.37441266 -0.14199096
v 0.0215669554 1.35177124 -0.13906537
v 0.0100909853 1.35273254 -0.143777758
v 0.0190614332 1.3396548 -0.134512201
v 0.000402934616 1.37488258 -0.144002259
v 2.43661034E-05 1.35376489 -0.140837669
v 0.00878000446 1.34022629 -0.138889477
v -0.00101235579 1.3421644 -0.13475962
v -0.0114522595 1.35449219 -0.142348349
v -0.0106822532 1.37507987 -0.143786773
v -0.00223413343 1.40107071 -0.140941441
v -0.0159959979 1.40010965 -0.140029535
v -0.0169953778 1.4007585 -0.139770925
v -0.0182103049 1.37486911 -0.140897989
v -0.0188233852 1.35581291 -0.136480227
v -0.0108014559 1.34256375 -0.137871712
v -0.0185033642 1.3436712 -0.131872401
v -0.0109532829 1.33335114 -0.131311551
v -0.0169080272 1.33381319 -0.126553357
v -0.0134887584 1.32450759 -0.113769807
v -0.0103472592 1.32373559 -0.115796439
v -0.00950477645 1.31731963 -0.103593729
v -0.0115472954 1.31770551 -0.102580413
v -0.00930722896 1.31170225 -0.0927051231
v -0.078002423 1.47608721 0.00441721128
v -0.0850828141 1.45858574 0.00516878255
v -0.084613122 1.45985866 0.00211757235
v -0.0870750621 1.4546504 0.00211581518
v -0.0917613804 1.44202149 -0.000936827913
v -0.0325869285 1.37522233 -0.137679264
v -0.0182103049 1.37486911 -0.140897989
v -0.0169953778 1.4007585 -0.139770925
v -0.0326809771 1.40074706 -0.136740237
v -0.0152959572 1.41798031 -0.134944871
v -0.0318399072 1.41814852 -0.132952929
v -0.0149766859 1.43452454 -0.130632937
v -0.0310444701 1.43418455 -0.129139349
v -0.0147212036 1.45070434 -0.125796646
v -0.0485810824 1.37494993 -0.131247416
v -0.0490074232 1.40057492 -0.130052343
v -0.0475989394 1.41840005 -0.127148181
v -0.0454494432 1.35655916 -0.129664183
v -0.0309951901 1.35632765 -0.135396749
v -0.0566930883 1.39998078 -0.122382559
v -0.0542110391 1.37491143 -0.126215652
v -0.0499764532 1.35659635 -0.124544084
v -0.0559627861 1.41769147 -0.120587364
v -0.0462733582 1.34438431 -0.118535124
v -0.0411443412 1.34350097 -0.125439063
v -0.0286262985 1.34317744 -0.130516931
v -0.0257514305 1.33355224 -0.12490876
v -0.0457327887 1.4344604 -0.12388657
v -0.0541945249 1.43454325 -0.116790265
v -0.0359349847 1.33392417 -0.120297931
v -0.0408686399 1.33564949 -0.113732643
v -0.0202009678 1.32441163 -0.112326898
v -0.0264351033 1.3240999 -0.108424775
v -0.029138431 1.32487845 -0.103151836
v -0.0157794766 1.3189038 -0.10074535
v -0.020003723 1.31891465 -0.098415032
v -0.0222543739 1.31976819 -0.0953240246
v -0.0129003357 1.31487393 -0.0925739855
v -0.0157725308 1.31518626 -0.0916213766
v -0.0175054166 1.31610608 -0.0898755342
v -0.0116264904 1.31047404 -0.087271519
v -0.0126094697 1.31051135 -0.0865579471
v -0.0134759136 1.31097114 -0.0856850296
v -0.00956426281 1.30470669 -0.0820824057
v -0.0309951901 1.35632765 -0.135396749
v -0.0182103049 1.37486911 -0.140897989
v -0.0325869285 1.37522233 -0.137679264
v -0.0188233852 1.35581291 -0.136480227
v -0.0286262985 1.34317744 -0.130516931
v -0.0185033642 1.3436712 -0.131872401
v -0.0169080272 1.33381319 -0.126553357
v -0.0257514305 1.33355224 -0.12490876
v -0.0139152603 1.32537472 -0.112151973
v -0.0202009678 1.32441163 -0.112326898
v -0.0114137195 1.31906259 -0.0999885574
v -0.0157794766 1.3189038 -0.10074535
v -0.0129003357 1.31487393 -0.0925739855
v -0.0099588912 1.31489694 -0.0919399336
v -0.00970265083 1.31036663 -0.0867172331
v -0.0116264904 1.31047404 -0.087271519
v -0.00956426281 1.30470669 -0.0820824057
v 0.0388630368 1.41560113 -0.130598262
v 0.0391489379 1.41560113 -0.130598262
v 0.0371039324 1.4306047 -0.126899242
v 0.0403102562 1.39724743 -0.133099005
v 0.0405835174 1.39724743 -0.133099005
v 0.0388718396 1.38392234 -0.124108396
v 0.0405292921 1.37326431 -0.133622468
v 0.0385367908 1.37204385 -0.125439063
v 0.0362831652 1.35071301 -0.122964114
v 0.0385109261 1.35038841 -0.129581586
v 0.0352822728 1.33852839 -0.124002635
v 0.033002913 1.33964503 -0.117381901
v 0.0298535321 1.33092129 -0.111864142
v 0.0300548077 1.3298707 -0.115453027
v 0.0249105934 1.32105756 -0.099548623
v 0.0244110245 1.32138824 -0.102699727
v 0.0205364227 1.30965579 -0.0904499069
v -0.0479688309 1.3288151 -0.112085283
v -0.0466507375 1.32890236 -0.120409638
v -0.0608764961 1.33709514 -0.125649318
v -0.0363117345 1.32453012 -0.11237289
v -0.0391603969 1.32421732 -0.109059706
v -0.0238631908 1.31575346 -0.107966572
v -0.0391603969 1.32421732 -0.109059706
v -0.0343334042 1.32771647 -0.112256445
v -0.0238631908 1.31575346 -0.107966572
v -0.0479688309 1.3288151 -0.112085283
v -0.04082717 1.33499062 -0.119225658
v -0.0554262437 1.34048748 -0.120283343
v -0.0448072106 1.34317946 -0.121951662
v -0.0498525053 1.35737181 -0.125344753
v -0.0725146085 1.35381866 -0.116772793
v -0.0731838346 1.37530839 -0.114412457
v -0.0540101938 1.37369812 -0.126565516
v -0.049026709 1.32920182 -0.110298313
v -0.0397297628 1.32214296 -0.0992147401
v -0.0652852878 1.33882201 -0.113407277
v -0.0402157903 1.32245803 -0.0981552973
v -0.0309099294 1.31637311 -0.086404644
v -0.0543216355 1.32895172 -0.103083953
v -0.0430405997 1.32189894 -0.0940835252
v -0.0438599288 1.32087755 -0.0935617313
v -0.0557560138 1.32804453 -0.101922758
v -0.0673532933 1.33811152 -0.112621933
v -0.0566930883 1.39998078 -0.122382559
v -0.0881516784 1.37362778 -0.0954130515
v -0.0872682855 1.38707256 -0.0921414569
v -0.0909180045 1.39989388 -0.093176201
v -0.0895753279 1.37346804 -0.093605943
v -0.0842977241 1.3519212 -0.0951162204
v -0.0759559721 1.33858752 -0.0947587788
v -0.0854184628 1.35174072 -0.0930563882
v -0.077366218 1.33841026 -0.093330428
v -0.0681434497 1.32946551 -0.0930753723
v -0.06594529 1.33825529 -0.109580822
v -0.0673532933 1.33811152 -0.112621933
v -0.0620518774 1.33156228 -0.106175058
v -0.062067993 1.33209848 -0.104677722
v -0.0560036302 1.32591593 -0.0982771963
v -0.0668141022 1.33005214 -0.0946875066
v -0.0590155199 1.32400084 -0.091379486
v -0.056076128 1.32636583 -0.0970010832
v -0.0464088395 1.31784999 -0.0860446692
v -0.0585097596 1.32458091 -0.0919735283
v -0.0744996592 1.32271934 -0.0770264864
v -0.0670504645 1.31660306 -0.0702295452
v -0.0764601752 1.32268858 -0.0700520724
v -0.0864423141 1.32791221 -0.0694654882
v -0.0828932077 1.33248079 -0.0846754462
v -0.0903137103 1.33896697 -0.0723278299
v -0.0863263756 1.34212613 -0.0879677385
v -0.0884930044 1.35261059 -0.0903001651
v -0.0933360234 1.33237135 -0.059022788
v -0.0818465501 1.31986666 -0.0604537316
v -0.0841377825 1.32135475 -0.055975955
v -0.0766241178 1.31355619 -0.0513320342
v -0.0990884155 1.34163022 -0.0586456619
v -0.0923898742 1.35024655 -0.0727725253
v -0.10275384 1.35137498 -0.0579683483
v -0.10457772 1.37389863 -0.0533518679
v -0.0950908288 1.37352228 -0.0706792846
v -0.106011398 1.39522362 -0.0475701317
v -0.0909528136 1.37349451 -0.0930344537
v -0.0952713266 1.39350319 -0.0643235967
v -0.0990995169 1.40626752 -0.0491202213
v -0.0959810689 1.40338182 -0.0604212731
v -0.0928787589 1.40001976 -0.0798726901
v -0.0886376053 1.38697159 -0.090854615
v -0.0909180045 1.39989388 -0.093176201
v -0.0855021924 1.39709604 -0.0902528539
v -0.109426446 1.37279308 -0.0274349153
v -0.109341867 1.38875604 -0.0234544668
v -0.11452952 1.3731997 -0.029581489
v -0.111332022 1.35276115 -0.0327492245
v -0.114542216 1.39303696 -0.0337243155
v -0.108319692 1.41393816 -0.0383108594
v -0.104177214 1.43440044 -0.03255805
v -0.10431581 1.43288577 -0.0384667255
v -0.106821582 1.41273689 -0.0438497625
v -0.110459156 1.39346063 -0.0439431183
v -0.107892595 1.39393783 -0.0492704809
v -0.1161431 1.37302172 -0.0391601846
v -0.111281544 1.37357974 -0.0496603474
v -0.106220871 1.37405229 -0.0545562916
v -0.115263917 1.35285974 -0.0352710485
v -0.111204147 1.35537028 -0.0548074171
v -0.105300538 1.35483468 -0.0575869754
v -0.116777234 1.35460925 -0.0438043214
v -0.113950782 1.33702743 -0.0388332345
v -0.107748881 1.33991289 -0.0552140176
v -0.101648815 1.33883691 -0.0567403175
v -0.115733795 1.33886492 -0.0461327694
v -0.107466727 1.33715725 -0.0366526954
v -0.106212489 1.34589922 -0.0352485031
v -0.10296049 1.32325327 -0.0399050042
v -0.100832954 1.32334924 -0.0382595323
v -0.101820342 1.3267889 -0.0516248867
v -0.0975897759 1.32497001 -0.0521856993
v -0.109401681 1.32721341 -0.0455342568
v -0.0955550745 1.31400645 -0.0378681347
v -0.0944367647 1.31548953 -0.0373094119
v -0.08602909 1.3061595 -0.0361196399
v -0.0991765633 1.31635082 -0.0421814434
v -0.0943685621 1.31558502 -0.0450541489
v -0.0917853415 1.31477296 -0.0433954671
v -0.00809678901 1.29480028 -0.0837960318
v -0.00849073473 1.30288804 -0.0853288472
v -0.00886173919 1.30339336 -0.0844841748
v -0.00919902418 1.30801463 -0.0863841102
v -0.00893323123 1.30721343 -0.0874894857
v -0.00971939694 1.31301403 -0.0914557651
v -0.00930722896 1.31170225 -0.0927051231
v -0.0114137195 1.31906259 -0.0999885574
v -0.0115472954 1.31770551 -0.102580413
v -0.0134887584 1.32450759 -0.113769807
v -0.0139152603 1.32537472 -0.112151973
v -0.0198155902 1.51761186 0.0101484079
v -0.017665768 1.51594877 0.00781840738
v -0.0169776771 1.51540315 0.0164422225
v -0.0183629673 1.51710188 0.0163496565
v -0.0223452207 1.51874077 0.0161934253
v -0.0232654493 1.51863003 0.0108300084
v -0.029917242 1.5194149 0.0158103202
v -0.0305725969 1.5190233 0.0107397316
v -0.0449088365 1.51512802 0.00996705052
v -0.0445689522 1.51520777 0.0144739104
v -0.0577120148 1.50714076 0.0126580773
v -0.057370469 1.50825894 0.00821571704
v -0.0700716376 1.49573052 0.0103760744
v -0.0688710511 1.49758101 0.00642720936
v -0.075938493 1.48652136 0.00522931572
v -0.0769905373 1.48521364 0.00898708589
v -0.0823698789 1.47446442 0.0086514065
v -0.078002423 1.47608721 0.00441721128
v -0.0850828141 1.45858574 0.00516878255
v -0.0867464915 1.46244073 0.00971929636
v -0.0873827562 1.45385408 0.00749037974
v -0.0879734531 1.45464122 0.0109200701
v -0.0888989642 1.44669676 0.0123090046
v -0.0271640643 1.51288962 0.0244117919
v -0.0266938508 1.51100993 0.0233048666
v -0.0406393819 1.50812471 0.0226340331
v -0.0219788626 1.51271486 0.0254199039
v -0.0218554158 1.51098847 0.0241150633
v -0.0171337929 1.51106942 0.0283734649
v -0.0148664983 1.50919247 0.0299973227
v -0.0158667676 1.51119065 0.0283146724
v -0.0217822902 1.5149008 0.0269485023
v -0.0220685303 1.518103 0.0248892233
v -0.0274248719 1.5148226 0.0258568544
v -0.016808264 1.51289558 0.0244044438
v -0.0160433426 1.51430321 0.0234143659
v -0.0169776771 1.51540315 0.0164422225
v -0.0183629673 1.51710188 0.0163496565
v -0.0223452207 1.51874077 0.0161934253
v -0.029917242 1.5194149 0.0158103202
v -0.0288585927 1.51778865 0.0242393687
v -0.0418967009 1.50970531 0.0231466666
v -0.0445689522 1.51520777 0.0144739104
v -0.0446379744 1.5130558 0.0217162315
v -0.056048546 1.50114667 0.0195930824
v -0.0577120148 1.50714076 0.0126580773
v -0.0570903718 1.50460291 0.0188337527
v -0.0669381917 1.49008834 0.0155965323
v -0.0700716376 1.49573052 0.0103760744
v -0.0686219335 1.49306619 0.0149522061
v -0.075891681 1.48155439 0.0139184576
v -0.0769905373 1.48521364 0.00898708589
v -0.0813702792 1.47186792 0.0138074458
v -0.0823698789 1.47446442 0.0086514065
v -0.0858558416 1.46055841 0.0142205572
v -0.0867464915 1.46244073 0.00971929636
v -0.0879734531 1.45464122 0.0109200701
v -0.0869397223 1.45202065 0.0150011797
v -0.0888989642 1.44669676 0.0123090046
v -0.0744366646 1.47888052 0.0148925269
v -0.075891681 1.48155439 0.0139184576
v -0.0669381917 1.49008834 0.0155965323
v -0.0813702792 1.47186792 0.0138074458
v -0.0785171762 1.47047257 0.0155529464
v -0.0839045048 1.45650554 0.0178443864
v -0.0858558416 1.46055841 0.0142205572
v -0.0869397223 1.45202065 0.0150011797
v -0.0322930291 1.50006843 0.038033247
v -0.0430944972 1.4926275 0.0389374495
v -0.0461480804 1.49204719 0.0384885296
v -0.0571051091 1.48047686 0.0400486887
v -0.0605142973 1.4817344 0.0387063362
v -0.0681044236 1.47203028 0.0369206555
v -0.0700361505 1.47256243 0.0333297327
v -0.0784778222 1.46415269 0.0296602957
v -0.0771919116 1.46578491 0.027793359
v -0.084630996 1.45718598 0.0232258141
v -0.0839045048 1.45650554 0.0178443864
v -0.0869397223 1.45202065 0.0150011797
v -0.0879006833 1.4512831 0.0187766496
v -0.0888989642 1.44669676 0.0123090046
v -0.0898699909 1.44411325 0.0144569529
v -0.0903749317 1.43602717 0.0108832726
v -0.0891822129 1.44156623 0.0168280359
v -0.0903749317 1.43602717 0.0108832726
v -0.0898699909 1.44411325 0.0144569529
v -0.0869036689 1.44897735 0.0210515372
v -0.0854566619 1.44444168 0.0216510892
v -0.081860967 1.44620287 0.0253518093
v -0.0838456675 1.45256925 0.0262425542
v -0.0749331713 1.45074189 0.0351698622
v -0.0768390894 1.45826197 0.0345189348
v -0.0580575466 1.46614408 0.048874218
v -0.0630613044 1.4689585 0.0420571119
v -0.0430944972 1.4926275 0.0389374495
v -0.0558080077 1.48071027 0.0409193113
v -0.0571051091 1.48047686 0.0400486887
v -0.0630613044 1.4689585 0.0420571119
v -0.0681044236 1.47203028 0.0369206555
v -0.0768390894 1.45826197 0.0345189348
v -0.0784778222 1.46415269 0.0296602957
v -0.0838456675 1.45256925 0.0262425542
v -0.084630996 1.45718598 0.0232258141
v -0.0879006833 1.4512831 0.0187766496
v -0.0869036689 1.44897735 0.0210515372
v -0.0898699909 1.44411325 0.0144569529
v -0.0669381917 1.49008834 0.0155965323
v -0.056048546 1.50114667 0.0195930824
v -0.0554698966 1.50014412 0.0192562435
v -0.0406393819 1.50812471 0.0226340331
v -0.0418967009 1.50970531 0.0231466666
v -0.0274248719 1.5148226 0.0258568544
v -0.0271640643 1.51288962 0.0244117919
v -0.0217822902 1.5149008 0.0269485023
v -0.0219788626 1.51271486 0.0254199039
v -0.0171337929 1.51106942 0.0283734649
v -0.0839045048 1.45650554 0.0178443864
v -0.0781340078 1.46798515 0.0271149147
v -0.0771919116 1.46578491 0.027793359
v -0.078928113 1.46985435 0.0250396505
v -0.0793563947 1.47121918 0.020246828
v -0.0785171762 1.47047257 0.0155529464
v -0.0785171762 1.47047257 0.0155529464
v -0.0744366646 1.47888052 0.0148925269
v -0.0793563947 1.47121918 0.020246828
v -0.0749367103 1.47862411 0.021116836
v -0.0669381917 1.49008834 0.0155965323
v -0.0745850801 1.4760673 0.0278966706
v -0.078928113 1.46985435 0.0250396505
v -0.0781340078 1.46798515 0.0271149147
v -0.0681865215 1.48762405 0.0224557426
v -0.0554698966 1.50014412 0.0192562435
v -0.0730268285 1.47386909 0.0312467143
v -0.0771919116 1.46578491 0.027793359
v -0.0700361505 1.47256243 0.0333297327
v -0.0671914741 1.48445082 0.0306465477
v -0.063960664 1.48240411 0.0362053514
v -0.0605142973 1.4817344 0.0387063362
v -0.0551724471 1.49509788 0.0324738361
v -0.0513476208 1.49312937 0.0375011489
v -0.0461480804 1.49204719 0.0384885296
v -0.0562081933 1.49807382 0.0240187757
v -0.0372912548 1.50108576 0.037498083
v -0.0322930291 1.50006843 0.038033247
v -0.0406821258 1.50442183 0.0321765095
v -0.0402200818 1.50759077 0.0251943562
v -0.0406393819 1.50812471 0.0226340331
v -0.0266938508 1.51100993 0.0233048666
v -0.0263728835 1.50832438 0.0311731491
v -0.0244750213 1.50578761 0.036355529
v -0.0195367429 1.50475371 0.0379650667
v -0.0198857021 1.5067122 0.0355893411
v -0.0157659389 1.50542688 0.0379269496
v -0.020644201 1.50885415 0.0309795476
v -0.0218554158 1.51098847 0.0241150633
v -0.0148664983 1.50919247 0.0299973227
v -0.0164606571 1.50729072 0.0357331894
v -0.0103771295 1.50608492 0.0371904522
v -0.0131242666 1.50791788 0.0341356657
v 0.0555256829 1.45720482 0.0536234751
v 0.0650126189 1.4605639 0.0398791693
v 0.0725545958 1.45416689 0.0366389304
v 0.0530850962 1.46827888 0.0434805751
v 0.047790125 1.46186745 0.0522005931
v 0.0348837525 1.47379303 0.0502513796
v 0.038981393 1.46671999 0.0476623662
v 0.0296655819 1.47062802 0.0520650521
v 0.0179934613 1.47390163 0.060589388
v 0.0203054678 1.47090936 0.0549228452
v 0.0197565723 1.46787429 0.0527757145
v 0.0171162952 1.46616495 0.0548163541
v 0.01475213 1.46996546 0.0564118326
v 0.00851381943 1.47376764 0.0624963045
v 0.00811811443 1.46953809 0.0572102517
v 0.000246681855 1.47360551 0.0635952726
v 1.31509434E-18 1.46914685 0.059425883
v -0.00830885302 1.47356486 0.0630555078
v -0.00811811443 1.46953809 0.0572102517
v -0.0147500718 1.46997237 0.0564118326
v -0.015495454 1.47344232 0.0625491664
v -0.0232954156 1.47444165 0.0610195845
v -0.0203054678 1.47090936 0.0549228452
v -0.0171229914 1.46616173 0.054817982
v -0.0197565723 1.46787429 0.0527757145
v -0.0296655819 1.47062802 0.0520650521
v -0.0325167403 1.46895754 0.0584974512
v -0.038981393 1.46671999 0.0476623662
v -0.0435797311 1.46922195 0.0468871072
v -0.0481774732 1.46222329 0.0519647859
v -0.0580575466 1.46614408 0.048874218
v -0.0555256829 1.45720482 0.0536234751
v 0.0171162952 1.46616495 0.0548163541
v 0.0115466695 1.46683276 0.0552567095
v 0.01475213 1.46996546 0.0564118326
v 0.00811811443 1.46953809 0.0572102517
v 0.00759923272 1.46374083 0.0587926172
v 9.62945051E-05 1.46660042 0.057473097
v 1.31509434E-18 1.46914685 0.059425883
v -0.00811811443 1.46953809 0.0572102517
v -0.00781750213 1.46478879 0.057804063
v -0.0116278753 1.46707511 0.0550221354
v -0.0147500718 1.46997237 0.0564118326
v -0.0171229914 1.46616173 0.054817982
v -0.0497360118 1.44923174 0.0528398342
v -0.0555256829 1.45720482 0.0536234751
v -0.0419959351 1.45813608 0.0512202494
v -0.0481774732 1.46222329 0.0519647859
v -0.0398426205 1.46356273 0.0476570651
v -0.038981393 1.46671999 0.0476623662
v -0.0296655819 1.47062802 0.0520650521
v -0.0197565723 1.46787429 0.0527757145
v 0.0197565723 1.46787429 0.0527757145
v 0.0296655819 1.47062802 0.0520650521
v 0.0398426205 1.46356273 0.0476570651
v 0.038981393 1.46671999 0.0476623662
v 0.047790125 1.46186745 0.0522005931
v 0.0419959351 1.45813608 0.0512202494
v 0.0555256829 1.45720482 0.0536234751
v 0.0497360118 1.44923174 0.0528398342
v 0.0946992785 1.39361537 -0.094850719
v 0.0923060998 1.41522431 -0.0912898779
v 0.0855021924 1.39709604 -0.0902528539
v 0.0928787887 1.40001976 -0.0798726901
v 0.0929174721 1.39004457 -0.0803342238
v 0.0962275118 1.3727051 -0.0947335213
v 0.102990426 1.39231741 -0.0650758296
v 0.0959736705 1.40337992 -0.0604233071
v 0.103665523 1.37197435 -0.0668433309
v 0.0953895375 1.37179101 -0.079608798
v 0.0914918482 1.35192001 -0.0890999138
v 0.102211252 1.35191572 -0.0667306632
v 0.0895981491 1.35079384 -0.0737084001
v 0.0843472332 1.33512139 -0.07826408
v 0.0841769576 1.33777416 -0.0685924739
v 0.0947622433 1.33710766 -0.0629860386
v 0.0769433007 1.32144701 -0.0682109371
v 0.0764683709 1.32381117 -0.0619569533
v 0.0830875263 1.32211876 -0.0578436218
v 0.0712643489 1.31220651 -0.0602921844
v 0.0740040615 1.313586 -0.0550817512
v 0.0698674545 1.31320596 -0.0570191368
v 0.0649615079 1.30115891 -0.0492393449
v 0.0990994424 1.40632415 -0.0491203144
v 0.0978835151 1.40874183 -0.0355852023
v 0.107356347 1.3909198 -0.0423525646
v 0.103619955 1.39196408 -0.0544154719
v 0.0959736705 1.40337992 -0.0604233071
v 0.109574147 1.37297714 -0.0421846993
v 0.102990426 1.39231741 -0.0650758296
v 0.107231557 1.37315047 -0.0561840683
v 0.103665523 1.37197435 -0.0668433309
v 0.108082265 1.35195243 -0.0386051945
v 0.102605328 1.34970737 -0.0636365041
v 0.103723854 1.3520062 -0.0532319918
v 0.101969004 1.33477867 -0.0341049656
v 0.0945594311 1.33099806 -0.043661993
v 0.0866319612 1.32081962 -0.0372592434
v 0.0952396542 1.32858181 -0.0531024151
v 0.0914753154 1.32092965 -0.0304674637
v 0.0875400901 1.31685162 -0.0441786572
v 0.082103774 1.3108983 -0.0297620911
v 0.0805795491 1.30918896 -0.0364849232
v 0.0808793828 1.31145644 -0.033143308
v 0.0801877379 1.30570757 -0.0296865478
v 0.0785017908 1.30539501 -0.0319767334
v 0.079259254 1.30470741 -0.0334122777
v 0.0787001625 1.29790068 -0.0299933907
v -0.0435797311 1.46922195 0.0468871072
v -0.0407815985 1.45587933 0.0627099872
v -0.0325167403 1.46895754 0.0584974512
v -0.0530123599 1.45235682 0.0519789383
v -0.0506690964 1.43871033 0.0661432073
v -0.0702239797 1.45468903 0.0439484529
v -0.0630613044 1.4689585 0.0420571119
v -0.0593676791 1.43734384 0.0536460914
v -0.0755439475 1.4401406 0.045486398
v -0.0592558086 1.4186337 0.0666467845
v -0.0659632236 1.41950464 0.0544067286
v -0.0792559087 1.42208183 0.0464000292
v -0.0715139881 1.39880538 0.0542449653
v -0.0657252446 1.39835966 0.0642745346
v -0.0753208324 1.38399792 0.0553424619
v -0.0813900083 1.40013742 0.0463162661
v -0.0698746368 1.38220727 0.0614994578
v -0.0817088485 1.38414276 0.0463788174
v -0.0791386142 1.36617994 0.0566876493
v -0.0720934942 1.36709619 0.0593208857
v -0.0805442631 1.3811779 0.0570967197
v -0.0709140599 1.3499769 0.0584738329
v -0.0756174251 1.34943271 0.0574587509
v -0.0681078136 1.33676875 0.0592384934
v -0.0702040195 1.33608544 0.058125075
v -0.0624038018 1.32435548 0.0604445152
v -0.0791452304 1.36624193 0.053679958
v -0.0805442631 1.3811779 0.0570967197
v -0.0809734911 1.3704977 0.0461865142
v -0.0794116184 1.35435569 0.0456615202
v -0.0778148547 1.35075712 0.0510846786
v -0.0753002018 1.33226931 0.0497736409
v -0.0762767792 1.33256602 0.046114888
v -0.0715710074 1.31712723 0.0496812873
v -0.0723004788 1.31702483 0.0478282161
v -0.0680542514 1.30917478 0.0501696467
v -0.0683157593 1.30900419 0.0491864234
v -0.0616161302 1.29898572 0.0514804013
v 0.0197725985 1.36999857 0.0828810483
v 0.0116008585 1.37866926 0.0861021057
v 0.0107773896 1.37832057 0.0861063004
v 0.00232753577 1.38867915 0.08849255
v 0.00406241231 1.38931513 0.0889500156
v -0.000921110797 1.39798987 0.0903049931
v -0.00311537087 1.39755464 0.0894960091
v -0.00797586981 1.40807462 0.089801006
v -0.00452545891 1.40848672 0.090682134
v -0.0126929684 1.42379296 0.0883422345
v -0.00669935392 1.42345858 0.0895139873
v -0.0159915686 1.44561958 0.0833851993
v -0.00749790762 1.44103909 0.0871481299
v -0.00783030037 1.45769143 0.0761286467
v -0.0157582182 1.45784009 0.0742895529
v -0.0255362485 1.45865357 0.0707814321
v -0.026702119 1.44069409 0.0770111084
v -0.0152207017 1.42622507 0.0873648301
v -0.0254353583 1.4248718 0.0817877203
v -0.0137432832 1.41307068 0.0886757746
v -0.0232090354 1.41130149 0.0853714943
v -0.0125233727 1.40372789 0.0882881433
v -0.020559486 1.40215349 0.0869508907
v -0.0100251967 1.39363337 0.0870785564
v -0.0157384649 1.39193952 0.0863464326
v -0.00678325864 1.38442671 0.0852292702
v -0.00942803826 1.38317573 0.0844996274
v -0.00120296085 1.37519836 0.0816036761
v -0.015495454 1.47344232 0.0625491664
v -0.0232954156 1.47444165 0.0610195845
v -0.0325167403 1.46895754 0.0584974512
v -0.0359077677 1.45666289 0.06413389
v -0.0305407979 1.4416945 0.0769396648
v -0.0384900793 1.44077981 0.0704661086
v -0.0338922814 1.42650855 0.0804893598
v -0.0390469953 1.42573512 0.0754513144
v -0.0352117866 1.41215765 0.0823931172
v -0.038353119 1.41185629 0.0791375637
v -0.0343527421 1.40237153 0.0823633745
v -0.0364118107 1.40229523 0.0805909261
v -0.0327620469 1.39402008 0.0817530304
v -0.0341322273 1.3939023 0.0809475482
v -0.0298571289 1.38426173 0.0804281309
v 0.0450691506 1.3837136 0.0738016516
v 0.0503211021 1.37902367 0.070235014
v 0.049534779 1.38541484 0.0718226731
v 0.0412989147 1.38821149 0.0762494281
v 0.0487574078 1.3894068 0.0727480426
v 0.0471970737 1.39597237 0.0742290467
v 0.0358686 1.39490485 0.0793290883
v 0.0424866751 1.41024518 0.0769701824
v 0.0275225341 1.40898669 0.083156772
v 0.0192401707 1.42467451 0.0865157098
v 0.0379443243 1.42391825 0.0783406943
v 0.0152242268 1.43915462 0.0865681022
v 0.0535787344 1.41080332 0.0720393583
v 0.0330256969 1.43820822 0.0766664371
v 0.0498397946 1.42538202 0.0720753595
v 0.0572019629 1.39712 0.0691098422
v 0.0617288426 1.38719332 0.0662164986
v 0.0520026572 1.38621151 0.0697968304
v 0.0652984381 1.38191795 0.0644975454
v 0.0578041635 1.38021767 0.0658395216
v 0.0652350485 1.37399471 0.0607621036
v 0.0705954805 1.36750948 0.056629315
v 0.0705901906 1.37826228 0.0595059916
v 0.0701232702 1.38764358 0.0606416576
v 0.0690425783 1.39795816 0.0617413409
v 0.0664810762 1.41215742 0.0617249124
v 0.0640702695 1.42454123 0.0616036393
v 0.0600001179 1.43937361 0.0608289167
v 0.045298297 1.43940508 0.0699635521
v 0.0254947841 1.45696211 0.0725484565
v 0.0112686437 1.45739388 0.0765673146
v 0.00259468914 1.44028628 0.0879749432
v 0.0186907984 1.42476404 0.0875457078
v 0.00658288691 1.42519176 0.0918005183
v 0.0216024816 1.41102159 0.087127395
v 0.0111223953 1.41111243 0.0898269713
v 0.0241782758 1.40067506 0.0853346437
v 0.0171743445 1.39830351 0.0858903453
v 0.0262030475 1.39328885 0.0836367235
v 0.0224028844 1.39032578 0.083337374
v 0.02847437 1.38719416 0.0816432759
v -0.00454611611 1.42436159 0.0896698609
v 0.00140136422 1.40882087 0.0889112651
v -0.00749790762 1.44103909 0.0871481299
v 0.00950700417 1.39709723 0.0875120834
v 0.017277265 1.38907266 0.0846361741
v 0.0263800733 1.3848263 0.0814269111
v 0.0223676916 1.38432801 0.0822811648
v 0.0293183774 1.38180399 0.0798800662
v 0.0306395721 1.38317394 0.0799878165
v 0.0269698668 1.38091469 0.0801553205
v 0.0352291279 1.37560821 0.07649941
v 0.00119389931 1.45763898 0.0777021125
v -0.00830885302 1.47356486 0.0630555078
v 0.000246681855 1.47360551 0.0635952726
v 0.00851381943 1.47376764 0.0624963045
v 0.0179934613 1.47390163 0.060589388
v 0.0386587195 1.45669639 0.0649998859
v 0.0348837525 1.47379303 0.0502513796
v 0.0523646884 1.45772624 0.0595044643
v 0.0600001179 1.43937361 0.0608289167
v -0.0158627536 1.50557375 0.0400191285
v -0.0103771295 1.50608492 0.0371904522
v -0.0147057781 1.5053879 0.0408061557
v -0.0207531992 1.50345147 0.0447642654
v -0.0248988364 1.50276101 0.0440581851
v -0.0320972912 1.49484968 0.0507762767
v -0.0371131375 1.49465418 0.0489849374
v -0.0488712788 1.48359215 0.0539377145
v -0.0427251123 1.48447013 0.0553021841
v -0.0569783635 1.47109544 0.0569689125
v -0.0509523489 1.47096217 0.0586502627
v -0.0612485111 1.45365047 0.0619699135
v -0.064987421 1.45483267 0.0596128181
v -0.0679448396 1.43886793 0.0632203892
v -0.0712803751 1.43998086 0.0610285811
v -0.0725756809 1.42155778 0.0639486089
v -0.076317206 1.42245507 0.061275471
v -0.0762985423 1.39752305 0.0636913031
v -0.0804449767 1.39738131 0.0591374747
v -0.0768575668 1.38094103 0.0619732738
v -0.0805442631 1.3811779 0.0570967197
v -0.0761273429 1.36598265 0.0605138354
v -0.0791386142 1.36617994 0.0566876493
v -0.0756174251 1.34943271 0.0574587509
v -0.0733683482 1.34930825 0.0595597215
v -0.0694737881 1.33576143 0.0595119596
v -0.0702040195 1.33608544 0.058125075
v -0.0624038018 1.32435548 0.0604445152
v -0.0509523489 1.47096217 0.0586502627
v -0.0593038015 1.45351839 0.0615728498
v -0.0612485111 1.45365047 0.0619699135
v -0.0651835352 1.43770051 0.0631968156
v -0.0679448396 1.43886793 0.0632203892
v -0.0689979568 1.42057443 0.0634741113
v -0.0725756809 1.42155778 0.0639486089
v -0.0762985423 1.39752305 0.0636913031
v -0.0719789639 1.39851296 0.0624693111
v -0.0768575668 1.38094103 0.0619732738
v -0.0725775063 1.38219011 0.061102841
v -0.0761273429 1.36598265 0.0605138354
v -0.0720934942 1.36709619 0.0593208857
v -0.0709140599 1.3499769 0.0584738329
v -0.0733683482 1.34930825 0.0595597215
v -0.0694737881 1.33576143 0.0595119596
v -0.0681078136 1.33676875 0.0592384934
v -0.0624038018 1.32435548 0.0604445152
v 0.0111898277 1.3786999 0.0866189972
v 0.0177574661 1.37186563 0.084051244
v 0.0110846898 1.37827706 0.0864562988
v 0.00266500516 1.38861036 0.0890983716
v 0.00304837408 1.38935852 0.0894265026
v -0.00265804469 1.39737427 0.0906206593
v -0.00159211992 1.39770103 0.091088511
v -0.00719127152 1.40801513 0.0913694948
v -0.00506134098 1.40828407 0.0920589939
v -0.00794598833 1.42334688 0.0915169716
v -0.0115820048 1.4230386 0.0907691643
v -0.0141213685 1.44103432 0.0872321427
v -0.00901097804 1.44142616 0.0885664821
v -0.0091786338 1.45902312 0.082932137
v -0.0162434001 1.45834053 0.0798950568
v -0.0146326553 1.4775461 0.072627835
v -0.00789651647 1.47890043 0.0742218122
v -0.0192181133 1.47649848 0.0717435181
v -0.0224281326 1.45734727 0.0809526742
v -0.0171904303 1.44074702 0.0866567343
v -0.0118430518 1.49103332 0.0632692426
v -0.0145676304 1.49092317 0.0624668337
v -0.0213969704 1.47423613 0.0661529601
v -0.0168535914 1.48926318 0.0601954497
v -0.0256745927 1.45715189 0.0760801807
v -0.01358693 1.49674678 0.0548909381
v -0.0233605541 1.44057298 0.0875405222
v -0.0268055387 1.44080734 0.0821666494
v -0.0224729106 1.42544079 0.0923678577
v -0.0169185977 1.42602098 0.0906615332
v -0.0256834123 1.4252876 0.0866608024
v -0.0202658698 1.41172862 0.0947497189
v -0.0156276952 1.41258836 0.0921585634
v -0.0230901781 1.41127896 0.0893305913
v -0.014076069 1.40301466 0.091457285
v -0.017510958 1.40227044 0.0940023661
v -0.0199529901 1.40195143 0.0898057893
v -0.0151000256 1.39203942 0.0882660523
v -0.0130249839 1.39178085 0.0908406749
v -0.0111988997 1.39253461 0.0895786062
v -0.00906586554 1.38328624 0.0856547803
v -0.00832663849 1.38350523 0.0869752839
v -0.00750633888 1.38409817 0.0865187347
v -0.00197178568 1.37587619 0.0822355598
v -0.0125356019 1.50364423 0.0405815504
v -0.00793576147 1.50835478 0.0372679271
v -0.0146159995 1.50346565 0.0452567898
v -0.0160199534 1.50226939 0.0448997393
v -0.0208278652 1.49537551 0.0524144173
v -0.021946609 1.49361372 0.0514728054
v -0.0257432461 1.48548758 0.0548705906
v -0.0248000454 1.48858941 0.0566565059
v -0.0310384985 1.47609544 0.06303294
v -0.0325167403 1.46895754 0.0584974512
v -0.0367122032 1.45805609 0.0692141205
v -0.0359077677 1.45666289 0.06413389
v -0.0391794667 1.44223809 0.0746273026
v -0.0384900793 1.44077981 0.0704661086
v -0.0393197387 1.42628431 0.0782472193
v -0.0390469953 1.42573512 0.0754513144
v -0.0386944339 1.41195452 0.0807108358
v -0.038353119 1.41185629 0.0791375637
v -0.0370728858 1.40183973 0.0817231536
v -0.0364118107 1.40229523 0.0805909261
v -0.0341322273 1.3939023 0.0809475482
v -0.0346690156 1.3936187 0.081901595
v -0.0298571289 1.38426173 0.0804281309
v -0.0315685198 1.38671386 0.0814192668
v -0.0298571289 1.38426173 0.0804281309
v -0.0315685198 1.38671386 0.0814192668
v -0.0332441702 1.39374769 0.0822922811
v -0.0327620469 1.39402008 0.0817530304
v -0.0348829441 1.40174806 0.083050698
v -0.0343527421 1.40237153 0.0823633745
v -0.0359661616 1.41232896 0.0830344483
v -0.0352117866 1.41215765 0.0823931172
v -0.0351565443 1.42639339 0.0812708661
v -0.0338922814 1.42650855 0.0804893598
v -0.0325637087 1.4411341 0.0783911794
v -0.0305407979 1.4416945 0.0769396648
v -0.027753016 1.45800567 0.0732091367
v -0.0255362485 1.45865357 0.0707814321
v -0.0226437245 1.47487307 0.0668619648
v -0.0213969704 1.47423613 0.0661529601
v -0.0176190101 1.48986888 0.0597621053
v -0.0168535914 1.48926318 0.0601954497
v -0.0141744083 1.49723792 0.0545205884
v -0.01358693 1.49674678 0.0548909381
v -0.00993238389 1.50409114 0.0468606167
v -0.010667935 1.50461626 0.046672754
v -0.0159915686 1.44561958 0.0833851993
v -0.0171904303 1.44074702 0.0866567343
v -0.0162434001 1.45834053 0.0798950568
v -0.0152207017 1.42622507 0.0873648301
v -0.0169185977 1.42602098 0.0906615332
v -0.0137432832 1.41307068 0.0886757746
v -0.0156276952 1.41258836 0.0921585634
v -0.0125233727 1.40372789 0.0882881433
v -0.014076069 1.40301466 0.091457285
v -0.0100251967 1.39363337 0.0870785564
v -0.0111988997 1.39253461 0.0895786062
v -0.00750633888 1.38409817 0.0865187347
v -0.00678325864 1.38442671 0.0852292702
v -0.00120296085 1.37519836 0.0816036761
v -0.00197178568 1.37587619 0.0822355598
v 0.0299431868 1.38257706 0.0810626075
v 0.0352291279 1.37560821 0.07649941
v 0.0330984183 1.37789857 0.0785964504
v 0.0306395721 1.38317394 0.0799878165
v 0.0277092587 1.38688016 0.0830494389
v 0.02847437 1.38719416 0.0816432759
v 0.0262030475 1.39328885 0.0836367235
v 0.0250896774 1.39312696 0.0852364227
v 0.0241782758 1.40067506 0.0853346437
v 0.0228369012 1.40055716 0.0878220275
v 0.0216024816 1.41102159 0.087127395
v 0.0206443276 1.41110551 0.0904154107
v 0.0174187943 1.42608166 0.0905634686
v 0.0186907984 1.42476404 0.0875457078
v 0.0145571679 1.43997109 0.0894602165
v 0.0152242268 1.43915462 0.0865681022
v 0.0118625592 1.45774531 0.0837718248
v 0.0113169467 1.45768809 0.0860971361
v -0.0647716522 1.30261111 0.0509518534
v -0.0690664276 1.30934858 0.0497089475
v -0.0686878115 1.30920291 0.0504223108
v -0.0731797814 1.31717622 0.0488645881
v -0.0724725649 1.31679881 0.0500318259
v -0.0777207091 1.33102536 0.0499681234
v -0.0789737478 1.33203888 0.0485044122
v -0.0836278871 1.35086 0.0493306182
v -0.081571117 1.34911883 0.0511904173
v -0.0831800476 1.36607587 0.0535205454
v -0.0858878121 1.36808836 0.0503849499
v -0.0836537853 1.38064933 0.0557712987
v -0.0861116648 1.38205504 0.0511425063
v -0.0850056857 1.39766145 0.0518234819
v -0.0829810947 1.39678097 0.0579297356
v -0.078682743 1.42126811 0.059178669
v -0.0814969987 1.42078888 0.0524037294
v -0.0771199092 1.44031549 0.0524841882
v -0.0735459253 1.44041932 0.0585615858
v -0.0722911656 1.45441866 0.0518977977
v -0.0685746223 1.45389414 0.057339754
v -0.065286614 1.46745479 0.0502810143
v -0.0599990673 1.47036755 0.0547993258
v -0.0506367534 1.48340762 0.0512430258
v -0.0566504896 1.47937548 0.0477222092
v -0.0438376404 1.49255168 0.0437191427
v -0.0397399664 1.49465299 0.0467350185
v -0.0309382845 1.50199485 0.0405975506
v -0.0278894752 1.50256252 0.0422079973
v -0.0186993331 1.50529528 0.0394368209
v -0.0686878115 1.30920291 0.0504223108
v -0.0616161302 1.29898572 0.0514804013
v -0.0647716522 1.30261111 0.0509518534
v -0.0680542514 1.30917478 0.0501696467
v -0.0715710074 1.31712723 0.0496812873
v -0.0724725649 1.31679881 0.0500318259
v -0.0753002018 1.33226931 0.0497736409
v -0.0777207091 1.33102536 0.0499681234
v -0.0778148547 1.35075712 0.0510846786
v -0.081571117 1.34911883 0.0511904173
v -0.0831800476 1.36607587 0.0535205454
v -0.0791452304 1.36624193 0.053679958
v -0.0836537853 1.38064933 0.0557712987
v -0.0805442631 1.3811779 0.0570967197
v -0.0829810947 1.39678097 0.0579297356
v -0.0804449767 1.39738131 0.0591374747
v -0.076317206 1.42245507 0.061275471
v -0.078682743 1.42126811 0.059178669
v -0.0735459253 1.44041932 0.0585615858
v -0.0712803751 1.43998086 0.0610285811
v -0.0685746223 1.45389414 0.057339754
v -0.064987421 1.45483267 0.0596128181
v -0.0569783635 1.47109544 0.0569689125
v -0.0599990673 1.47036755 0.0547993258
v -0.0488712788 1.48359215 0.0539377145
v -0.0506367534 1.48340762 0.0512430258
v -0.0371131375 1.49465418 0.0489849374
v -0.0397399664 1.49465299 0.0467350185
v -0.0278894752 1.50256252 0.0422079973
v -0.0248988364 1.50276101 0.0440581851
v -0.0186993331 1.50529528 0.0394368209
v -0.0158627536 1.50557375 0.0400191285
v -0.0161515679 1.50567412 0.0389007255
v -0.0103771295 1.50608492 0.0371904522
v -0.0647716522 1.30261111 0.0509518534
v -0.0616161302 1.29898572 0.0514804013
v -0.0683157593 1.30900419 0.0491864234
v -0.0690664276 1.30934858 0.0497089475
v -0.0731797814 1.31717622 0.0488645881
v -0.0723004788 1.31702483 0.0478282161
v -0.0789737478 1.33203888 0.0485044122
v -0.0762767792 1.33256602 0.046114888
v -0.0836278871 1.35086 0.0493306182
v -0.0794116184 1.35435569 0.0456615202
v -0.0809734911 1.3704977 0.0461865142
v -0.0858878121 1.36808836 0.0503849499
v -0.0817088485 1.38414276 0.0463788174
v -0.0861116648 1.38205504 0.0511425063
v -0.0813900083 1.40013742 0.0463162661
v -0.0850056857 1.39766145 0.0518234819
v -0.0792559087 1.42208183 0.0464000292
v -0.0814969987 1.42078888 0.0524037294
v -0.0755439475 1.4401406 0.045486398
v -0.0771199092 1.44031549 0.0524841882
v -0.0702239797 1.45468903 0.0439484529
v -0.0722911656 1.45441866 0.0518977977
v -0.0630613044 1.4689585 0.0420571119
v -0.065286614 1.46745479 0.0502810143
v -0.0558080077 1.48071027 0.0409193113
v -0.0566504896 1.47937548 0.0477222092
v -0.0430944972 1.4926275 0.0389374495
v -0.0438376404 1.49255168 0.0437191427
v -0.0322930291 1.50006843 0.038033247
v -0.0309382845 1.50199485 0.0405975506
v -0.0195367429 1.50475371 0.0379650667
v -0.0186993331 1.50529528 0.0394368209
v -0.0161515679 1.50567412 0.0389007255
v -0.0157659389 1.50542688 0.0379269496
v -0.0103771295 1.50608492 0.0371904522
v -0.00760498922 1.45845568 0.0832650363
v -0.00822971947 1.45843017 0.0814120919
v -0.00789651647 1.47890043 0.0742218122
v -0.00610024622 1.44098723 0.0886859745
v -0.00749790762 1.44103909 0.0871481299
v -0.00454611611 1.42436159 0.0896698609
v -0.0027406076 1.42428052 0.0930491164
v 0.00338131865 1.40878189 0.0930686817
v 0.00140136422 1.40882087 0.0889112651
v 0.0107547008 1.39751053 0.0908465162
v 0.00950700417 1.39709723 0.0875120834
v 0.0186430048 1.38959479 0.0872894153
v 0.017277265 1.38907266 0.0846361741
v 0.0239489805 1.38463235 0.0837255269
v 0.0223676916 1.38432801 0.0822811648
v 0.0278090537 1.38150311 0.0812046975
v 0.0269698668 1.38091469 0.0801553205
v 0.0352291279 1.37560821 0.07649941
v 0.0330984183 1.37789857 0.0785964504
v 0.0503211021 1.37902367 0.070235014
v 0.0462329425 1.38388002 0.0746196806
v 0.049512729 1.38135862 0.0722345859
v 0.0450691506 1.3837136 0.0738016516
v 0.0412989147 1.38821149 0.0762494281
v 0.0424330123 1.3882767 0.0773769245
v 0.0358686 1.39490485 0.0793290883
v 0.0371401533 1.3952558 0.0808518231
v 0.0275225341 1.40898669 0.083156772
v 0.0289839022 1.4089123 0.0852805227
v 0.0192401707 1.42467451 0.0865157098
v 0.0215510745 1.4245193 0.0879340693
v 0.0152242268 1.43915462 0.0865681022
v 0.0165199544 1.43875909 0.087408416
v 0.0118625592 1.45774531 0.0837718248
v 0.0583853051 1.43935442 0.0695445687
v 0.0600001179 1.43937361 0.0608289167
v 0.0640702695 1.42454123 0.0616036393
v 0.0631440356 1.42377317 0.0699576139
v 0.0656200275 1.41186702 0.0691319406
v 0.0664810762 1.41215742 0.0617249124
v 0.0690425783 1.39795816 0.0617413409
v 0.0681143925 1.3975091 0.0673256218
v 0.0701232702 1.38764358 0.0606416576
v 0.069014512 1.38714004 0.0646533743
v 0.0695377067 1.37779641 0.0620871522
v 0.0705901906 1.37826228 0.0595059916
v 0.0705954805 1.36750948 0.056629315
v 0.0697292462 1.37024105 0.0587080121
v 0.0523646884 1.45772624 0.0595044643
v 0.0600001179 1.43937361 0.0608289167
v 0.0507501811 1.45814753 0.0658763647
v 0.0392842703 1.47675705 0.0543203391
v 0.0372033603 1.47875011 0.0600558072
v 0.0197725985 1.36999857 0.0828810483
v 0.0110846898 1.37827706 0.0864562988
v 0.0177574661 1.37186563 0.084051244
v 0.0107773896 1.37832057 0.0861063004
v 0.00232753577 1.38867915 0.08849255
v 0.00266500516 1.38861036 0.0890983716
v -0.00311537087 1.39755464 0.0894960091
v -0.00265804469 1.39737427 0.0906206593
v -0.00797586981 1.40807462 0.089801006
v -0.00719127152 1.40801513 0.0913694948
v -0.0126929684 1.42379296 0.0883422345
v -0.0115820048 1.4230386 0.0907691643
v -0.0141213685 1.44103432 0.0872321427
v -0.0159915686 1.44561958 0.0833851993
v -0.0162434001 1.45834053 0.0798950568
v -0.0091786338 1.45902312 0.082932137
v -0.00789651647 1.47890043 0.0742218122
v -0.00822971947 1.45843017 0.0814120919
v -0.00749790762 1.44103909 0.0871481299
v -0.00901097804 1.44142616 0.0885664821
v -0.00669935392 1.42345858 0.0895139873
v -0.00794598833 1.42334688 0.0915169716
v -0.00452545891 1.40848672 0.090682134
v -0.00506134098 1.40828407 0.0920589939
v -0.000921110797 1.39798987 0.0903049931
v -0.00159211992 1.39770103 0.091088511
v 0.00406241231 1.38931513 0.0889500156
v 0.00304837408 1.38935852 0.0894265026
v 0.0116008585 1.37866926 0.0861021057
v 0.0111898277 1.3786999 0.0866189972
v 0.0197725985 1.36999857 0.0828810483
v 0.0177574661 1.37186563 0.084051244
v -0.00993238389 1.50409114 0.0468606167
v -0.010667935 1.50461626 0.046672754
v -0.00893407222 1.50622296 0.0420642756
v -0.00793576147 1.50835478 0.0372679271
v -0.010667935 1.50461626 0.046672754
v -0.0125316745 1.50464475 0.0459025651
v -0.0176153164 1.4975729 0.0539615937
v -0.0141744083 1.49723792 0.0545205884
v -0.0176190101 1.48986888 0.0597621053
v -0.0146159995 1.50346565 0.0452567898
v -0.0208278652 1.49537551 0.0524144173
v -0.0248000454 1.48858941 0.0566565059
v -0.021884514 1.48999965 0.0592053458
v -0.0226437245 1.47487307 0.0668619648
v -0.0287210308 1.47514749 0.0677142665
v -0.0310384985 1.47609544 0.06303294
v -0.027753016 1.45800567 0.0732091367
v -0.0339930616 1.45842099 0.0746302232
v -0.0367122032 1.45805609 0.0692141205
v -0.0325637087 1.4411341 0.0783911794
v -0.0369354151 1.44254363 0.0792238787
v -0.0391794667 1.44223809 0.0746273026
v -0.0351565443 1.42639339 0.0812708661
v -0.0380785055 1.42770159 0.0819416717
v -0.0393197387 1.42628431 0.0782472193
v -0.0359661616 1.41232896 0.0830344483
v -0.0378203802 1.41310096 0.083402507
v -0.0386944339 1.41195452 0.0807108358
v -0.0348829441 1.40174806 0.083050698
v -0.0366456658 1.40214396 0.083767496
v -0.0370728858 1.40183973 0.0817231536
v -0.0332441702 1.39374769 0.0822922811
v -0.0347778872 1.39414334 0.0832507387
v -0.0346690156 1.3936187 0.081901595
v -0.0315685198 1.38671386 0.0814192668
v -0.0160199534 1.50226939 0.0448997393
v -0.0147057781 1.5053879 0.0408061557
v -0.0125356019 1.50364423 0.0405815504
v -0.0179989114 1.50277603 0.0452126786
v -0.0230013821 1.49399579 0.0521045849
v -0.021946609 1.49361372 0.0514728054
v -0.0262679532 1.49470711 0.0519248843
v -0.0257432461 1.48548758 0.0548705906
v -0.0271187089 1.48581314 0.0554007106
v -0.0338078141 1.48503613 0.0568949245
v -0.0364837199 1.46947598 0.061133258
v -0.0325167403 1.46895754 0.0584974512
v -0.0422607288 1.47183013 0.0619964115
v -0.043846149 1.45590568 0.0652092248
v -0.0407815985 1.45587933 0.0627099872
v -0.0506234355 1.45564711 0.0661441684
v -0.0506690964 1.43871033 0.0661432073
v -0.051779937 1.43919063 0.0674113184
v -0.0568811931 1.43927538 0.0682409629
v -0.0592558086 1.4186337 0.0666467845
v -0.0602474287 1.41882384 0.0677970275
v -0.0635471344 1.41958475 0.0678345263
v -0.0657252446 1.39835966 0.0642745346
v -0.066301465 1.39844477 0.0653801486
v -0.0686063692 1.39878535 0.0652391538
v -0.0698746368 1.38220727 0.0614994578
v -0.0699403808 1.38228893 0.062214002
v -0.0712072328 1.38218689 0.0622026511
v -0.0720934942 1.36709619 0.0593208857
v 0.0503211021 1.37902367 0.070235014
v 0.049512729 1.38135862 0.0722345859
v 0.0491902493 1.38514519 0.0735113099
v 0.049534779 1.38541484 0.0718226731
v 0.0486331694 1.38907433 0.0746707246
v 0.0487574078 1.3894068 0.0727480426
v 0.0477132685 1.39550233 0.0768769458
v 0.0471970737 1.39597237 0.0742290467
v 0.0444972105 1.41037202 0.0800354257
v 0.045012787 1.41028452 0.0780984759
v 0.0416248776 1.42392671 0.0802021176
v 0.0414049625 1.42394543 0.0812542588
v 0.0370586701 1.43930435 0.0813567415
v 0.0495130494 1.39606345 0.0747601464
v 0.0471970737 1.39597237 0.0742290467
v 0.045012787 1.41028452 0.0780984759
v 0.0540283583 1.38641822 0.0704330727
v 0.0520026572 1.38621151 0.0697968304
v 0.0578041635 1.38021767 0.0658395216
v 0.0600943305 1.38010049 0.0661380291
v 0.0652350485 1.37399471 0.0607621036
v 0.0658000931 1.37489343 0.0619522706
v 0.0697292462 1.37024105 0.0587080121
v 0.0705954805 1.36750948 0.056629315
v -0.0213969704 1.47423613 0.0661529601
v -0.0256745927 1.45715189 0.0760801807
v -0.0255362485 1.45865357 0.0707814321
v -0.0268055387 1.44080734 0.0821666494
v -0.026702119 1.44069409 0.0770111084
v -0.0256834123 1.4252876 0.0866608024
v -0.0254353583 1.4248718 0.0817877203
v -0.0230901781 1.41127896 0.0893305913
v -0.0232090354 1.41130149 0.0853714943
v -0.0199529901 1.40195143 0.0898057893
v -0.020559486 1.40215349 0.0869508907
v -0.0151000256 1.39203942 0.0882660523
v -0.0157384649 1.39193952 0.0863464326
v -0.00906586554 1.38328624 0.0856547803
v -0.00942803826 1.38317573 0.0844996274
v -0.00120296085 1.37519836 0.0816036761
v -0.00197178568 1.37587619 0.0822355598
v 0.0758611932 1.38381112 0.0545985587
v 0.0734541267 1.37097383 0.0539125875
v 0.0738036931 1.37329865 0.0545643903
v 0.0758875161 1.38353407 0.0534760766
v 0.0775737837 1.39596033 0.0541126132
v 0.0776652023 1.39609528 0.0519686863
v 0.0778483972 1.40806317 0.0519138388
v 0.0775796026 1.40810955 0.0544887595
v 0.0763136446 1.42438519 0.0527611002
v 0.0756004825 1.42515266 0.0543479174
v 0.0722971857 1.43973541 0.053957779
v 0.0723034516 1.44007087 0.0523874797
v 0.0667130277 1.4566859 0.0518426038
v 0.0922114328 1.31812024 0.0281365309
v 0.0853724107 1.30792093 0.0308637545
v 0.0827618688 1.3095485 0.0290460922
v 0.0944886655 1.31579983 0.030763017
v 0.105895355 1.32846737 0.030366499
v 0.101087399 1.32989943 0.0280739069
v 0.103835046 1.33870471 0.0259660278
v 0.108476683 1.33317077 0.0298200175
v 0.109445743 1.33934093 0.028478818
v 0.10285987 1.35401702 0.0209630597
v 0.108575217 1.35498238 0.0240874849
v 0.105977349 1.37308788 0.0192843173
v 0.101343095 1.37216365 0.0167520884
v 0.100933038 1.38756406 0.0149955899
v 0.104111269 1.38756394 0.0164214913
v 0.101235233 1.40826845 0.0132270288
v 0.0996034816 1.40820098 0.0128809689
v 0.0985198021 1.42826402 0.0113752969
v 0.0717000887 1.29359019 0.0347350985
v 0.0725005791 1.29734397 0.031002447
v 0.0726655647 1.29735029 0.0321540721
v 0.0753540993 1.3032769 0.0264788624
v 0.075877808 1.3030076 0.0297920834
v 0.0786070749 1.3093214 0.0225524157
v 0.0827618688 1.3095485 0.0290460922
v 0.0922114328 1.31812024 0.0281365309
v 0.0865616947 1.32017815 0.0190295167
v 0.0738036931 1.37329865 0.0545643903
v 0.0734541267 1.37097383 0.0539125875
v 0.0738480389 1.38303161 0.0577551238
v 0.0718275234 1.38272119 0.0576434731
v 0.0727898329 1.39579856 0.060277123
v 0.0699338689 1.39562833 0.0599969886
v 0.0677808151 1.40828347 0.0613477081
v 0.0711106658 1.40816247 0.0612961911
v 0.0642626211 1.42458355 0.0613393001
v 0.0673503876 1.42552435 0.0616678335
v 0.0602108613 1.43945479 0.0605068654
v 0.0625404567 1.44050384 0.0614880137
v 0.0523646884 1.45772624 0.0595044643
v 0.0557967573 1.45730078 0.0597027242
v 0.041074641 1.47731686 0.0546280928
v 0.0392842703 1.47675705 0.0543203391
v 0.0229816288 1.49437988 0.0457453765
v 0.0585050136 1.31825137 0.061753381
v 0.0617423505 1.3269676 0.0591178015
v 0.0625064373 1.32685626 0.0597317107
v 0.0653631687 1.33515501 0.0578815304
v 0.0644779205 1.33560693 0.0571625791
v 0.0674589872 1.34680665 0.0556212701
v 0.0689456612 1.34671628 0.0562260896
v 0.0704449192 1.35884917 0.0547318608
v 0.0720219091 1.35882163 0.0551965944
v 0.0734541267 1.37097383 0.0539125875
v 0.0750810429 1.37108004 0.0541339591
v 0.0777754039 1.38366067 0.0534272082
v 0.0758875161 1.38353407 0.0534760766
v 0.0790361539 1.3967092 0.0527834147
v 0.0776652023 1.39609528 0.0519686863
v 0.0778483972 1.40806317 0.0519138388
v 0.0794095099 1.40820098 0.053339377
v 0.0775861517 1.42411709 0.0533475727
v 0.0763136446 1.42438519 0.0527611002
v 0.0737485886 1.44028115 0.0529650301
v 0.0723034516 1.44007087 0.0523874797
v 0.0667130277 1.4566859 0.0518426038
v 0.0679335073 1.45724165 0.0524010733
v 0.0572516769 1.47605872 0.0499421284
v 0.013018121 1.50196993 0.0391996428
v 0.0229816288 1.49437988 0.0457453765
v 0.0121598132 1.50241923 0.0406448692
v 0.0084464848 1.50472939 0.0375051536
v 0.00750780152 1.50520372 0.0391568169
v 0.00291720405 1.50728464 0.0377554223
v 0.0039362628 1.50678551 0.0358973145
v -5.56891064E-05 1.5077951 0.0346739888
v -0.000717180956 1.50852871 0.0375092812
v -0.00411327975 1.50791669 0.0337950625
v -0.00383599778 1.50861466 0.0369357802
v -0.00642691739 1.50800884 0.0337544046
v -0.00632438716 1.50851929 0.0371742062
v -0.00793576147 1.50835478 0.0372679271
v -0.00867484976 1.50943768 0.0335756578
v -0.0104532409 1.5101136 0.0377076827
v -0.0077763563 1.5122776 0.0327102952
v -0.0100283129 1.51346934 0.0384809524
v -0.00612433255 1.51555526 0.0398923755
v -0.00428514788 1.51297665 0.0333165005
v 0.000657483353 1.51254809 0.0343690254
v 0.0011976962 1.51392722 0.0410164408
v 0.00640292093 1.51038635 0.0360111557
v 0.00781987142 1.51026165 0.0430253297
v 0.0103610177 1.50802004 0.0377418026
v 0.015645124 1.50288963 0.0456476286
v 0.0154058868 1.50267518 0.0406900346
v 0.0233711544 1.49527109 0.0476553142
v 0.0229816288 1.49437988 0.0457453765
v 0.041074641 1.47731686 0.0546280928
v 0.0229816288 1.49437988 0.0457453765
v 0.013018121 1.50196993 0.0391996428
v 0.0154058868 1.50267518 0.0406900346
v 0.0103610177 1.50802004 0.0377418026
v 0.0084464848 1.50472939 0.0375051536
v 0.00640292093 1.51038635 0.0360111557
v 0.0039362628 1.50678551 0.0358973145
v -5.56891064E-05 1.5077951 0.0346739888
v 0.000657483353 1.51254809 0.0343690254
v -0.00411327975 1.50791669 0.0337950625
v -0.00428514788 1.51297665 0.0333165005
v -0.00606805598 1.51035559 0.0327684842
v -0.0077763563 1.5122776 0.0327102952
v -0.00642691739 1.50800884 0.0337544046
v -0.00867484976 1.50943768 0.0335756578
v 0.055048231 1.28060508 0.0454584919
v 0.058542449 1.27641129 0.0454536676
v 0.0554408357 1.28041887 0.0441826619
v 0.0535648577 1.28419542 0.0457695797
v 0.0542346984 1.28384125 0.0434971713
v 0.0535259917 1.28770244 0.046115391
v 0.0541480966 1.28622699 0.0428615957
v 0.0533921942 1.29041171 0.0462609529
v 0.0546364523 1.28886485 0.0418367721
v 0.0558158532 1.29461193 0.0418766811
v 0.0547460131 1.2956692 0.0463360883
v 0.0588391498 1.29338098 0.0389124304
v 0.065824233 1.30031002 0.0334344506
v 0.0573842712 1.30277443 0.0460386872
v 0.0597869009 1.3014468 0.0390640981
v 0.0768836066 1.31105804 0.0260277689
v 0.0691593885 1.31143796 0.0332415067
v 0.0865616947 1.32017815 0.0190295167
v 0.0633642972 1.31279707 0.0428227894
v 0.077726908 1.32146811 0.0281137098
v 0.0846099481 1.3316052 0.0240719505
v 0.0913290754 1.3314935 0.0166194085
v 0.094333224 1.34149683 0.0152922357
v 0.0897752643 1.34287393 0.0207520537
v 0.0959085077 1.35402656 0.0145193776
v 0.0755331814 1.33259106 0.0368042476
v 0.0937474966 1.3563987 0.0173859317
v 0.0973026603 1.37207484 0.0135490047
v 0.0699111298 1.32287216 0.0397265926
v 0.0807201341 1.34328806 0.0335168205
v 0.0700180531 1.33317423 0.0480542779
v 0.0655408874 1.32328761 0.0517317913
v 0.0745737553 1.34355438 0.044632934
v 0.0608534813 1.31306255 0.052510947
v 0.0605486482 1.31552351 0.0573003888
v 0.0578655042 1.307953 0.0563807897
v 0.0860839561 1.35630691 0.0293949712
v 0.0802659392 1.35622478 0.0403909944
v 0.0567978136 1.30511224 0.0529240184
v 0.0543546192 1.29637742 0.0535186939
v 0.0547460131 1.2956692 0.0463360883
v 0.0533921942 1.29041171 0.0462609529
v 0.0535326377 1.29148567 0.0518219732
v 0.0535259917 1.28770244 0.046115391
v 0.053523358 1.28669322 0.0496376641
v 0.0535648577 1.28419542 0.0457695797
v 0.0538915321 1.28337777 0.0482248813
v 0.055048231 1.28060508 0.0454584919
v 0.0555546954 1.27994287 0.0469519645
v 0.058542449 1.27641129 0.0454536676
v 0.0853940845 1.37150371 0.0350110345
v 0.0918586031 1.37154818 0.0244822018
v 0.0863019377 1.38881481 0.0306430198
v 0.0779910088 1.3712759 0.0477868989
v 0.0962911844 1.38997447 0.0132642612
v 0.10193263 1.38695419 -0.00139799027
v 0.103936374 1.3718468 -0.000540850277
v 0.0959085077 1.35402656 0.0145193776
v 0.106695838 1.35347939 0.00120981643
v 0.107367687 1.33741951 0.00405493658
v 0.094333224 1.34149683 0.0152922357
v 0.0913290754 1.3314935 0.0166194085
v 0.104141556 1.32879198 0.00599513762
v 0.0865616947 1.32017815 0.0190295167
v 0.0942207798 1.31564164 0.0107576214
v 0.0786070749 1.3093214 0.0225524157
v 0.083483316 1.30728006 0.01861264
v 0.076927118 1.30198991 0.0241597369
v 0.0753540993 1.3032769 0.0264788624
v 0.0725005791 1.29734397 0.031002447
v 0.0727376491 1.29679954 0.0300624724
v 0.0717000887 1.29359019 0.0347350985
v 0.0853724107 1.30792093 0.0308637545
v 0.075877808 1.3030076 0.0297920834
v 0.0827618688 1.3095485 0.0290460922
v 0.0787292272 1.30281138 0.0313638672
v 0.0737533718 1.29718149 0.0328262486
v 0.0726655647 1.29735029 0.0321540721
v 0.0717000887 1.29359019 0.0347350985
v 0.0734040588 1.29678154 0.030434031
v 0.0727376491 1.29679954 0.0300624724
v 0.076927118 1.30198991 0.0241597369
v 0.0795898512 1.30170107 0.0279031768
v 0.0786475763 1.30134606 0.0247995537
v 0.083483316 1.30728006 0.01861264
v 0.0855800137 1.30595958 0.0261950437
v 0.0844437703 1.30582428 0.0201332401
v 0.094410114 1.3129586 0.0128940996
v 0.0942207798 1.31564164 0.0107576214
v 0.104141556 1.32879198 0.00599513762
v 0.0959454924 1.31415415 0.0243292488
v 0.0944886655 1.31579983 0.030763017
v 0.105895355 1.32846737 0.030366499
v 0.108071417 1.32751048 0.00848154165
v 0.108457722 1.32749498 0.0225384906
v 0.111193806 1.33219421 0.00755816698
v 0.107367687 1.33741951 0.00405493658
v 0.111603707 1.33282542 0.0219034422
v 0.108476683 1.33317077 0.0298200175
v 0.112300061 1.3376478 0.00664644875
v 0.112496443 1.33889127 0.0208675377
v 0.109445743 1.33934093 0.028478818
v 0.111397646 1.3556782 0.0170475561
v 0.108575217 1.35498238 0.0240874849
v 0.111943595 1.35411119 0.00421128562
v 0.106695838 1.35347939 0.00120981643
v 0.103936374 1.3718468 -0.000540850277
v 0.109235421 1.37394524 0.00288687996
v 0.10193263 1.38695419 -0.00139799027
v 0.106820188 1.38896191 0.00204677181
v 0.0995838121 1.40481842 -0.00214260537
v 0.103547536 1.4101758 0.000934545998
v 0.109235421 1.37394524 0.00288687996
v 0.109354697 1.37344909 0.014339285
v 0.105977349 1.37308788 0.0192843173
v 0.107705683 1.38833201 0.0127797779
v 0.106820188 1.38896191 0.00204677181
v 0.104111269 1.38756394 0.0164214913
v 0.103547536 1.4101758 0.000934545998
v 0.103756718 1.40875852 0.0106013762
v 0.101235233 1.40826845 0.0132270288
v 0.0998199806 1.42850244 0.00924082007
v 0.10027498 1.42983985 0.0017302942
v 0.0947845727 1.44873929 0.00932963006
v 0.0985198021 1.42826402 0.0113752969
v 0.095671773 1.45142996 0.00271354732
v 0.0864153579 1.47267365 0.00577304605
v 0.0926927179 1.44639587 0.0186180342
v 0.0972152278 1.42697549 0.0193236209
v 0.0996034816 1.40820098 0.0128809689
v 0.100588635 1.40811503 0.0220498834
v 0.100933038 1.38756406 0.0149955899
v 0.101769246 1.38824904 0.0253375359
v 0.101343095 1.37216365 0.0167520884
v 0.0862163827 1.46968377 0.0137570174
v 0.0855549797 1.46735013 0.0203010887
v 0.0741877183 1.48680115 0.00942903105
v 0.0746909901 1.4849931 0.00723466417
v 0.0735627413 1.4851886 0.0186226703
v 0.0648443997 1.49557579 0.0113988454
v 0.0645022616 1.49530661 0.00958391745
v 0.052637022 1.50454187 0.0115797585
v 0.0642671064 1.49388933 0.0202822629
v 0.0532986112 1.50492668 0.0134900622
v 0.033406835 1.51748085 0.0169030037
v 0.0329377353 1.51740062 0.0147158392
v 0.0198309161 1.52121043 0.0184324775
v 0.019088855 1.52136528 0.0167983882
v 0.00569949299 1.5244801 0.0201623701
v 0.0060928301 1.52364755 0.0181521773
v -0.00614004303 1.52512109 0.0207747053
v -0.00646083523 1.52596259 0.0253433157
v -0.0129483705 1.52164912 0.0220183656
v -0.00599928247 1.52424431 0.0193941109
v -0.0124745341 1.52081835 0.0210799314
v -0.0160433426 1.51430321 0.0234240238
v 0.00558825117 1.52498221 0.0254590735
v 0.0190263223 1.52191567 0.0254809372
v 0.0422894508 1.51114404 0.0251460597
v 0.0318356492 1.51813626 0.0256234277
v 0.0527545884 1.50368118 0.0225456115
v 0.062918745 1.49198484 0.0260764118
v 0.0518719293 1.50324464 0.0264343023
v 0.0500849895 1.50220811 0.0315905288
v 0.0403973237 1.51064467 0.0319024175
v 0.0298375692 1.51786339 0.031741593
v 0.0277735926 1.51695848 0.0362527184
v 0.0173122883 1.5221107 0.0311663281
v 0.0716137588 1.48287606 0.0262437426
v 0.0691952631 1.47987449 0.0331479274
v 0.0465731025 1.50119364 0.0381672867
v 0.082762219 1.46391642 0.026147861
v 0.0375417657 1.50946367 0.0375464372
v 0.0415832326 1.49964857 0.0446063429
v 0.00483745011 1.52522469 0.0295778699
v 0.0800596029 1.46106315 0.0351944901
v 0.0909764245 1.44382548 0.0268884078
v 0.0896021947 1.44204497 0.0331059843
v 0.0871699154 1.44174492 0.0379181057
v 0.0958747864 1.42591858 0.0280999802
v 0.0927235857 1.42533505 0.0346097946
v 0.0896645337 1.42423904 0.0403947458
v 0.0987990052 1.40773821 0.0304951444
v 0.0950283632 1.40793681 0.0375198796
v 0.0914013088 1.40807962 0.0425794497
v 0.100282103 1.38830531 0.0342961177
v 0.0944630951 1.38695168 0.0400845855
v 0.0903357491 1.3863163 0.0446633995
v 0.0891006142 1.37203014 0.0463780202
v 0.102318741 1.37220263 0.029784305
v 0.0944942236 1.37227201 0.0431328379
v 0.0850825831 1.35671532 0.0505915806
v 0.10006547 1.37244225 0.0382932685
v 0.102320366 1.35593677 0.0340693891
v 0.10285987 1.35401702 0.0209630597
v 0.103835046 1.33870471 0.0259660278
v 0.090990752 1.35623777 0.0490522385
v 0.0791140422 1.34366238 0.0554361753
v 0.0980340764 1.35565448 0.0434259176
v 0.102192216 1.3405441 0.0390216522
v 0.101087399 1.32989943 0.0280739069
v 0.0855039954 1.34226418 0.0547722429
v 0.0732303858 1.33361614 0.0581715629
v 0.0941300765 1.34152997 0.04905577
v 0.0785990581 1.33191371 0.0584652163
v 0.0683167055 1.32521904 0.0594512932
v 0.0874052793 1.32997644 0.0534742065
v 0.0902857259 1.33061337 0.0534101278
v 0.0734466091 1.3238672 0.0604326427
v 0.0819094554 1.3214848 0.0563262962
v 0.0752866566 1.31323206 0.0573681444
v 0.0632371604 1.31678081 0.05953376
v 0.0682100058 1.31554818 0.0608032495
v 0.0675655231 1.30441117 0.0565262102
v 0.0993390456 1.32929409 0.0421152785
v 0.0935279652 1.31873763 0.0445882306
v 0.085734278 1.32194376 0.0565139093
v 0.0922114328 1.31812024 0.0281365309
v 0.0780124441 1.31222367 0.0576640628
v 0.062146496 1.30533731 0.0598132089
v 0.0843352228 1.30956888 0.0313740931
v 0.0865616947 1.32017815 0.0190295167
v 0.0768836066 1.31105804 0.0260277689
v 0.0837657154 1.30923808 0.0459818393
v 0.0698073506 1.30290461 0.0569476001
v 0.073279649 1.3006711 0.0468086153
v 0.0610856004 1.2945677 0.0543281771
v 0.070555307 1.29887223 0.0362274237
v 0.065824233 1.30031002 0.0334344506
v 0.0645723641 1.29365599 0.0470408984
v 0.0553609878 1.28878951 0.0518981442
v 0.0618741252 1.2927736 0.0409384817
v 0.0588391498 1.29338098 0.0389124304
v 0.0546364523 1.28886485 0.0418367721
v 0.0590355732 1.28880322 0.0468969829
v 0.0570711493 1.28823924 0.0431923568
v 0.0552145056 1.28550744 0.0438940041
v 0.0541480966 1.28622699 0.0428615957
v 0.0542346984 1.28384125 0.0434971713
v 0.0564940237 1.28542662 0.0466961786
v 0.0559449904 1.28257036 0.0464564562
v 0.0548171923 1.2834121 0.0444978625
v 0.0558032468 1.28026175 0.0448584966
v 0.0554408357 1.28041887 0.0441826619
v 0.058542449 1.27641129 0.0454536676
v 0.0568089746 1.27962053 0.0460449867
v 0.0560548343 1.27970755 0.0477282479
v 0.0555546954 1.27994287 0.0469519645
v 0.0538915321 1.28337777 0.0482248813
v 0.0542951412 1.28305924 0.0495175868
v 0.053523358 1.28669322 0.0496376641
v 0.0544544011 1.28518856 0.0505141951
v 0.0538835563 1.28531599 0.0507535152
v 0.0542346612 1.28909981 0.0527190045
v 0.0535326377 1.29148567 0.0518219732
v 0.0570399314 1.29646921 0.056441091
v 0.0599009842 1.29557979 0.0542692281
v 0.0543546192 1.29637742 0.0535186939
v 0.0589639209 1.30711389 0.0576173477
v 0.0578655042 1.307953 0.0563807897
v 0.0605486482 1.31552351 0.0573003888
v 0.0718275234 1.38272119 0.0576434731
v 0.0734541267 1.37097383 0.0539125875
v 0.0758884847 1.38424242 0.0525534749
v 0.0699338689 1.39562833 0.0599969886
v 0.0757811591 1.4077282 0.0513586365
v 0.0677808151 1.40828347 0.0613477081
v 0.0642626211 1.42458355 0.0613393001
v 0.0726860613 1.42356706 0.0504499674
v 0.0678229406 1.44308305 0.0491335727
v 0.0602108613 1.43945479 0.0605068654
v 0.0601613633 1.4572494 0.0475884713
v 0.0523646884 1.45772624 0.0595044643
v 0.0348837525 1.47379303 0.0502513796
v 0.0530850962 1.46827888 0.0434805751
v 0.0623954758 1.45868194 0.043131154
v 0.0650126189 1.4605639 0.0398791693
v 0.069545716 1.44562924 0.044442419
v 0.0725545958 1.45416689 0.0366389304
v 0.0751992762 1.42562056 0.0434372313
v 0.0757811591 1.4077282 0.0513586365
v 0.0805694535 1.42793953 0.0317872092
v 0.0908293352 1.43239784 0.0149498926
v 0.0833888873 1.40794718 0.0312839486
v 0.0767350346 1.40662622 0.043085441
v 0.0811695009 1.3872422 0.0448497608
v 0.0758884847 1.38424242 0.0525534749
v 0.0734541267 1.37097383 0.0539125875
v 0.0941278115 1.41008604 0.013725304
v 0.0975371972 1.4215548 -0.00177253806
v 0.0995838121 1.40481842 -0.00214260537
v 0.0704449192 1.35884917 0.0547318608
v 0.0759904087 1.35883081 0.049348779
v 0.0674589872 1.34680665 0.0556212701
v 0.0719088912 1.34693611 0.0506924652
v 0.0745737553 1.34355438 0.044632934
v 0.0644779205 1.33560693 0.0571625791
v 0.0674379393 1.33498776 0.0530039743
v 0.0700180531 1.33317423 0.0480542779
v 0.0617423505 1.3269676 0.0591178015
v 0.0639779568 1.32554102 0.056504257
v 0.0655408874 1.32328761 0.0517317913
v 0.0605486482 1.31552351 0.0573003888
v 0.0585050136 1.31825137 0.061753381
v 0.0600699782 1.31700587 0.059635479
v 0.0569361188 1.31054139 0.0612592101
v 0.0566984303 1.31122708 0.0630463511
v 0.0553209297 1.31196666 0.0643312037
v 0.0528755337 1.30548906 0.0657951757
v 0.0533416495 1.30613554 0.0665421486
v 0.0522525012 1.30646801 0.0671120733
v 0.0490005538 1.30178678 0.0703217909
v -0.0104532409 1.5101136 0.0377076827
v -0.00793576147 1.50835478 0.0372679271
v -0.0103771295 1.50608492 0.0371904522
v -0.0118762683 1.51112688 0.0371811204
v -0.0131242666 1.50791788 0.0341356657
v -0.0100283129 1.51346934 0.0384809524
v -0.0140755158 1.51412213 0.0352191478
v -0.0148664983 1.50919247 0.0299973227
v -0.0158667676 1.51119065 0.0283146724
v -0.0134697361 1.52150559 0.0355018526
v -0.0163069908 1.51589441 0.0300174709
v -0.006235932 1.52489209 0.0370323621
v -0.00612433255 1.51555526 0.0398923755
v -0.016127741 1.51627421 0.0266754832
v -0.0142661845 1.52228725 0.0309306048
v -0.0150951771 1.51590192 0.0237250961
v -0.0144752814 1.52194655 0.0257842317
v -0.0064845602 1.52641475 0.0321898423
v 0.00292993127 1.52332258 0.039523527
v 0.0011976962 1.51392722 0.0410164408
v 0.00781987142 1.51026165 0.0430253297
v 0.00371399941 1.52474558 0.0359698497
v 0.00413421821 1.52514946 0.033369828
v 0.0156494491 1.52206397 0.0348206386
v 0.0141219338 1.52180862 0.0381924175
v 0.011807356 1.51961875 0.0417953059
v 0.015645124 1.50288963 0.0456476286
v 0.025831461 1.51521647 0.0405538157
v 0.0227101147 1.51169753 0.0447305627
v 0.0290334262 1.50573146 0.0468657762
v 0.0233711544 1.49527109 0.0476553142
v 0.0339859799 1.50782311 0.0429915115
v 0.034938436 1.49911988 0.0481308177
v 0.0516591445 1.4762181 0.0539064296
v 0.041074641 1.47731686 0.0546280928
v 0.0572516769 1.47605872 0.0499421284
v 0.0667130277 1.4566859 0.0518426038
v 0.0618769117 1.45705974 0.0570259765
v 0.0557967573 1.45730078 0.0597027242
v 0.0722971857 1.43973541 0.053957779
v 0.0684850588 1.43985116 0.0586355515
v 0.0625404567 1.44050384 0.0614880137
v 0.0724238977 1.42592525 0.059076976
v 0.0756004825 1.42515266 0.0543479174
v 0.0673503876 1.42552435 0.0616678335
v 0.0775796026 1.40810955 0.0544887595
v 0.0752886012 1.40820634 0.0589916967
v 0.0711106658 1.40816247 0.0612961911
v 0.0727898329 1.39579856 0.060277123
v 0.07596495 1.39596796 0.0581368245
v 0.0775737837 1.39596033 0.0541126132
v 0.0738480389 1.38303161 0.0577551238
v 0.0758611932 1.38381112 0.0545985587
v 0.0752354488 1.38370299 0.0565596037
v 0.0738036931 1.37329865 0.0545643903
v 0.0610856004 1.2945677 0.0543281771
v 0.0553609878 1.28878951 0.0518981442
v 0.0599009842 1.29557979 0.0542692281
v 0.0698073506 1.30290461 0.0569476001
v 0.0675655231 1.30441117 0.0565262102
v 0.0780124441 1.31222367 0.0576640628
v 0.0752866566 1.31323206 0.0573681444
v 0.085734278 1.32194376 0.0565139093
v 0.0819094554 1.3214848 0.0563262962
v 0.0902857259 1.33061337 0.0534101278
v 0.0874052793 1.32997644 0.0534742065
v 0.0941300765 1.34152997 0.04905577
v 0.0773348585 1.37078333 -0.097869508
v 0.0520464703 1.34736145 -0.105219565
v 0.0683492199 1.34827256 -0.0925918967
v 0.053651195 1.33301175 -0.0878897458
v 0.0404023342 1.33298373 -0.100540847
v 0.0451513529 1.3265121 -0.0852363482
v 0.0338657759 1.32634234 -0.0959747583
v 0.0377823487 1.32001269 -0.0811458826
v 0.0284600593 1.31970096 -0.0899716094
v 0.027523784 1.31171083 -0.0743243396
v 0.0206445809 1.31146669 -0.0813972354
v 0.0140443407 1.30346739 -0.0724797919
v 0.0184804574 1.30364394 -0.0671597198
v 0.0120907519 1.29612088 -0.0642333478
v 0.00987269357 1.29603255 -0.0668933839
v 0.00727821281 1.2885977 -0.0613069795
v 0.0926432759 1.39143276 -0.0801304728
v 0.0906021222 1.3682127 -0.0842017531
v 0.0959050357 1.39176047 -0.0625463352
v 0.0959736705 1.40337992 -0.0604233071
v 0.0928787887 1.40001976 -0.0798726901
v 0.0185455214 1.25857842 -0.0706379712
v 0.0140371323 1.25812089 -0.0616622828
v 0.0128822364 1.25446904 -0.0659336895
v 0.00927363429 1.25460672 -0.0604286566
v 0.00639057392 1.25650561 -0.055942554
v 0.0118361507 1.26214314 -0.056676399
v 0.00419559516 1.26006615 -0.0538010821
v 0.00991869159 1.26998246 -0.0558382459
v 0.0011170056 1.26781166 -0.0530790985
v 0.00863223244 1.27897608 -0.058552634
v 1.15902893E-17 1.27605736 -0.0559521988
v 0.00727821281 1.2885977 -0.0613069795
v 6.70597184E-18 1.28847456 -0.0621148683
v 0.0569666997 1.37096286 -0.11182984
v 0.0773348585 1.37078333 -0.097869508
v 0.0855021924 1.39709604 -0.0902528539
v 0.0697657168 1.39443862 -0.106698804
v 0.0519157164 1.39315009 -0.112859689
v 0.0406585671 1.37083602 -0.115778081
v 0.036321599 1.34913611 -0.108779676
v 0.0414837338 1.39224458 -0.118619621
v 0.0259578936 1.34853256 -0.111505374
v 0.0265790243 1.33264482 -0.104175851
v 0.0277599692 1.37059367 -0.117284104
v 0.0285583343 1.39109051 -0.120801471
v 0.0118049635 1.33181345 -0.104246832
v 0.0206789151 1.32611084 -0.0988386646
v 0.012979066 1.37073684 -0.117936179
v 0.0132450089 1.39033866 -0.121762343
v -1.69964874E-18 1.37167919 -0.117657237
v -4.07640267E-19 1.39033866 -0.122038893
v -0.0132450089 1.39033866 -0.121762343
v 0.0122298859 1.34848452 -0.112997517
v -9.49617736E-18 1.3309921 -0.104305647
v 0.0096995309 1.31983542 -0.0926976502
v 0.0159096438 1.31957686 -0.0920644179
v 0.0116481325 1.31107175 -0.0827487707
v -8.59838696E-18 1.31848872 -0.0921379626
v 1.63296568E-18 1.30209708 -0.0731795803
v -0.0096995309 1.3190285 -0.0924824476
v 0.00860186107 1.30280185 -0.0730900541
v 0.00715145469 1.29569972 -0.0671985149
v -9.20103353E-18 1.34853709 -0.113058291
v -0.0122298859 1.3482008 -0.112921894
v -0.0118049635 1.33124495 -0.10409525
v 6.70597184E-18 1.28847456 -0.0621148683
v 0.00727821281 1.2885977 -0.0613069795
v -0.0127185127 1.37071896 -0.117931418
v -0.0285582878 1.39109051 -0.120801449
v -0.027499415 1.37059367 -0.117284104
v -0.0414837338 1.39224458 -0.118619621
v -0.0259578936 1.34814095 -0.111400947
v -0.0406585671 1.37081814 -0.11577332
v -0.0533581115 1.39315009 -0.11289072
v -0.0265790243 1.33224297 -0.104068719
v -0.036321599 1.34862316 -0.108642854
v -0.0159096438 1.31908822 -0.0919341072
v -0.0122557534 1.31072354 -0.0824530423
v -0.0101078767 1.30251908 -0.0728400201
v -0.0569666997 1.37093127 -0.111821413
v -0.0697657093 1.39443862 -0.106698886
v -0.0855021924 1.39709604 -0.0902528539
v -0.0773348585 1.37078333 -0.097869508
v -0.00985517167 1.29558861 -0.0663730353
v -0.00727821281 1.28851962 -0.0612865388
v 1.15902893E-17 1.27605736 -0.0559521988
v -0.0155799147 1.29156327 -0.0576847792
v -0.0155938789 1.27910006 -0.0487132147
v -0.00863223244 1.27897251 -0.058552634
v -0.00100818439 1.26771569 -0.0527076982
v -0.0167107899 1.30408478 -0.068187125
v -0.00998776872 1.26997828 -0.0558391027
v -0.00411156332 1.25975323 -0.0532546937
v -0.0186349843 1.29283214 -0.0591315739
v -0.011990984 1.26214027 -0.056676399
v -0.0063601709 1.25609589 -0.0554034971
v -0.0292947628 1.30445504 -0.0664990917
v -0.0271908082 1.3115294 -0.0750490874
v -0.0377823487 1.31942642 -0.0809895471
v -0.0154586518 1.26956916 -0.0517431423
v -0.0144939469 1.25812042 -0.0616622828
v -0.00930933934 1.25422192 -0.0600174516
v -0.012981887 1.25414836 -0.0656763911
v -0.0186282992 1.25856292 -0.0705840439
v -0.0159617867 1.26146328 -0.0552177355
v -0.0168817714 1.25706542 -0.0610678084
v -0.017152708 1.25407517 -0.0631126836
v -0.0160716195 1.2534436 -0.0565416031
v -0.0149598951 1.25527763 -0.0499389507
v -0.0141625544 1.25857997 -0.0448393635
v -0.0132836103 1.26489365 -0.0401007421
v -0.0210919902 1.26401091 -0.0451880693
v -0.0175866578 1.25998354 -0.0389674306
v -0.0231050011 1.25625741 -0.0405324399
v -0.0189727228 1.27829421 -0.0503276251
v -0.0299271531 1.25687194 -0.0460902862
v -0.0298599638 1.25518012 -0.0434754789
v -0.0398738869 1.25810504 -0.0494132303
v -0.0325766467 1.25963473 -0.044770956
v -0.0266100597 1.2658335 -0.0448564142
v -0.0353204831 1.2595433 -0.0431323424
v -0.0312872753 1.26686549 -0.040660277
v -0.0343696624 1.25771916 -0.040342845
v -0.031253431 1.25967014 -0.0356142186
v -0.0276817698 1.26473784 -0.0317142569
v -0.0280205235 1.27943087 -0.0396980792
v -0.0232700799 1.27318156 -0.0265262555
v -0.0306820702 1.26609528 -0.0298405904
v -0.0237871427 1.27902186 -0.0479378551
v -0.0294795092 1.27923715 -0.0442261733
v -0.0246726386 1.29318416 -0.0575342737
v -0.0315437317 1.29262841 -0.0536112376
v -0.0347164869 1.30507505 -0.0644844547
v -0.0354374088 1.27045071 -0.0388095379
v -0.039273303 1.28074431 -0.0380921401
v -0.0373083465 1.26317453 -0.0329539366
v -0.0314327441 1.29288995 -0.0511549227
v -0.04832118 1.31856453 -0.0744003877
v -0.053651195 1.33115995 -0.0873959437
v -0.0584173463 1.33008099 -0.0821475312
v -0.0683492199 1.34708035 -0.0922739804
v -0.0398510359 1.30858076 -0.0646272525
v -0.0365660153 1.3010031 -0.0574716702
v -0.046743311 1.30470896 -0.054041151
v -0.0445103496 1.30879891 -0.0607136376
v -0.057035625 1.31669676 -0.0630865619
v -0.0403069295 1.2927345 -0.0448900126
v -0.0427932404 1.29041529 -0.0369643904
v -0.0521588475 1.30515039 -0.0494650081
v -0.0576677211 1.31114197 -0.0536056608
v -0.0647048056 1.31842828 -0.0563973337
v -0.0718163848 1.3284657 -0.0647655502
v -0.0737269595 1.32781398 -0.0602029078
v -0.0854589269 1.34116817 -0.0657831058
v -0.0435286425 1.28128505 -0.03263532
v -0.0429542251 1.29196405 -0.0318286158
v -0.0446213409 1.30700433 -0.022362696
v -0.0432102606 1.29442751 -0.0236605275
v -0.0412279293 1.28121674 -0.0257639568
v -0.0439676903 1.27582622 -0.0332069658
v -0.0418368317 1.27310443 -0.0285976958
v -0.045031704 1.27017272 -0.0344811939
v -0.0437796377 1.26848817 -0.0318964198
v -0.046719797 1.26475847 -0.0356417559
v -0.0404687524 1.27379918 -0.0366899893
v -0.0395398848 1.26758921 -0.0394871682
v -0.0478054136 1.26796007 -0.0374472179
v -0.0567103624 1.2668817 -0.0459894724
v -0.0427136458 1.26941788 -0.0377306417
v -0.0459046066 1.26655245 -0.0396095663
v -0.0439526848 1.2647326 -0.0403028615
v -0.0440938361 1.26176035 -0.0373278894
v -0.0507820435 1.26267815 -0.0418984294
v 0.0926432759 1.39143276 -0.0801304728
v 0.0928787887 1.40001976 -0.0798726901
v 0.0855021924 1.39709604 -0.0902528539
v 0.0773348585 1.37078333 -0.097869508
v 0.0906021222 1.3682127 -0.0842017531
v 0.0683492199 1.34827256 -0.0925918967
v 0.080870606 1.34473813 -0.0834529251
v 0.0691329539 1.32979059 -0.0774568692
v 0.0584173463 1.33195186 -0.0826463997
v 0.0545049384 1.31743884 -0.0703828707
v 0.0494422428 1.3192842 -0.0739183426
v 0.0489575714 1.31328583 -0.0665584877
v 0.0461127125 1.3142885 -0.0685360283
v 0.0434102044 1.30912399 -0.0627317727
v 0.0959050357 1.39176047 -0.0625463352
v 0.0906021222 1.3682127 -0.0842017531
v 0.0961044356 1.36332977 -0.0672543421
v 0.080870606 1.34473813 -0.0834529251
v 0.0854589269 1.34120512 -0.065792948
v 0.0691329539 1.32979059 -0.0774568692
v 0.0718163848 1.32896686 -0.0648991838
v 0.057035625 1.31741941 -0.0632792711
v 0.0545049384 1.31743884 -0.0703828707
v 0.0489575714 1.31328583 -0.0665584877
v 0.0504024252 1.3133291 -0.0625172853
v 0.0434102044 1.30912399 -0.0627317727
v 0.0773348585 1.37078333 -0.097869508
v 0.0569666997 1.37096286 -0.11182984
v 0.0520464703 1.34736145 -0.105219565
v 0.036321599 1.34913611 -0.108779676
v 0.0404023342 1.33298373 -0.100540847
v 0.0265790243 1.33264482 -0.104175851
v 0.0338657759 1.32634234 -0.0959747583
v 0.0206789151 1.32611084 -0.0988386646
v 0.0284600593 1.31970096 -0.0899716094
v 0.0159096438 1.31957686 -0.0920644179
v 0.0206445809 1.31146669 -0.0813972354
v 0.0116481325 1.31107175 -0.0827487707
v 0.0140443407 1.30346739 -0.0724797919
v 0.00860186107 1.30280185 -0.0730900541
v 0.00987269357 1.29603255 -0.0668933839
v 0.00715145469 1.29569972 -0.0671985149
v 0.00727821281 1.2885977 -0.0613069795
v 0.0683492199 1.34827256 -0.0925918967
v 0.053651195 1.33301175 -0.0878897458
v 0.0584173463 1.33195186 -0.0826463997
v 0.0494422428 1.3192842 -0.0739183426
v 0.0451513529 1.3265121 -0.0852363482
v 0.0377823487 1.32001269 -0.0811458826
v 0.0347164869 1.30533409 -0.064553529
v 0.0461127125 1.3142885 -0.0685360283
v 0.0434102044 1.30912399 -0.0627317727
v 0.0292947628 1.30471313 -0.0665679127
v 0.027523784 1.31171083 -0.0743243396
v 0.0184804574 1.30364394 -0.0671597198
v 0.0365660153 1.30110955 -0.0575000644
v 0.0467468761 1.3048954 -0.0540684871
v 0.0504024252 1.3133291 -0.0625172853
v 0.057035625 1.31741941 -0.0632792711
v 0.0314327441 1.29288995 -0.0511549227
v 0.0315437317 1.29263198 -0.0536121726
v 0.0280205235 1.27943087 -0.0396980792
v 0.0294795092 1.27923715 -0.0442261733
v 0.0312872753 1.26686549 -0.040660277
v 0.0246726386 1.2932359 -0.0575480722
v 0.0186349843 1.29290366 -0.0591506846
v 0.0237871427 1.27902186 -0.0479378551
v 0.0155799147 1.29162621 -0.0577015802
v 0.0120907519 1.29612088 -0.0642333478
v 0.0155938789 1.27910006 -0.0487132147
v 0.00863223244 1.27897608 -0.058552634
v 0.00991869159 1.26998246 -0.0558382459
v 0.01878318 1.27818382 -0.0503524393
v 0.0212254468 1.26409972 -0.0451203324
v 0.0266100597 1.2658335 -0.0448564142
v 0.0154634146 1.26957178 -0.0517367348
v 0.0118361507 1.26214314 -0.056676399
v 0.0132836103 1.26489365 -0.0401007421
v 0.0175866578 1.25998354 -0.0389674306
v 0.0141625544 1.25857997 -0.0448393635
v 0.0231050011 1.25625741 -0.0405324399
v 0.0159617867 1.26146328 -0.0552177429
v 0.0149598951 1.25527763 -0.0499389507
v 0.0140371323 1.25812089 -0.0616622828
v 0.0160716195 1.25344348 -0.0565416031
v 0.0168817714 1.25706542 -0.0610678084
v 0.0185455214 1.25857842 -0.0706379712
v 0.0171433091 1.25407684 -0.063118808
v 0.0299271531 1.25687194 -0.0460902862
v 0.0298599638 1.25518012 -0.0434754789
v 0.0398738869 1.25810504 -0.0494132303
v 0.0325766467 1.25981104 -0.044770956
v 0.0353204831 1.2595433 -0.0431323424
v 0.0343696624 1.25771916 -0.040342845
v 0.031253431 1.25967014 -0.0356142186
v 0.0276817698 1.26473784 -0.0317142569
v 0.0232700799 1.27318156 -0.0265262555
v 0.0306820702 1.26609528 -0.0298405904
v 0.0354374088 1.27045071 -0.0388095379
v 0.0404819921 1.27379918 -0.036682114
v 0.0373074748 1.26317406 -0.0329540931
v 0.0396921709 1.26682794 -0.0388238803
v 0.039273303 1.28074431 -0.0380921401
v 0.0440983325 1.26477993 -0.0400708281
v 0.0440938361 1.26176035 -0.0373278894
v 0.0507156253 1.26291609 -0.0418500789
v 0.0562459938 1.2668817 -0.046501603
v 0.0460454226 1.26687133 -0.0397497937
v 0.0427823439 1.26917791 -0.03762988
v 0.0450339504 1.2701447 -0.0344876274
v 0.0478082746 1.26795387 -0.0374511853
v 0.046616666 1.26429212 -0.0354990438
v 0.0435755961 1.2679255 -0.0316143744
v 0.0415629968 1.27255166 -0.028223766
v 0.0439711176 1.27576721 -0.0332137011
v 0.0409766175 1.28105938 -0.0253315475
v 0.043517191 1.28128862 -0.0326138176
v 0.0429002941 1.29193449 -0.031719286
v 0.0430816412 1.29416847 -0.0241041128
v 0.0446213372 1.30700433 -0.022362696
v 0.0427932404 1.29041529 -0.0369643904
v 0.0403069295 1.2927345 -0.0448900126
v 0.0524219796 1.3051765 -0.0492448285
v 0.0576677211 1.31128061 -0.0536426529
v 0.0647048056 1.3186692 -0.0564615987
v 0.0718163848 1.32896686 -0.0648991838
v 0.0737269595 1.32804763 -0.060265217
v 0.0854589269 1.34120512 -0.065792948
v -0.0773348585 1.37078333 -0.097869508
v -0.0683492199 1.34708035 -0.0922739804
v -0.0520464703 1.34591973 -0.104835123
v -0.053651195 1.33115995 -0.0873959437
v -0.0411001481 1.33204377 -0.100290179
v -0.0377823487 1.31942642 -0.0809895471
v -0.0284600593 1.31927562 -0.0898581892
v -0.0212522 1.31130886 -0.0811523199
v -0.0271908082 1.3115294 -0.0750490874
v -0.0140443407 1.30305493 -0.0723697767
v -0.0167107899 1.30408478 -0.068187125
v -0.00985517167 1.29558861 -0.0663730353
v -0.0926432759 1.39143276 -0.0801304728
v -0.0959050357 1.39176047 -0.0625463352
v -0.0906021222 1.3682127 -0.0842017531
v -0.0959810689 1.40338182 -0.0604212731
v -0.0928787589 1.40001976 -0.0798726901
v -0.0926432759 1.39143276 -0.0801304728
v -0.0855021924 1.39709604 -0.0902528539
v -0.0928787589 1.40001976 -0.0798726901
v -0.0773348585 1.37078333 -0.097869508
v -0.0906021222 1.3682127 -0.0842017531
v -0.0683492199 1.34708035 -0.0922739804
v -0.080870606 1.34417892 -0.0833037943
v -0.0691329539 1.32833111 -0.0770676807
v -0.0584173463 1.33008099 -0.0821475312
v -0.0545049384 1.31627834 -0.0700734109
v -0.04832118 1.31856453 -0.0744003877
v -0.0447689183 1.30890822 -0.0644978508
v -0.0398510359 1.30858076 -0.0646272525
v -0.0365660153 1.3010031 -0.0574716702
v -0.0959050357 1.39176047 -0.0625463352
v -0.0961044356 1.36332977 -0.0672543421
v -0.0906021222 1.3682127 -0.0842017531
v -0.080870606 1.34417892 -0.0833037943
v -0.0854589269 1.34116817 -0.0657831058
v -0.0691329539 1.32833111 -0.0770676807
v -0.0718163848 1.3284657 -0.0647655502
v -0.057035625 1.31669676 -0.0630865619
v -0.0545049384 1.31627834 -0.0700734109
v -0.0447689183 1.30890822 -0.0644978508
v -0.0445103496 1.30879891 -0.0607136376
v -0.0365660153 1.3010031 -0.0574716702
v -0.0773348585 1.37078333 -0.097869508
v -0.0520464703 1.34591973 -0.104835123
v -0.0569666997 1.37093127 -0.111821413
v -0.036321599 1.34862316 -0.108642854
v -0.0411001481 1.33204377 -0.100290179
v -0.0265790243 1.33224297 -0.104068719
v -0.0284600593 1.31927562 -0.0898581892
v -0.0159096438 1.31908822 -0.0919341072
v -0.0122557534 1.31072354 -0.0824530423
v -0.0212522 1.31130886 -0.0811523199
v -0.0140443407 1.30305493 -0.0723697767
v -0.0101078767 1.30251908 -0.0728400201
v -0.00985517167 1.29558861 -0.0663730353
v -0.093423076 1.37380552 -0.0061074472
v -0.0935522839 1.38089836 -0.00701269601
v -0.0914858952 1.37357628 -0.00534697622
v -0.0940251872 1.36419702 -0.00833122153
v -0.0909698308 1.36392117 -0.00857666787
v -0.0935704485 1.34926569 -0.0116092749
v -0.0896466896 1.34985948 -0.0131048616
v -0.0735950023 1.30120814 -0.00207699928
v -0.0772900879 1.30795252 -0.00621538749
v -0.0777227357 1.30693793 -0.00308750384
v -0.080577217 1.31093669 -0.00446816115
v -0.0800474137 1.31115687 -0.00685888948
v -0.0852214545 1.31579089 -0.00718615577
v -0.0735950023 1.30120814 -0.00207699928
v -0.0777227357 1.30693793 -0.00308750384
v -0.0750615895 1.30859828 -0.00393854734
v -0.0762686357 1.31305599 -0.00555849494
v -0.080577217 1.31093669 -0.00446816115
v -0.0784141049 1.31891584 -0.0082721049
v -0.0852214545 1.31579089 -0.00718615577
v -0.0897788405 1.3255955 -0.00945941079
v -0.0881257355 1.31551385 -0.012289674
v -0.0816570148 1.30934799 -0.00926943775
v -0.0800474137 1.31115687 -0.00685888948
v -0.0779766068 1.30648768 -0.00706328917
v -0.0772900879 1.30795252 -0.00621538749
v -0.0747924 1.30304003 -0.00363583374
v -0.0765466541 1.30691612 -0.00987521745
v -0.0783813968 1.30929208 -0.0125877392
v -0.0822813287 1.31539273 -0.0193436574
v -0.0859362856 1.32284486 -0.0223844238
v -0.0932321176 1.32302153 -0.0138647519
v -0.0886730179 1.33031726 -0.0240529887
v -0.0961393267 1.33072352 -0.0149818379
v -0.091367878 1.33822536 -0.0238390509
v -0.0975281149 1.33689439 -0.0157235693
v -0.0939815864 1.35007334 -0.0224572178
v -0.0925951302 1.33296144 -0.0113473367
v -0.097414732 1.34961331 -0.014849606
v -0.0943230018 1.36536801 -0.0182120781
v -0.0934031159 1.33775735 -0.0126178991
v -0.0963902324 1.36520743 -0.011770648
v -0.0943843424 1.37557936 -0.0120433122
v -0.0953654572 1.37472939 -0.00916682184
v -0.0935522839 1.38089836 -0.00701269601
v -0.093423076 1.37380552 -0.0061074472
v -0.0940251872 1.36419702 -0.00833122153
v -0.0935704485 1.34926569 -0.0116092749
v -0.0896466896 1.34985948 -0.0131048616
v -0.0877413899 1.33881402 -0.0138701778
v -0.0851100683 1.33604836 -0.0141660292
v -0.0816100314 1.32763469 -0.0110459924
v -0.0840365514 1.33954597 -0.0201957896
v -0.0792026967 1.33423662 -0.0201121178
v -0.0764459819 1.32730651 -0.0179816186
v -0.0730107501 1.31788552 -0.0142061608
v -0.072040841 1.31150508 -0.00957046822
v -0.0762686357 1.31305599 -0.00555849494
v -0.0750615895 1.30859828 -0.00393854734
v -0.0870179459 1.35051227 -0.0169819463
v -0.0909698308 1.36392117 -0.00857666787
v -0.0724553242 1.30766511 -0.00676954025
v -0.0735950023 1.30120814 -0.00207699928
v -0.0772900879 1.30795252 -0.00621538749
v -0.0747036561 1.3091166 -0.00866123289
v -0.0747924 1.30304003 -0.00363583374
v -0.0765466541 1.30691612 -0.00987521745
v -0.0783813968 1.30929208 -0.0125877392
v -0.0822813287 1.31539273 -0.0193436574
v -0.0859362856 1.32284486 -0.0223844238
v -0.0886730179 1.33031726 -0.0240529887
v -0.091367878 1.33822536 -0.0238390509
v -0.0939815864 1.35007334 -0.0224572178
v -0.090393357 1.36503685 -0.0126646794
v -0.0943230018 1.36536801 -0.0182120781
v -0.0914858952 1.37357628 -0.00534697622
v -0.0913841352 1.37403989 -0.00913720392
v -0.0943843424 1.37557936 -0.0120433122
v -0.0943730325 1.37639046 -0.00688874582
v -0.0947751179 1.38121819 -0.00870733522
v -0.0952344239 1.37721169 -0.00969706196
v -0.0939156041 1.38039732 -0.0059072976
v -0.0930561721 1.37957609 -0.00311048701
v -0.0935086533 1.37556815 -0.00408217032
v -0.0946934745 1.38170481 -0.00934744347
v -0.0947751179 1.38121819 -0.00870733522
v -0.095436655 1.38160658 -0.00838988647
v -0.0955936909 1.38226151 -0.0089103505
v -0.0961140394 1.38126254 -0.00828273594
v -0.0965364426 1.38404322 -0.0120260017
v -0.0955533981 1.38350976 -0.0126777086
v -0.0969063938 1.38503802 -0.0161023065
v -0.0965190604 1.38176513 -0.00877170265
v -0.0976392254 1.38357866 -0.0120162498
v -0.0977130234 1.38572097 -0.0159814786
v -0.0970704034 1.37696338 -0.00997103844
v -0.0965739787 1.37725616 -0.00928254426
v -0.0984619036 1.38106477 -0.0178607292
v -0.0975437462 1.38087511 -0.0176743474
v -0.0978761166 1.37692547 -0.0182685461
v -0.0981584787 1.38008225 -0.013305299
v -0.0962665156 1.37640107 -0.0103678806
v -0.0959776267 1.37689435 -0.00956268888
v -0.0952344239 1.37721169 -0.00969706196
v -0.0952469334 1.37690353 -0.0105377641
v -0.0984247252 1.37665665 -0.0137516921
v -0.0974443033 1.37605572 -0.0140184257
v -0.0963387266 1.37658811 -0.0143989474
v -0.0988385305 1.37624156 -0.0184997879
v -0.0993737355 1.37697458 -0.017805282
v -0.0990417153 1.38092387 -0.0172033403
v -0.0984051302 1.38508737 -0.0156271216
v -0.0959776267 1.37689435 -0.00956268888
v -0.0943730325 1.37639046 -0.00688874582
v -0.0952344239 1.37721169 -0.00969706196
v -0.095118165 1.37607324 -0.00675260182
v -0.0957145318 1.3764348 -0.00647378014
v -0.0965739787 1.37725616 -0.00928254426
v -0.094258666 1.37525201 -0.00394777814
v -0.0935086533 1.37556815 -0.00408217032
v -0.0948550701 1.37561357 -0.0036696766
v -0.0952545553 1.38044107 -0.00548706949
v -0.0961140394 1.38126254 -0.00828273594
v -0.0945771858 1.38078535 -0.00559422374
v -0.0943950638 1.37961972 -0.00268595922
v -0.095436655 1.38160658 -0.00838988647
v -0.0937076956 1.37996209 -0.0027910613
v -0.0947751179 1.38121819 -0.00870733522
v -0.0930561721 1.37957609 -0.00311048701
v -0.0939156041 1.38039732 -0.0059072976
v -0.0952469334 1.37690353 -0.0105377641
v -0.0952344239 1.37721169 -0.00969706196
v -0.0947751179 1.38121819 -0.00870733522
v -0.0946934745 1.38170481 -0.00934744347
v -0.0960721821 1.38001382 -0.0139604397
v -0.0963387266 1.37658811 -0.0143989474
v -0.0978761166 1.37692547 -0.0182685461
v -0.0955533981 1.38350976 -0.0126777086
v -0.0975437462 1.38087511 -0.0176743474
v -0.0969063938 1.38503802 -0.0161023065
v -0.0925810039 1.37968385 -0.00246370421
v -0.0937076956 1.37996209 -0.0027910613
v -0.0930561721 1.37957609 -0.00311048701
v -0.0934784412 1.3802402 -0.00202985224
v -0.0943950638 1.37961972 -0.00268595922
v -0.0924039036 1.38009453 0.00141637679
v -0.0913204551 1.37946534 0.00109550916
v -0.090411365 1.37883174 0.00502468506
v -0.094403781 1.37974393 -0.00188685441
v -0.0934062153 1.37953413 0.00175265362
v -0.0910473391 1.37935197 0.00570074189
v -0.0949551165 1.3749423 -0.00306359376
v -0.0948550701 1.37561357 -0.0036696766
v -0.0914100409 1.37432635 0.00512277102
v -0.090762116 1.37439513 0.00443051523
v -0.0913130194 1.37065506 0.00318217743
v -0.0936746076 1.37579799 0.00131001207
v -0.0941512361 1.37437999 -0.00345668662
v -0.094258666 1.37525201 -0.00394777814
v -0.0935086533 1.37556815 -0.00408217032
v -0.0931238085 1.37488055 -0.00362612098
v -0.0941698626 1.37259126 0.000153608024
v -0.0932898819 1.37208617 -0.00043340266
v -0.0920841023 1.37252235 -0.000487610989
v -0.0921059325 1.36980844 0.00352237327
v -0.0928117931 1.37070417 0.00364115345
v -0.0922608674 1.3744446 0.0048971884
v -0.0919101089 1.3788811 0.00549988495
v -0.0931238085 1.37488055 -0.00362612098
v -0.0930561721 1.37957609 -0.00311048701
v -0.0935086533 1.37556815 -0.00408217032
v -0.0925810039 1.37968385 -0.00246370421
v -0.0915888101 1.37572932 0.000661715574
v -0.0920841023 1.37252235 -0.000487610989
v -0.0913130194 1.37065506 0.00318217743
v -0.0913204551 1.37946534 0.00109550916
v -0.090762116 1.37439513 0.00443051523
v -0.090411365 1.37883174 0.00502468506
v 0.0562459938 1.2668817 -0.046501603
v 0.0507156253 1.26291609 -0.0418500789
v 0.046616666 1.26429212 -0.0354990438
v 0.0440938361 1.26176035 -0.0373278894
v 0.0413147733 1.2653228 -0.0302198231
v 0.0435755961 1.2679255 -0.0316143744
v 0.0373074748 1.26317406 -0.0329540931
v 0.0415629968 1.27255166 -0.028223766
v 0.036071565 1.26821721 -0.0255337618
v 0.0306820702 1.26609528 -0.0298405904
v 0.0232700799 1.27318156 -0.0265262555
v 0.030996697 1.27814591 -0.021125894
v 0.0409766175 1.28105938 -0.0253315475
v 0.034511622 1.29379237 -0.0182817411
v 0.0430816412 1.29416847 -0.0241041128
v 0.0389555767 1.30659044 -0.0164369624
v 0.0446213372 1.30700433 -0.022362696
v 0.0465413071 1.31666887 -0.0158186574
v 0.0334778763 1.30536056 -0.0134700723
v 0.0414148048 1.31196237 -0.011130414
v 0.0284415539 1.29625857 -0.0139699914
v 0.0502976887 1.32200849 -0.0122615863
v 0.06405624 1.33549285 -0.0143622458
v 0.0610498004 1.33416486 -0.0119711077
v 0.0657428578 1.3270129 -0.00879518595
v 0.0271022171 1.2866056 -0.0179123394
v 0.0168709811 1.29532671 -0.0231063198
v 0.0205612779 1.2841121 -0.0238872338
v 0.0122203324 1.27929962 -0.0249850526
v 0.00993626844 1.28342438 -0.024360802
v -0 1.27883148 -0.0271641091
v 5.78623592E-19 1.26910591 -0.0305038821
v -0.0122203324 1.27929962 -0.0249850526
v -0.00993626844 1.28342438 -0.024360802
v 0.0158576127 1.2673192 -0.0274870917
v 0.0276817698 1.26473784 -0.0317142569
v -0.0205612779 1.2841121 -0.0238872338
v -0.0168709811 1.29532671 -0.0231063198
v -0.0271022171 1.2866056 -0.0179123394
v -0.0284415446 1.29625857 -0.0139699914
v -0.0232700799 1.27318156 -0.0265262555
v -0.030996697 1.27814591 -0.0211258661
v 0.0209872257 1.25938559 -0.0318606272
v 0.031253431 1.25967014 -0.0356142186
v -0.034511622 1.29379237 -0.0182817411
v -0.0334778763 1.30536056 -0.0134700723
v 0.0261746645 1.25555933 -0.0360126421
v 0.0343696624 1.25771916 -0.040342845
v -0.0385471694 1.30682266 -0.0157771651
v -0.0414148048 1.31196237 -0.011130414
v -0.0465413071 1.31666887 -0.0158186574
v -0.050297644 1.32200837 -0.0122645879
v -0.06405624 1.33549285 -0.0143622458
v -0.0610498004 1.33416486 -0.0119711077
v -0.0658617616 1.32697701 -0.00889821351
v -0.0432102606 1.29442751 -0.0236605275
v -0.0446213409 1.30700433 -0.022362696
v -0.0412279293 1.28121674 -0.0257639568
v -0.0418368317 1.27310443 -0.0285976958
v -0.0361093767 1.26824999 -0.0255229063
v -0.0306820702 1.26609528 -0.0298405904
v -0.0373083465 1.26317453 -0.0329539366
v -0.0414785631 1.26548409 -0.030147383
v -0.0437796377 1.26848817 -0.0318964198
v -0.0440938361 1.26176035 -0.0373278894
v -0.046719797 1.26475847 -0.0356417559
v -0.0507820435 1.26267815 -0.0418984294
v -0.0567103624 1.2668817 -0.0459894724
v -0.0276817698 1.26473784 -0.0317142569
v -0.0158576127 1.26731777 -0.0274870917
v -0.0209872257 1.25938559 -0.0318606272
v -0.031253431 1.25967014 -0.0356142186
v -0.0261746645 1.25555933 -0.0360126421
v -0.0343696624 1.25771916 -0.040342845
v -0.0175866578 1.25998354 -0.0389674306
v -0.0132836103 1.26489365 -0.0401007421
v -0.0231050011 1.25625741 -0.0405324399
v -0.00320772361 1.26046836 -0.0360614695
v -0.0141625544 1.25857997 -0.0448393635
v -0.0300408397 1.25476587 -0.0390981659
v -0.0298599638 1.25518012 -0.0434754789
v -0.0348738022 1.25518346 -0.0436663516
v -0.0398738869 1.25810504 -0.0494132303
v -0.0069814031 1.25510383 -0.0437111259
v -0.0149598951 1.25527763 -0.0499389507
v -0.0103477165 1.25179946 -0.0514726005
v -0.0160716195 1.2534436 -0.0565416031
v -0.0130146118 1.25118577 -0.0581793971
v -0.017152708 1.25407517 -0.0631126836
v -0.0154271144 1.25317705 -0.0649622008
v -0.0186282992 1.25856292 -0.0705840439
v -0.0135212159 1.2533325 -0.0654035062
v -0.012981887 1.25414836 -0.0656763911
v -0.00984129962 1.25192153 -0.0593691058
v -0.00930933934 1.25422192 -0.0600174516
v -0.00682735676 1.25273919 -0.0544339493
v -0.0063601709 1.25609589 -0.0554034971
v -0.00396651216 1.25547433 -0.0495789982
v -0.00411156332 1.25975323 -0.0532546937
v -0.0016001761 1.25984967 -0.0461872481
v -0.00100818439 1.26771569 -0.0527076982
v 2.25879787E-19 1.26875234 -0.040172223
v 1.15902893E-17 1.27605736 -0.0559521988
v 0.0011170056 1.26781166 -0.0530790985
v 0.0016001761 1.25985038 -0.0461872481
v 0.00419559516 1.26006615 -0.0538010821
v 0.00320772361 1.26046836 -0.0360614695
v 0.00396651216 1.25547469 -0.0495789982
v 0.00639057392 1.25650561 -0.055942554
v 0.00682735676 1.25273919 -0.0544339493
v 0.00927363429 1.25460672 -0.0604286566
v 0.0132836103 1.26489365 -0.0401007421
v 0.0175866578 1.25998354 -0.0389674306
v 0.0231050011 1.25625741 -0.0405324399
v 0.0141625544 1.25857997 -0.0448393635
v 0.0298599638 1.25518012 -0.0434754789
v 0.0069814031 1.25510383 -0.0437111259
v 0.0149598951 1.25527763 -0.0499389507
v 0.0103477165 1.25179946 -0.0514726005
v 0.0160716195 1.25344348 -0.0565416031
v 0.0300408397 1.25476587 -0.0390981585
v 0.0348738022 1.25518346 -0.0436663516
v 0.0398738869 1.25810504 -0.0494132303
v 0.00984129962 1.25192153 -0.0593691058
v 0.0128822364 1.25446904 -0.0659336895
v 0.0130146118 1.25118566 -0.0581793971
v 0.0171433091 1.25407684 -0.063118808
v 0.013511667 1.25333428 -0.0654097274
v 0.0185455214 1.25857842 -0.0706379712
v 0.0154175656 1.25317883 -0.0649684221
v -0.0948158428 1.37999201 -0.0145273954
v -0.0939773843 1.38443315 -0.00933438446
v -0.0913824141 1.37482262 -0.00793949328
v -0.0926233381 1.39673066 -0.0112836668
v -0.0959931538 1.38595748 -0.0183025673
v -0.0949476138 1.4026159 -0.0137366951
v -0.0938355029 1.40362227 -0.00869834609
v -0.0932478309 1.40202522 -0.0084653236
v -0.0938619971 1.40580821 -0.00526645174
v -0.0938094407 1.41305757 -0.00712717837
v -0.0947914571 1.41234672 -0.00966127403
v -0.0938450396 1.42130709 -0.0048813601
v -0.0946849138 1.42472744 -0.00467260228
v -0.0929475203 1.43153489 -0.000342150335
v -0.0917613804 1.44202149 -0.000936827913
v -0.100066714 1.40529406 -0.0230199806
v -0.0975181833 1.41451716 -0.0201381966
v -0.100285612 1.40716565 -0.0364243798
v -0.102410875 1.38859618 -0.0280997362
v -0.102593333 1.39095712 -0.041548118
v -0.0990995169 1.40626752 -0.0491202213
v -0.0978411809 1.36672437 -0.0244179107
v -0.103980072 1.36506236 -0.0357736982
v -0.0921687856 1.36582899 -0.0158064961
v -0.0883412734 1.34863782 -0.0185028929
v -0.0913824141 1.37482262 -0.00793949328
v -0.0872442871 1.36355317 -0.0163287502
v -0.0811550617 1.34960771 -0.0159463566
v -0.0740460902 1.3352282 -0.012165606
v -0.0933623984 1.34814751 -0.0274839159
v -0.0831298307 1.33254945 -0.0282165948
v -0.0933623984 1.34814751 -0.0274839159
v -0.0777842328 1.33373964 -0.0197953116
v -0.069586046 1.32207787 -0.0175876524
v -0.0708229467 1.31904006 -0.0259168521
v -0.0658617616 1.32697701 -0.00889821351
v -0.0626220182 1.31330001 -0.0152770411
v -0.0636200681 1.31036007 -0.0242316145
v -0.0588920973 1.31736863 -0.00582173374
v -0.0465413071 1.31666887 -0.0158186574
v -0.0571536571 1.30410457 -0.012703428
v -0.0564172007 1.30167997 -0.0218039993
v -0.0518602319 1.30772424 -0.00445813965
v -0.0436899178 1.30770028 -0.0101069063
v -0.0385471694 1.30682266 -0.0157771651
v -0.0505211428 1.29361689 -0.0204592105
v -0.0512941405 1.29432905 -0.0129387472
v -0.0412412696 1.29475904 -0.0196869243
v -0.0446213409 1.30700433 -0.022362696
v -0.0393636674 1.28693354 -0.0190239288
v -0.0474620275 1.28565562 -0.0193499401
v -0.0380215645 1.27886426 -0.0199750923
v -0.0466225892 1.29593873 -0.00580720603
v -0.0447977968 1.27839708 -0.0196662955
v -0.0380060747 1.27260137 -0.0192456506
v -0.0468952842 1.28591442 -0.0136604011
v -0.0432468653 1.27256525 -0.0190028511
v -0.0395293571 1.26727462 -0.0178982783
v -0.0445184037 1.27826309 -0.0152779408
v -0.0427326001 1.26757145 -0.0177779831
v -0.0438999645 1.26193273 -0.0120857181
v -0.0432395637 1.27218902 -0.0156523194
v -0.0435409918 1.2865603 -0.00827039964
v -0.0420150645 1.27828372 -0.0114699127
v -0.0427247882 1.26736796 -0.0154877147
v -0.0388352312 1.28690517 -0.010561768
v -0.0418576412 1.27224946 -0.0127040213
v -0.0423451029 1.26701128 -0.0134245008
v -0.0380806811 1.27878296 -0.0129412385
v -0.0386515483 1.27254355 -0.0141539108
v -0.0402220301 1.26712489 -0.0143508567
v -0.0390446223 1.26724255 -0.0159542076
v -0.0395293571 1.26727462 -0.0178982783
v -0.0367037468 1.2727977 -0.0166039467
v -0.0380060747 1.27260137 -0.0192456506
v -0.0357252695 1.27915621 -0.0163741615
v -0.0380215645 1.27886426 -0.0199750923
v -0.0357942358 1.28693306 -0.0146111846
v -0.0393636674 1.28693354 -0.0190239288
v -0.0409173705 1.29717219 -0.00952430349
v -0.0368807651 1.29776466 -0.0148881627
v -0.0412412696 1.29475904 -0.0196869243
v -0.0446213409 1.30700433 -0.022362696
v 0.0788990781 1.35286379 -0.00835022982
v 0.0745370761 1.35146213 -0.0175038707
v 0.0838101953 1.36609209 -0.00722290156
v 0.0693793222 1.3407048 -0.0172510985
v 0.0741284639 1.34055269 -0.0085481843
v 0.06958244 1.32951355 -0.00765272183
v 0.0832467526 1.33543241 -0.0242492221
v 0.093257539 1.34826338 -0.025737606
v 0.0740387216 1.32312691 -0.0204860643
v 0.0651124492 1.33036876 -0.0157182571
v 0.0686460361 1.31472182 -0.0176786873
v 0.0646860152 1.31895876 -0.00637978129
v 0.0608308986 1.31973767 -0.0131654497
v 0.0623024441 1.30579829 -0.0142065454
v 0.0565573722 1.30931818 -0.0102259275
v 0.0596392527 1.30894029 -0.00512707559
v 0.0545554422 1.2998153 -0.00372376433
v 0.0524232388 1.29986799 -0.0070102429
v 0.0560509823 1.29735458 -0.00975661352
v 0.0484660603 1.29149032 -0.00311872084
v 0.0495319441 1.29150498 -0.00156580261
v 0.0501311496 1.29009485 -0.00451811543
v 0.0442955717 1.28353715 0.00100573234
v 0.0775029734 1.2819798 -0.0541271754
v 0.0723695084 1.27616644 -0.0499549583
v 0.0730839744 1.27721262 -0.0497310497
v 0.0659042746 1.27252769 -0.0442339666
v 0.0678325221 1.27471733 -0.0435972959
v 0.0594034754 1.27148104 -0.0382003747
v 0.0586860292 1.27197206 -0.0408986844
v 0.0729209557 1.27844477 -0.0498979352
v 0.0775029734 1.2819798 -0.0541271754
v 0.053931836 1.27329242 -0.0328686833
v 0.0514996275 1.274068 -0.037661016
v 0.0496279225 1.27761912 -0.0283666551
v 0.0467060469 1.27748692 -0.035904035
v 0.0463988073 1.28396666 -0.024600381
v 0.0436012745 1.28279459 -0.0349354818
v 0.0427932404 1.29041529 -0.0369643904
v 0.0556636527 1.28017378 -0.0278119948
v 0.0586306229 1.27628148 -0.0320190378
v 0.0466922782 1.29145133 -0.0205102265
v 0.0446213372 1.30700433 -0.022362696
v 0.0627398416 1.27443039 -0.0372793451
v 0.0645212233 1.27870536 -0.038601514
v 0.0620488264 1.28267348 -0.0332310498
v 0.0538312048 1.28600371 -0.0243422575
v 0.0520166829 1.30484843 -0.0197385084
v 0.0465413071 1.31666887 -0.0158186574
v 0.0657428578 1.3270129 -0.00879518595
v 0.0547883436 1.29443634 -0.0206325054
v 0.0620387793 1.29517412 -0.0266468097
v 0.0611742064 1.28846717 -0.0290235896
v 0.0606864691 1.30554211 -0.0204894785
v 0.0728435367 1.31943345 -0.0227346253
v 0.0740460902 1.3352282 -0.012165606
v 0.0630361587 1.28994834 -0.0360171162
v 0.0668224022 1.30477297 -0.0263704266
v 0.0834555924 1.33425653 -0.0246918835
v 0.0745370761 1.35146213 -0.0175038707
v 0.093257539 1.34826338 -0.025737606
v 0.075515613 1.31937647 -0.0272770189
v 0.070700556 1.30472922 -0.035161972
v 0.0646990016 1.29538286 -0.03388042
v 0.0977267846 1.34826112 -0.0294185448
v 0.0856330916 1.33034778 -0.0283767972
v 0.0922060311 1.32804704 -0.0380633585
v 0.0810851306 1.31629443 -0.0361491665
v 0.100507841 1.36719835 -0.021486789
v 0.097859621 1.3659668 -0.0172650181
v 0.0961392447 1.38447297 -0.0079179043
v 0.0958023518 1.36488414 -0.0101286303
v 0.0898411795 1.38027692 -0.001874918
v 0.0917773247 1.39160669 0.00242158771
v 0.0953366384 1.40028667 -0.0021004451
v 0.0926639065 1.40297318 0.00647862768
v 0.0931409597 1.42061687 0.00719882827
v 0.0905703232 1.41943324 0.0117528522
v 0.0908293352 1.43239784 0.0149498926
v 0.0975371972 1.4215548 -0.00177253806
v 0.0983897299 1.40260971 -0.0103642913
v 0.0994092375 1.38582551 -0.0164594334
v 0.100103341 1.40548134 -0.0235655103
v 0.0974532887 1.41419876 -0.0199832432
v 0.0978835151 1.40874183 -0.0355852023
v 0.102463059 1.38869321 -0.0284764189
v 0.102593333 1.39095712 -0.0415486917
v 0.0990994424 1.40632415 -0.0491203144
v 0.104018144 1.36510634 -0.035948582
v 0.0997012109 1.34592104 -0.0397488102
v 0.103738584 1.36457765 -0.0488455184
v 0.100741699 1.39143121 -0.0537125096
v 0.0994543508 1.34288359 -0.0521990769
v 0.0959050283 1.39176047 -0.0625453144
v 0.0959736705 1.40337992 -0.0604233071
v 0.100224942 1.36328506 -0.0609012321
v 0.0961044356 1.36332977 -0.0672543421
v 0.091265209 1.34123898 -0.0620570928
v 0.0854589269 1.34120512 -0.065792948
v 0.0895912126 1.3257345 -0.0495616235
v 0.0800267085 1.32317865 -0.0570432208
v 0.0737269595 1.32804763 -0.060265217
v 0.0647048056 1.3186692 -0.0564615987
v 0.0709663257 1.31063294 -0.052461233
v 0.0576677211 1.31128061 -0.0536426529
v 0.0524219796 1.3051765 -0.0492448285
v 0.0769975632 1.31252301 -0.0467454344
v 0.0623755045 1.30274808 -0.0476095006
v 0.067977719 1.3031497 -0.0440876149
v 0.0621553548 1.29371703 -0.0416332297
v 0.0476825275 1.29354656 -0.0431538746
v 0.0427932404 1.29041529 -0.0369643904
v 0.0565258823 1.29319739 -0.0440271124
v 0.0471881814 1.28688693 -0.0417503677
v 0.0436012745 1.28279459 -0.0349354818
v 0.0599098317 1.28876245 -0.0411844067
v 0.055237148 1.28753781 -0.0431818627
v 0.0482166372 1.28103554 -0.0413300656
v 0.0467060469 1.27748692 -0.035904035
v 0.0561739989 1.2829982 -0.0437473245
v 0.0514257997 1.27663481 -0.0421192013
v 0.0514996275 1.274068 -0.037661016
v 0.0606895871 1.28447509 -0.0424859934
v 0.0598098487 1.27963829 -0.0456115603
v 0.0574102215 1.27431357 -0.0443213396
v 0.0586860292 1.27197206 -0.0408986844
v 0.0633064508 1.28518784 -0.0387426503
v 0.0653448105 1.28125954 -0.0460070595
v 0.0658991337 1.28191328 -0.0419862159
v 0.0660942271 1.27769327 -0.0485237204
v 0.0653077289 1.27440631 -0.0476192236
v 0.0659042746 1.27252769 -0.0442339666
v 0.072799392 1.27695274 -0.0511747487
v 0.0723695084 1.27616644 -0.0499549583
v 0.0704385191 1.27912414 -0.0465675816
v 0.0728816912 1.27810216 -0.0516773723
v 0.0694341511 1.27954113 -0.0491876863
v 0.0732852891 1.27927256 -0.0515983626
v 0.0732024908 1.27899456 -0.0494970828
v 0.0683533847 1.2772944 -0.0444344543
v -0.0446213409 1.30700433 -0.022362696
v -0.0427932404 1.29041529 -0.0369643904
v -0.0459064171 1.29318953 -0.0244347565
v -0.0476028919 1.28436387 -0.027007021
v -0.0439942144 1.28349376 -0.0367799997
v -0.0490884185 1.27704382 -0.0376655012
v -0.0517799594 1.2784884 -0.031281773
v -0.0578910895 1.27429843 -0.0417059734
v -0.0599889457 1.27545404 -0.0385944843
v -0.0650619417 1.27536154 -0.0460432433
v -0.0555750579 1.29619563 -0.024435496
v -0.0556339882 1.28948426 -0.0271248892
v -0.058036007 1.28401721 -0.0311627518
v -0.0564172007 1.30167997 -0.0218039993
v -0.0446213409 1.30700433 -0.022362696
v -0.0611417629 1.29304826 -0.0312138628
v -0.0672787428 1.30722308 -0.0289922301
v -0.0636200681 1.31036007 -0.0242316145
v -0.0708229467 1.31904006 -0.0259168521
v -0.0626496002 1.29938567 -0.029569678
v -0.0749967396 1.31922412 -0.0288888253
v -0.0831298307 1.33254945 -0.0282165948
v -0.0922060311 1.32804704 -0.0380633585
v -0.070700556 1.30472922 -0.035161972
v -0.0810851306 1.31629443 -0.0361491665
v -0.0997012109 1.34592104 -0.0397488102
v -0.103738584 1.36457765 -0.0488455184
v -0.0994543508 1.34288359 -0.0521990769
v -0.100741699 1.39143121 -0.0537125096
v -0.100224942 1.36328506 -0.0609012321
v -0.0959050357 1.39176047 -0.0625463352
v -0.0959810689 1.40338182 -0.0604212731
v -0.0961044356 1.36332977 -0.0672543421
v -0.091265209 1.34123898 -0.0620570928
v -0.0854589269 1.34116817 -0.0657831058
v -0.0895912126 1.3257345 -0.0495616235
v -0.0800267085 1.32312465 -0.0570288375
v -0.0737269595 1.32781398 -0.0602029078
v -0.0647048056 1.31842828 -0.0563973337
v -0.0769686773 1.31203055 -0.0467278957
v -0.0709474012 1.31024635 -0.0524373986
v -0.0678005219 1.30303371 -0.0446276926
v -0.0625337511 1.30155301 -0.0494068936
v -0.0588517711 1.30873156 -0.0525710806
v -0.0576677211 1.31114197 -0.0536056608
v -0.0521588475 1.30515039 -0.0494650081
v -0.0545143597 1.30174196 -0.0497343242
v -0.0427932404 1.29041529 -0.0369643904
v -0.0639068559 1.29748213 -0.0439239927
v -0.0567098446 1.2943505 -0.0473334268
v -0.0494672954 1.29295266 -0.0462869741
v -0.0488490425 1.28526533 -0.0447444618
v -0.0439942144 1.28349376 -0.0367799997
v -0.0548958369 1.28903663 -0.0461932831
v -0.0511643626 1.27988541 -0.0435098223
v -0.0490884185 1.27704382 -0.0376655012
v -0.0660572425 1.29897487 -0.035688065
v -0.06130898 1.29298067 -0.0437850431
v -0.0647516176 1.29503584 -0.037113212
v -0.0559717417 1.28497362 -0.0460907556
v -0.0587229915 1.27792025 -0.0455823354
v -0.0578910895 1.27429843 -0.0417059734
v -0.0611539781 1.28976607 -0.0447403975
v -0.0603393354 1.28261447 -0.0475814901
v -0.0620578863 1.28807938 -0.0342435129
v -0.0648336709 1.27809763 -0.0485236384
v -0.0650619417 1.27536154 -0.0460432433
v -0.0646909252 1.29115784 -0.0390190519
v -0.0634739026 1.28579831 -0.0465235412
v -0.0654616728 1.28163695 -0.0490384176
v -0.0691790059 1.2788527 -0.0502705649
v -0.0697694942 1.27714312 -0.0488751829
v -0.0776154846 1.28195083 -0.0537992641
v -0.0691190735 1.28098869 -0.0502865389
v -0.0670474768 1.28309059 -0.0483581834
v -0.0656057671 1.28661561 -0.0421066172
v -0.0706313998 1.28200102 -0.0499489792
v -0.067873843 1.28300762 -0.0456379578
v -0.0644333735 1.28419626 -0.038357269
v -0.0706127584 1.28179812 -0.0480993278
v -0.0681977719 1.28137267 -0.0426743925
v -0.0622082204 1.28056002 -0.0363717414
v -0.0723752305 1.28127193 -0.0482285805
v -0.0721042678 1.28000093 -0.0478348732
v -0.070231609 1.27775872 -0.0476089977
v -0.0669886097 1.27929437 -0.0420467891
v -0.066270873 1.27586019 -0.0440790318
v -0.0697694942 1.27714312 -0.0488751829
v -0.0776154846 1.28195083 -0.0537992641
v -0.0955450162 1.41232216 0.00319978595
v -0.0968428776 1.40626204 0.000385346415
v -0.097057417 1.41454041 0.00156426663
v -0.094438076 1.42059016 0.00425865408
v -0.0926707536 1.43513513 0.0167676751
v -0.0903749317 1.43602717 0.0108832726
v -0.0891822129 1.44156623 0.0168280359
v -0.0938760042 1.42890596 0.00770479906
v -0.0946629792 1.42842984 0.0124939932
v -0.0953048021 1.41891181 0.00628423458
v -0.094438076 1.42059016 0.00425865408
v -0.0955450162 1.41232216 0.00319978595
v -0.0940000787 1.43834281 0.00804104749
v -0.0888989642 1.44669676 0.0123090046
v -0.0903749317 1.43602717 0.0108832726
v -0.0938760042 1.42890596 0.00770479906
v -0.0951913595 1.43025172 0.00664290553
v -0.094438076 1.42059016 0.00425865408
v -0.094438076 1.42059016 0.00425865408
v -0.0953267738 1.43178427 0.00240530609
v -0.0951913595 1.43025172 0.00664290553
v -0.0940000787 1.43834281 0.00804104749
v -0.0939537436 1.44157839 0.00125576311
v -0.0896877721 1.45111144 0.00422888948
v -0.0888989642 1.44669676 0.0123090046
v -0.0873827562 1.45385408 0.00749037974
v -0.0953048021 1.41891181 0.00628423458
v -0.0935375467 1.41748595 0.00829339493
v -0.0955450162 1.41232216 0.00319978595
v -0.0912206694 1.42090857 0.013900578
v -0.0925981179 1.42666852 0.01665188
v -0.0886763185 1.42276895 0.0171410553
v -0.0866351798 1.42756665 0.022866318
v -0.0903965533 1.43095231 0.0221571922
v -0.0834595263 1.43378305 0.0282604024
v -0.0883003399 1.43524086 0.0255128909
v -0.0816319436 1.4416368 0.0275509972
v -0.0860812739 1.44092143 0.0244161859
v -0.081860967 1.44620287 0.0253518093
v -0.0854566619 1.44444168 0.0216510892
v -0.0918701068 1.41628611 0.0162931178
v -0.0912206694 1.42090857 0.013900578
v -0.0886763185 1.42276895 0.0171410553
v -0.0874975547 1.41797209 0.0188627858
v -0.0926976949 1.41027987 0.0151423709
v -0.0880993754 1.40903521 0.0170533583
v -0.0896632522 1.40478408 0.0127429217
v -0.0967399478 1.40302324 0.00644954434
v -0.0915700868 1.40204918 0.00782875717
v -0.0948806778 1.39985895 0.00497912569
v -0.0983531103 1.3987813 -1.37948991E-05
v -0.0971150547 1.39738369 0.00114359672
v -0.0973831415 1.39279854 -0.00353267672
v -0.0929475203 1.43153489 -0.000342150335
v -0.0944806933 1.42617917 0.000806890137
v -0.0956451297 1.4198935 -0.00291351066
v -0.0938450396 1.42130709 -0.0048813601
v -0.0938094407 1.41305757 -0.00712717837
v -0.0967333466 1.41252041 -0.00376469479
v -0.0968201831 1.40531027 -0.00249274308
v -0.0938619971 1.40580821 -0.00526645174
v -0.0948860943 1.40326226 -0.00378000271
v -0.0962220952 1.40059066 -0.00208556559
v -0.0966334045 1.39554834 0.00652680872
v -0.0948806778 1.39985895 0.00497912569
v -0.0915700868 1.40204918 0.00782875717
v -0.0907156318 1.39483869 0.00852973759
v -0.096752204 1.39098334 0.00420217309
v -0.090796113 1.3897177 0.00547497021
v -0.0915862992 1.38467216 0.000802466879
v -0.0960086957 1.38558519 -0.00105612213
v -0.0957169905 1.38309288 -0.00455261208
v -0.092017591 1.38069892 -0.0040623839
v -0.0913824141 1.37482262 -0.00793949328
v -0.0959493816 1.41318727 0.00863699615
v -0.0955450162 1.41232216 0.00319978595
v -0.0935375467 1.41748595 0.00829339493
v -0.0983057767 1.40543604 0.00354337157
v -0.0968428776 1.40626204 0.000385346415
v -0.0983531103 1.3987813 -1.37948991E-05
v -0.0962220952 1.40059066 -0.00208556559
v -0.0973831415 1.39279854 -0.00353267672
v -0.0938619971 1.40580821 -0.00526645174
v -0.0948860943 1.40326226 -0.00378000271
v -0.0967955589 1.39952517 -0.00662048161
v -0.0932478309 1.40202522 -0.0084653236
v -0.0974401459 1.39462197 -0.00871589687
v -0.0926233381 1.39673066 -0.0112836668
v -0.0973675549 1.39015639 -0.00887225289
v -0.0939773843 1.38443315 -0.00933438446
v -0.0961082652 1.38387561 -0.00626864377
v -0.0913824141 1.37482262 -0.00793949328
v -0.0985417888 1.38712502 -0.00210089865
v -0.0960086957 1.38558519 -0.00105612213
v -0.0957169905 1.38309288 -0.00455261208
v -0.096752204 1.39098334 0.00420217309
v -0.0993430689 1.3917532 0.000384025567
v -0.0966334045 1.39554834 0.00652680872
v -0.098669529 1.39438975 0.00138640753
v -0.0971150547 1.39738369 0.00114359672
v -0.0948806778 1.39985895 0.00497912569
v -0.0973675549 1.39015639 -0.00887225289
v -0.0970971733 1.38826942 -0.00548003241
v -0.0961082652 1.38387561 -0.00626864377
v -0.0980284512 1.39311266 -0.00587990647
v -0.0974401459 1.39462197 -0.00871589687
v -0.0975942686 1.39702344 -0.00478669861
v -0.0967955589 1.39952517 -0.00662048161
v -0.0962220952 1.40059066 -0.00208556559
v -0.0948860943 1.40326226 -0.00378000271
v -0.0913824141 1.37482262 -0.00793949328
v -0.0961082652 1.38387561 -0.00626864377
v -0.0957169905 1.38309288 -0.00455261208
v -0.0985417888 1.38712502 -0.00210089865
v -0.0970971733 1.38826942 -0.00548003241
v -0.0993430689 1.3917532 0.000384025567
v -0.0973831415 1.39279854 -0.00353267672
v -0.098669529 1.39438975 0.00138640753
v -0.0971150547 1.39738369 0.00114359672
v -0.0973831415 1.39279854 -0.00353267672
v -0.0970971733 1.38826942 -0.00548003241
v -0.0980284512 1.39311266 -0.00587990647
v -0.0975942686 1.39702344 -0.00478669861
v -0.0962220952 1.40059066 -0.00208556559
v -0.0967399478 1.40302324 0.00644954434
v -0.0983531103 1.3987813 -1.37948991E-05
v -0.0983057767 1.40543604 0.00354337157
v -0.0959493816 1.41318727 0.00863699615
v -0.0926976949 1.41027987 0.0151423709
v -0.0918701068 1.41628611 0.0162931178
v -0.0912206694 1.42090857 0.013900578
v -0.0935375467 1.41748595 0.00829339493
v -0.0962220952 1.40059066 -0.00208556559
v -0.0968201831 1.40531027 -0.00249274308
v -0.0968428776 1.40626204 0.000385346415
v -0.0967333466 1.41252041 -0.00376469479
v -0.097057417 1.41454041 0.00156426663
v -0.0956451297 1.4198935 -0.00291351066
v -0.0944806933 1.42617917 0.000806890137
v -0.094438076 1.42059016 0.00425865408
v -0.0953267738 1.43178427 0.00240530609
v -0.094438076 1.42059016 0.00425865408
v -0.0944806933 1.42617917 0.000806890137
v -0.0929475203 1.43153489 -0.000342150335
v -0.0939537436 1.44157839 0.00125576311
v -0.0917613804 1.44202149 -0.000936827913
v -0.0870750621 1.4546504 0.00211581518
v -0.0896877721 1.45111144 0.00422888948
v -0.0850828141 1.45858574 0.00516878255
v -0.0873827562 1.45385408 0.00749037974
v -0.0925981179 1.42666852 0.01665188
v -0.0953048021 1.41891181 0.00628423458
v -0.0946629792 1.42842984 0.0124939932
v -0.0903965533 1.43095231 0.0221571922
v -0.0926707536 1.43513513 0.0167676751
v -0.0883003399 1.43524086 0.0255128909
v -0.0860812739 1.44092143 0.0244161859
v -0.0891822129 1.44156623 0.0168280359
v -0.0854566619 1.44444168 0.0216510892
v -0.0584328435 1.43382585 0.0566871613
v -0.0674690306 1.42036355 0.0536071733
v -0.0738826245 1.42464077 0.050051637
v -0.0787526816 1.41317284 0.0440982766
v -0.0718899742 1.41190076 0.0500580631
v -0.0826570317 1.40272164 0.0393111929
v -0.0758568496 1.40085793 0.0444294252
v -0.0841081217 1.39346087 0.0326960087
v -0.0786998644 1.39108217 0.0377139039
v -0.0848725513 1.38547397 0.0267384127
v -0.0796851143 1.38331342 0.0311608147
v -0.0795201734 1.37553191 0.0245971009
v -0.0849989131 1.37579358 0.0166104939
v -0.0802642778 1.36792457 0.014739152
v -0.0823948681 1.36536956 0.00436893944
v -0.077324219 1.36100984 0.00365957129
v -0.0748903975 1.3579216 -0.00180328975
v -0.0789412707 1.35848808 -0.00477810064
v -0.0720519945 1.35289824 -0.00585706206
v -0.0743532032 1.3519609 -0.00830062944
v -0.0649534166 1.34078324 -0.010362043
v -0.0722348019 1.43136501 0.0505607203
v -0.0584328435 1.43382585 0.0566871613
v -0.0738826245 1.42464077 0.050051637
v -0.0789489001 1.4310472 0.0417485274
v -0.0708212107 1.43755448 0.0515223257
v -0.0841509923 1.41477811 0.035414122
v -0.0735544935 1.44381762 0.0452869013
v -0.0696901381 1.44278836 0.0505310968
v -0.0640221983 1.45171416 0.0524915196
v -0.0580575466 1.46614408 0.048874218
v -0.0555256829 1.45720482 0.0536234751
v -0.0858854651 1.42046857 0.0241168439
v -0.0834595263 1.43378305 0.0282604024
v -0.0802062377 1.44319975 0.0357722603
v -0.0749331713 1.45074189 0.0351698622
v -0.081860967 1.44620287 0.0253518093
v -0.0816319436 1.4416368 0.0275509972
v -0.0866351798 1.42756665 0.022866318
v -0.0886763185 1.42276895 0.0171410553
v -0.0874975547 1.41797209 0.0188627858
v -0.0880993754 1.40903521 0.0170533583
v -0.0863447636 1.40554094 0.0296989642
v -0.0909985676 1.40007687 0.0132922754
v -0.0896632522 1.40478408 0.0127429217
v -0.0915700868 1.40204918 0.00782875717
v -0.0875938386 1.39675546 0.0251514055
v -0.0907156318 1.39483869 0.00852973759
v -0.0555256829 1.45720482 0.0536234751
v -0.0497360118 1.44923174 0.0528398342
v -0.0640221983 1.45171416 0.0524915196
v -0.0696901381 1.44278836 0.0505310968
v -0.0708212107 1.43755448 0.0515223257
v -0.0556307063 1.44109535 0.0537154824
v -0.0722348019 1.43136501 0.0505607203
v -0.0584328435 1.43382585 0.0566871613
v 0.0746901557 1.42462552 0.0485104136
v 0.058456257 1.43380547 0.0566886552
v 0.0703294724 1.43573725 0.0512526408
v 0.0819679424 1.43459678 0.0303291585
v 0.0725545958 1.45416689 0.0366389304
v 0.0555256829 1.45720482 0.0536234751
v 0.0908293352 1.43239784 0.0149498926
v 0.0905703232 1.41943324 0.0117528522
v 0.0870102867 1.41597819 0.0251350235
v 0.0891181603 1.40337563 0.0209632032
v 0.0794876665 1.41281366 0.0441050082
v 0.0926639065 1.40297318 0.00647862768
v 0.0827085599 1.40264964 0.0393126681
v 0.0846025795 1.39319944 0.034692619
v 0.0917773247 1.39160669 0.00242158771
v 0.0904546827 1.39167082 0.0168173313
v 0.0848725513 1.38547397 0.0267384127
v 0.0848779008 1.37869811 0.0265552476
v 0.0882847756 1.37779641 0.00976530742
v 0.0898411795 1.38027692 -0.001874918
v 0.0862391964 1.36906385 -0.000138740856
v 0.0823948681 1.36536956 0.00436893944
v 0.0913824141 1.37482262 -0.00933329295
v 0.0703294724 1.43573725 0.0512526408
v 0.0497360118 1.44923174 0.0528398342
v 0.0555256829 1.45720482 0.0536234751
v 0.0556862392 1.44092119 0.0538464151
v 0.058456257 1.43380547 0.0566886552
v -0.0907156318 1.39483869 0.00852973759
v -0.0875938386 1.39675546 0.0251514055
v -0.088324897 1.38779068 0.018454168
v -0.090796113 1.3897177 0.00547497021
v -0.0882847756 1.37779641 0.00976530742
v -0.0915862992 1.38467216 0.000802466879
v -0.092017591 1.38069892 -0.0040623839
v -0.0862391964 1.36906385 -0.000138740856
v -0.0913824141 1.37482262 -0.00793949328
v -0.0816394985 1.36009622 -0.00939529669
v -0.0913824141 1.37482262 -0.00793949328
v -0.0872442871 1.36355317 -0.0163287502
v -0.0759368241 1.35084772 -0.0124928616
v -0.0811550617 1.34960771 -0.0159463566
v -0.0740460902 1.3352282 -0.012165606
v -0.0738826245 1.42464077 0.050051637
v -0.0787526816 1.41317284 0.0440982766
v -0.0841509923 1.41477811 0.035414122
v -0.0863447636 1.40554094 0.0296989642
v -0.0826570317 1.40272164 0.0393111929
v -0.0875938386 1.39675546 0.0251514055
v -0.0841081217 1.39346087 0.0326960087
v -0.088324897 1.38779068 0.018454168
v -0.0848725513 1.38547397 0.0267384127
v -0.0882847756 1.37779641 0.00976530742
v -0.0849989131 1.37579358 0.0166104939
v -0.0823948681 1.36536956 0.00436893944
v -0.0862391964 1.36906385 -0.000138740856
v -0.0789412707 1.35848808 -0.00477810064
v -0.0816394985 1.36009622 -0.00939529669
v -0.0743532032 1.3519609 -0.00830062944
v -0.0759368241 1.35084772 -0.0124928616
v -0.0649534166 1.34078324 -0.010362043
v 0.0796851143 1.38331342 0.0311608147
v 0.0805349201 1.37553191 0.0245971009
v 0.0795525163 1.37489653 0.0256332792
v 0.0848779008 1.37869811 0.0265552476
v 0.0848725513 1.38547397 0.0267384127
v 0.075908035 1.39510477 0.0438201651
v 0.0846025795 1.39319944 0.034692619
v 0.0827085599 1.40264964 0.0393126681
v 0.0758568496 1.40085793 0.0444294252
v 0.0718899742 1.41190076 0.0500580631
v 0.0794876665 1.41281366 0.0441050082
v 0.0674028397 1.42039275 0.0536107831
v 0.0746901557 1.42462552 0.0485104136
v 0.058456257 1.43380547 0.0566886552
v 0.0848779008 1.37869811 0.0265552476
v 0.0802642778 1.36792457 0.014739152
v 0.0805349201 1.37553191 0.0245971009
v 0.0882847756 1.37779641 0.00976530742
v 0.0823948681 1.36536956 0.00436893944
v 0.077324219 1.36100984 0.00365957129
v 0.0748903975 1.3579216 -0.00180328975
v 0.0789412707 1.35848808 -0.00477810064
v 0.0720519945 1.35289824 -0.00585706206
v 0.0743532032 1.3519609 -0.00830062944
v 0.0649534166 1.34078324 -0.010362043
v -0.0795201734 1.37553191 0.0245971009
v -0.0795525163 1.37489653 0.0256332792
v -0.0802642778 1.36792457 0.014739152
v -0.0791231021 1.37414622 0.0278225169
v -0.0791667327 1.37038279 0.0231975112
v -0.0789915621 1.36914742 0.0261941254
v -0.078859359 1.36601985 0.0221286844
v -0.0802555531 1.36271119 0.0151545154
v -0.077324219 1.36100984 0.00365957129
v -0.0802555531 1.36271119 0.0151545154
v -0.0776502863 1.35978675 0.00757337734
v -0.077324219 1.36100984 0.00365957129
v -0.0766474679 1.35467041 0.0144048436
v -0.0775524378 1.35584593 0.0172333159
v -0.0730757415 1.34531176 0.0180444028
v -0.0778563246 1.36000788 0.0203929469
v -0.0802555531 1.36271119 0.0151545154
v -0.0781673193 1.3622694 0.0233318824
v -0.0767240003 1.35732043 0.019516835
v -0.0775524378 1.35584593 0.0172333159
v -0.0730757415 1.34531176 0.0180444028
v -0.0802555531 1.36271119 0.0151545154
v -0.0784962848 1.36341691 0.0213149153
v -0.0781673193 1.3622694 0.0233318824
v -0.078601189 1.36577117 0.0261587594
v -0.0649534166 1.34078324 -0.010362043
v -0.06405624 1.33549285 -0.0143622458
v -0.0759368241 1.35084772 -0.0124928616
v -0.0740460902 1.3352282 -0.012165606
v 0.0802555531 1.36271119 0.0151545154
v 0.077324219 1.36100984 0.00365957129
v 0.0776502863 1.35978675 0.00757337734
v 0.0766474679 1.35467041 0.0144048436
v 0.0775524378 1.35584593 0.0172333159
v 0.0730757415 1.34531176 0.0180444028
v 0.0778563246 1.36000788 0.0203929469
v 0.0781673193 1.3622694 0.0233318824
v 0.0802555531 1.36271119 0.0151545154
v 0.0767240003 1.35732043 0.019516835
v 0.0775524378 1.35584593 0.0172333159
v 0.0730757415 1.34531176 0.0180444028
v 0.0802555531 1.36271119 0.0151545154
v 0.0781673193 1.3622694 0.0233318824
v 0.0784962848 1.36341691 0.0213149153
v 0.078601189 1.36577117 0.0261587594
v 0.0816394985 1.36009622 -0.00939529669
v 0.0862391964 1.36906385 -0.000138740856
v 0.0913824141 1.37482262 -0.00933329295
v 0.0872442871 1.36355317 -0.0163287502
v 0.0759368241 1.35084772 -0.0124928616
v 0.0811550617 1.34960771 -0.0159463566
v 0.0740460902 1.3352282 -0.012165606
v 0.0649534166 1.34078324 -0.010362043
v 0.0759368241 1.35084772 -0.0124928616
v 0.06405624 1.33549285 -0.0143622458
v 0.0740460902 1.3352282 -0.012165606
v 0.0789412707 1.35848808 -0.00477810064
v 0.0823948681 1.36536956 0.00436893944
v 0.0862391964 1.36906385 -0.000138740856
v 0.0816394985 1.36009622 -0.00939529669
v 0.0743532032 1.3519609 -0.00830062944
v 0.0759368241 1.35084772 -0.0124928616
v 0.0649534166 1.34078324 -0.010362043
v 0.0664253831 1.47754025 0.0411676876
v 0.0766006336 1.45923102 0.0431960896
v 0.0800596029 1.46106315 0.0351944901
v 0.0609413907 1.47632265 0.0488240309
v 0.0572516769 1.47605872 0.0499421284
v 0.0719276145 1.45855463 0.0511355959
v 0.0679335073 1.45724165 0.0524010733
v 0.0737485886 1.44028115 0.0529650301
v 0.0830041766 1.44117188 0.04478826
v 0.0871699154 1.44174492 0.0379181057
v 0.0896645337 1.42423904 0.0403947458
v 0.0785262585 1.43975008 0.0525590628
v 0.0869838893 1.42367125 0.0457712561
v 0.0914013088 1.40807962 0.0425794497
v 0.0832925588 1.42304528 0.0530666821
v 0.0775861517 1.42411709 0.0533475727
v 0.0885184631 1.40839636 0.0472246632
v 0.0846630186 1.40820098 0.0529082939
v 0.0794095099 1.40820098 0.053339377
v 0.0790361539 1.3967092 0.0527834147
v 0.0869146809 1.38575375 0.0488497205
v 0.0903357491 1.3863163 0.0446633995
v 0.0831196308 1.38507998 0.0527544059
v 0.0777754039 1.38366067 0.0534272082
v 0.0803696066 1.37106919 0.0533791445
v 0.0750810429 1.37108004 0.0541339591
v 0.0848716944 1.37144315 0.0498954393
v 0.0891006142 1.37203014 0.0463780202
v 0.0850825831 1.35671532 0.0505915806
v 0.0808550641 1.35718977 0.0524305366
v 0.0791140422 1.34366238 0.0554361753
v 0.0761936381 1.3582443 0.055008743
v 0.0720219091 1.35882163 0.0551965944
v 0.0719118267 1.34600222 0.0564115904
v 0.0689456612 1.34671628 0.0562260896
v 0.0753981024 1.34502959 0.0560594834
v 0.0732303858 1.33361614 0.0581715629
v 0.069567591 1.33457136 0.057890784
v 0.0653631687 1.33515501 0.0578815304
v 0.0683167055 1.32521904 0.0594512932
v 0.0655012503 1.32636011 0.059709724
v 0.0625064373 1.32685626 0.0597317107
v 0.0585050136 1.31825137 0.061753381
v 0.0612454452 1.31801128 0.0620902702
v 0.0572305955 1.31169522 0.0645390153
v 0.0553209297 1.31196666 0.0643312037
v 0.0522525012 1.30646801 0.0671120733
v 0.0627961531 1.31689799 0.061027389
v 0.0632371604 1.31678081 0.05953376
v 0.0605486482 1.31552351 0.0573003888
v 0.0581477731 1.31067407 0.0636347011
v 0.0569361188 1.31054139 0.0612592101
v 0.0536327399 1.30555999 0.0665485933
v 0.0528755337 1.30548906 0.0657951757
v 0.0490005538 1.30178678 0.0703217909
v 0.0532985814 1.30625761 0.067108795
v -0.00787786115 1.50676239 0.0422741659
v -0.00632438716 1.50851929 0.0371742062
v -0.00893407222 1.50622296 0.0420642756
v -0.00787822343 1.50456476 0.0470593683
v -0.00993238389 1.50409114 0.0468606167
v -0.00581090432 1.50717008 0.0421215817
v -0.00383599778 1.50861466 0.0369357802
v -0.00321956072 1.50735414 0.0420964994
v -0.000717180956 1.50852871 0.0375092812
v -0.0114518898 1.49810112 0.0553989261
v -0.00955186039 1.49886096 0.0557363816
v -0.00523811858 1.50525784 0.0468181111
v -0.00740916887 1.49243176 0.0636533052
v -0.00683089346 1.49966002 0.0559837185
v -0.00403868733 1.50071657 0.0551304817
v -0.000155899033 1.50718427 0.0427865498
v 0.000288367126 1.50529051 0.0478031784
v 0.00291720405 1.50728464 0.0377554223
v -0.00251110247 1.50552166 0.0470286459
v 0.00283482252 1.5061146 0.0432811603
v 0.00750780152 1.50520372 0.0391568169
v 0.00635537365 1.50436044 0.0444034413
v 0.0121598132 1.50241923 0.0406448692
v -0.000575689308 1.50134254 0.0540737808
v -0.00290829898 1.49402213 0.0635496303
v -0.00204795389 1.47877693 0.0764516667
v 0.000822109403 1.45817125 0.0882978588
v -0.00760498922 1.45845568 0.0832650363
v 0.0034442055 1.44084024 0.0948227569
v -0.00610024622 1.44098723 0.0886859745
v 0.0113169467 1.45768809 0.0860971361
v 0.00634072395 1.4787488 0.075941965
v 0.0145571679 1.43997109 0.0894602165
v 0.0174187943 1.42608166 0.0905634686
v 0.0118625592 1.45774531 0.0837718248
v 0.00638591498 1.42466056 0.0966476202
v -0.0027406076 1.42428052 0.0930491164
v 0.0206443276 1.41110551 0.0904154107
v 0.0109677296 1.41029084 0.0967220291
v 0.00338131865 1.40878189 0.0930686817
v 0.0228369012 1.40055716 0.0878220275
v 0.0178451799 1.39831281 0.0930621698
v 0.0107547008 1.39751053 0.0908465162
v 0.0225079935 1.39112532 0.0894593522
v 0.0250896774 1.39312696 0.0852364227
v 0.0186430048 1.38959479 0.0872894153
v 0.0265860986 1.38532317 0.0859401226
v 0.0277092587 1.38688016 0.0830494389
v 0.0239489805 1.38463235 0.0837255269
v 0.029085746 1.38233316 0.0832374245
v 0.0299431868 1.38257706 0.0810626075
v 0.0278090537 1.38150311 0.0812046975
v 0.0330984183 1.37789857 0.0785964504
v 0.000791649043 1.49487281 0.0624449663
v 0.0123947561 1.47951913 0.073950544
v 0.004357873 1.49557245 0.0604681
v 0.0203424431 1.4578501 0.0838250145
v 0.00481607346 1.50165677 0.0519908257
v 0.00778885232 1.50162745 0.0496981293
v 0.00963788293 1.49627531 0.05738331
v 0.0218319129 1.4790802 0.0705753043
v 0.0103563024 1.50227964 0.0456039496
v 0.0144595439 1.49696755 0.053680215
v 0.0203704108 1.49672699 0.0495200343
v 0.0229816288 1.49437988 0.0457453765
v 0.0392842703 1.47675705 0.0543203391
v 0.0372033603 1.47875011 0.0600558072
v 0.0307974946 1.47888362 0.0661710054
v 0.0507501811 1.45814753 0.0658763647
v 0.0425864533 1.4583931 0.0743219107
v 0.0583853051 1.43935442 0.0695445687
v 0.0310575981 1.45834887 0.0794773549
v 0.0504790135 1.43915856 0.0785691068
v 0.0370586701 1.43930435 0.0813567415
v 0.0370586701 1.43930435 0.0813567415
v 0.0549983792 1.4231379 0.0787775293
v 0.0631440356 1.42377317 0.0699576139
v 0.0416248776 1.42392671 0.0802021176
v 0.0656200275 1.41186702 0.0691319406
v 0.0266863368 1.43900323 0.0874616504
v 0.0414049625 1.42394543 0.0812542588
v 0.0165199544 1.43875909 0.087408416
v 0.0577566698 1.41061783 0.0769378766
v 0.045012787 1.41028452 0.0780984759
v 0.0681143925 1.3975091 0.0673256218
v 0.0495130494 1.39606345 0.0747601464
v 0.03131181 1.4241575 0.0887818709
v 0.0444972105 1.41037202 0.0800354257
v 0.0215510745 1.4245193 0.0879340693
v 0.0372089744 1.40884507 0.0867857113
v 0.0289839022 1.4089123 0.0852805227
v 0.0477132685 1.39550233 0.0768769458
v 0.0427947752 1.39443171 0.0819597542
v 0.0371401533 1.3952558 0.0808518231
v 0.045796793 1.38851488 0.0778839737
v 0.0486331694 1.38907433 0.0746707246
v 0.0424330123 1.3882767 0.0773769245
v 0.0491902493 1.38514519 0.0735113099
v 0.047655873 1.3845185 0.0751930103
v 0.0462329425 1.38388002 0.0746196806
v 0.049512729 1.38135862 0.0722345859
v 0.0611820817 1.39633286 0.0731055737
v 0.0640562549 1.3869381 0.0695020631
v 0.069014512 1.38714004 0.0646533743
v 0.0540283583 1.38641822 0.0704330727
v 0.0672648549 1.37879252 0.0655387565
v 0.0695377067 1.37779641 0.0620871522
v 0.0600943305 1.38010049 0.0661380291
v 0.0697292462 1.37024105 0.0587080121
v 0.0658000931 1.37489343 0.0619522706
v -0.0297816359 1.45083463 -0.124710463
v -0.0440669581 1.45098269 -0.119697236
v -0.0283472724 1.46765542 -0.118231952
v -0.0144742196 1.46815681 -0.119110398
v -0.0268042311 1.48208237 -0.110317573
v -0.0147811016 1.482921 -0.111058153
v -0.0155850481 1.49857354 -0.098476395
v -0.041274827 1.46752453 -0.113675378
v -0.0510739088 1.45183468 -0.110356174
v -0.0247667618 1.49820542 -0.0956021547
v -0.0384332985 1.48122072 -0.105501205
v -0.0477137119 1.46735227 -0.105022095
v -0.0222435556 1.50746727 -0.0822000504
v -0.0160471871 1.50884676 -0.0838963762
v -0.0556933284 1.43358123 -0.11745315
v -0.0527745895 1.4518013 -0.111356504
v -0.0576121174 1.41714919 -0.122389577
v -0.0559627861 1.41769147 -0.120587364
v -0.058499489 1.40022349 -0.126480445
v -0.0566930883 1.39998078 -0.122382559
v -0.0573846661 1.37380564 -0.130974129
v -0.0540101938 1.37369812 -0.126565516
v -0.0536425263 1.35531855 -0.131023452
v -0.0616628155 1.35360146 -0.133668885
v -0.0498525053 1.35737181 -0.125344753
v -0.0481140651 1.34096861 -0.127974719
v -0.0448072106 1.34317946 -0.121951662
v -0.04082717 1.33499062 -0.119225658
v -0.0651027039 1.37354064 -0.132142738
v -0.0658393651 1.39991844 -0.12604557
v -0.0639823675 1.41671658 -0.121415019
v -0.0772025213 1.37332749 -0.125737295
v -0.0616429225 1.43330979 -0.116401829
v -0.0771521479 1.39990556 -0.119065903
v -0.074605003 1.41757941 -0.11295452
v -0.0768970177 1.4002111 -0.116573811
v -0.0720800683 1.43337405 -0.108442515
v -0.0792175308 1.37283218 -0.121426344
v -0.0681669563 1.45191681 -0.102717079
v -0.073173143 1.35240006 -0.127478212
v -0.076719366 1.35295129 -0.119871356
v -0.0661122575 1.33755732 -0.12182121
v -0.0673532933 1.33811152 -0.112621933
v -0.0608764961 1.33709514 -0.125649318
v -0.0527128652 1.32630885 -0.108293585
v -0.0557560138 1.32804453 -0.101922758
v -0.055681251 1.33843017 -0.129153386
v -0.0479688309 1.3288151 -0.112085283
v -0.0466507375 1.32890236 -0.120409638
v -0.0397297628 1.32214296 -0.0992147401
v -0.0427928232 1.32112443 -0.0970059633
v -0.0438599288 1.32087755 -0.0935617313
v -0.0309099294 1.31637311 -0.086404644
v -0.0413664579 1.33324349 -0.121238507
v -0.0363117345 1.32453012 -0.11237289
v -0.0342576504 1.32663536 -0.114103124
v -0.0343334042 1.32771647 -0.112256445
v -0.0238631908 1.31575346 -0.107966572
v -0.0574163534 1.45157921 -0.110434301
v -0.0530132651 1.46929932 -0.104012541
v -0.0493440814 1.46748805 -0.105579928
v -0.0441313386 1.48074389 -0.0991950184
v -0.0337720253 1.4960984 -0.0918439552
v -0.028905388 1.50574076 -0.0780046955
v -0.0382801704 1.49414885 -0.0846460164
v -0.0375150777 1.49453974 -0.08671958
v -0.0318242721 1.5041461 -0.0740424097
v -0.0307670571 1.50397456 -0.0747983977
v -0.0258094948 1.50934172 -0.0624833517
v -0.0248046704 1.50953197 -0.0643930957
v -0.0166185796 1.51230264 -0.0685838982
v -0.0188938156 1.51254725 -0.0574017838
v -0.0189610794 1.51256049 -0.0559804142
v -0.00851001311 1.50999987 -0.0840926915
v -0.0155850481 1.49857354 -0.098476395
v -0.00976660848 1.51337159 -0.0688467026
v -0.0130283888 1.51347566 -0.0531072132
v -0.0132658752 1.5135206 -0.0517312326
v -0.0103525156 1.51388037 -0.0512674116
v -0.00648673438 1.51361537 -0.069308348
v -0.00114407437 1.50894618 -0.0840464607
v -0.00746878842 1.49897385 -0.0993731096
v 0.00332493777 1.49845731 -0.0975024104
v -0.00725751743 1.48323739 -0.113035232
v -0.0147811016 1.482921 -0.111058153
v -0.0144742196 1.46815681 -0.119110398
v 0.00390381715 1.48305678 -0.112002447
v 0.00554420333 1.48247397 -0.112373382
v 0.00570702041 1.46831918 -0.121087417
v -0.00745503511 1.46899462 -0.121699482
v 0.00336912717 1.46848869 -0.122162499
v -0.0145054637 1.45043337 -0.126870275
v -0.0147212036 1.45070434 -0.125796646
v -0.0149766859 1.43452454 -0.130632937
v 0.00249938085 1.45030403 -0.130098239
v 0.00576839317 1.44941735 -0.129009888
v -0.00806755852 1.4507302 -0.12904121
v -0.0143263508 1.43522346 -0.132402807
v 0.00156501355 1.43483126 -0.135334343
v 0.00481930049 1.43365669 -0.133348018
v 0.00284365867 1.41853547 -0.137605518
v -0.00807964802 1.43607008 -0.134534284
v -0.0146884322 1.41936564 -0.137338117
v -0.0152959572 1.41798031 -0.134944871
v 0.000226174991 1.41939521 -0.139903605
v -5.4803153E-05 1.40139771 -0.141818002
v -0.00881047733 1.4199537 -0.140436649
v -0.0157383159 1.40182185 -0.142942593
v -0.0169953778 1.4007585 -0.139770925
v -0.00236769347 1.40086496 -0.145832285
v -0.00538540632 1.38127673 -0.148758203
v -0.00995727163 1.40114212 -0.147408545
v -0.0194786154 1.38138735 -0.1503703
v -0.0202579275 1.38105857 -0.147100642
v -0.00771260029 1.38097501 -0.15230751
v -0.0117386077 1.36288035 -0.15319851
v -0.0145135401 1.38104522 -0.153933674
v -0.0192517173 1.36361217 -0.158369273
v -0.023616204 1.36442947 -0.15484865
v -0.0242709983 1.36450458 -0.151835859
v -0.0138300024 1.36277366 -0.15655455
v -0.0177317206 1.35105491 -0.152765915
v -0.0269643366 1.35389304 -0.153656036
v -0.0273855869 1.35415077 -0.15129824
v -0.0191855729 1.3513937 -0.155313864
v -0.0262215156 1.33990169 -0.148029268
v -0.0316452645 1.34165359 -0.14795503
v -0.0320867561 1.34162974 -0.146603093
v -0.0375532359 1.32910395 -0.138799533
v -0.0235971976 1.35287046 -0.156898841
v -0.029586345 1.3412112 -0.150118068
v -0.0268281475 1.34046495 -0.149201825
v 0.00738004548 1.33158994 -0.131892964
v 0.0155692417 1.33081698 -0.127747551
v -0.0025101339 1.33302307 -0.128783554
v 0.0073710857 1.32169604 -0.108333401
v 0.00227119913 1.32159269 -0.113527514
v -0.00518412469 1.32286811 -0.114252374
v 0.00299906125 1.31580079 -0.0985640287
v -0.00133163691 1.31546581 -0.102665916
v -0.00757012004 1.31697655 -0.10287334
v -0.00930722896 1.31170225 -0.0927051231
v -0.00446712645 1.31008911 -0.0932402313
v -0.00036957144 1.31125855 -0.0910367593
v -0.00622540759 1.30631638 -0.0883896649
v -0.00329041271 1.30700433 -0.0865231752
v -0.00893323123 1.30721343 -0.0874894857
v -0.00552304927 1.30238879 -0.0841458663
v -0.00741334818 1.30206347 -0.0855747312
v -0.00849073473 1.30288804 -0.0853288472
v -0.00809678901 1.29480028 -0.0837960318
v -0.0777421072 1.47003508 -0.0748641491
v -0.0750969425 1.46933424 -0.0758552775
v -0.0689731389 1.48294806 -0.0684590042
v -0.0815367475 1.45213819 -0.081826292
v -0.0891271159 1.43824744 -0.0838586688
v -0.0856020823 1.4364146 -0.085828729
v -0.0894144997 1.41847408 -0.0901863053
v -0.0696190447 1.48340297 -0.0714589506
v -0.0750969425 1.46933424 -0.0758552775
v -0.0751731545 1.46971369 -0.079571031
v -0.0815367475 1.45213819 -0.081826292
v -0.0944166631 1.41756725 -0.0891351178
v -0.100404583 1.41640544 -0.0813688859
v -0.0990002453 1.39946997 -0.093779631
v -0.0909180045 1.39989388 -0.093176201
v -0.10412237 1.3997879 -0.0856532529
v -0.10472928 1.37439156 -0.100769661
v -0.0952126458 1.37364733 -0.0987280756
v -0.104777135 1.39867997 -0.0760385022
v -0.103187986 1.39621806 -0.0724751875
v -0.105884038 1.37385345 -0.0807842538
v -0.108720146 1.37456191 -0.0927826688
v -0.107771926 1.35936034 -0.104595669
v -0.0973745361 1.35726321 -0.102043629
v -0.106390767 1.34363627 -0.105495133
v -0.0973924175 1.34347475 -0.102604218
v -0.0944996923 1.33336663 -0.100347221
v -0.108105898 1.37429535 -0.0837333277
v -0.110763162 1.35863936 -0.0979277566
v -0.10972973 1.35710275 -0.0903860703
v -0.10695561 1.35628903 -0.0874454007
v -0.108200163 1.34406555 -0.100407436
v -0.106945589 1.3440671 -0.0949272066
v -0.104489788 1.34355712 -0.0932150036
v -0.0999812931 1.33232462 -0.096396178
v -0.0988177285 1.33331537 -0.0952667221
v -0.0853589997 1.32058465 -0.0936153904
v -0.0996137112 1.33130622 -0.0984873474
v -0.0980696008 1.33146513 -0.100174978
v -0.0703702569 1.46993315 -0.0889511779
v -0.0753689557 1.45171702 -0.0951421335
v -0.0804848671 1.45174277 -0.086176686
v -0.0848760307 1.43579924 -0.0914856344
v -0.0856020823 1.4364146 -0.085828729
v -0.0894144997 1.41847408 -0.0901863053
v -0.0799562037 1.43488872 -0.100611076
v -0.0720800683 1.43337405 -0.108442515
v -0.0893967524 1.4169662 -0.0972535983
v -0.0909180045 1.39989388 -0.093176201
v -0.0847756565 1.41573334 -0.106333762
v -0.0918554366 1.39816248 -0.101892203
v -0.0928931087 1.37283599 -0.105405398
v -0.0895753279 1.37346804 -0.093605943
v -0.0770280212 1.4165504 -0.112558171
v -0.074605003 1.41757941 -0.11295452
v -0.0768970177 1.4002111 -0.116573811
v -0.0808942765 1.39934611 -0.116211995
v -0.0792175308 1.37283218 -0.121426344
v -0.0880825818 1.3980999 -0.10971155
v -0.0893331021 1.3509059 -0.103758916
v -0.0854184628 1.35174072 -0.0930563882
v -0.0896700472 1.37261248 -0.112881862
v -0.0828238726 1.37267148 -0.119782224
v -0.0803878978 1.33636665 -0.101198375
v -0.077366218 1.33841026 -0.093330428
v -0.0851163119 1.35130525 -0.112010114
v -0.0789146051 1.35222268 -0.117756926
v -0.076719366 1.35295129 -0.119871356
v -0.06998007 1.32888258 -0.0981500819
v -0.0681434497 1.32946551 -0.0930753723
v -0.0773235857 1.33522642 -0.107504569
v -0.0720683485 1.33698845 -0.112598129
v -0.0673532933 1.33811152 -0.112621933
v -0.0620518774 1.33156228 -0.106175058
v -0.0677373186 1.32858551 -0.102164373
v -0.0646565035 1.3300705 -0.105244607
v -0.0560036302 1.32591593 -0.0982771963
v -0.0574214719 1.32502425 -0.0978897735
v -0.0464088395 1.31784999 -0.0860446692
v -0.0591618717 1.32392037 -0.0964539498
v -0.0605213642 1.32380509 -0.0944884345
v -0.0590155199 1.32400084 -0.091379486
v 0.0734566227 1.4311949 -0.106435932
v 0.0768384784 1.43440843 -0.106816173
v 0.080631122 1.41282165 -0.109333552
v 0.082837522 1.41694129 -0.110540025
v 0.0860131979 1.39658964 -0.110952102
v 0.0797889158 1.45239973 -0.0954563767
v 0.0857458934 1.43561721 -0.101205893
v 0.072938323 1.46793854 -0.0889555886
v 0.0778032169 1.46706927 -0.0774035752
v 0.0695276186 1.48286772 -0.0692811161
v 0.0782477707 1.46760714 -0.0754551739
v 0.0695588738 1.48287141 -0.0681091994
v 0.085620977 1.45150888 -0.082077466
v 0.0697120726 1.48566711 -0.0679875389
v 0.0782477707 1.46760714 -0.0754551739
v 0.0841201842 1.45193887 -0.0840824768
v 0.0896754265 1.43508267 -0.0905675292
v 0.0890923738 1.43554461 -0.0862875357
v 0.0923060998 1.41522431 -0.0912898779
v 0.0947139114 1.41595292 -0.0973145589
v 0.0911468565 1.41742098 -0.106582679
v 0.0963542312 1.39598954 -0.0972112641
v 0.0946992785 1.39361537 -0.0950077698
v 0.0979291797 1.37599123 -0.104784079
v 0.0986750796 1.39773476 -0.103551373
v 0.0958879292 1.39899802 -0.111519061
v 0.100447856 1.37695396 -0.104749888
v 0.10301321 1.36377454 -0.110275351
v 0.100170657 1.36325884 -0.110322073
v 0.100709036 1.35247803 -0.113175958
v 0.10171254 1.38018417 -0.109318778
v 0.0886019692 1.39832926 -0.1140377
v 0.102633417 1.35287178 -0.113959804
v 0.0996282771 1.34677804 -0.113691784
v 0.099549666 1.38190961 -0.115561865
v 0.0933327004 1.38093793 -0.116847292
v 0.0908653587 1.37920046 -0.113577172
v 0.0956482515 1.36343443 -0.116574138
v 0.102992617 1.36566234 -0.113358989
v 0.100637995 1.34693992 -0.11410778
v 0.0944548622 1.3385998 -0.111668058
v 0.101499252 1.36802971 -0.117934339
v 0.102408871 1.35479295 -0.115514778
v 0.0962511525 1.36735308 -0.118302263
v 0.0997709557 1.34649849 -0.115128182
v 0.10126625 1.35713875 -0.118050165
v 0.0972816348 1.35671008 -0.117975444
v 0.0963691026 1.35696876 -0.116331272
v 0.0987068042 1.34767604 -0.116185538
v 0.0964621529 1.34761965 -0.115579344
v 0.0965899527 1.3468709 -0.114614904
v 0.0856671035 1.47287726 -0.0517268181
v 0.0835942477 1.47185981 -0.0637332425
v 0.0938429683 1.45576942 -0.0575910807
v 0.0993665457 1.4352963 -0.0631890967
v 0.0794175118 1.46804476 -0.0749269575
v 0.0859983116 1.45328319 -0.0796509534
v 0.085620977 1.45150888 -0.082077466
v 0.0898195729 1.45631647 -0.0686411113
v 0.103698567 1.41485441 -0.067989029
v 0.10345573 1.41318178 -0.0618384965
v 0.0967764482 1.43763566 -0.0746099353
v 0.0921527967 1.43647468 -0.0840640888
v 0.0890923738 1.43554461 -0.0862875357
v 0.0923060998 1.41522431 -0.0912898779
v 0.0977667123 1.41626477 -0.0878962055
v 0.0946992785 1.39361537 -0.094850719
v 0.102257982 1.41590512 -0.0792431459
v 0.101578541 1.39569211 -0.090251632
v 0.0962275118 1.3727051 -0.0947335213
v 0.106063917 1.39435148 -0.0711802468
v 0.105073877 1.39348245 -0.0663407296
v 0.103665523 1.37197435 -0.0668433309
v 0.105639458 1.39642549 -0.0819478109
v 0.102382496 1.37250471 -0.0901038945
v 0.106368147 1.37324488 -0.0825689137
v 0.105787769 1.37382591 -0.0720158964
v 0.103800476 1.35258567 -0.0701299086
v 0.102211252 1.35191572 -0.0667306632
v 0.0991484821 1.35097778 -0.0860711783
v 0.0914918482 1.35192001 -0.0890999138
v 0.103263795 1.35169244 -0.079859592
v 0.0924476013 1.33243573 -0.0787658244
v 0.0843472332 1.33512139 -0.07826408
v 0.083414197 1.31773949 -0.0693326667
v 0.0769433007 1.32144701 -0.0682109371
v 0.0712643489 1.31220651 -0.0602921844
v 0.0955513269 1.33299744 -0.0734813213
v 0.095868364 1.33626187 -0.0656185448
v 0.0947622433 1.33710766 -0.0629860386
v 0.0850671157 1.31826425 -0.0652125031
v 0.0843231305 1.32074261 -0.0597062185
v 0.0830875263 1.32211876 -0.0578436218
v 0.0752996504 1.30889583 -0.0610346682
v 0.0649615079 1.30115891 -0.0492393449
v 0.0763982758 1.30951357 -0.0587775372
v 0.0759150609 1.31150067 -0.0555051751
v 0.0740040615 1.313586 -0.0550817512
v 0.0790262967 1.32491195 -0.0140007632
v 0.0832467526 1.33543241 -0.0242492221
v 0.0740387216 1.32312691 -0.0204860643
v 0.0686460361 1.31472182 -0.0176786873
v 0.0846455917 1.33510566 -0.0160651449
v 0.093257539 1.34826338 -0.025737606
v 0.0728609413 1.31442726 -0.0121154785
v 0.0623024441 1.30579829 -0.0142065454
v 0.0750668272 1.32792938 -0.00797091424
v 0.065398328 1.30496156 -0.0099179633
v 0.0560509823 1.29735458 -0.00975661352
v 0.0926639512 1.34893584 -0.0156401824
v 0.097859621 1.3659668 -0.0172650181
v 0.0958023518 1.36488414 -0.0101286303
v 0.0858156309 1.34936881 -0.00778356427
v 0.0690532178 1.31705379 -0.00682908203
v 0.0571971834 1.29646742 -0.00685885129
v 0.0501311496 1.29009485 -0.00451811543
v 0.0627890974 1.30721927 -0.00576444482
v 0.0515093729 1.29026949 -0.00337376655
v 0.0442955717 1.28353715 0.00100573234
v 0.0557692982 1.29782617 -0.00402949145
v 0.0512779355 1.29106688 -0.00207724655
v 0.0495319441 1.29150498 -0.00156580261
v 0.0545554422 1.2998153 -0.00372376433
v 0.0596392527 1.30894029 -0.00512707559
v 0.0646860152 1.31895876 -0.00637978129
v 0.06958244 1.32951355 -0.00765272183
v 0.0803015083 1.33817399 -0.00885256007
v 0.0741284639 1.34055269 -0.0085481843
v 0.0788990781 1.35286379 -0.00835022982
v 0.0838101953 1.36609209 -0.00722290156
v 0.0892073438 1.36421382 -0.00558757875
v 0.0898411795 1.38027692 -0.001874918
v 0.0129999956 1.36973763 -0.150876462
v 0.0117099406 1.36130154 -0.149875119
v 0.012653674 1.36969054 -0.151261777
v 0.0130994422 1.37990034 -0.149013817
v 0.0135585759 1.37991941 -0.148597091
v 0.0137001872 1.40056908 -0.144766361
v 0.0143317264 1.40050352 -0.144142061
v 0.0137007674 1.41837287 -0.139925912
v 0.0228246897 1.40034044 -0.139866307
v 0.0238807313 1.40037751 -0.139610916
v 0.0206453223 1.38059199 -0.146853507
v 0.0198577233 1.38049436 -0.146815926
v 0.0186678283 1.37034523 -0.149529755
v 0.0180246048 1.37028122 -0.149451301
v 0.0119203972 1.36139345 -0.149530917
v 0.0154571338 1.36198211 -0.14851743
v 0.0159354154 1.36201167 -0.148639068
v 0.0117229028 1.35004091 -0.146592945
v 0.0113778347 1.3500154 -0.146456182
v 0.00586017594 1.33724558 -0.141558066
v 0.00922301132 1.3489325 -0.14710927
v 0.00916189328 1.34873116 -0.147390574
v -0.0192509107 1.38072217 -0.146714494
v -0.0202579275 1.38105857 -0.147100642
v -0.0169953778 1.4007585 -0.139770925
v -0.0159959979 1.40010965 -0.140029535
v -0.0242709983 1.36450458 -0.151835859
v -0.0072943694 1.38103998 -0.147891596
v -0.00223413343 1.40107071 -0.140941441
v -5.4803153E-05 1.40139771 -0.141818002
v -0.00538540632 1.38127673 -0.148758203
v -0.0236750264 1.36427331 -0.151227444
v -0.0133618582 1.36298931 -0.152327091
v -0.0117386077 1.36288035 -0.15319851
v -0.0189033691 1.35148311 -0.151885346
v -0.0177317206 1.35105491 -0.152765915
v -0.0266197249 1.35401809 -0.150646597
v -0.0273855869 1.35415077 -0.15129824
v -0.0269038454 1.34019315 -0.147358373
v -0.0262215156 1.33990169 -0.148029268
v -0.0375532359 1.32910395 -0.138799533
v -0.031568028 1.34167922 -0.146156698
v -0.0320867561 1.34162974 -0.146603093
v -0.103187986 1.39621806 -0.0724751875
v -0.0909180045 1.39989388 -0.093176201
v -0.0978773385 1.37373698 -0.0893977433
v -0.105884038 1.37385345 -0.0807842538
v -0.0952126458 1.37364733 -0.0987280756
v -0.0998826399 1.35674679 -0.0930130854
v -0.0973745361 1.35726321 -0.102043629
v -0.10695561 1.35628903 -0.0874454007
v -0.0973924175 1.34347475 -0.102604218
v -0.0995970517 1.3435086 -0.0962217227
v -0.104489788 1.34355712 -0.0932150036
v -0.0944996923 1.33336663 -0.100347221
v -0.0961488336 1.33383989 -0.0965717807
v -0.0988177285 1.33331537 -0.0952667221
v -0.0853589997 1.32058465 -0.0936153904
v -8.06436656E-05 1.51181257 -0.082947664
v -0.00114407437 1.50894618 -0.0840464607
v 0.00332493777 1.49845731 -0.0975024104
v -0.00648673438 1.51361537 -0.069308348
v 0.00601579668 1.49955416 -0.0994267762
v 0.0122758197 1.49888027 -0.101549797
v 0.00890515465 1.48277998 -0.1110669
v 0.0102495402 1.48532295 -0.112359457
v -0.00561138196 1.51583421 -0.0692515895
v -0.0103525156 1.51388037 -0.0512674116
v -0.00193789473 1.51576138 -0.0692977384
v -0.00477282563 1.51316071 -0.0591204055
v 0.000436444505 1.51401305 -0.0692679882
v 0.00526856771 1.51122034 -0.0840215087
v 0.00862085167 1.5087558 -0.0855197608
v 0.0146614723 1.4963702 -0.099674955
v 0.0192896556 1.48258662 -0.110684834
v 0.0159627367 1.48554564 -0.113055885
v 0.0224089697 1.46770453 -0.120350018
v 0.0184023082 1.46970379 -0.122913346
v 0.0123740984 1.46829677 -0.122311063
v 0.0112724137 1.46760941 -0.121353425
v 0.0139654977 1.44996059 -0.131158203
v 0.0126788625 1.44916701 -0.130107224
v 0.024497861 1.4499563 -0.128608659
v 0.0252989531 1.44938552 -0.126635656
v 0.0261770524 1.43287528 -0.131133676
v 0.0148771601 1.43437433 -0.136234447
v 0.0134840142 1.43325472 -0.135287717
v 0.0137007674 1.41837287 -0.139925912
v 0.0197891295 1.45097637 -0.130680516
v 0.0205173008 1.43512619 -0.136694282
v 0.0250931457 1.43426216 -0.133055016
v 0.0247754715 1.41840422 -0.138485178
v 0.0258243866 1.41728771 -0.135368019
v 0.0155548928 1.41872728 -0.141494155
v 0.0137001872 1.40056908 -0.144766361
v 0.0205080081 1.41874659 -0.142347574
v 0.0235264674 1.40122283 -0.143256798
v 0.0238807313 1.40037751 -0.139610916
v 0.0198072195 1.40156043 -0.147780418
v 0.0150820678 1.40106261 -0.146469563
v 0.0130994422 1.37990034 -0.149013817
v 0.0206149668 1.38098025 -0.148569807
v 0.0206453223 1.38059199 -0.146853507
v 0.018663777 1.37048352 -0.151209816
v 0.0186678283 1.37034523 -0.149529755
v 0.0159354154 1.36201167 -0.148639068
v 0.0181963686 1.38127327 -0.153112829
v 0.0142483283 1.38040662 -0.150619805
v 0.0133125316 1.36995161 -0.152729198
v 0.012653674 1.36969054 -0.151261777
v 0.0117099406 1.36130154 -0.149875119
v 0.0163969677 1.37005854 -0.155107155
v 0.0119290575 1.36148131 -0.15114668
v 0.00916189328 1.34873116 -0.147390574
v 0.0140820583 1.36121285 -0.153296188
v 0.00970674306 1.34997237 -0.148291126
v 0.00586017594 1.33724558 -0.141558066
v 0.010840144 1.34985995 -0.14939931
v 0.0119494805 1.35063386 -0.147061422
v 0.0117229028 1.35004091 -0.146592945
v 0.0159849953 1.36199427 -0.150125712
vt 0.960618019 0.211077392
vt 0.957156122 0.194274753
vt 0.959503651 0.205668628
vt 0.960618019 0.211077392
vt 0.95910418 0.205989301
vt 0.955637932 0.194338828
vt 0.024922654 0.115172558
vt 0.0301168337 0.135414183
vt 0.0395525992 0.126394778
vt 0.810441196 0.18475017
vt 0.810130596 0.188639045
vt 0.809259057 0.192364603
vt 0.83349824 0.146729141
vt 0.832193553 0.149474353
vt 0.835323572 0.146980807
vt 0.460997164 0.9156003
vt 0.455784827 0.912010133
vt 0.45337832 0.915462136
vt 0.444137692 0.907274008
vt 0.442318439 0.910414517
vt 0.429284334 0.896271229
vt 0.424463123 0.901295066
vt 0.415621817 0.888139427
vt 0.407248437 0.891317844
vt 0.392170429 0.879088938
vt 0.400056124 0.874451041
vt 0.384513706 0.857339203
vt 0.374324262 0.860808015
vt 0.372423857 0.84063077
vt 0.364450902 0.845867932
vt 0.361207157 0.82410419
vt 0.354409993 0.827516139
vt 0.348514557 0.804153681
vt 0.34431231 0.806022882
vt 0.33578214 0.784403563
vt 0.338680774 0.782132149
vt 0.331292897 0.764810324
vt 0.460997164 0.9156003
vt 0.464850068 0.912526965
vt 0.455784827 0.912010133
vt 0.943261445 0.457224697
vt 0.926847279 0.465219647
vt 0.95045805 0.497109085
vt 0.901435614 0.37214753
vt 0.897322536 0.382447213
vt 0.906189799 0.381338328
vt 0.935188115 0.333258003
vt 0.941041827 0.334387332
vt 0.926479757 0.325855702
vt 0.877226532 0.255323231
vt 0.87858218 0.272411048
vt 0.89074862 0.264796466
vt 0.89763993 0.275634587
vt 0.895065486 0.253867894
vt 0.89074862 0.264796466
vt 0.0578110218 0.347471029
vt 0.0699176788 0.332705528
vt 0.0561350584 0.346909255
vt 0.0561350584 0.346909255
vt 0.0526673198 0.346625417
vt 0.058196187 0.339427322
vt 0.0533969402 0.33881107
vt 0.0581520796 0.332840532
vt 0.0668309927 0.325463146
vt 0.0821480751 0.316363245
vt 0.0581520796 0.332840532
vt 0.0668309927 0.325463146
vt 0.0523180366 0.333966047
vt 0.102441877 0.264609635
vt 0.0981394649 0.253717929
vt 0.0955737829 0.275411278
vt 0.115918279 0.255168349
vt 0.102441877 0.264609635
vt 0.11456728 0.272198588
vt 0.342699736 0.413043529
vt 0.329598695 0.393814951
vt 0.327063382 0.395953983
vt 0.310854346 0.379458874
vt 0.317079067 0.374465019
vt 0.300327688 0.351169407
vt 0.287170231 0.357489496
vt 0.271710038 0.340760529
vt 0.285919785 0.332532406
vt 0.257124722 0.324636668
vt 0.268961668 0.314870119
vt 0.25907293 0.350166261
vt 0.275185913 0.360687762
vt 0.253338248 0.302921563
vt 0.255268633 0.300606906
vt 0.242287725 0.289918125
vt 0.240503654 0.292855859
vt 0.232465446 0.28231883
vt 0.230933368 0.285113275
vt 0.222198039 0.277004749
vt 0.22109437 0.279310405
vt 0.213211179 0.272563964
vt 0.211791605 0.274823397
vt 0.194319859 0.267588288
vt 0.216603428 0.285196424
vt 0.224527925 0.292850494
vt 0.234344572 0.301631689
vt 0.209002033 0.278877228
vt 0.203835011 0.283159614
vt 0.199429721 0.2849482
vt 0.204348683 0.295048535
vt 0.209304973 0.292647034
vt 0.209844381 0.304524094
vt 0.215392381 0.301896602
vt 0.21763593 0.315019846
vt 0.223657653 0.311601758
vt 0.244643122 0.311097145
vt 0.232284799 0.3209683
vt 0.225629643 0.325233877
vt 0.235819742 0.33777827
vt 0.242308706 0.332792908
vt 0.251430899 0.351948619
vt 0.268974841 0.362017184
vt 0.177420795 0.663271427
vt 0.196056321 0.66082871
vt 0.196865246 0.653022587
vt 0.174837425 0.656027555
vt 0.153097406 0.666615248
vt 0.148768112 0.660864532
vt 0.130476967 0.669724286
vt 0.171030343 0.649038076
vt 0.12647143 0.664780915
vt 0.124300197 0.671323419
vt 0.193942159 0.64648062
vt 0.218001813 0.650612593
vt 0.146894157 0.654068589
vt 0.121969923 0.666044712
vt 0.118126027 0.673096716
vt 0.219633535 0.644209802
vt 0.24054186 0.649359047
vt 0.123821087 0.659254909
vt 0.115589269 0.668196023
vt 0.112525389 0.662690997
vt 0.105664916 0.677050591
vt 0.103721127 0.672296166
vt 0.0941618532 0.67915988
vt 0.241299987 0.643248379
vt 0.270574182 0.647956848
vt 0.118761159 0.660487294
vt 0.116714917 0.656422615
vt 0.122518361 0.654604971
vt 0.114404909 0.651290715
vt 0.143334091 0.647922456
vt 0.110067926 0.658859015
vt 0.119897723 0.648350298
vt 0.168329567 0.642237067
vt 0.140405253 0.640356123
vt 0.118218914 0.641109407
vt 0.1940559 0.637899756
vt 0.166669965 0.633359611
vt 0.220025316 0.633935392
vt 0.138545305 0.633384466
vt 0.192851603 0.628066778
vt 0.242368191 0.632379353
vt 0.241635397 0.618945539
vt 0.270185918 0.629487276
vt 0.166849658 0.625034332
vt 0.219005257 0.622517169
vt 0.218022063 0.613703132
vt 0.270431191 0.642937005
vt 0.291945219 0.642965794
vt 0.290692389 0.64852339
vt 0.193490908 0.61821872
vt 0.317192852 0.642903388
vt 0.315669864 0.650341272
vt 0.339990616 0.644584179
vt 0.338616788 0.651843727
vt 0.373716325 0.64792037
vt 0.37449789 0.654613078
vt 0.40248692 0.649708927
vt 0.40265888 0.65563041
vt 0.440380156 0.655672014
vt 0.372727334 0.631829262
vt 0.344513178 0.626196802
vt 0.319313109 0.623418748
vt 0.402931392 0.63590461
vt 0.440528363 0.639499903
vt 0.472148746 0.656536877
vt 0.403505743 0.61219573
vt 0.373344421 0.60694319
vt 0.293349296 0.625069737
vt 0.348222107 0.601187885
vt 0.324152768 0.592244089
vt 0.269490391 0.61417377
vt 0.296283573 0.595341325
vt 0.269075155 0.601955473
vt 0.240471721 0.609614968
vt 0.241035789 0.605649352
vt 0.218426481 0.609630406
vt 0.192645162 0.61431253
vt 0.166202381 0.620577991
vt 0.136706591 0.630048275
vt 0.116285034 0.63809514
vt 0.111337557 0.644852757
vt 0.109250702 0.642213702
vt 0.103531778 0.646367669
vt 0.104977094 0.648754179
vt 0.107896253 0.654496431
vt 0.0970096663 0.660995603
vt 0.0945007876 0.657286882
vt 0.092143096 0.655667186
vt 0.0856573582 0.664089918
vt 0.0843532979 0.663046122
vt 0.0993631333 0.664551973
vt 0.0791624337 0.672520459
vt 0.0784957632 0.671938717
vt 0.0743116587 0.680898666
vt 0.0820282698 0.675076008
vt 0.088595584 0.667431414
vt 0.0902485102 0.669768929
vt 0.101674743 0.668102086
vt 0.0837059096 0.676912665
vt 0.091790393 0.672765315
vt 0.0931038857 0.675570548
vt 0.0845019966 0.678340971
vt 0.0840647742 0.680033326
vt 0.513884604 0.655549824
vt 0.521660566 0.663853586
vt 0.525777817 0.64930737
vt 0.51712656 0.640701592
vt 0.500711679 0.639707923
vt 0.496354222 0.6533705
vt 0.518579721 0.6258986
vt 0.527623594 0.633240402
vt 0.525910735 0.607509851
vt 0.502409279 0.624138534
vt 0.473310709 0.640362978
vt 0.474227667 0.6226933
vt 0.517063677 0.607961297
vt 0.514613152 0.60058558
vt 0.519806623 0.598443687
vt 0.50436455 0.602514386
vt 0.503791034 0.60719949
vt 0.475681692 0.60005188
vt 0.475181192 0.603759885
vt 0.443018585 0.594993174
vt 0.44184041 0.61890775
vt 0.406589121 0.585596859
vt 0.375804335 0.579064608
vt 0.350624979 0.574743986
vt 0.32712087 0.571230233
vt 0.293918937 0.586506724
vt 0.298303127 0.568179727
vt 0.277149349 0.5655393
vt 0.272056192 0.590384066
vt 0.240835965 0.590004623
vt 0.240476623 0.595707417
vt 0.213905603 0.59932977
vt 0.240613699 0.570495367
vt 0.240297019 0.561034024
vt 0.213676095 0.560545564
vt 0.212618127 0.571175814
vt 0.187616736 0.562641919
vt 0.212346226 0.591394842
vt 0.187001258 0.59232384
vt 0.189161271 0.603120923
vt 0.185695857 0.574807823
vt 0.161134258 0.56835109
vt 0.164342597 0.594728887
vt 0.167902559 0.605098724
vt 0.162859976 0.578225911
vt 0.138601542 0.573091388
vt 0.141775861 0.59751296
vt 0.143284887 0.607012451
vt 0.140828907 0.583630264
vt 0.109441683 0.583228111
vt 0.114438727 0.603012562
vt 0.114998668 0.611853361
vt 0.112871923 0.59191972
vt 0.0878491625 0.592556894
vt 0.0956879482 0.608082354
vt 0.0936130583 0.599135458
vt 0.0716433525 0.603705287
vt 0.0945407525 0.615907311
vt 0.114615403 0.622070253
vt 0.0911296532 0.621666253
vt 0.0756588578 0.607538342
vt 0.0600506514 0.619547486
vt 0.0794441849 0.613249838
vt 0.0794708282 0.617936611
vt 0.0795005411 0.620984554
vt 0.883231759 0.131087363
vt 0.884903014 0.133645445
vt 0.885563314 0.133325607
vt 0.889923573 0.137262821
vt 0.886405766 0.13835445
vt 0.896014512 0.143329591
vt 0.888053477 0.144383907
vt 0.900578916 0.151607305
vt 0.889492035 0.153394938
vt 0.904024541 0.159498453
vt 0.889469266 0.162014842
vt 0.88940382 0.169340312
vt 0.904024541 0.169147313
vt 0.904024541 0.184142023
vt 0.886992991 0.183401406
vt 0.917996228 0.161518693
vt 0.905705631 0.15152663
vt 0.919219375 0.170496613
vt 0.917145193 0.152153641
vt 0.919841349 0.182335526
vt 0.90728575 0.144499987
vt 0.916146219 0.145904899
vt 0.909196198 0.137241989
vt 0.914953768 0.138405472
vt 0.911684573 0.132608294
vt 0.91453594 0.133302569
vt 0.915033758 0.127304524
vt 0.919754803 0.194123
vt 0.904024541 0.191685379
vt 0.904024541 0.197857201
vt 0.919685543 0.198268861
vt 0.919722199 0.19607541
vt 0.887967825 0.19161731
vt 0.888765514 0.198339403
vt 0.87621212 0.192041203
vt 0.876609623 0.197404385
vt 0.875726283 0.185486197
vt 0.875504076 0.172986627
vt 0.884176731 0.1696679
vt 0.87605077 0.163695037
vt 0.883758426 0.162403703
vt 0.876609623 0.153850675
vt 0.883484364 0.153804332
vt 0.882509172 0.145578563
vt 0.878950655 0.144958466
vt 0.881727636 0.137449682
vt 0.865105391 0.191495568
vt 0.864907265 0.196644902
vt 0.873994768 0.185438767
vt 0.875120521 0.188790739
vt 0.852831244 0.190913498
vt 0.852238894 0.195915163
vt 0.865347505 0.185201913
vt 0.844045639 0.190933868
vt 0.844045639 0.195903897
vt 0.864454508 0.174886167
vt 0.873310089 0.17336379
vt 0.874253929 0.163650125
vt 0.853555322 0.184800327
vt 0.86725235 0.163475156
vt 0.875693321 0.15406023
vt 0.867842555 0.155855715
vt 0.873004913 0.142451465
vt 0.835600913 0.190782309
vt 0.835482836 0.195748091
vt 0.853281379 0.175735146
vt 0.860137224 0.164981008
vt 0.844045639 0.184859395
vt 0.867625713 0.141539842
vt 0.866639256 0.126266122
vt 0.863123536 0.143150806
vt 0.861869156 0.156154901
vt 0.825534463 0.190243423
vt 0.825589955 0.195739627
vt 0.817389429 0.196733564
vt 0.809259057 0.192364603
vt 0.809399784 0.198338151
vt 0.79811883 0.195195228
vt 0.798595488 0.200556993
vt 0.785335362 0.204010248
vt 0.835745215 0.184713006
vt 0.825466692 0.183525831
vt 0.844045639 0.175680518
vt 0.830576658 0.174163222
vt 0.830953836 0.164945737
vt 0.844045639 0.165511012
vt 0.817389429 0.183731407
vt 0.851725459 0.165431976
vt 0.817389309 0.172831357
vt 0.810441196 0.18475017
vt 0.81006521 0.174263895
vt 0.817389309 0.163231045
vt 0.809809446 0.166375071
vt 0.809628129 0.15879184
vt 0.817389429 0.153047681
vt 0.810465872 0.145330131
vt 0.843777061 0.157457113
vt 0.850833297 0.157916456
vt 0.858681917 0.158346564
vt 0.830430925 0.15442504
vt 0.817389429 0.143541813
vt 0.812701583 0.13756837
vt 0.848929763 0.145574003
vt 0.85289669 0.148139
vt 0.843777061 0.146120727
vt 0.843777061 0.140979275
vt 0.847892463 0.140482038
vt 0.849875927 0.141764536
vt 0.846855164 0.135390073
vt 0.836059272 0.149497703
vt 0.838333011 0.141109362
vt 0.840751171 0.135321885
vt 0.843777061 0.135837823
vt 0.841493249 0.132507235
vt 0.843777061 0.132745013
vt 0.845891178 0.132401794
vt 0.842235327 0.129692584
vt 0.843777061 0.129652202
vt 0.844927192 0.129413515
vt 0.843777061 0.123105198
vt 0.82143414 0.14655371
vt 0.824163556 0.146205842
vt 0.82237345 0.136900499
vt 0.81671685 0.136862576
vt 0.819678247 0.137623623
vt 0.819108784 0.129318833
vt 0.81656301 0.130672246
vt 0.814544261 0.130804032
vt 0.815966785 0.126511648
vt 0.818351507 0.130036399
vt 0.817870378 0.126127824
vt 0.818249047 0.125769049
vt 0.817389309 0.122219257
vt 0.81697619 0.126445755
vt 0.206563845 0.523466945
vt 0.232094064 0.528584838
vt 0.208677098 0.517699957
vt 0.184352785 0.522861362
vt 0.183294699 0.511104643
vt 0.156992108 0.520518184
vt 0.155388162 0.50969559
vt 0.128869578 0.513176382
vt 0.15939787 0.533554018
vt 0.188321143 0.553392053
vt 0.131589562 0.523836851
vt 0.134152651 0.537160993
vt 0.10589321 0.532778144
vt 0.102230713 0.525530338
vt 0.160726607 0.55009377
vt 0.108329877 0.544236362
vt 0.0887686089 0.542159975
vt 0.083268024 0.536894262
vt 0.135888591 0.549776614
vt 0.0914734229 0.550123334
vt 0.0728718936 0.555400252
vt 0.0691459551 0.548793793
vt 0.0614094175 0.559042454
vt 0.0632723868 0.562345743
vt 0.0536728799 0.569291174
vt 0.0749907568 0.562364399
vt 0.0643318146 0.565827787
vt 0.0641322285 0.567681551
vt 0.0745915845 0.566071987
vt 0.0922035798 0.55807066
vt 0.0908099115 0.563678801
vt 0.110489771 0.5609864
vt 0.109875247 0.554299593
vt 0.135937929 0.558682263
vt 0.159648538 0.55643326
vt 0.187659472 0.558006525
vt 0.213564262 0.558719814
vt 0.212973461 0.556018054
vt 0.240941405 0.556917667
vt 0.136102319 0.0464607701
vt 0.132355928 0.0569067225
vt 0.141332567 0.0567137226
vt 0.131516322 0.0691201761
vt 0.142644048 0.0636384115
vt 0.131143332 0.0769335255
vt 0.143092886 0.0767236426
vt 0.14345789 0.0922093391
vt 0.130024105 0.0960333273
vt 0.142739534 0.11571186
vt 0.130030334 0.116899133
vt 0.188043877 0.490621775
vt 0.203203052 0.501441836
vt 0.208492175 0.496734291
vt 0.190435231 0.484571815
vt 0.173168391 0.469966918
vt 0.168486357 0.474223405
vt 0.156881273 0.460648179
vt 0.210766837 0.491559803
vt 0.228175402 0.511546314
vt 0.159734622 0.458622485
vt 0.148778841 0.450224042
vt 0.229364157 0.502732635
vt 0.2586447 0.526704848
vt 0.258903056 0.51905942
vt 0.281667501 0.529547453
vt 0.286451012 0.515352011
vt 0.303623438 0.539919913
vt 0.265079111 0.501480401
vt 0.306304157 0.525638878
vt 0.325191349 0.552118659
vt 0.331103772 0.536075175
vt 0.351840168 0.564398468
vt 0.308398634 0.51554811
vt 0.290815055 0.502227128
vt 0.21365042 0.482013673
vt 0.234396994 0.490211219
vt 0.194186047 0.473200619
vt 0.215584576 0.473138452
vt 0.237248182 0.479785919
vt 0.26992783 0.490464866
vt 0.238327429 0.475277871
vt 0.216549993 0.466741711
vt 0.195688188 0.464589983
vt 0.195672154 0.459018588
vt 0.177334353 0.452602923
vt 0.192037106 0.47950083
vt 0.17731142 0.462052673
vt 0.175443232 0.466842413
vt 0.177916989 0.457298964
vt 0.168515384 0.458366394
vt 0.167676762 0.462119102
vt 0.169134796 0.455227971
vt 0.160831213 0.451284558
vt 0.160419106 0.45296666
vt 0.159928456 0.454946518
vt 0.159818605 0.457133263
vt 0.974029064 0.12710911
vt 0.967093945 0.134490669
vt 0.971538544 0.137027204
vt 0.9616853 0.142748952
vt 0.970847845 0.142758727
vt 0.956979096 0.15520829
vt 0.972448587 0.154473752
vt 0.956149638 0.169246137
vt 0.972877264 0.165546626
vt 0.957198799 0.181935072
vt 0.972448587 0.180439413
vt 0.957156122 0.194274753
vt 0.972448587 0.193409801
vt 0.983525872 0.192680702
vt 0.960618019 0.211077392
vt 0.972448587 0.206151247
vt 0.972448587 0.211996138
vt 0.989035368 0.213808
vt 0.98542577 0.199966222
vt 0.989239097 0.202418104
vt 0.987719595 0.190832436
vt 0.98952198 0.177830547
vt 0.982253313 0.179280996
vt 0.988447189 0.162749797
vt 0.980782986 0.164612561
vt 0.972877264 0.165546626
vt 0.987271309 0.15053308
vt 0.972448587 0.154473752
vt 0.980338335 0.15255934
vt 0.9865973 0.140553594
vt 0.98099637 0.141782969
vt 0.976980925 0.139391243
vt 0.986051917 0.133390456
vt 0.97970438 0.132872552
vt 0.982767582 0.133092642
vt 0.985634923 0.127835229
vt 0.98387754 0.127446294
vt 0.982136011 0.12755233
vt 0.984660029 0.12342447
vt 0.983964086 0.123382211
vt 0.983578682 0.123376548
vt 0.984310925 0.119686842
vt 0.753621876 0.883402646
vt 0.736460745 0.890306354
vt 0.733276665 0.910773396
vt 0.757743835 0.899868429
vt 0.760656595 0.908333361
vt 0.737242639 0.919235528
vt 0.709531069 0.93069452
vt 0.706103265 0.922431588
vt 0.682425141 0.932353199
vt 0.681023359 0.940615952
vt 0.643493474 0.944397151
vt 0.795606315 0.884895444
vt 0.799348056 0.891642392
vt 0.789399803 0.872110605
vt 0.817844689 0.873012483
vt 0.8201195 0.880254924
vt 0.812527239 0.862941027
vt 0.752275527 0.877057195
vt 0.786771774 0.863349378
vt 0.734364331 0.885325134
vt 0.736460745 0.890306354
vt 0.712633491 0.907220721
vt 0.715876937 0.89932698
vt 0.809399545 0.855120659
vt 0.831128895 0.853309989
vt 0.826928794 0.846826077
vt 0.836252928 0.861259341
vt 0.844606161 0.844806731
vt 0.840289295 0.838848591
vt 0.83956176 0.867581248
vt 0.82376188 0.890039563
vt 0.844778359 0.876583099
vt 0.852383316 0.856452286
vt 0.857273221 0.866992474
vt 0.84843576 0.849493682
vt 0.857743502 0.833689868
vt 0.85553658 0.829231918
vt 0.861122787 0.837781191
vt 0.865943491 0.842667282
vt 0.87257421 0.851963162
vt 0.885362983 0.831461966
vt 0.874220014 0.819817185
vt 0.869330943 0.817895234
vt 0.889154792 0.800392985
vt 0.880368054 0.824422061
vt 0.514613152 0.60058558
vt 0.519806623 0.598443687
vt 0.527068853 0.587767541
vt 0.515262008 0.593586028
vt 0.50436455 0.602514386
vt 0.518217921 0.575290978
vt 0.527369022 0.576048076
vt 0.527593076 0.558390856
vt 0.50492233 0.596379757
vt 0.475681692 0.60005188
vt 0.520627677 0.559949398
vt 0.52545172 0.53881228
vt 0.506804466 0.575799406
vt 0.475873291 0.595823705
vt 0.479630679 0.574229896
vt 0.521677554 0.538692951
vt 0.521976888 0.530124962
vt 0.508323431 0.558199823
vt 0.446845472 0.569356441
vt 0.505974114 0.538300276
vt 0.482950598 0.552098036
vt 0.413494408 0.556451797
vt 0.505480587 0.525810599
vt 0.519336045 0.5212363
vt 0.45106554 0.549864888
vt 0.388090193 0.539628446
vt 0.485075951 0.535828233
vt 0.502800822 0.513504028
vt 0.513438463 0.506182253
vt 0.420339227 0.533462226
vt 0.454539865 0.541003883
vt 0.480524778 0.51671195
vt 0.499720871 0.507454276
vt 0.508602738 0.49528414
vt 0.464732289 0.527367353
vt 0.454558372 0.502165854
vt 0.480055481 0.507350504
vt 0.498130292 0.502815485
vt 0.496049941 0.494569391
vt 0.477625489 0.500113666
vt 0.475991338 0.491118759
vt 0.457568407 0.495535314
vt 0.461461604 0.487063497
vt 0.427115053 0.522149861
vt 0.437037736 0.476922899
vt 0.439143151 0.473434836
vt 0.43960169 0.510257602
vt 0.398374647 0.517460704
vt 0.37618795 0.503128469
vt 0.366006702 0.52893573
vt 0.405019611 0.506687522
vt 0.433790237 0.482282698
vt 0.416736841 0.493548423
vt 0.343059301 0.504831493
vt 0.384299368 0.487478137
vt 0.360525191 0.465263784
vt 0.393266082 0.470432669
vt 0.410877734 0.458453327
vt 0.393211693 0.437531382
vt 0.415297449 0.454396099
vt 0.417080671 0.452746958
vt 0.398214072 0.433795094
vt 0.383518428 0.414929032
vt 0.371841818 0.453413337
vt 0.377302289 0.418025315
vt 0.371016502 0.397636414
vt 0.356831908 0.432314843
vt 0.354026616 0.435496509
vt 0.342699736 0.413043529
vt 0.336564153 0.421140105
vt 0.363821089 0.401248217
vt 0.35042876 0.381964535
vt 0.329598695 0.393814951
vt 0.317079067 0.374465019
vt 0.358328104 0.376965463
vt 0.362006277 0.374157906
vt 0.338976234 0.363084793
vt 0.346694887 0.358831376
vt 0.352241188 0.355731249
vt 0.305838436 0.348981321
vt 0.30260393 0.350668818
vt 0.296754926 0.328893214
vt 0.290253818 0.331670463
vt 0.279015422 0.31154725
vt 0.326664716 0.341146559
vt 0.335321903 0.338418394
vt 0.342742294 0.336025536
vt 0.31583783 0.320690215
vt 0.304812461 0.301015228
vt 0.324781746 0.316765368
vt 0.331368804 0.313262343
vt 0.315293133 0.295796275
vt 0.320888817 0.293611676
vt 0.303570539 0.274983615
vt 0.308373958 0.273056179
vt 0.302052647 0.262329012
vt 0.287421852 0.308025122
vt 0.278658122 0.283947617
vt 0.294538885 0.277602583
vt 0.297091961 0.263821065
vt 0.270824075 0.288209468
vt 0.266453952 0.290397793
vt 0.264040381 0.27706176
vt 0.289672077 0.266288698
vt 0.290613353 0.252658486
vt 0.295731336 0.251601845
vt 0.268626183 0.275774777
vt 0.26162681 0.263725758
vt 0.27588141 0.271792203
vt 0.284805298 0.254974782
vt 0.280806243 0.23636286
vt 0.283834189 0.234887972
vt 0.266428292 0.263340086
vt 0.273609519 0.258253902
vt 0.277596742 0.23906748
vt 0.276472151 0.226033822
vt 0.277832478 0.224904612
vt 0.271128505 0.216814578
vt 0.273969263 0.227196306
vt 0.273139507 0.238164723
vt 0.270296097 0.236926049
vt 0.266109854 0.236399382
vt 0.271969259 0.227222651
vt 0.270545483 0.226918221
vt 0.268494546 0.226685435
vt 0.0495323464 0.141499057
vt 0.0301168337 0.135414183
vt 0.0371394306 0.147512615
vt 0.0395525992 0.126394778
vt 0.882157028 0.633103967
vt 0.866885841 0.63138938
vt 0.865573764 0.639653563
vt 0.880248129 0.641786873
vt 0.89874351 0.64522475
vt 0.90143615 0.63753593
vt 0.878406823 0.650475383
vt 0.916028321 0.650406539
vt 0.922723532 0.645109951
vt 0.937492847 0.651673734
vt 0.895511687 0.653803468
vt 0.863185883 0.648080647
vt 0.876298904 0.659354568
vt 0.841497898 0.645935118
vt 0.843494892 0.636365831
vt 0.861164629 0.657639384
vt 0.826687872 0.643977761
vt 0.827768087 0.636556327
vt 0.814001918 0.643077612
vt 0.840142787 0.654640317
vt 0.812619507 0.650497675
vt 0.788597941 0.64651829
vt 0.825232923 0.652704358
vt 0.812012017 0.659010291
vt 0.810501337 0.668218017
vt 0.825229406 0.661193728
vt 0.822346151 0.669908881
vt 0.836103022 0.671418309
vt 0.838460386 0.66331327
vt 0.85825187 0.674019516
vt 0.859778702 0.665769339
vt 0.873523057 0.675734103
vt 0.874513328 0.668345511
vt 0.887906015 0.678033531
vt 0.890486121 0.670028985
vt 0.900546253 0.680165052
vt 0.892748475 0.662701368
vt 0.90320009 0.672699213
vt 0.915578783 0.683629751
vt 0.910156071 0.657795429
vt 0.90611887 0.666541755
vt 0.929872692 0.65656805
vt 0.924704969 0.664106131
vt 0.920610964 0.672116518
vt 0.918852508 0.67685324
vt 0.941894412 0.66349721
vt 0.949007809 0.657998025
vt 0.961179495 0.665921628
vt 0.936225474 0.670300901
vt 0.954805791 0.67100209
vt 0.932816625 0.676695764
vt 0.930989504 0.68246156
vt 0.929561615 0.686012208
vt 0.942450643 0.689355552
vt 0.963439882 0.677727818
vt 0.96884042 0.67158407
vt 0.977140129 0.698956788
vt 0.949871778 0.677594006
vt 0.960422695 0.683282673
vt 0.931907177 0.679262638
vt 0.947302759 0.681922555
vt 0.944326758 0.686550558
vt 0.955316901 0.693122923
vt 0.945266485 0.684229016
vt 0.958372176 0.686679721
vt 0.957044363 0.689997196
vt 0.501985788 0.248963714
vt 0.500693977 0.261465877
vt 0.516606629 0.264688283
vt 0.516182542 0.250448495
vt 0.515978754 0.24169226
vt 0.502847016 0.240628898
vt 0.507767618 0.228224397
vt 0.514983237 0.228650212
vt 0.510779619 0.220631391
vt 0.514387369 0.220844299
vt 0.513791561 0.213038385
vt 0.847179472 0.587672412
vt 0.820894718 0.586784542
vt 0.82133764 0.590473056
vt 0.847235322 0.59060812
vt 0.876703203 0.588232219
vt 0.876374185 0.590834141
vt 0.897752225 0.59081912
vt 0.897119462 0.593109787
vt 0.913731337 0.595796525
vt 0.847551942 0.605189204
vt 0.874509513 0.605578303
vt 0.893533826 0.606090367
vt 0.82268554 0.605435371
vt 0.798744023 0.591859937
vt 0.797465682 0.607512236
vt 0.76517725 0.593640804
vt 0.912853897 0.597659469
vt 0.907881796 0.608216226
vt 0.925719082 0.605366468
vt 0.926330209 0.604104519
vt 0.922255933 0.612517834
vt 0.930221856 0.608063936
vt 0.93073976 0.607012272
vt 0.905320585 0.61490339
vt 0.938584208 0.613073587
vt 0.938929021 0.612412512
vt 0.952416241 0.631211877
vt 0.927286863 0.614023387
vt 0.892300248 0.613973379
vt 0.872351468 0.613779843
vt 0.93663007 0.616819441
vt 0.933910429 0.621163964
vt 0.919615507 0.618033648
vt 0.890972555 0.622843385
vt 0.846789777 0.613540828
vt 0.932180882 0.626980305
vt 0.931729972 0.635132134
vt 0.924618721 0.6191293
vt 0.922857583 0.625706434
vt 0.922129691 0.634060264
vt 0.916960359 0.633483171
vt 0.917837381 0.625020504
vt 0.902190804 0.631834149
vt 0.903493822 0.623060763
vt 0.889844358 0.629432023
vt 0.870254278 0.620869696
vt 0.867012084 0.627762973
vt 0.845735908 0.620671928
vt 0.82250315 0.619810104
vt 0.844928682 0.626829743
vt 0.821217597 0.627531111
vt 0.797120988 0.622116208
vt 0.822422802 0.612971306
vt 0.797118068 0.614431739
vt 0.796425998 0.619141519
vt 0.765889108 0.620330572
vt 0.766249895 0.616042256
vt 0.747136533 0.620605469
vt 0.765479863 0.610054255
vt 0.739416182 0.606124163
vt 0.732814252 0.623767018
vt 0.698084235 0.625558674
vt 0.699269593 0.609275997
vt 0.732150614 0.591713011
vt 0.670111597 0.61935854
vt 0.669812799 0.6265558
vt 0.643698454 0.62847507
vt 0.645973742 0.625310123
vt 0.61141479 0.634170353
vt 0.669178486 0.608374834
vt 0.645061374 0.615472496
vt 0.612609506 0.624772131
vt 0.699402809 0.599141121
vt 0.699013352 0.587186515
vt 0.732189953 0.57654804
vt 0.762955785 0.570130885
vt 0.796652496 0.583045602
vt 0.586211085 0.628549933
vt 0.585077226 0.636699021
vt 0.730804443 0.561375856
vt 0.792292833 0.563832164
vt 0.820370793 0.572979271
vt 0.561039567 0.629416823
vt 0.559994161 0.63697958
vt 0.544718325 0.627502739
vt 0.542633057 0.636596918
vt 0.53338474 0.636308968
vt 0.532359421 0.625470161
vt 0.527623594 0.633240402
vt 0.525910735 0.607509851
vt 0.53118515 0.611564755
vt 0.519806623 0.598443687
vt 0.545880198 0.616640449
vt 0.533135176 0.599134862
vt 0.527068853 0.587767541
vt 0.562321544 0.61995852
vt 0.546622157 0.60196507
vt 0.536619782 0.580511808
vt 0.527369022 0.576048076
vt 0.58817935 0.618676007
vt 0.564183176 0.603469193
vt 0.547346413 0.580731392
vt 0.536259115 0.575698733
vt 0.614316463 0.612557054
vt 0.589554787 0.598746538
vt 0.536135495 0.573852122
vt 0.527593076 0.558390856
vt 0.566516697 0.576111138
vt 0.547619879 0.575278342
vt 0.64394635 0.603448689
vt 0.535423517 0.555401981
vt 0.52545172 0.53881228
vt 0.547242999 0.57154268
vt 0.547242999 0.57154268
vt 0.565645099 0.570170224
vt 0.564497948 0.565147817
vt 0.532962382 0.535681307
vt 0.521976888 0.530124962
vt 0.545772731 0.552380621
vt 0.564497948 0.565147817
vt 0.587997198 0.568689942
vt 0.586950362 0.561641455
vt 0.586262763 0.556406379
vt 0.530471504 0.525214612
vt 0.519336045 0.5212363
vt 0.615742266 0.58657223
vt 0.609458029 0.547193229
vt 0.608430803 0.543673933
vt 0.62878871 0.532206357
vt 0.61051476 0.554611385
vt 0.641865432 0.575126886
vt 0.632685781 0.537418127
vt 0.527569056 0.507597148
vt 0.513438463 0.506182253
vt 0.668037951 0.594950318
vt 0.521634996 0.500163138
vt 0.508602738 0.49528414
vt 0.520777404 0.496440828
vt 0.519850314 0.49419564
vt 0.535527229 0.498517394
vt 0.534381032 0.493168443
vt 0.533195019 0.488726825
vt 0.55108732 0.488021255
vt 0.553870201 0.494921207
vt 0.548944414 0.481680542
vt 0.54079169 0.508138955
vt 0.569153845 0.477080822
vt 0.564453185 0.470355898
vt 0.552375317 0.521170139
vt 0.581930697 0.46613273
vt 0.576835692 0.461075753
vt 0.596425533 0.443682075
vt 0.606544375 0.454171151
vt 0.587868273 0.472685188
vt 0.573265493 0.482706249
vt 0.596955955 0.484342992
vt 0.582910955 0.495874196
vt 0.540136993 0.532017648
vt 0.560503185 0.535296679
vt 0.565107942 0.510048628
vt 0.562740684 0.543833137
vt 0.586262763 0.556406379
vt 0.572920024 0.524089456
vt 0.579142511 0.536470354
vt 0.608430803 0.543673933
vt 0.589267135 0.50728476
vt 0.59798646 0.52394855
vt 0.614738166 0.511574388
vt 0.604750037 0.495246142
vt 0.623367012 0.475233138
vt 0.614676774 0.46386683
vt 0.63342458 0.443250954
vt 0.64647615 0.517810047
vt 0.651275277 0.52304554
vt 0.671794534 0.503950298
vt 0.65684396 0.540193617
vt 0.637064278 0.499765307
vt 0.680485368 0.521311283
vt 0.664359331 0.564848781
vt 0.683997929 0.528596163
vt 0.690258741 0.545387149
vt 0.69464457 0.564026356
vt 0.728627622 0.548792839
vt 0.697885275 0.576641023
vt 0.713740647 0.499494612
vt 0.721557438 0.528298914
vt 0.716748416 0.509551764
vt 0.714523971 0.505865216
vt 0.752528787 0.509170949
vt 0.746599376 0.490965754
vt 0.771452904 0.480053246
vt 0.739218235 0.480038971
vt 0.742984593 0.485682666
vt 0.776779413 0.497841954
vt 0.796068788 0.470893323
vt 0.704539716 0.481621951
vt 0.760410011 0.464667201
vt 0.764726043 0.469555914
vt 0.729639947 0.464255065
vt 0.696282089 0.465681106
vt 0.758470476 0.527009606
vt 0.760415912 0.530750453
vt 0.785347342 0.52082932
vt 0.78314656 0.515502214
vt 0.807308793 0.515326202
vt 0.80515039 0.507600129
vt 0.801368952 0.489402562
vt 0.827503204 0.502069056
vt 0.829173326 0.511177838
vt 0.823762 0.484686732
vt 0.849591613 0.497957677
vt 0.851927698 0.507946193
vt 0.86267513 0.495425314
vt 0.863364041 0.506343126
vt 0.876447856 0.503417671
vt 0.821824849 0.474515378
vt 0.819024086 0.4630844
vt 0.791926503 0.463563859
vt 0.813802719 0.457245588
vt 0.838769853 0.469980717
vt 0.833396196 0.459670484
vt 0.854636729 0.466484845
vt 0.834365785 0.451891929
vt 0.845009983 0.480626613
vt 0.849566102 0.456382483
vt 0.848650277 0.448724508
vt 0.860258162 0.446346641
vt 0.856220365 0.478654951
vt 0.870316207 0.47613889
vt 0.865017176 0.453695536
vt 0.878183544 0.493822813
vt 0.896826565 0.496016443
vt 0.894948721 0.500780821
vt 0.906630456 0.496726304
vt 0.895631671 0.488532364
vt 0.895601928 0.483290762
vt 0.885647893 0.476706505
vt 0.88345027 0.450355321
vt 0.885217845 0.446601659
vt 0.899918556 0.450159401
vt 0.869090021 0.462905377
vt 0.88453275 0.455287725
vt 0.887907624 0.458225876
vt 0.890625894 0.462454796
vt 0.881078601 0.472364426
vt 0.0326852351 0.00743263401
vt 0.0373333395 0.0187541787
vt 0.0275778901 0.0178846959
vt 0.023436252 0.0302585009
vt 0.0370824039 0.0282917563
vt 0.0365431905 0.0450472757
vt 0.0210711919 0.0470854566
vt 0.0197281856 0.0657954141
vt 0.0360167921 0.055655174
vt 0.0359192714 0.0885597989
vt 0.0234000143 0.0895157531
vt 0.0363932699 0.112646632
vt 0.024922654 0.115172558
vt 0.0368373692 0.138920486
vt 0.0301168337 0.135414183
vt 0.378899634 0.321052849
vt 0.385687709 0.293755531
vt 0.375871807 0.296229124
vt 0.392980844 0.318199873
vt 0.399549931 0.290262312
vt 0.38568601 0.341747284
vt 0.407062054 0.315346926
vt 0.399490118 0.338381529
vt 0.413294196 0.335015804
vt 0.41972962 0.354444236
vt 0.392907977 0.36155948
vt 0.425800979 0.374559224
vt 0.399439037 0.382857889
vt 0.411079079 0.403212398
vt 0.43364498 0.394394606
vt 0.424789757 0.422852546
vt 0.4446612 0.417849272
vt 0.439963669 0.442753226
vt 0.458334625 0.440275282
vt 0.462957919 0.468749821
vt 0.475119859 0.46506846
vt 0.476503253 0.48500067
vt 0.484332353 0.4784365
vt 0.495030224 0.49022603
vt 0.458098769 0.470308453
vt 0.435418725 0.444625348
vt 0.419629723 0.423971266
vt 0.405731112 0.404694945
vt 0.496049941 0.494569391
vt 0.508602738 0.49528414
vt 0.475991338 0.491118759
vt 0.461461604 0.487063497
vt 0.461011678 0.481320322
vt 0.443955243 0.471917659
vt 0.439143151 0.473434836
vt 0.422031045 0.449935973
vt 0.417080671 0.452746958
vt 0.399527609 0.432186276
vt 0.402288914 0.430827022
vt 0.386597484 0.412758052
vt 0.373476237 0.3955082
vt 0.393088728 0.385813415
vt 0.361710101 0.374157906
vt 0.388522565 0.363021284
vt 0.382389963 0.366004825
vt 0.351626784 0.35282743
vt 0.377691269 0.342557728
vt 0.371385157 0.344448775
vt 0.343911737 0.334563732
vt 0.363412976 0.326645464
vt 0.369730532 0.324981838
vt 0.334432095 0.308701128
vt 0.361550778 0.300750107
vt 0.354773045 0.302707195
vt 0.329568535 0.280648619
vt 0.347411305 0.277787626
vt 0.354292363 0.276408643
vt 0.33119601 0.265499294
vt 0.344227552 0.263654858
vt 0.349687934 0.262904018
vt 0.332431316 0.251041979
vt 0.345005631 0.250344217
vt 0.341587186 0.25033775
vt 0.334149182 0.238851026
vt 0.341585726 0.238578886
vt 0.338898569 0.238857314
vt 0.335938513 0.225338146
vt 0.375871807 0.296229124
vt 0.385687709 0.293755531
vt 0.379322827 0.27057606
vt 0.370783269 0.272914439
vt 0.3755759 0.257294714
vt 0.367534041 0.259641528
vt 0.373501271 0.247042134
vt 0.365085721 0.246766612
vt 0.370515674 0.233896896
vt 0.364739299 0.236162201
vt 0.367780507 0.217657581
vt 0.37629205 0.231631592
vt 0.367780507 0.217657581
vt 0.370515674 0.233896896
vt 0.373501271 0.247042134
vt 0.383171856 0.243770584
vt 0.387133121 0.253922015
vt 0.3755759 0.257294714
vt 0.392461926 0.266978234
vt 0.379322827 0.27057606
vt 0.385687709 0.293755531
vt 0.399549931 0.290262312
vt 0.481775731 0.187750757
vt 0.475741416 0.196229264
vt 0.479055554 0.196153894
vt 0.478269011 0.200157732
vt 0.47401917 0.200656265
vt 0.477482468 0.204161569
vt 0.472296923 0.205083281
vt 0.468845874 0.213120565
vt 0.475090027 0.213022172
vt 0.472697556 0.221882775
vt 0.465394825 0.221157849
vt 0.467796922 0.243995011
vt 0.459305346 0.244718015
vt 0.489587009 0.407749146
vt 0.497605056 0.432905883
vt 0.49658522 0.407930672
vt 0.486064583 0.382250547
vt 0.496246696 0.382504374
vt 0.484160542 0.365260154
vt 0.496139824 0.364053488
vt 0.483543068 0.348463714
vt 0.49742946 0.347674847
vt 0.4818964 0.332562476
vt 0.499125838 0.331841558
vt 0.502203107 0.311621338
vt 0.480780751 0.312288076
vt 0.480799258 0.286498904
vt 0.461530149 0.313249499
vt 0.460634083 0.289453089
vt 0.461965829 0.266321033
vt 0.48161307 0.262776166
vt 0.465464473 0.252925426
vt 0.500693977 0.286159277
vt 0.500693977 0.261465877
vt 0.483259588 0.25021261
vt 0.500469685 0.248963714
vt 0.516606629 0.264688283
vt 0.515505493 0.286498904
vt 0.516300619 0.312435418
vt 0.523349404 0.312842458
vt 0.53039813 0.313249499
vt 0.532219589 0.289138973
vt 0.531646848 0.267353594
vt 0.516182542 0.250448495
vt 0.529260933 0.252871692
vt 0.515978754 0.24169226
vt 0.527300894 0.243905485
vt 0.521095157 0.22972621
vt 0.514983237 0.228650212
vt 0.514387369 0.220844299
vt 0.517443359 0.22138229
vt 0.513791561 0.213038385
vt 0.756714225 0.228522703
vt 0.761911511 0.251248658
vt 0.770700991 0.246089384
vt 0.764901936 0.258104742
vt 0.774392724 0.265934378
vt 0.631914616 0.298294276
vt 0.619271696 0.292962193
vt 0.609139562 0.312466264
vt 0.622391105 0.318166673
vt 0.600230873 0.33094123
vt 0.612568021 0.337039739
vt 0.588527441 0.35302797
vt 0.601502776 0.358388364
vt 0.57525754 0.374809474
vt 0.647431254 0.304657221
vt 0.639041722 0.327423215
vt 0.631038368 0.347103655
vt 0.6535272 0.283351421
vt 0.638941348 0.278550655
vt 0.651817501 0.334084481
vt 0.660260499 0.310622066
vt 0.665881753 0.287335932
vt 0.644640326 0.354470819
vt 0.671494365 0.269058764
vt 0.657154381 0.264678985
vt 0.645384371 0.261713952
vt 0.649516642 0.250933826
vt 0.61953342 0.367624581
vt 0.63814944 0.376302212
vt 0.659066558 0.253039807
vt 0.6724509 0.256431639
vt 0.653793335 0.236288592
vt 0.661047995 0.238466635
vt 0.671859264 0.242026851
vt 0.657290399 0.225444868
vt 0.663353086 0.227462471
vt 0.671616614 0.230937302
vt 0.660253823 0.21562548
vt 0.664430678 0.217051193
vt 0.67028439 0.220210895
vt 0.661593974 0.208670974
vt 0.663682401 0.209383816
vt 0.666609287 0.210963666
vt 0.662934124 0.201716453
vt 0.638941348 0.278550655
vt 0.619271696 0.292962193
vt 0.631914616 0.298294276
vt 0.627717853 0.274255306
vt 0.645384371 0.261713952
vt 0.635170877 0.25919354
vt 0.640559196 0.249588534
vt 0.649516642 0.250933826
vt 0.647478402 0.235012874
vt 0.653793335 0.236288592
vt 0.652566552 0.223416686
vt 0.657290399 0.225444868
vt 0.660253823 0.21562548
vt 0.656874359 0.213414222
vt 0.659904242 0.207565337
vt 0.661593974 0.208670974
vt 0.662934124 0.201716453
vt 0.381074727 0.341747284
vt 0.377691269 0.342557728
vt 0.388522565 0.363021284
vt 0.374018937 0.324268848
vt 0.369730532 0.324981838
vt 0.368939519 0.309942812
vt 0.361550778 0.300750107
vt 0.365475357 0.300172418
vt 0.357293606 0.275458187
vt 0.354292363 0.276408643
vt 0.349687934 0.262904018
vt 0.352586746 0.26221782
vt 0.348988414 0.251784891
vt 0.345607638 0.250509322
vt 0.342722595 0.238500908
vt 0.341585726 0.238578886
vt 0.335938513 0.225338146
vt 0.73140043 0.263023943
vt 0.720790923 0.260300696
vt 0.72686708 0.284057379
vt 0.72736907 0.238788471
vt 0.733080268 0.241550505
vt 0.731827319 0.228194863
vt 0.803830683 0.149519414
vt 0.807617128 0.149848282
vt 0.807204068 0.139180273
vt 0.800908387 0.155249625
vt 0.80792886 0.157895654
vt 0.802133858 0.165826738
vt 0.808183372 0.164467931
vt 0.808457434 0.174578369
vt 0.795481861 0.176470459
vt 0.797536194 0.188641965
vt 0.809086978 0.185063601
vt 0.798844218 0.155203491
vt 0.797200978 0.14449358
vt 0.797464669 0.166502699
vt 0.796060801 0.144460991
vt 0.793418169 0.133671492
vt 0.79677999 0.155157357
vt 0.794920623 0.144428402
vt 0.792640269 0.144363225
vt 0.792651653 0.155065089
vt 0.792795479 0.167178661
vt 0.809160948 0.188200548
vt 0.790813088 0.189658657
vt 0.786148012 0.197696179
vt 0.785278857 0.19787778
vt 0.784089983 0.190675348
vt 0.789200246 0.177997515
vt 0.785014629 0.170569003
vt 0.782918632 0.179524571
vt 0.782421052 0.171699107
vt 0.782255173 0.165017575
vt 0.787608266 0.169438884
vt 0.792795479 0.167178661
vt 0.789965153 0.162982792
vt 0.786110163 0.164000183
vt 0.786349356 0.158762947
vt 0.784182668 0.164508879
vt 0.782500505 0.159420192
vt 0.784424901 0.159091562
vt 0.782461047 0.151638538
vt 0.783462703 0.159255877
vt 0.775902748 0.157181531
vt 0.773063838 0.149543196
vt 0.771343231 0.156816095
vt 0.768980265 0.162957042
vt 0.777510524 0.166006595
vt 0.768980265 0.170678526
vt 0.778939605 0.172514826
vt 0.779977441 0.178635091
vt 0.760430694 0.166146666
vt 0.764098823 0.155664176
vt 0.761166394 0.156952679
vt 0.758803844 0.150268704
vt 0.758076608 0.173217803
vt 0.768980265 0.178075224
vt 0.756850064 0.180338472
vt 0.756113172 0.19631049
vt 0.768980324 0.193259627
vt 0.75644052 0.211507678
vt 0.783070147 0.190829575
vt 0.768980324 0.206767172
vt 0.762319088 0.218296379
vt 0.768980324 0.213570029
vt 0.779157817 0.208401829
vt 0.783442259 0.198573947
vt 0.784316003 0.198078945
vt 0.785335362 0.204010248
vt 0.842293918 0.572162986
vt 0.820887804 0.576937079
vt 0.843264759 0.564535916
vt 0.86937803 0.5662269
vt 0.818576813 0.557521164
vt 0.78992945 0.545832515
vt 0.763405323 0.552273452
vt 0.76312989 0.541919649
vt 0.790623665 0.537746966
vt 0.817106903 0.540798068
vt 0.81623894 0.532517314
vt 0.843286335 0.553251624
vt 0.843596995 0.538931727
vt 0.843504906 0.528445244
vt 0.867972732 0.560323596
vt 0.867560625 0.536239326
vt 0.869255126 0.524811208
vt 0.86701405 0.548882544
vt 0.887771487 0.55719924
vt 0.887762845 0.534205079
vt 0.892328978 0.526073098
vt 0.886506677 0.547132492
vt 0.889439285 0.563387632
vt 0.881355762 0.568900943
vt 0.90528214 0.555167258
vt 0.907004535 0.558887839
vt 0.908215642 0.537210047
vt 0.912066519 0.533823907
vt 0.904624462 0.547648489
vt 0.921492338 0.554180503
vt 0.922223389 0.556895316
vt 0.942513704 0.552714646
vt 0.920119822 0.549502671
vt 0.924704432 0.543932617
vt 0.926458776 0.542429566
vt 0.843777061 0.123105198
vt 0.841545701 0.129228532
vt 0.842235327 0.129692584
vt 0.841493249 0.132507235
vt 0.840562522 0.132127583
vt 0.840751171 0.135321885
vt 0.839579344 0.135026634
vt 0.838333011 0.141109362
vt 0.836814523 0.140602157
vt 0.83349824 0.146729141
vt 0.835323572 0.146980807
vt 0.457844317 0.988741755
vt 0.463989019 0.988459527
vt 0.464944988 0.981710196
vt 0.4591479 0.981295347
vt 0.452814996 0.983254135
vt 0.452525049 0.990718842
vt 0.438005835 0.986363173
vt 0.437830448 0.992911279
vt 0.415265143 0.991592467
vt 0.415507227 0.984638989
vt 0.385503024 0.982418716
vt 0.386199385 0.989794791
vt 0.35801363 0.977195084
vt 0.35627386 0.984083951
vt 0.329009622 0.974743307
vt 0.332554162 0.96717602
vt 0.310347319 0.949908435
vt 0.304603577 0.95500499
vt 0.292180866 0.937608302
vt 0.297480494 0.931771934
vt 0.288531154 0.924500406
vt 0.294514805 0.922764778
vt 0.291873395 0.911251724
vt 0.438793123 0.962037265
vt 0.441340238 0.956985533
vt 0.418493569 0.960494697
vt 0.450294435 0.962323785
vt 0.453668892 0.958111465
vt 0.462479711 0.962002397
vt 0.46876353 0.950567484
vt 0.464584202 0.964048862
vt 0.45010978 0.966452777
vt 0.451014251 0.973806441
vt 0.437355757 0.966943145
vt 0.463258952 0.97015357
vt 0.466414481 0.971246779
vt 0.464944988 0.981710196
vt 0.4591479 0.981295347
vt 0.452814996 0.983254135
vt 0.438005835 0.986363173
vt 0.436456591 0.974860549
vt 0.417295188 0.966642261
vt 0.415507227 0.984638989
vt 0.416143477 0.971820176
vt 0.386104226 0.968683958
vt 0.385503024 0.982418716
vt 0.385877848 0.973855436
vt 0.3605887 0.960270703
vt 0.35801363 0.977195084
vt 0.359934151 0.964572608
vt 0.339990884 0.953799188
vt 0.332554162 0.96717602
vt 0.320386887 0.940005541
vt 0.310347319 0.949908435
vt 0.307493269 0.926300049
vt 0.297480494 0.931771934
vt 0.294514805 0.922764778
vt 0.300168872 0.917326272
vt 0.291873395 0.911251724
vt 0.342195213 0.949362278
vt 0.339990884 0.953799188
vt 0.3605887 0.960270703
vt 0.320386887 0.940005541
vt 0.327001333 0.936254621
vt 0.314633131 0.922599375
vt 0.307493269 0.926300049
vt 0.300168872 0.917326272
vt 0.427556455 0.924529731
vt 0.40605399 0.916315258
vt 0.400967151 0.920064151
vt 0.376790047 0.912158787
vt 0.372803777 0.918922722
vt 0.353459835 0.911505401
vt 0.352070391 0.919346869
vt 0.332004249 0.913866878
vt 0.332421869 0.921379626
vt 0.313648134 0.914356172
vt 0.314633131 0.922599375
vt 0.300168872 0.917326272
vt 0.303764373 0.912209749
vt 0.291873395 0.911251724
vt 0.293688953 0.907435179
vt 0.284416556 0.906113505
vt 0.293173999 0.902966142
vt 0.284416556 0.906113505
vt 0.293688953 0.907435179
vt 0.304020226 0.906436563
vt 0.302386969 0.90030551
vt 0.312355399 0.898267508
vt 0.31387496 0.90638572
vt 0.329556078 0.89512974
vt 0.331388533 0.906432807
vt 0.352028996 0.898201644
vt 0.353905439 0.904622853
vt 0.40605399 0.916315258
vt 0.381718397 0.906330645
vt 0.376790047 0.912158787
vt 0.353905439 0.904622853
vt 0.353459835 0.911505401
vt 0.331388533 0.906432807
vt 0.332004249 0.913866878
vt 0.31387496 0.90638572
vt 0.313648134 0.914356172
vt 0.303764373 0.912209749
vt 0.304020226 0.906436563
vt 0.293688953 0.907435179
vt 0.3605887 0.960270703
vt 0.386104226 0.968683958
vt 0.387160301 0.964672387
vt 0.418493569 0.960494697
vt 0.417295188 0.966642261
vt 0.437355757 0.966943145
vt 0.438793123 0.962037265
vt 0.45010978 0.966452777
vt 0.450294435 0.962323785
vt 0.462479711 0.962002397
vt 0.314633131 0.922599375
vt 0.332554847 0.925430536
vt 0.332421869 0.921379626
vt 0.33200115 0.92810446
vt 0.3293975 0.932645202
vt 0.327001333 0.936254621
vt 0.327001333 0.936254621
vt 0.342195213 0.949362278
vt 0.3293975 0.932645202
vt 0.344774604 0.941170394
vt 0.3605887 0.960270703
vt 0.346748829 0.932596326
vt 0.33200115 0.92810446
vt 0.332554847 0.925430536
vt 0.364084899 0.949889839
vt 0.387160301 0.964672387
vt 0.34892264 0.925977111
vt 0.332421869 0.921379626
vt 0.352070391 0.919346869
vt 0.367120355 0.937896132
vt 0.37001285 0.928181767
vt 0.372803777 0.918922722
vt 0.392131835 0.939917266
vt 0.39489007 0.930284023
vt 0.400967151 0.920064151
vt 0.389817804 0.953182042
vt 0.420728356 0.929715931
vt 0.427556455 0.924529731
vt 0.418669611 0.942527771
vt 0.41966787 0.953577876
vt 0.418493569 0.960494697
vt 0.441340238 0.956985533
vt 0.441444695 0.943175614
vt 0.438808024 0.932484627
vt 0.440193743 0.928314507
vt 0.445223242 0.931546986
vt 0.451983243 0.926813424
vt 0.449959964 0.94099772
vt 0.453668892 0.958111465
vt 0.458375365 0.934862971
vt 0.451344371 0.930261016
vt 0.458320856 0.923032701
vt 0.458867043 0.92828238
vt 0.821038485 0.958798647
vt 0.834632516 0.971252501
vt 0.844360471 0.964506626
vt 0.820652127 0.980090916
vt 0.808196664 0.966547728
vt 0.798584938 0.985842168
vt 0.800225377 0.969507217
vt 0.79225409 0.972466648
vt 0.771317601 0.984844983
vt 0.775081635 0.973222494
vt 0.784652829 0.958508015
vt 0.778845668 0.961599946
vt 0.772619009 0.972030818
vt 0.763366103 0.984908402
vt 0.762720346 0.971895158
vt 0.753063321 0.984560907
vt 0.753063321 0.970690906
vt 0.742205501 0.984414518
vt 0.743344545 0.971438825
vt 0.733372092 0.971108854
vt 0.734336376 0.983976185
vt 0.726433992 0.984455526
vt 0.724624038 0.971167028
vt 0.727612138 0.960306883
vt 0.722049713 0.957195163
vt 0.713771462 0.97057265
vt 0.714911938 0.974700272
vt 0.706576467 0.967583418
vt 0.693384349 0.975706279
vt 0.697773337 0.963636994
vt 0.681523621 0.969212353
vt 0.688218236 0.95926249
vt 0.778845668 0.961599946
vt 0.769882441 0.957738042
vt 0.772619009 0.972030818
vt 0.762720346 0.971895158
vt 0.76067102 0.959535122
vt 0.753410697 0.956885338
vt 0.753063321 0.970690906
vt 0.743344545 0.971438825
vt 0.746022344 0.959229708
vt 0.736958265 0.957064986
vt 0.733372092 0.971108854
vt 0.727612138 0.960306883
vt 0.697406411 0.950564623
vt 0.688218236 0.95926249
vt 0.704943419 0.956441879
vt 0.697773337 0.963636994
vt 0.709098816 0.9566468
vt 0.706576467 0.967583418
vt 0.713771462 0.97057265
vt 0.722049713 0.957195163
vt 0.784652829 0.958508015
vt 0.79225409 0.972466648
vt 0.797713161 0.959079742
vt 0.800225377 0.969507217
vt 0.808196664 0.966547728
vt 0.80188036 0.959319472
vt 0.821038485 0.958798647
vt 0.809134007 0.95388329
vt 0.921475053 0.193881229
vt 0.920613647 0.195993125
vt 0.919685543 0.198268861
vt 0.9277789 0.198927522
vt 0.928026259 0.192960501
vt 0.92168653 0.18216987
vt 0.937249839 0.194309458
vt 0.939196169 0.201829731
vt 0.936252713 0.181978792
vt 0.928499043 0.181558311
vt 0.921556294 0.170094907
vt 0.937509 0.169637918
vt 0.929072559 0.167725623
vt 0.923615992 0.158899546
vt 0.929451168 0.158593863
vt 0.936395347 0.159894586
vt 0.925918043 0.148430288
vt 0.929878414 0.148288578
vt 0.934620142 0.149353355
vt 0.928071916 0.141021609
vt 0.932710648 0.141409636
vt 0.93020159 0.140496075
vt 0.930572569 0.131545812
vt 0.945516527 0.205302477
vt 0.960618019 0.211077392
vt 0.955637932 0.194338828
vt 0.945370615 0.194772124
vt 0.939196169 0.201829731
vt 0.954148293 0.181979448
vt 0.938630939 0.19443661
vt 0.945195258 0.182109714
vt 0.939952374 0.182076678
vt 0.955279171 0.165731281
vt 0.938002765 0.168058753
vt 0.944995224 0.167674124
vt 0.953470886 0.152483523
vt 0.944761932 0.150833309
vt 0.944625437 0.140977085
vt 0.938592613 0.152369946
vt 0.950506508 0.141174197
vt 0.939605057 0.141412228
vt 0.947292984 0.132994145
vt 0.942480624 0.133125156
vt 0.944528878 0.134005547
vt 0.9458462 0.128828958
vt 0.944464147 0.129334658
vt 0.94344002 0.128894463
vt 0.944399416 0.12466377
vt 0.152139127 0.936935365
vt 0.133818194 0.921465516
vt 0.133072361 0.937082887
vt 0.152139127 0.913929224
vt 0.134191096 0.898743629
vt 0.173851416 0.909273744
vt 0.173382819 0.92769146
vt 0.152139112 0.894708276
vt 0.172970012 0.891478658
vt 0.134596542 0.873541236
vt 0.152139127 0.872463465
vt 0.171758652 0.87074697
vt 0.152139142 0.847300887
vt 0.135813534 0.84860599
vt 0.152139142 0.829901099
vt 0.170175165 0.846442103
vt 0.136075377 0.830350995
vt 0.169926405 0.830107272
vt 0.147069693 0.809092283
vt 0.13610515 0.813908815
vt 0.15251182 0.817992985
vt 0.13577947 0.789184213
vt 0.143826887 0.786685944
vt 0.13505435 0.769987166
vt 0.140841037 0.769233465
vt 0.133965582 0.753531694
vt 0.158704996 0.81207943
vt 0.15251182 0.817992985
vt 0.169640049 0.818220615
vt 0.169103906 0.799582779
vt 0.159330279 0.795302987
vt 0.159963399 0.772016346
vt 0.168445542 0.772540629
vt 0.159666896 0.753459752
vt 0.16596514 0.7535097
vt 0.15955469 0.743612468
vt 0.163659006 0.743469417
vt 0.15794678 0.730171561
vt 0.895628273 0.862703085
vt 0.895869672 0.877039909
vt 0.893688321 0.87752068
vt 0.892367542 0.889483333
vt 0.895990372 0.889315724
vt 0.896103859 0.901127934
vt 0.891633809 0.901103914
vt 0.89068222 0.912992001
vt 0.895749152 0.912475824
vt 0.889643431 0.932275474
vt 0.896472991 0.931239426
vt 0.887541473 0.952484131
vt 0.901117504 0.95160079
vt 0.902025461 0.96754688
vt 0.888830602 0.967937529
vt 0.876511872 0.971357524
vt 0.87322998 0.953490436
vt 0.883067369 0.931283951
vt 0.871544659 0.936114252
vt 0.881646633 0.917045534
vt 0.870326757 0.920136273
vt 0.881026268 0.902351201
vt 0.870588362 0.90398407
vt 0.88098985 0.889045477
vt 0.872017145 0.888973653
vt 0.881872177 0.87606436
vt 0.87557435 0.875196517
vt 0.883113861 0.861689627
vt 0.891059518 0.986692607
vt 0.881195724 0.986692607
vt 0.86394304 0.986692607
vt 0.861163139 0.974981368
vt 0.87035799 0.954663396
vt 0.857814372 0.959302247
vt 0.866223216 0.939902306
vt 0.855536103 0.942625582
vt 0.863797665 0.924450219
vt 0.853892922 0.925903857
vt 0.863546848 0.912213445
vt 0.855198145 0.912901998
vt 0.864080667 0.900226414
vt 0.857230365 0.900561631
vt 0.865515828 0.883593917
vt 0.938489854 0.880664885
vt 0.937174737 0.867251813
vt 0.945526719 0.876297474
vt 0.9396438 0.889795899
vt 0.949363112 0.883599401
vt 0.952372313 0.895645738
vt 0.939310789 0.901147485
vt 0.952832401 0.912910104
vt 0.936867535 0.917499661
vt 0.93343997 0.933813155
vt 0.952071488 0.927951336
vt 0.929765642 0.94756633
vt 0.965996623 0.909230769
vt 0.951758385 0.943229735
vt 0.965996623 0.925896823
vt 0.965996444 0.892665327
vt 0.965996444 0.878331244
vt 0.955190063 0.882402837
vt 0.965996444 0.870475352
vt 0.95808208 0.872245133
vt 0.961697757 0.8604877
vt 0.965996623 0.850025773
vt 0.97238785 0.862665594
vt 0.977647364 0.874272466
vt 0.98164463 0.887250006
vt 0.984631896 0.90498358
vt 0.985806108 0.920313895
vt 0.987035036 0.939448297
vt 0.965996623 0.941856921
vt 0.95012188 0.963213384
vt 0.929980457 0.966753304
vt 0.914494932 0.950130999
vt 0.928399444 0.930280685
vt 0.914494932 0.934208691
vt 0.927264929 0.91175741
vt 0.914494932 0.917001188
vt 0.924582958 0.89503479
vt 0.914494932 0.896483421
vt 0.921772122 0.883639812
vt 0.914494932 0.882744193
vt 0.919082403 0.873481691
vt 0.902283072 0.935245514
vt 0.902696252 0.918522298
vt 0.901117504 0.95160079
vt 0.905021906 0.899911642
vt 0.907962978 0.885488808
vt 0.914494932 0.873029649
vt 0.909871101 0.876191735
vt 0.914494932 0.867334485
vt 0.916749597 0.867375672
vt 0.911827683 0.868455946
vt 0.914495111 0.857047915
vt 0.914494932 0.967356205
vt 0.902311265 0.986692607
vt 0.914494932 0.986692607
vt 0.930811882 0.986692607
vt 0.948550999 0.986692607
vt 0.965996623 0.963136613
vt 0.969545603 0.986692607
vt 0.983106077 0.961041033
vt 0.986032188 0.938842833
vt 0.452753782 0.917376935
vt 0.460997164 0.9156003
vt 0.45337832 0.915462136
vt 0.442318439 0.910414517
vt 0.439625025 0.913845837
vt 0.424463123 0.901295066
vt 0.42162165 0.904785752
vt 0.403398961 0.893107176
vt 0.407248437 0.891317844
vt 0.38804844 0.882698119
vt 0.392170429 0.879088938
vt 0.370933682 0.8640154
vt 0.366857022 0.867671192
vt 0.356494844 0.85182035
vt 0.352131397 0.856771231
vt 0.341264755 0.838243246
vt 0.33543396 0.842526078
vt 0.324569494 0.820124567
vt 0.318128824 0.825550795
vt 0.307425886 0.802063167
vt 0.302551299 0.808082938
vt 0.292446703 0.782020688
vt 0.288146436 0.786379933
vt 0.278834164 0.769902289
vt 0.28377524 0.767441213
vt 0.275407434 0.749443352
vt 0.271801263 0.750858188
vt 0.265065044 0.721990049
vt 0.392170429 0.879088938
vt 0.374324262 0.860808015
vt 0.370933682 0.8640154
vt 0.360819042 0.848661005
vt 0.356494844 0.85182035
vt 0.34674859 0.834430575
vt 0.341264755 0.838243246
vt 0.324569494 0.820124567
vt 0.330234587 0.816436052
vt 0.307425886 0.802063167
vt 0.314002216 0.79651314
vt 0.292446703 0.782020688
vt 0.298413366 0.777119815
vt 0.289825767 0.763313234
vt 0.28377524 0.767441213
vt 0.275407434 0.749443352
vt 0.279374152 0.747418761
vt 0.265065044 0.721990049
vt 0.447770953 0.731069505
vt 0.447568864 0.721663892
vt 0.445284516 0.730869055
vt 0.443056852 0.740091801
vt 0.446300387 0.740692914
vt 0.440955162 0.752124131
vt 0.445965886 0.752438188
vt 0.439509094 0.76774627
vt 0.44680512 0.767418385
vt 0.44899708 0.787714899
vt 0.439723253 0.787714899
vt 0.44021818 0.807011843
vt 0.451382488 0.806213319
vt 0.456136912 0.828688979
vt 0.439743578 0.833690226
vt 0.447113186 0.855069518
vt 0.461422443 0.852741003
vt 0.439644635 0.856406748
vt 0.430988759 0.836907387
vt 0.427224398 0.812681317
vt 0.45556432 0.873496354
vt 0.449688196 0.875604749
vt 0.43384409 0.858420372
vt 0.445716947 0.876814902
vt 0.424579948 0.839809358
vt 0.455483973 0.88981539
vt 0.420155883 0.815443814
vt 0.41393286 0.818019867
vt 0.411993593 0.793931663
vt 0.420225412 0.793037295
vt 0.405284286 0.79527986
vt 0.408052951 0.772742629
vt 0.41524443 0.77318722
vt 0.402032167 0.773484945
vt 0.412898391 0.758385539
vt 0.407026708 0.758760393
vt 0.402160168 0.758124173
vt 0.404577851 0.743978262
vt 0.408466101 0.745713294
vt 0.412652284 0.746339321
vt 0.409315199 0.728447318
vt 0.411245078 0.728657484
vt 0.413341641 0.729134262
vt 0.41433531 0.718758762
vt 0.455784827 0.912010133
vt 0.464850068 0.912526965
vt 0.451412022 0.902496874
vt 0.447445542 0.904182732
vt 0.440053284 0.891918004
vt 0.43610242 0.893672407
vt 0.425783515 0.882088602
vt 0.431442201 0.881535172
vt 0.417679965 0.865461528
vt 0.413471878 0.866554499
vt 0.406686902 0.847894192
vt 0.403126955 0.849859953
vt 0.394963682 0.828356445
vt 0.39282459 0.8318367
vt 0.387477994 0.814302325
vt 0.384692013 0.815640032
vt 0.378448784 0.797742724
vt 0.376953661 0.798444986
vt 0.373432934 0.783548474
vt 0.372790039 0.785483718
vt 0.369182527 0.771342397
vt 0.370133519 0.770837486
vt 0.367715716 0.757882714
vt 0.369075805 0.762788475
vt 0.367715716 0.757882714
vt 0.369075805 0.762788475
vt 0.371806413 0.770470083
vt 0.373312205 0.770164549
vt 0.376929045 0.78223139
vt 0.379866838 0.782009482
vt 0.383043826 0.794997036
vt 0.387119532 0.794309199
vt 0.392709047 0.810291886
vt 0.39689365 0.809495211
vt 0.402282178 0.823716342
vt 0.406247914 0.822766125
vt 0.416956127 0.841785789
vt 0.420678884 0.840157628
vt 0.431136668 0.860286236
vt 0.43384409 0.858420372
vt 0.442724019 0.878081203
vt 0.445716947 0.876814902
vt 0.452030182 0.890785813
vt 0.455483973 0.88981539
vt 0.461890519 0.899805129
vt 0.459863484 0.900175154
vt 0.431136519 0.810455501
vt 0.427224398 0.812681317
vt 0.439743578 0.833690226
vt 0.42406562 0.792517543
vt 0.420225412 0.793037295
vt 0.418350965 0.773347497
vt 0.41524443 0.77318722
vt 0.416000098 0.75885582
vt 0.412898391 0.758385539
vt 0.415302724 0.746518075
vt 0.412652284 0.746339321
vt 0.413341641 0.729134262
vt 0.414958268 0.729528069
vt 0.415959984 0.713738561
vt 0.41433531 0.718758762
vt 0.500273883 0.732100964
vt 0.503639996 0.718664944
vt 0.501701891 0.724305034
vt 0.502327919 0.73184967
vt 0.499113351 0.7378093
vt 0.501538992 0.737406254
vt 0.500112295 0.745470703
vt 0.497715622 0.745742142
vt 0.49770394 0.759111464
vt 0.495213181 0.759227812
vt 0.495600909 0.773203671
vt 0.493378699 0.773354173
vt 0.49134618 0.791530073
vt 0.493705958 0.791218579
vt 0.488921791 0.809072793
vt 0.490566671 0.809201002
vt 0.487556159 0.827982783
vt 0.485307157 0.827763796
vt 0.239959106 0.714876354
vt 0.240407541 0.722424805
vt 0.241951272 0.720595598
vt 0.244647741 0.739248574
vt 0.24681589 0.737645209
vt 0.256858975 0.755602241
vt 0.252850533 0.758625031
vt 0.264691681 0.781882703
vt 0.268908679 0.77731204
vt 0.281179994 0.793828845
vt 0.277151942 0.798286498
vt 0.296546906 0.811094761
vt 0.291282654 0.815672874
vt 0.309685796 0.836486995
vt 0.314881891 0.830264032
vt 0.331275344 0.846684694
vt 0.325392276 0.85178715
vt 0.342366815 0.86684221
vt 0.347750753 0.86137253
vt 0.356479675 0.87753588
vt 0.362238616 0.873233736
vt 0.377233505 0.890538692
vt 0.381831914 0.887070477
vt 0.397294968 0.896428287
vt 0.393054515 0.899864972
vt 0.414302498 0.910681427
vt 0.417589337 0.908162594
vt 0.434146017 0.919503748
vt 0.436258316 0.917507648
vt 0.44728139 0.920829296
vt 0.241951272 0.720595598
vt 0.238566816 0.709466159
vt 0.239959106 0.714876354
vt 0.243433505 0.719509602
vt 0.24962762 0.735579669
vt 0.24681589 0.737645209
vt 0.259942412 0.752994418
vt 0.256858975 0.755602241
vt 0.273427725 0.77428019
vt 0.268908679 0.77731204
vt 0.281179994 0.793828845
vt 0.285138309 0.788946629
vt 0.296546906 0.811094761
vt 0.302551299 0.808082938
vt 0.314881891 0.830264032
vt 0.318128824 0.825550795
vt 0.33543396 0.842526078
vt 0.331275344 0.846684694
vt 0.347750753 0.86137253
vt 0.352131397 0.856771231
vt 0.362238616 0.873233736
vt 0.366857022 0.867671192
vt 0.38804844 0.882698119
vt 0.381831914 0.887070477
vt 0.403398961 0.893107176
vt 0.397294968 0.896428287
vt 0.42162165 0.904785752
vt 0.417589337 0.908162594
vt 0.436258316 0.917507648
vt 0.439625025 0.913845837
vt 0.44728139 0.920829296
vt 0.452753782 0.917376935
vt 0.453139096 0.919783354
vt 0.460997164 0.9156003
vt 0.239959106 0.714876354
vt 0.238566816 0.709466159
vt 0.239174828 0.723955214
vt 0.240407541 0.722424805
vt 0.244647741 0.739248574
vt 0.243142694 0.740553021
vt 0.252850533 0.758625031
vt 0.250065714 0.760172188
vt 0.264691681 0.781882703
vt 0.263815612 0.785182655
vt 0.273599595 0.80300951
vt 0.277151942 0.798286498
vt 0.288592219 0.822612762
vt 0.291282654 0.815672874
vt 0.306759387 0.843624532
vt 0.309685796 0.836486995
vt 0.321359843 0.857491791
vt 0.325392276 0.85178715
vt 0.338402569 0.871427536
vt 0.342366815 0.86684221
vt 0.351464868 0.880815804
vt 0.356479675 0.87753588
vt 0.372379243 0.893568873
vt 0.377233505 0.890538692
vt 0.388818771 0.903296292
vt 0.393054515 0.899864972
vt 0.409469575 0.913623929
vt 0.414302498 0.910681427
vt 0.431760669 0.921433747
vt 0.434146017 0.919503748
vt 0.445245504 0.922591805
vt 0.44728139 0.920829296
vt 0.453139096 0.919783354
vt 0.45308885 0.921225011
vt 0.460997164 0.9156003
vt 0.463555664 0.82665962
vt 0.458292723 0.828625083
vt 0.461422443 0.852741003
vt 0.465251088 0.805777252
vt 0.460924 0.805230618
vt 0.464339852 0.786630929
vt 0.468713254 0.786607862
vt 0.472147495 0.769858897
vt 0.468059599 0.770509839
vt 0.477732897 0.755704284
vt 0.474225581 0.754565656
vt 0.48464334 0.742944956
vt 0.481873751 0.741130292
vt 0.490254104 0.7345227
vt 0.48822239 0.732613087
vt 0.495344162 0.728815675
vt 0.494585931 0.726662934
vt 0.503639996 0.718664944
vt 0.501701891 0.724305034
vt 0.542595506 0.721531212
vt 0.533186138 0.734346151
vt 0.540661275 0.727328181
vt 0.531615794 0.732392848
vt 0.522322774 0.743244767
vt 0.525863826 0.744878709
vt 0.513472557 0.756854177
vt 0.516740382 0.757735193
vt 0.504746675 0.774025202
vt 0.507901013 0.774192393
vt 0.497205079 0.790850937
vt 0.499518007 0.79085499
vt 0.490566671 0.809201002
vt 0.492571294 0.809600711
vt 0.487556159 0.827982783
vt 0.55159992 0.821548939
vt 0.558324456 0.824825406
vt 0.566145122 0.810450435
vt 0.559104443 0.806812704
vt 0.566172421 0.792173266
vt 0.572653949 0.795609474
vt 0.578274667 0.780795455
vt 0.573018372 0.778400302
vt 0.581669927 0.768893242
vt 0.576661408 0.766828179
vt 0.580202758 0.757105291
vt 0.583702922 0.76021719
vt 0.586209297 0.743842483
vt 0.583220184 0.74702704
vt 0.549375653 0.839389205
vt 0.558482945 0.824907899
vt 0.542222857 0.836779773
vt 0.534845412 0.86042577
vt 0.527415097 0.858709693
vt 0.449989349 0.713220298
vt 0.445284516 0.730869055
vt 0.447568864 0.721663892
vt 0.442410052 0.730015039
vt 0.4396424 0.739515305
vt 0.443056852 0.740091801
vt 0.437271893 0.752630532
vt 0.440955162 0.752124131
vt 0.435353756 0.767909646
vt 0.439509094 0.76774627
vt 0.434987038 0.787714899
vt 0.439723253 0.787714899
vt 0.44021818 0.807011843
vt 0.4360466 0.80830586
vt 0.439743578 0.833690226
vt 0.456136912 0.828688979
vt 0.461422443 0.852741003
vt 0.458292723 0.828625083
vt 0.456065863 0.805713654
vt 0.451382488 0.806213319
vt 0.453314096 0.787714899
vt 0.44899708 0.787714899
vt 0.451301754 0.76745522
vt 0.44680512 0.767418385
vt 0.449096501 0.752762794
vt 0.445965886 0.752438188
vt 0.450458527 0.740835905
vt 0.446300387 0.740692914
vt 0.450502664 0.731093466
vt 0.447770953 0.731069505
vt 0.449989349 0.713220298
vt 0.447568864 0.721663892
vt 0.461890519 0.899805129
vt 0.459863484 0.900175154
vt 0.463370293 0.906166077
vt 0.464850068 0.912526965
vt 0.459863484 0.900175154
vt 0.45588243 0.900973678
vt 0.448087782 0.891861141
vt 0.452030182 0.890785813
vt 0.442724019 0.878081203
vt 0.451412022 0.902496874
vt 0.440053284 0.891918004
vt 0.431442201 0.881535172
vt 0.440491319 0.883059919
vt 0.431136668 0.860286236
vt 0.424444348 0.862857342
vt 0.417679965 0.865461528
vt 0.416956127 0.841785789
vt 0.411339283 0.84511584
vt 0.406686902 0.847894192
vt 0.402282178 0.823716342
vt 0.398773372 0.825293422
vt 0.394963682 0.828356445
vt 0.392709047 0.810291886
vt 0.389757395 0.811331749
vt 0.387477994 0.814302325
vt 0.383043826 0.794997036
vt 0.380811572 0.795636833
vt 0.378448784 0.797742724
vt 0.376929045 0.78223139
vt 0.37537083 0.782741487
vt 0.373432934 0.783548474
vt 0.371806413 0.770470083
vt 0.371107697 0.770612061
vt 0.370133519 0.770837486
vt 0.369075805 0.762788475
vt 0.447445542 0.904182732
vt 0.45337832 0.915462136
vt 0.455784827 0.912010133
vt 0.444137692 0.907274008
vt 0.43238914 0.894943655
vt 0.43610242 0.893672407
vt 0.429284334 0.896271229
vt 0.422382653 0.883209109
vt 0.421263635 0.883903801
vt 0.415621817 0.888139427
vt 0.407105982 0.870603442
vt 0.408358455 0.870005786
vt 0.400056124 0.874451041
vt 0.392017186 0.854161859
vt 0.394707412 0.853561819
vt 0.384513706 0.857339203
vt 0.382339954 0.83727473
vt 0.378594846 0.83818233
vt 0.372423857 0.84063077
vt 0.370461881 0.821435869
vt 0.367922336 0.82286489
vt 0.361207157 0.82410419
vt 0.357688785 0.801479042
vt 0.354797542 0.803237677
vt 0.348514557 0.804153681
vt 0.342770308 0.781423867
vt 0.340145886 0.781531572
vt 0.338680774 0.782132149
vt 0.331292897 0.764810324
vt 0.542595506 0.721531212
vt 0.540661275 0.727328181
vt 0.539706826 0.736329675
vt 0.541861713 0.737664819
vt 0.537817419 0.746100962
vt 0.540354967 0.749085069
vt 0.534716845 0.760080695
vt 0.537813663 0.763338506
vt 0.530032754 0.779042602
vt 0.532476187 0.77961576
vt 0.527209103 0.795577526
vt 0.525366485 0.795683146
vt 0.520578623 0.812616408
vt 0.547110915 0.770390511
vt 0.545108378 0.768985033
vt 0.538488626 0.781873226
vt 0.554967344 0.758250475
vt 0.552582264 0.755794168
vt 0.56186974 0.751459658
vt 0.564504623 0.753766596
vt 0.574825644 0.746617317
vt 0.574644208 0.749192178
vt 0.583220184 0.74702704
vt 0.586209297 0.743842483
vt 0.43384409 0.858420372
vt 0.424579948 0.839809358
vt 0.420678884 0.840157628
vt 0.41393286 0.818019867
vt 0.410779834 0.820979297
vt 0.405284286 0.79527986
vt 0.401749194 0.796702445
vt 0.402032167 0.773484945
vt 0.398792177 0.773793757
vt 0.402160168 0.758124173
vt 0.399074465 0.757309556
vt 0.404577851 0.743978262
vt 0.40237847 0.742716074
vt 0.409315199 0.728447318
vt 0.407859713 0.727719426
vt 0.415959984 0.713738561
vt 0.41433531 0.718758762
vt 0.614311993 0.784975767
vt 0.618956149 0.762183428
vt 0.617131829 0.765119553
vt 0.616594195 0.787360609
vt 0.609412432 0.796830058
vt 0.61197716 0.799640119
vt 0.606770098 0.813555002
vt 0.603948593 0.812619328
vt 0.599030435 0.828560591
vt 0.595534086 0.827124417
vt 0.587330759 0.840692937
vt 0.590016842 0.842689931
vt 0.579601407 0.854844809
vt 0.798203588 0.777660191
vt 0.817394555 0.766679883
vt 0.813832045 0.762160063
vt 0.80478543 0.782391667
vt 0.791543841 0.795952797
vt 0.785396397 0.792851269
vt 0.771796525 0.801733255
vt 0.784556866 0.802761912
vt 0.77756983 0.809570968
vt 0.751923025 0.819477677
vt 0.757920265 0.826786578
vt 0.732405126 0.846856117
vt 0.727477551 0.841235518
vt 0.708053708 0.857690692
vt 0.710689545 0.861530364
vt 0.689233959 0.878571689
vt 0.687518656 0.876368701
vt 0.669212461 0.892238915
vt 0.0231639668 0.69622153
vt 0.0252100118 0.7057212
vt 0.0297339931 0.705444992
vt 0.027994277 0.717852354
vt 0.0371925458 0.717786789
vt 0.0317699201 0.728435874
vt 0.0446195602 0.729938865
vt 0.0492111817 0.736908972
vt 0.0432155728 0.747166514
vt 0.617131829 0.765119553
vt 0.618956149 0.762183428
vt 0.605808735 0.775737762
vt 0.604344428 0.774230778
vt 0.59769994 0.788312614
vt 0.595354199 0.786075294
vt 0.586894631 0.798508763
vt 0.590000093 0.800599635
vt 0.578748763 0.812066734
vt 0.581729174 0.813912392
vt 0.568952322 0.826084197
vt 0.570474625 0.828917146
vt 0.556884229 0.840625823
vt 0.56150955 0.842253864
vt 0.547198355 0.862688601
vt 0.543391049 0.860890806
vt 0.525266945 0.886238337
vt 0.66311276 0.678448975
vt 0.660453677 0.695192695
vt 0.66346544 0.695879996
vt 0.661127627 0.710450649
vt 0.658046007 0.71032697
vt 0.653927743 0.72940743
vt 0.657646656 0.730716705
vt 0.647310257 0.747824728
vt 0.650730789 0.749725819
vt 0.638339341 0.76858598
vt 0.641467154 0.770827711
vt 0.631287694 0.794333577
vt 0.627175272 0.791766346
vt 0.624634087 0.806986868
vt 0.619980752 0.80383122
vt 0.613664985 0.815336883
vt 0.619094074 0.818130672
vt 0.609203756 0.833644092
vt 0.604352355 0.831026912
vt 0.599636018 0.846572399
vt 0.594975173 0.844182491
vt 0.586476207 0.856068492
vt 0.589219451 0.859409451
vt 0.570078731 0.876907945
vt 0.511585772 0.897829711
vt 0.525266945 0.886238337
vt 0.508538187 0.896115422
vt 0.504485965 0.903098941
vt 0.501960814 0.899967134
vt 0.495383471 0.903818846
vt 0.497386098 0.908368111
vt 0.485742003 0.91350013
vt 0.483855784 0.909526169
vt 0.479586005 0.915628314
vt 0.477037519 0.911759079
vt 0.474461079 0.915198386
vt 0.473970711 0.912872016
vt 0.469905555 0.914072931
vt 0.471709311 0.917387545
vt 0.469681233 0.917989075
vt 0.473887563 0.920019805
vt 0.472329319 0.92323482
vt 0.481948644 0.92466104
vt 0.481407702 0.920911908
vt 0.489313424 0.919109106
vt 0.494194627 0.92234391
vt 0.502702951 0.910815358
vt 0.506554782 0.914185166
vt 0.507695675 0.905823767
vt 0.516871572 0.902383626
vt 0.512688339 0.900832176
vt 0.528823793 0.887820899
vt 0.525266945 0.886238337
vt 0.547198355 0.862688601
vt 0.525266945 0.886238337
vt 0.511585772 0.897829711
vt 0.512688339 0.900832176
vt 0.507695675 0.905823767
vt 0.504485965 0.903098941
vt 0.502702951 0.910815358
vt 0.497386098 0.908368111
vt 0.485742003 0.91350013
vt 0.489313424 0.919109106
vt 0.479586005 0.915628314
vt 0.481407702 0.920911908
vt 0.47353822 0.918512821
vt 0.473887563 0.920019805
vt 0.474461079 0.915198386
vt 0.471709311 0.917387545
vt 0.0984047577 0.695202112
vt 0.0904782936 0.687703252
vt 0.0864089653 0.694720984
vt 0.104014643 0.700571835
vt 0.0852109864 0.699826121
vt 0.106111042 0.705803573
vt 0.0858606249 0.703243256
vt 0.105555177 0.709660709
vt 0.0835801437 0.706730545
vt 0.0900590792 0.713641405
vt 0.10457807 0.71732229
vt 0.0817713588 0.712830782
vt 0.077014856 0.722141504
vt 0.1050459 0.727179468
vt 0.0889896601 0.72223264
vt 0.0631151274 0.735716283
vt 0.0795775503 0.738744676
vt 0.0432155728 0.747166514
vt 0.0974940732 0.741868675
vt 0.065775454 0.751573503
vt 0.0567844734 0.765879512
vt 0.0417824052 0.76520294
vt 0.0408288315 0.781145215
vt 0.0511290319 0.783012271
vt 0.0402504541 0.799574912
vt 0.0819153488 0.77003777
vt 0.0454276204 0.803106368
vt 0.0382637009 0.825641751
vt 0.0894701704 0.756327987
vt 0.0744175911 0.785282135
vt 0.10242264 0.772950411
vt 0.109218277 0.759133935
vt 0.0940075517 0.787592173
vt 0.115515918 0.744067669
vt 0.118547633 0.745396495
vt 0.122689672 0.733989716
vt 0.0658473819 0.804065406
vt 0.0841282308 0.805252075
vt 0.120654114 0.733137965
vt 0.125787511 0.721795976
vt 0.112672217 0.717755675
vt 0.114618666 0.709402382
vt 0.122461423 0.713087857
vt 0.11474707 0.706206799
vt 0.120591097 0.705532312
vt 0.115271397 0.700928986
vt 0.117615841 0.699924767
vt 0.115193747 0.695050895
vt 0.116875209 0.694025517
vt 0.1157424 0.68699348
vt 0.0727089718 0.825704932
vt 0.0554416701 0.825688839
vt 0.0661361441 0.850628555
vt 0.0961546078 0.828621209
vt 0.0378898047 0.851115525
vt 0.0159201678 0.846403062
vt 0.0163934287 0.825086772
vt 0.0402504541 0.799574912
vt 0.0167256929 0.799020469
vt 0.0174136516 0.776331663
vt 0.0408288315 0.781145215
vt 0.0417824052 0.76520294
vt 0.018083673 0.761540771
vt 0.0432155728 0.747166514
vt 0.0193050168 0.741393507
vt 0.0317699201 0.728435874
vt 0.01960117 0.72748518
vt 0.0205706134 0.716913939
vt 0.027994277 0.717852354
vt 0.0252100118 0.7057212
vt 0.0216656625 0.704988658
vt 0.0231639668 0.69622153
vt 0.817394555 0.766679883
vt 0.825782537 0.748303413
vt 0.813832045 0.762160063
vt 0.825801551 0.751347303
vt 0.835594893 0.738535345
vt 0.835336447 0.7372486
vt 0.840388536 0.730175972
vt 0.836877763 0.738671303
vt 0.838696897 0.738143861
vt 0.835281432 0.757822275
vt 0.827207327 0.755733907
vt 0.832235754 0.75805372
vt 0.830326319 0.777561605
vt 0.820547283 0.770722687
vt 0.825840235 0.775036097
vt 0.816080689 0.794338226
vt 0.819933057 0.798804402
vt 0.808376729 0.818704367
vt 0.808797717 0.786450863
vt 0.80478543 0.782391667
vt 0.791543841 0.795952797
vt 0.804896712 0.813918352
vt 0.796720445 0.802069008
vt 0.800037503 0.821036816
vt 0.797920883 0.833431244
vt 0.78992486 0.809054375
vt 0.784556866 0.802761912
vt 0.795178354 0.828155279
vt 0.783129334 0.816039681
vt 0.77756983 0.809570968
vt 0.76421392 0.834190905
vt 0.757920265 0.826786578
vt 0.775880635 0.848425567
vt 0.781186342 0.852700591
vt 0.750583112 0.874346316
vt 0.747922838 0.871446073
vt 0.728781343 0.886806607
vt 0.726233065 0.883509815
vt 0.701241553 0.904847503
vt 0.698666751 0.901899815
vt 0.747922838 0.871446073
vt 0.738266408 0.85520184
vt 0.732405126 0.846856117
vt 0.715894938 0.870041907
vt 0.726233065 0.883509815
vt 0.710689545 0.861530364
vt 0.698666751 0.901899815
vt 0.692905188 0.886252165
vt 0.689233959 0.878571689
vt 0.675529122 0.900357127
vt 0.682644606 0.911304235
vt 0.65822196 0.910188138
vt 0.669212461 0.892238915
vt 0.666031003 0.920224607
vt 0.643207729 0.930143416
vt 0.647029281 0.892855406
vt 0.661455035 0.881603599
vt 0.685212672 0.87309128
vt 0.678949535 0.86483562
vt 0.70639956 0.849860191
vt 0.696801603 0.840314567
vt 0.720918894 0.832753658
vt 0.635940194 0.918143809
vt 0.627589703 0.904543221
vt 0.616492152 0.938656747
vt 0.617606044 0.940693259
vt 0.608428895 0.924526453
vt 0.598781526 0.944001496
vt 0.599439979 0.946170568
vt 0.576898098 0.952936113
vt 0.592440844 0.929574966
vt 0.576451063 0.949339688
vt 0.554335654 0.953538179
vt 0.554162621 0.956935942
vt 0.528555512 0.956496835
vt 0.527638733 0.959142923
vt 0.50207001 0.95212543
vt 0.501805604 0.957349956
vt 0.48273614 0.947653592
vt 0.482294112 0.94291389
vt 0.471335948 0.943323076
vt 0.483394802 0.951848924
vt 0.471740305 0.947033286
vt 0.459684193 0.940795183
vt 0.501918793 0.94493717
vt 0.526414394 0.943843067
vt 0.561602235 0.933958709
vt 0.551209211 0.937082171
vt 0.573098719 0.934087157
vt 0.586729705 0.919399261
vt 0.570891917 0.927583277
vt 0.569108605 0.919702291
vt 0.558277845 0.925301194
vt 0.547447026 0.930900097
vt 0.539394081 0.922463238
vt 0.524742901 0.938720047
vt 0.600610435 0.910688519
vt 0.592904508 0.900798261
vt 0.558794856 0.910144627
vt 0.62217176 0.895415783
vt 0.549094439 0.916303933
vt 0.548759222 0.900174379
vt 0.50146842 0.941970348
vt 0.615946293 0.88536185
vt 0.640783906 0.882998586
vt 0.635502219 0.875918388
vt 0.631995022 0.871347427
vt 0.653522849 0.871752143
vt 0.648954988 0.864489853
vt 0.643819869 0.860031068
vt 0.671605885 0.856016338
vt 0.665344656 0.849478006
vt 0.658764482 0.845850408
vt 0.690637589 0.832791567
vt 0.685203731 0.82421267
vt 0.680974483 0.81806922
vt 0.695806384 0.800812542
vt 0.712232947 0.820940375
vt 0.699757695 0.80662787
vt 0.708461285 0.778172135
vt 0.705258727 0.813287735
vt 0.728535652 0.799996853
vt 0.739758313 0.809419751
vt 0.755660415 0.786521673
vt 0.713479936 0.783205032
vt 0.714864135 0.75750947
vt 0.720988512 0.790599287
vt 0.743684471 0.777994871
vt 0.766255558 0.774913549
vt 0.721444368 0.761296153
vt 0.713578105 0.740840912
vt 0.731301069 0.769196868
vt 0.7212708 0.743694425
vt 0.716710269 0.724784017
vt 0.733765244 0.750964761
vt 0.736734271 0.75378722
vt 0.723372936 0.728853405
vt 0.735063791 0.735905111
vt 0.737918675 0.7210536
vt 0.722495854 0.709401429
vt 0.728114545 0.714665055
vt 0.743124247 0.705136359
vt 0.752231359 0.764068067
vt 0.756457388 0.748053908
vt 0.738526225 0.739842594
vt 0.778714001 0.754686356
vt 0.741430163 0.723222077
vt 0.736442685 0.699136972
vt 0.779218137 0.736415505
vt 0.794916809 0.754221737
vt 0.791628361 0.73151201
vt 0.759214878 0.729728937
vt 0.74656415 0.706891298
vt 0.76184839 0.710903823
vt 0.752591074 0.690641403
vt 0.77765286 0.709609985
vt 0.784921348 0.70591104
vt 0.763845325 0.694969714
vt 0.757193267 0.679416299
vt 0.773429215 0.692830861
vt 0.778110921 0.690250576
vt 0.775317132 0.681154728
vt 0.765320182 0.684184313
vt 0.771406949 0.682721317
vt 0.77112323 0.677902818
vt 0.773397923 0.678089917
vt 0.772273362 0.675579727
vt 0.766556382 0.677786291
vt 0.767843008 0.673217773
vt 0.770776331 0.674880683
vt 0.771157801 0.670498013
vt 0.77208066 0.671091139
vt 0.771759212 0.663835108
vt 0.769678235 0.668711483
vt 0.767134011 0.668556392
vt 0.766150177 0.667605639
vt 0.761812985 0.670668721
vt 0.762871087 0.672419488
vt 0.757717609 0.673168302
vt 0.760737181 0.67493391
vt 0.759951055 0.674502552
vt 0.75546205 0.678200185
vt 0.751544416 0.677264273
vt 0.74602747 0.686666369
vt 0.75050199 0.68969661
vt 0.744741261 0.68122685
vt 0.731775343 0.695347548
vt 0.72967279 0.693725049
vt 0.721577704 0.703734159
vt 0.116344191 0.844466329
vt 0.112906799 0.827321231
vt 0.107712038 0.845497131
vt 0.118265681 0.8629812
vt 0.101640061 0.878142834
vt 0.119421497 0.881016612
vt 0.120434403 0.904314995
vt 0.0996809527 0.900923193
vt 0.0999361277 0.929660976
vt 0.12172614 0.926192045
vt 0.103893124 0.951919556
vt 0.124118976 0.952975988
vt 0.126298666 0.988265157
vt 0.103562564 0.971239388
vt 0.0956454501 0.953713179
vt 0.0887561142 0.95544374
vt 0.0925160274 0.933380842
vt 0.0794714987 0.945399165
vt 0.0900422409 0.903027415
vt 0.0984073207 0.877747715
vt 0.0699854419 0.906740606
vt 0.0412728935 0.911092043
vt 0.0676697046 0.878153324
vt 0.0894884467 0.876466393
vt 0.0916079134 0.851200998
vt 0.101245657 0.851750314
vt 0.104193427 0.829422712
vt 0.0388899222 0.87950933
vt 0.0163402688 0.895326197
vt 0.0154458266 0.871671319
vt 0.108523883 0.810010552
vt 0.101350486 0.809081256
vt 0.113761947 0.792939425
vt 0.107285857 0.79207015
vt 0.0940075517 0.787592173
vt 0.118027061 0.776495934
vt 0.111779027 0.776662469
vt 0.10242264 0.772950411
vt 0.120955512 0.762958944
vt 0.115753412 0.762564778
vt 0.109218277 0.759133935
vt 0.118547633 0.745396495
vt 0.123423718 0.749646306
vt 0.119853571 0.747412324
vt 0.123052031 0.743657589
vt 0.124194533 0.745286942
vt 0.126271442 0.746770263
vt 0.130536929 0.740937233
vt 0.131091148 0.74167484
vt 0.131617501 0.742285967
vt 0.136479914 0.738879204
vt 0.469681233 0.917989075
vt 0.469905555 0.914072931
vt 0.465031773 0.915245593
vt 0.467541665 0.918747008
vt 0.460538536 0.922586918
vt 0.472329319 0.92323482
vt 0.465211898 0.923449397
vt 0.459164202 0.930711031
vt 0.459190637 0.932835937
vt 0.471215248 0.928579926
vt 0.464586705 0.931610227
vt 0.482274354 0.932144225
vt 0.481948644 0.92466104
vt 0.464223146 0.936079383
vt 0.470515013 0.9326424
vt 0.463716775 0.939520717
vt 0.471125633 0.93836987
vt 0.481661171 0.936309695
vt 0.498044938 0.927141964
vt 0.494194627 0.92234391
vt 0.506554782 0.914185166
vt 0.500493824 0.931726217
vt 0.501002789 0.936688125
vt 0.519072771 0.930229425
vt 0.514818966 0.925159574
vt 0.511857808 0.920642257
vt 0.516871572 0.902383626
vt 0.530209243 0.915648818
vt 0.525259614 0.910200715
vt 0.532494068 0.901802659
vt 0.528823793 0.887820899
vt 0.539484262 0.907911599
vt 0.539728522 0.893404663
vt 0.556654036 0.868636966
vt 0.547198355 0.862688601
vt 0.566639602 0.873997927
vt 0.579601407 0.854844809
vt 0.569706321 0.847748041
vt 0.56150955 0.842253864
vt 0.587330759 0.840692937
vt 0.578971148 0.83379364
vt 0.570474625 0.828917146
vt 0.588067114 0.82010895
vt 0.595534086 0.827124417
vt 0.581729174 0.813912392
vt 0.603948593 0.812619328
vt 0.596762776 0.80570662
vt 0.590000093 0.800599635
vt 0.59769994 0.788312614
vt 0.603240669 0.79255873
vt 0.609412432 0.796830058
vt 0.605808735 0.775737762
vt 0.614311993 0.784975767
vt 0.610336661 0.780621469
vt 0.617131829 0.765119553
vt 0.752591074 0.690641403
vt 0.757193267 0.679416299
vt 0.75050199 0.68969661
vt 0.74656415 0.706891298
vt 0.743124247 0.705136359
vt 0.741430163 0.723222077
vt 0.737918675 0.7210536
vt 0.738526225 0.739842594
vt 0.735063791 0.735905111
vt 0.736734271 0.75378722
vt 0.733765244 0.750964761
vt 0.731301069 0.769196868
vt 0.405047059 0.160445273
vt 0.432494819 0.139164627
vt 0.408688068 0.136555091
vt 0.420305967 0.120810777
vt 0.442598343 0.12574023
vt 0.426361442 0.113503464
vt 0.447843641 0.117712691
vt 0.432416916 0.10619615
vt 0.453088939 0.109685153
vt 0.445176631 0.0960436463
vt 0.461114615 0.0995405242
vt 0.469140291 0.0893958956
vt 0.457936347 0.0858911499
vt 0.471475303 0.0762025639
vt 0.477077276 0.077954933
vt 0.48501426 0.0665139779
vt 0.379048586 0.176385075
vt 0.385511696 0.154499114
vt 0.361501098 0.174056247
vt 0.357887983 0.184918821
vt 0.377512693 0.184599802
vt 0.474570692 0.0109049901
vt 0.476607263 0.0214086901
vt 0.48227483 0.0189926699
vt 0.486417383 0.0254055187
vt 0.490559936 0.0318183675
vt 0.479080468 0.0344083756
vt 0.495624125 0.0433835238
vt 0.481553227 0.0445904694
vt 0.498439491 0.0529922247
vt 0.483434916 0.0526389889
vt 0.499995828 0.0601637289
vt 0.48501426 0.0665139779
vt 0.499998868 0.0683956891
vt 0.431918561 0.164262101
vt 0.405047059 0.160445273
vt 0.390810847 0.18399173
vt 0.415122151 0.184994876
vt 0.434812009 0.185815722
vt 0.450964749 0.165393502
vt 0.452315629 0.142285541
vt 0.45005089 0.186183065
vt 0.46578151 0.142607674
vt 0.46269536 0.125779703
vt 0.466509342 0.165494069
vt 0.46550411 0.185591221
vt 0.48307842 0.124546431
vt 0.468270659 0.117448732
vt 0.484410107 0.165693268
vt 0.483943224 0.185029939
vt 0.5 0.165212125
vt 0.50000006 0.185018107
vt 0.516056895 0.185029909
vt 0.48373419 0.14283067
vt 0.5 0.123738393
vt 0.484141231 0.109527521
vt 0.473845959 0.109117769
vt 0.477618098 0.0982584357
vt 0.5 0.108562589
vt 0.49999994 0.086838387
vt 0.515858769 0.109527498
vt 0.481390238 0.0873991102
vt 0.483202249 0.0769565403
vt 0.5 0.142741814
vt 0.516265869 0.142830655
vt 0.51692158 0.124546424
vt 0.499998868 0.0683956891
vt 0.48501426 0.0665139779
vt 0.515589893 0.165693238
vt 0.53449595 0.185591161
vt 0.533490717 0.165494025
vt 0.549949169 0.186182976
vt 0.53421849 0.142607629
vt 0.549035311 0.165393427
vt 0.56518811 0.185815617
vt 0.53730464 0.125779644
vt 0.547684371 0.142285466
vt 0.526153922 0.109117717
vt 0.522381783 0.098258391
vt 0.518609643 0.0873990729
vt 0.568081498 0.164261982
vt 0.584877908 0.184994727
vt 0.609189212 0.183991536
vt 0.594953001 0.160445109
vt 0.521259785 0.0770171583
vt 0.514984071 0.0665130764
vt 0.499995828 0.0601637289
vt 0.533349335 0.0699812919
vt 0.538219392 0.0571520329
vt 0.516618848 0.0533543974
vt 0.501959383 0.052376058
vt 0.542063475 0.0858909935
vt 0.518989444 0.0452825278
vt 0.504873753 0.0428410955
vt 0.542394221 0.072585389
vt 0.521491945 0.0349373035
vt 0.509396195 0.0326573662
vt 0.561954916 0.0885668546
vt 0.554823279 0.0960435122
vt 0.567583025 0.106196024
vt 0.534584939 0.0452410802
vt 0.523160815 0.0219537411
vt 0.51356101 0.0258253776
vt 0.517725766 0.018993387
vt 0.525432348 0.0109023824
vt 0.534205317 0.0336357616
vt 0.531281292 0.0241631623
vt 0.5336622 0.0202349052
vt 0.537260771 0.0247443579
vt 0.540859342 0.0292538106
vt 0.541738153 0.0348674506
vt 0.542616904 0.0404810868
vt 0.553080082 0.0391202569
vt 0.550830603 0.0336464122
vt 0.555477262 0.0301122945
vt 0.545814157 0.0569779091
vt 0.567131102 0.0303364079
vt 0.56012398 0.0265781768
vt 0.579545498 0.0189895071
vt 0.57201916 0.0316299312
vt 0.564418375 0.0441201329
vt 0.577136636 0.0325460993
vt 0.574105978 0.0449904762
vt 0.583404422 0.033601258
vt 0.58399272 0.0382840037
vt 0.584581077 0.0429667495
vt 0.582951128 0.0586076267
vt 0.585193098 0.0502732284
vt 0.589908481 0.0447909161
vt 0.559999168 0.0583666041
vt 0.57347554 0.0612388775
vt 0.560868263 0.0739260539
vt 0.573847175 0.0742192119
vt 0.57290554 0.0899575427
vt 0.596090138 0.0463245735
vt 0.597093761 0.0578515083
vt 0.592379451 0.0384685583
vt 0.578893304 0.0740289986
vt 0.584487498 0.104873583
vt 0.579693973 0.120810643
vt 0.588402629 0.11839065
vt 0.591311932 0.136554942
vt 0.580258667 0.0929807201
vt 0.580538034 0.0834087655
vt 0.598953128 0.0835291743
vt 0.590719879 0.0904954523
vt 0.604053915 0.0970927253
vt 0.593120813 0.0725396201
vt 0.602575421 0.0704658329
vt 0.610278308 0.079636097
vt 0.613831639 0.0863493234
vt 0.617319465 0.0943014324
vt 0.616894901 0.108211771
vt 0.622160196 0.104809977
vt 0.629212379 0.122719511
vt 0.604822218 0.0573656075
vt 0.608641684 0.0709382743
vt 0.620933354 0.0853941962
vt 0.614707947 0.0714107081
vt 0.610914946 0.0579685308
vt 0.607940912 0.0473372079
vt 0.611945629 0.0478104763
vt 0.609861612 0.0424390882
vt 0.611618578 0.0436154865
vt 0.617118359 0.0380178504
vt 0.602606475 0.047186967
vt 0.599460006 0.0403191149
vt 0.611297309 0.0364814252
vt 0.612365127 0.0216680206
vt 0.604660809 0.0413791016
vt 0.607087255 0.0354850851
vt 0.602829933 0.0343136564
vt 0.593808174 0.0338206738
vt 0.602022052 0.0270025637
vt 0.379048586 0.176385075
vt 0.377512693 0.184599802
vt 0.390810847 0.18399173
vt 0.405047059 0.160445273
vt 0.385511696 0.154499114
vt 0.408688068 0.136555091
vt 0.391035914 0.132231638
vt 0.396742433 0.11594934
vt 0.411597341 0.118390799
vt 0.404900372 0.102634609
vt 0.415512472 0.104873747
vt 0.408816606 0.0973127931
vt 0.414122641 0.0984323621
vt 0.41273284 0.091990985
vt 0.361501098 0.174056247
vt 0.385511696 0.154499114
vt 0.36803627 0.1473694
vt 0.391035914 0.132231638
vt 0.370787621 0.122719742
vt 0.396742433 0.11594934
vt 0.383105069 0.108211987
vt 0.395946026 0.0970929042
vt 0.404900372 0.102634609
vt 0.408816606 0.0973127931
vt 0.404339433 0.0945419446
vt 0.41273284 0.091990985
vt 0.405047059 0.160445273
vt 0.431918561 0.164262101
vt 0.432494819 0.139164627
vt 0.452315629 0.142285541
vt 0.442598343 0.12574023
vt 0.46269536 0.125779703
vt 0.447843641 0.117712691
vt 0.468270659 0.117448732
vt 0.453088939 0.109685153
vt 0.473845959 0.109117769
vt 0.461114615 0.0995405242
vt 0.477618098 0.0982584357
vt 0.469140291 0.0893958956
vt 0.481390238 0.0873991102
vt 0.477077276 0.077954933
vt 0.483202249 0.0769565403
vt 0.48501426 0.0665139779
vt 0.408688068 0.136555091
vt 0.420305967 0.120810777
vt 0.411597341 0.118390799
vt 0.415512472 0.104873747
vt 0.426361442 0.113503464
vt 0.432416916 0.10619615
vt 0.427094281 0.0899576768
vt 0.414122641 0.0984323621
vt 0.41273284 0.091990985
vt 0.438044906 0.0885669887
vt 0.445176631 0.0960436463
vt 0.457936347 0.0858911499
vt 0.419461846 0.0834089071
vt 0.401046753 0.0835293457
vt 0.404339433 0.0945419446
vt 0.395946026 0.0970929042
vt 0.421106607 0.0740291327
vt 0.426152706 0.0742193386
vt 0.417048812 0.0586077683
vt 0.426524341 0.0612390041
vt 0.425893843 0.0449905992
vt 0.439131618 0.0739261582
vt 0.457605422 0.0725855827
vt 0.440000653 0.058366701
vt 0.466650188 0.0699815676
vt 0.471475303 0.0762025639
vt 0.464907467 0.0560579598
vt 0.483434916 0.0526389889
vt 0.481553227 0.0445904694
vt 0.454195738 0.0569294915
vt 0.444697499 0.0398995653
vt 0.435581446 0.0441202484
vt 0.467089683 0.0445525274
vt 0.479080468 0.0344083756
vt 0.456947029 0.0405260734
vt 0.448602676 0.0339217372
vt 0.457851321 0.0352111198
vt 0.444239259 0.0302500278
vt 0.466851562 0.0333943367
vt 0.458755612 0.0298961643
vt 0.476607263 0.0214086901
vt 0.46254012 0.0250976011
vt 0.469930232 0.0244502854
vt 0.474570692 0.0109049901
vt 0.466324627 0.0202990379
vt 0.432868779 0.0303365402
vt 0.439875841 0.0265783183
vt 0.420454323 0.0189896412
vt 0.427980721 0.0316300578
vt 0.422863245 0.0325462371
vt 0.41659534 0.0336013325
vt 0.416007042 0.0382841155
vt 0.415418744 0.0429668948
vt 0.414806724 0.0502733588
vt 0.41009146 0.0447910689
vt 0.403909773 0.0463247411
vt 0.397393376 0.0471871421
vt 0.407632709 0.0384730175
vt 0.400539845 0.04031929
vt 0.40290615 0.0578516722
vt 0.397169918 0.0343138389
vt 0.406191707 0.0338208526
vt 0.397754103 0.0271757338
vt 0.387634635 0.0216682199
vt 0.392912537 0.0354852714
vt 0.395593405 0.0415073559
vt 0.390646935 0.042695418
vt 0.388702512 0.0364816152
vt 0.383930773 0.0380903333
vt 0.388278455 0.0439841896
vt 0.388054222 0.0478109866
vt 0.392058909 0.0473370627
vt 0.389084935 0.0579687208
vt 0.395177692 0.0573657788
vt 0.391358197 0.0709384605
vt 0.385291964 0.0714109093
vt 0.379066467 0.085394904
vt 0.397424459 0.0704660118
vt 0.406879097 0.0725397766
vt 0.389721632 0.0796362758
vt 0.386168212 0.0863495246
vt 0.382680506 0.0943016559
vt 0.383105069 0.108211987
vt 0.377839744 0.104810193
vt 0.370787621 0.122719742
vt 0.594953001 0.160445109
vt 0.591311932 0.136554942
vt 0.567505181 0.139164507
vt 0.579693973 0.120810643
vt 0.557401597 0.125740141
vt 0.567583025 0.106196024
vt 0.546910942 0.109685063
vt 0.538885236 0.0995404571
vt 0.554823279 0.0960435122
vt 0.53085959 0.0893958434
vt 0.542063475 0.0858909935
vt 0.521259785 0.0770171583
vt 0.620951474 0.176384851
vt 0.638499022 0.174055994
vt 0.614488304 0.154498905
vt 0.642112076 0.184918568
vt 0.622487366 0.184599578
vt 0.620951474 0.176384851
vt 0.609189212 0.183991536
vt 0.622487366 0.184599578
vt 0.594953001 0.160445109
vt 0.614488304 0.154498905
vt 0.591311932 0.136554942
vt 0.608964086 0.132231429
vt 0.603257537 0.115949146
vt 0.588402629 0.11839065
vt 0.595099568 0.102634437
vt 0.584487498 0.104873583
vt 0.587369978 0.0939917117
vt 0.580258667 0.0929807201
vt 0.580538034 0.0834087655
vt 0.638499022 0.174055994
vt 0.63196373 0.147369161
vt 0.614488304 0.154498905
vt 0.608964086 0.132231429
vt 0.629212379 0.122719511
vt 0.603257537 0.115949146
vt 0.616894901 0.108211771
vt 0.604053915 0.0970927253
vt 0.595099568 0.102634437
vt 0.587369978 0.0939917117
vt 0.590719879 0.0904954523
vt 0.580538034 0.0834087655
vt 0.594953001 0.160445109
vt 0.567505181 0.139164507
vt 0.568081498 0.164261982
vt 0.547684371 0.142285466
vt 0.557401597 0.125740141
vt 0.53730464 0.125779644
vt 0.546910942 0.109685063
vt 0.526153922 0.109117717
vt 0.522381783 0.098258391
vt 0.538885236 0.0995404571
vt 0.53085959 0.0893958434
vt 0.518609643 0.0873990729
vt 0.521259785 0.0770171583
vt 0.929784536 0.835346997
vt 0.935110569 0.843090117
vt 0.938923419 0.835346997
vt 0.92894578 0.824837685
vt 0.939571083 0.823201597
vt 0.928204954 0.803972483
vt 0.941732526 0.803586841
vt 0.934431016 0.699958205
vt 0.932244539 0.70395577
vt 0.935093224 0.717396319
vt 0.933223605 0.729400635
vt 0.930743515 0.729266703
vt 0.927463114 0.745256901
vt 0.934431016 0.699958205
vt 0.935093224 0.717396319
vt 0.939748108 0.718403935
vt 0.94125843 0.729094326
vt 0.933223605 0.729400635
vt 0.939623177 0.743744135
vt 0.927463114 0.745256901
vt 0.9263556 0.757302582
vt 0.918489873 0.743000865
vt 0.925796628 0.72874403
vt 0.930743515 0.729266703
vt 0.928399384 0.717238307
vt 0.932244539 0.70395577
vt 0.927058041 0.71226269
vt 0.922698498 0.717689514
vt 0.916442513 0.726030409
vt 0.909287155 0.739344358
vt 0.904750288 0.753221571
vt 0.915691197 0.756178141
vt 0.902826548 0.771757662
vt 0.915013671 0.771757662
vt 0.902663589 0.788453519
vt 0.915252686 0.788453519
vt 0.905379772 0.803972483
vt 0.925858915 0.771969378
vt 0.915818036 0.803972483
vt 0.911381841 0.824837685
vt 0.9273265 0.787131369
vt 0.919324934 0.824837685
vt 0.91571635 0.835346997
vt 0.922164738 0.835346878
vt 0.935110569 0.843090117
vt 0.929784536 0.835346997
vt 0.92894578 0.824837685
vt 0.928204954 0.803972483
vt 0.941732526 0.803586841
vt 0.941633284 0.788990736
vt 0.941218972 0.773307145
vt 0.939445376 0.757391632
vt 0.95391351 0.788747251
vt 0.954350531 0.772487819
vt 0.953352034 0.75667882
vt 0.94951117 0.741076887
vt 0.949358404 0.727509797
vt 0.942186952 0.728900433
vt 0.941926897 0.718916059
vt 0.951862693 0.80367595
vt 0.939571083 0.823201597
vt 0.946487784 0.71715194
vt 0.94156599 0.702737629
vt 0.949935198 0.708776474
vt 0.951651752 0.719536781
vt 0.958164513 0.705178082
vt 0.957996607 0.720056295
vt 0.958174944 0.727027237
vt 0.958092809 0.738919497
vt 0.962390542 0.754814923
vt 0.966303706 0.771757662
vt 0.967330694 0.788453519
vt 0.966282547 0.803972483
vt 0.948833168 0.822944224
vt 0.960325241 0.822870135
vt 0.938923419 0.835346997
vt 0.947346032 0.835203528
vt 0.954784453 0.834968209
vt 0.922836363 0.0917948633
vt 0.909626067 0.0742554814
vt 0.91079402 0.0918159038
vt 0.923571169 0.0736570507
vt 0.937419951 0.0753815919
vt 0.934839785 0.0927923471
vt 0.909487128 0.0616700463
vt 0.912499249 0.0592880659
vt 0.911834598 0.0554047637
vt 0.908211708 0.0568710975
vt 0.911524117 0.0515354089
vt 0.891755939 0.0598291568
vt 0.891291797 0.0654732436
vt 0.869417489 0.0660258979
vt 0.908099592 0.0524354987
vt 0.891317904 0.0543843322
vt 0.872313678 0.0603545122
vt 0.908238411 0.0299838576
vt 0.911780119 0.0318150297
vt 0.868178368 0.0378999487
vt 0.864274025 0.0377370492
vt 0.870094061 0.0121097956
vt 0.889751434 0.0391940847
vt 0.908647656 0.0254078303
vt 0.912476301 0.0279601011
vt 0.913561344 0.0243392978
vt 0.911126316 0.0212939177
vt 0.891365051 0.0244152341
vt 0.892136455 0.0191791449
vt 0.892701566 0.0144359861
vt 0.872209787 0.0166833196
vt 0.874462605 0.0224431548
vt 0.872292817 0.0379732028
vt 0.874749959 0.0555822663
vt 0.912476301 0.0279601011
vt 0.925538898 0.0254695807
vt 0.913561344 0.0243392978
vt 0.925541401 0.0291892085
vt 0.925543904 0.0324862376
vt 0.911780119 0.0318150297
vt 0.938604832 0.0279428754
vt 0.937513769 0.0243236218
vt 0.939306855 0.0317961946
vt 0.9255566 0.0512878112
vt 0.911524117 0.0515354089
vt 0.925558865 0.0547351651
vt 0.939589322 0.0515157394
vt 0.911834598 0.0554047637
vt 0.939283967 0.0553849153
vt 0.912499249 0.0592880659
vt 0.938624799 0.0592689328
vt 0.925561547 0.0584150366
vt 0.907997191 0.0943813473
vt 0.91079402 0.0918159038
vt 0.909626067 0.0742554814
vt 0.906142294 0.0731691867
vt 0.889532626 0.0879326016
vt 0.893103302 0.102433927
vt 0.876056671 0.10800989
vt 0.889450729 0.0731699616
vt 0.87247467 0.0913726836
vt 0.871905208 0.072259441
vt 0.941639721 0.0616468005
vt 0.939283967 0.0553849153
vt 0.938624799 0.0592689328
vt 0.942908704 0.0568461232
vt 0.939589322 0.0515157394
vt 0.959367633 0.0597808175
vt 0.959838927 0.0654242486
vt 0.981706798 0.0659499019
vt 0.94301486 0.0524105839
vt 0.959798872 0.0543356948
vt 0.978808224 0.0602813773
vt 0.94284606 0.0299602542
vt 0.939306855 0.0317961946
vt 0.98291713 0.0378185287
vt 0.986821115 0.0376507416
vt 0.980970323 0.0120305214
vt 0.961345851 0.0391433612
vt 0.942429066 0.0253852401
vt 0.938604832 0.0279428754
vt 0.937513769 0.0243236218
vt 0.939943254 0.0212754998
vt 0.959711134 0.0243664775
vt 0.95893079 0.0191314612
vt 0.958355963 0.0143891964
vt 0.978857577 0.0166070256
vt 0.976610661 0.0223701391
vt 0.9788028 0.0378973857
vt 0.976368129 0.0555116944
vt 0.937421799 0.0955744535
vt 0.937419951 0.0753815919
vt 0.934839785 0.0927923471
vt 0.940978765 0.0745805651
vt 0.95634675 0.0906293541
vt 0.951623976 0.104797319
vt 0.968168914 0.111722313
vt 0.957613707 0.0759206563
vt 0.973074138 0.0954265147
vt 0.975175023 0.0764209181
vt 0.183544472 0.164205879
vt 0.175204754 0.167989537
vt 0.172041297 0.175687402
vt 0.167321295 0.172408134
vt 0.166356802 0.182252079
vt 0.170297176 0.182015374
vt 0.159805253 0.178830564
vt 0.168919459 0.189283401
vt 0.161632299 0.189721659
vt 0.153264448 0.183705896
vt 0.144962683 0.194070429
vt 0.154762492 0.203615233
vt 0.167130008 0.200570136
vt 0.158668831 0.220010325
vt 0.168797612 0.215157315
vt 0.163521901 0.234518468
vt 0.177046433 0.226416469
vt 0.18573755 0.233147413
vt 0.15784885 0.236795902
vt 0.169045433 0.244857907
vt 0.150748149 0.22743319
vt 0.177963316 0.251050591
vt 0.196895018 0.251465678
vt 0.190150648 0.259895563
vt 0.199061483 0.239578977
vt 0.148859873 0.214867428
vt 0.134434938 0.220533982
vt 0.140819103 0.20468916
vt 0.128753036 0.205682084
vt 0.120727137 0.211490378
vt 0.110648617 0.211201116
vt 0.110648617 0.186519161
vt 0.0925442129 0.205682084
vt 0.10057009 0.211490378
vt 0.135412171 0.191457823
vt 0.151135132 0.178848848
vt 0.0804781765 0.20468916
vt 0.0868623704 0.220533982
vt 0.0724374056 0.214867428
vt 0.0705491081 0.22743319
vt 0.0763345659 0.194070429
vt 0.0665347576 0.203615233
vt 0.143166989 0.17532669
vt 0.154193208 0.172555879
vt 0.0626284108 0.220010325
vt 0.0634484142 0.236795902
vt 0.147255212 0.170556754
vt 0.157251284 0.16626291
vt 0.0554816388 0.233257189
vt 0.0522517711 0.244857907
vt 0.035559725 0.233147413
vt 0.0433339141 0.251050591
vt 0.0212901533 0.251465648
vt 0.0390566587 0.25684616
vt 0.0211667605 0.239578977
vt 0.0524996743 0.215157315
vt 0.044252906 0.226416826
vt 0.0541672781 0.200570136
vt 0.0523816459 0.189022675
vt 0.0593399256 0.189358264
vt 0.068032749 0.183705896
vt 0.0612034313 0.179057807
vt 0.0548410937 0.182767004
vt 0.0509687699 0.18263635
vt 0.0538369715 0.172697157
vt 0.0494580194 0.176844448
vt 0.0461389646 0.167829871
vt 0.0377527811 0.164205879
vt 0.0701620877 0.178848848
vt 0.0858850777 0.191457823
vt 0.0781302825 0.17532669
vt 0.0671040416 0.172555879
vt 0.0740420222 0.170556754
vt 0.0640459955 0.16626291
vt 0.0832798034 0.170237228
vt 0.0908402726 0.175215721
vt 0.0777150765 0.16678983
vt 0.101018921 0.170972183
vt 0.0885146335 0.166300863
vt 0.069953762 0.165786803
vt 0.0721503496 0.163342446
vt 0.0629711151 0.159367889
vt 0.0559884757 0.152948976
vt 0.0964001343 0.162257642
vt 0.0861889943 0.157386005
vt 0.091781348 0.153543085
vt 0.0847610533 0.151749626
vt 0.088712275 0.149320215
vt 0.0833331198 0.146113247
vt 0.0856432021 0.14509736
vt 0.0810274556 0.139179975
vt 0.0871705636 0.143830732
vt 0.0874641389 0.143865287
vt 0.0915794596 0.148599148
vt 0.0924616978 0.149197102
vt 0.0959883556 0.153367549
vt 0.0974592566 0.154528901
vt 0.100360587 0.15860635
vt 0.101712652 0.159138769
vt 0.10418456 0.163620055
vt 0.106520817 0.164685652
vt 0.11064864 0.173675194
vt 0.110648617 0.168815434
vt 0.114741601 0.164544582
vt 0.117510423 0.163561672
vt 0.119506113 0.15883854
vt 0.120433867 0.169712022
vt 0.121036664 0.158666059
vt 0.123139441 0.154209211
vt 0.125175729 0.1535144
vt 0.128483862 0.148874789
vt 0.130389988 0.175504446
vt 0.137971312 0.170249954
vt 0.143559098 0.166796207
vt 0.132715538 0.166248918
vt 0.1491469 0.163342446
vt 0.124983341 0.161632046
vt 0.135041088 0.156993389
vt 0.129532799 0.15355207
vt 0.136506528 0.151477724
vt 0.15134345 0.165786803
vt 0.158326104 0.159367889
vt 0.165308759 0.152948976
vt 0.129650682 0.148656338
vt 0.133828267 0.143540353
vt 0.132468611 0.149218231
vt 0.137971967 0.145962045
vt 0.13412562 0.143798292
vt 0.140262306 0.139175981
vt 0.135404408 0.144884378
vt 0.7301144 0.171166494
vt 0.73488605 0.177999631
vt 0.738537192 0.171146318
vt 0.731542528 0.183258966
vt 0.71593219 0.174786896
vt 0.720501661 0.186282381
vt 0.732838869 0.190015063
vt 0.737486362 0.191438362
vt 0.736587584 0.195053309
vt 0.733646035 0.20028837
vt 0.722758591 0.195033804
vt 0.733177304 0.205083534
vt 0.722943842 0.210516155
vt 0.736721933 0.212124869
vt 0.740888119 0.218955994
vt 0.702786922 0.190134957
vt 0.707386851 0.204027772
vt 0.687707305 0.195506155
vt 0.697248638 0.171604633
vt 0.682625651 0.169833884
vt 0.670781851 0.195171401
vt 0.710576236 0.153511852
vt 0.69063586 0.148835182
vt 0.724145591 0.155224726
vt 0.724875748 0.134223059
vt 0.738537192 0.171146318
vt 0.73575145 0.154597998
vt 0.735065162 0.134691179
vt 0.740515769 0.115374044
vt 0.713831007 0.132315263
vt 0.719960093 0.112120353
vt 0.70603025 0.132924736
vt 0.730324805 0.11382927
vt 0.737807453 0.0962576568
vt 0.729800999 0.0928508565
vt 0.744973898 0.104368947
vt 0.742900908 0.0877588168
vt 0.736245513 0.0839245394
vt 0.74739325 0.0934268162
vt 0.75306803 0.0982561857
vt 0.74756968 0.0806635916
vt 0.74188143 0.0767537281
vt 0.752737463 0.0863566846
vt 0.75653857 0.0904333666
vt 0.758836746 0.0928025246
vt 0.747877657 0.0722047016
vt 0.75221467 0.0762716234
vt 0.744855046 0.0667793676
vt 0.736136675 0.0738393739
vt 0.751298785 0.0641944408
vt 0.753766239 0.0693059415
vt 0.75708133 0.0623186789
vt 0.756820917 0.0801552013
vt 0.758821309 0.0667042732
vt 0.76137495 0.0613040142
vt 0.757107377 0.072091341
vt 0.762658656 0.0646603554
vt 0.765263736 0.0610717908
vt 0.761352897 0.0686317533
vt 0.766052604 0.063072674
vt 0.771044731 0.061102856
vt 0.76470381 0.0658442155
vt 0.76079005 0.0749978721
vt 0.764059007 0.0705487728
vt 0.767450094 0.0636240989
vt 0.763766408 0.0772210807
vt 0.766594887 0.0671009123
vt 0.768840015 0.0640457943
vt 0.766318262 0.0725702569
vt 0.768221021 0.0688931197
vt 0.769709647 0.0653121546
vt 0.77049154 0.0663425624
vt 0.771737814 0.0668716133
vt 0.769787848 0.0703649744
vt 0.771746993 0.0709521621
vt 0.768611908 0.0744703189
vt 0.771372557 0.075629212
vt 0.766648531 0.0794146135
vt 0.769752204 0.0819536373
vt 0.759943664 0.0832635909
vt 0.762854636 0.0863278434
vt 0.766888022 0.0883681178
vt 0.761036932 0.0952644572
vt 0.195520788 0.0965711102
vt 0.184711576 0.0938013047
vt 0.197118431 0.111906134
vt 0.183635831 0.0819088593
vt 0.194369137 0.0824573413
vt 0.193434298 0.0692628995
vt 0.165966377 0.0841488093
vt 0.163578033 0.101772353
vt 0.169992998 0.067112416
vt 0.183312863 0.0697209686
vt 0.172664806 0.0557032302
vt 0.192366868 0.0564203262
vt 0.1838184 0.0568895191
vt 0.17653212 0.043387793
vt 0.185046434 0.0441471636
vt 0.191566154 0.0440954417
vt 0.191244736 0.0326548368
vt 0.186974257 0.0323702917
vt 0.181355819 0.0315753855
vt 0.18965435 0.0216469616
vt 0.191696107 0.0218934081
vt 0.186896876 0.0210805535
vt 0.192791194 0.0112964092
vt 0.28439346 0.0135678891
vt 0.282234728 0.0212894026
vt 0.287799895 0.0220284984
vt 0.279718429 0.0318182893
vt 0.287077278 0.0325131901
vt 0.284792542 0.0437683016
vt 0.277076781 0.043216221
vt 0.291084617 0.0216728672
vt 0.293273062 0.0118739093
vt 0.284255713 0.0486206226
vt 0.275872082 0.0480616651
vt 0.283718884 0.0534729436
vt 0.274667382 0.0529071093
vt 0.282315552 0.063077122
vt 0.271603853 0.0621896759
vt 0.268056512 0.0746481642
vt 0.288459718 0.0528637171
vt 0.287811458 0.0477220267
vt 0.280688375 0.0742629021
vt 0.26394394 0.091178
vt 0.287163198 0.0425803326
vt 0.291318327 0.041953709
vt 0.292093009 0.0523968153
vt 0.287513584 0.0623604283
vt 0.27864939 0.0888811797
vt 0.262560755 0.098256819
vt 0.273334056 0.10773129
vt 0.286394417 0.0736660361
vt 0.29097417 0.0731869936
vt 0.291765451 0.0617741942
vt 0.28501001 0.0885776281
vt 0.284677446 0.101052627
vt 0.275202662 0.115150087
vt 0.297734767 0.0608848073
vt 0.289907992 0.0883438736
vt 0.286938667 0.120230332
vt 0.275280714 0.12184716
vt 0.279712915 0.136889845
vt 0.288378447 0.103154369
vt 0.299486041 0.0873528272
vt 0.298331916 0.0717084184
vt 0.28930375 0.138348728
vt 0.289192289 0.118511371
vt 0.29979682 0.12150351
vt 0.299934149 0.104632974
vt 0.281776607 0.153297856
vt 0.276866257 0.151856691
vt 0.27247718 0.168066874
vt 0.269640565 0.150592819
vt 0.262699246 0.165064588
vt 0.262765288 0.176903591
vt 0.270017654 0.184351891
vt 0.261282623 0.188276097
vt 0.26269114 0.205848485
vt 0.257293761 0.205242798
vt 0.256135225 0.218760371
vt 0.272808343 0.20554617
vt 0.279387981 0.184991717
vt 0.283286363 0.164908856
vt 0.293395519 0.187511548
vt 0.289443433 0.196274832
vt 0.305280745 0.194841713
vt 0.299461871 0.169421241
vt 0.31440556 0.174151227
vt 0.326142371 0.19731459
vt 0.302995116 0.151149973
vt 0.303842306 0.137178198
vt 0.318962991 0.150752276
vt 0.330047488 0.176675394
vt 0.318480492 0.134465903
vt 0.34785068 0.176564232
vt 0.343929768 0.190923661
vt 0.33350426 0.151214242
vt 0.351050109 0.153722122
vt 0.332343131 0.128492326
vt 0.347373873 0.123664819
vt 0.316470295 0.118227556
vt 0.326994181 0.110660613
vt 0.341038167 0.105959252
vt 0.336394727 0.0929829329
vt 0.323937923 0.098662965
vt 0.334247202 0.0873553604
vt 0.332467079 0.0826905966
vt 0.313115478 0.102127656
vt 0.320009172 0.0848625749
vt 0.309437603 0.0869080275
vt 0.306771666 0.0702598095
vt 0.324732214 0.0675838143
vt 0.33311379 0.0663350224
vt 0.316295683 0.0688408017
vt 0.320171446 0.0575419143
vt 0.32713896 0.05650381
vt 0.304694295 0.0598478951
vt 0.313902527 0.058475934
vt 0.316060722 0.0488258153
vt 0.321897984 0.0479561016
vt 0.31034407 0.0496775508
vt 0.313570023 0.0441796742
vt 0.318977028 0.0433740653
vt 0.303622395 0.050679028
vt 0.306531608 0.0402111039
vt 0.311079323 0.0395335332
vt 0.316056073 0.038792029
vt 0.297211379 0.0516342185
vt 0.300783217 0.0410675704
vt 0.295935094 0.0417899042
vt 0.30242905 0.0302353203
vt 0.305932462 0.0297133401
vt 0.310323566 0.029059099
vt 0.300893843 0.0206442475
vt 0.303414941 0.0202686265
vt 0.294784248 0.0313743427
vt 0.298340201 0.0210247189
vt 0.298371583 0.030839853
vt 0.29633671 0.0213232283
vt 0.293808728 0.022194244
vt 0.291415155 0.0318763144
vt 0.72116816 0.0833478421
vt 0.722458959 0.0699686483
vt 0.712357581 0.0708521456
vt 0.711470902 0.0605628453
vt 0.7213462 0.0588940419
vt 0.719187498 0.0470741577
vt 0.710263789 0.048998557
vt 0.716439128 0.0371371917
vt 0.7089082 0.0389413573
vt 0.712771833 0.0282421596
vt 0.707817733 0.070428282
vt 0.706851065 0.0600659922
vt 0.705221295 0.0491993204
vt 0.709471583 0.0828527659
vt 0.717654347 0.0891824737
vt 0.699756145 0.059302941
vt 0.701673508 0.0823147595
vt 0.709221005 0.0890224203
vt 0.708970368 0.0951920748
vt 0.701288342 0.0698186755
vt 0.702332973 0.0942110568
vt 0.705126286 0.111450359
vt 0.692057729 0.111172542
vt 0.693861544 0.0775623545
vt 0.693118691 0.0928491652
vt 0.689710379 0.130723387
vt 0.679552913 0.146872401
vt 0.677980661 0.128163144
vt 0.667200863 0.170186058
vt 0.663731694 0.146882176
vt 0.650857449 0.172390506
vt 0.653803706 0.191224813
vt 0.647157252 0.15067485
vt 0.663109004 0.125997081
vt 0.646003425 0.127071708
vt 0.679571033 0.109637722
vt 0.665786147 0.105201326
vt 0.650351465 0.112095848
vt 0.653538108 0.101120107
vt 0.68185395 0.0911842063
vt 0.669353962 0.0894728899
vt 0.68290782 0.0795411468
vt 0.672003388 0.0779294372
vt 0.658420801 0.0857176557
vt 0.655240357 0.0888777375
vt 0.656651437 0.0787298903
vt 0.662261546 0.0764895827
vt 0.657271326 0.0633128509
vt 0.683659732 0.0672131255
vt 0.673437238 0.0657022148
vt 0.666374803 0.0646583587
vt 0.669423819 0.0548197478
vt 0.662918925 0.0538583063
vt 0.67462188 0.0555880293
vt 0.67264843 0.0454450846
vt 0.668194175 0.0447867289
vt 0.693358064 0.0686465576
vt 0.683389962 0.0568839759
vt 0.691669583 0.0581077263
vt 0.676567793 0.0460243672
vt 0.675976276 0.0383429453
vt 0.671889484 0.0377389044
vt 0.683603704 0.0470643044
vt 0.678861082 0.0387693085
vt 0.69850564 0.0497311428
vt 0.680006027 0.0283533372
vt 0.676609337 0.0278513003
vt 0.690384388 0.0480664968
vt 0.684046447 0.0395357311
vt 0.682064831 0.0286576338
vt 0.683607459 0.019067537
vt 0.681942523 0.0188214593
vt 0.689015508 0.00996277761
vt 0.684895575 0.0192579217
vt 0.685568571 0.0291754995
vt 0.68976903 0.0403815433
vt 0.687150717 0.0195912365
vt 0.688857615 0.02966162
vt 0.697226286 0.0412515849
vt 0.689100206 0.0198793728
vt 0.694476783 0.0304921512
vt 0.702972949 0.0403363705
vt 0.691534936 0.0202392358
vt 0.694642603 0.0198370405
vt 0.699730039 0.019178601
vt 0.699895382 0.0298728123
vt 0.705663025 0.028895501
vt 0.707684636 0.0190201718
vt 0.699862599 0.0109772487
vt 0.238622397 0.867345214
vt 0.225729227 0.861021996
vt 0.232168809 0.876511931
vt 0.244337082 0.881438971
vt 0.276237577 0.886665165
vt 0.266575277 0.894286394
vt 0.286298692 0.896330237
vt 0.257305801 0.887974441
vt 0.265082926 0.88329035
vt 0.250874937 0.876009405
vt 0.244337082 0.881438971
vt 0.238622397 0.867345214
vt 0.264098316 0.905700862
vt 0.27547732 0.910525978
vt 0.266575277 0.894286394
vt 0.257305801 0.887974441
vt 0.255667686 0.893513262
vt 0.244337082 0.881438971
vt 0.244337082 0.881438971
vt 0.249410674 0.897743762
vt 0.255667686 0.893513262
vt 0.264098316 0.905700862
vt 0.257395893 0.912788987
vt 0.270413607 0.920725465
vt 0.27547732 0.910525978
vt 0.279046625 0.921089888
vt 0.250874937 0.876009405
vt 0.252057821 0.870316088
vt 0.238622397 0.867345214
vt 0.263356388 0.869241595
vt 0.266419351 0.875974536
vt 0.271503896 0.868318975
vt 0.279477924 0.868528187
vt 0.278226644 0.878592253
vt 0.296869129 0.874305546
vt 0.288669735 0.879285574
vt 0.30652526 0.885074914
vt 0.298142135 0.886997938
vt 0.30903548 0.893688321
vt 0.300852478 0.894117892
vt 0.260744423 0.86142987
vt 0.263356388 0.869241595
vt 0.271503896 0.868318975
vt 0.270441055 0.857869089
vt 0.252273917 0.857627928
vt 0.253554851 0.846566975
vt 0.245405614 0.844562352
vt 0.232550547 0.850532889
vt 0.237256378 0.842557728
vt 0.229660213 0.845070541
vt 0.219977885 0.848624349
vt 0.221165568 0.846201003
vt 0.208735868 0.844097674
vt 0.244990617 0.901864052
vt 0.242341265 0.890978396
vt 0.225941539 0.884954512
vt 0.221433818 0.891956687
vt 0.212948591 0.880608499
vt 0.21888873 0.876971304
vt 0.215978935 0.864909887
vt 0.207206577 0.869523108
vt 0.209988818 0.861368775
vt 0.215402618 0.85212338
vt 0.225708559 0.838412106
vt 0.229660213 0.845070541
vt 0.237256378 0.842557728
vt 0.23422575 0.832291722
vt 0.218636766 0.833054185
vt 0.223428845 0.823845387
vt 0.210422635 0.820142806
vt 0.208538264 0.82711035
vt 0.199859798 0.82438916
vt 0.197119966 0.817028165
vt 0.194563612 0.819959044
vt 0.247999772 0.864357889
vt 0.238622397 0.867345214
vt 0.252057821 0.870316088
vt 0.229424044 0.856075168
vt 0.225729227 0.861021996
vt 0.219977885 0.848624349
vt 0.215402618 0.85212338
vt 0.208735868 0.844097674
vt 0.207206577 0.869523108
vt 0.209988818 0.861368775
vt 0.202608705 0.858032346
vt 0.200248867 0.864463866
vt 0.197143227 0.849608243
vt 0.18801564 0.857013345
vt 0.194860905 0.842255533
vt 0.186339021 0.831899524
vt 0.199069291 0.829779983
vt 0.194563612 0.819959044
vt 0.206336275 0.832387447
vt 0.208538264 0.82711035
vt 0.199859798 0.82438916
vt 0.218636766 0.833054185
vt 0.213952243 0.838321626
vt 0.225708559 0.838412106
vt 0.218857437 0.84228301
vt 0.221165568 0.846201003
vt 0.229660213 0.845070541
vt 0.194860905 0.842255533
vt 0.202630922 0.835177183
vt 0.199069291 0.829779983
vt 0.2018888 0.845596254
vt 0.197143227 0.849608243
vt 0.205739245 0.851945937
vt 0.202608705 0.858032346
vt 0.215402618 0.85212338
vt 0.209988818 0.861368775
vt 0.194563612 0.819959044
vt 0.199069291 0.829779983
vt 0.199859798 0.82438916
vt 0.206336275 0.832387447
vt 0.202630922 0.835177183
vt 0.213952243 0.838321626
vt 0.208735868 0.844097674
vt 0.218857437 0.84228301
vt 0.221165568 0.846201003
vt 0.208735868 0.844097674
vt 0.202630922 0.835177183
vt 0.2018888 0.845596254
vt 0.205739245 0.851945937
vt 0.215402618 0.85212338
vt 0.232550547 0.850532889
vt 0.219977885 0.848624349
vt 0.229424044 0.856075168
vt 0.247999772 0.864357889
vt 0.252273917 0.857627928
vt 0.260744423 0.86142987
vt 0.263356388 0.869241595
vt 0.252057821 0.870316088
vt 0.215402618 0.85212338
vt 0.215978935 0.864909887
vt 0.225729227 0.861021996
vt 0.21888873 0.876971304
vt 0.232168809 0.876511931
vt 0.225941539 0.884954512
vt 0.242341265 0.890978396
vt 0.244337082 0.881438971
vt 0.249410674 0.897743762
vt 0.244337082 0.881438971
vt 0.242341265 0.890978396
vt 0.244990617 0.901864052
vt 0.257395893 0.912788987
vt 0.253914714 0.917540491
vt 0.274059176 0.929140151
vt 0.270413607 0.920725465
vt 0.280635029 0.92887646
vt 0.279046625 0.921089888
vt 0.266419351 0.875974536
vt 0.250874937 0.876009405
vt 0.265082926 0.88329035
vt 0.278226644 0.878592253
vt 0.276237577 0.886665165
vt 0.288669735 0.879285574
vt 0.298142135 0.886997938
vt 0.286298692 0.896330237
vt 0.300852478 0.894117892
vt 0.977803171 0.454457551
vt 0.96834898 0.430248529
vt 0.956435502 0.430325955
vt 0.949729562 0.411071569
vt 0.963051438 0.412176698
vt 0.944357574 0.393993527
vt 0.957146287 0.393374711
vt 0.938043416 0.378301054
vt 0.949331641 0.376329154
vt 0.932142258 0.364697188
vt 0.942312241 0.362201661
vt 0.935530305 0.347938031
vt 0.921225488 0.347002
vt 0.923382699 0.333122522
vt 0.9083938 0.326305717
vt 0.911110997 0.316725045
vt 0.905521393 0.308052093
vt 0.898648441 0.31112358
vt 0.901653409 0.297849327
vt 0.896508873 0.298055768
vt 0.89763993 0.275634587
vt 0.956225038 0.440574497
vt 0.977803171 0.454457551
vt 0.956435502 0.430325955
vt 0.940251231 0.436102837
vt 0.957713604 0.45137766
vt 0.934476316 0.409935623
vt 0.943261445 0.457224697
vt 0.955229759 0.459706277
vt 0.959348798 0.474611372
vt 0.95045805 0.497109085
vt 0.965324044 0.4839966
vt 0.916238129 0.414737552
vt 0.918715537 0.435461611
vt 0.927337468 0.451559335
vt 0.926847279 0.465219647
vt 0.911358953 0.45347026
vt 0.915714622 0.447197169
vt 0.911775649 0.424470693
vt 0.90462476 0.415595919
vt 0.909110844 0.4093481
vt 0.909398913 0.395835429
vt 0.92873919 0.394715339
vt 0.906189799 0.381338328
vt 0.903360724 0.389141321
vt 0.897322536 0.382447213
vt 0.925002635 0.380536944
vt 0.901435614 0.37214753
vt 0.965324044 0.4839966
vt 0.982134223 0.478090733
vt 0.959348798 0.474611372
vt 0.955229759 0.459706277
vt 0.957713604 0.45137766
vt 0.976406753 0.463171631
vt 0.956225038 0.440574497
vt 0.977803171 0.454457551
vt 0.0415028334 0.43012765
vt 0.0199441314 0.455847055
vt 0.037661612 0.44895944
vt 0.0731921792 0.438258797
vt 0.0652748942 0.471639365
vt 0.0327715278 0.479711562
vt 0.09820503 0.428691357
vt 0.0988666415 0.40882358
vt 0.0764095187 0.408477336
vt 0.0806571245 0.388808817
vt 0.0459721088 0.410771638
vt 0.100732513 0.382892162
vt 0.0505469441 0.394324332
vt 0.0545794964 0.379278213
vt 0.101183772 0.364805609
vt 0.0806879997 0.370525509
vt 0.0622127056 0.365074903
vt 0.0611482263 0.355614692
vt 0.0845836401 0.347587734
vt 0.104894161 0.347718745
vt 0.093806684 0.3310377
vt 0.0848560333 0.325911671
vt 0.110278897 0.337802082
vt 0.037661612 0.44895944
vt 0.017865777 0.479061872
vt 0.0327715278 0.479711562
vt 0.0230411291 0.463991553
vt 0.0199441314 0.455847055
vt 0.901435614 0.37214753
vt 0.925002635 0.380536944
vt 0.918495655 0.365450591
vt 0.898967326 0.363865763
vt 0.909720898 0.348111659
vt 0.893870294 0.355311245
vt 0.888288021 0.348186523
vt 0.89941299 0.331449121
vt 0.884818792 0.338949174
vt 0.890657902 0.313342363
vt 0.884818792 0.338949174
vt 0.877735436 0.319070131
vt 0.889788151 0.296755224
vt 0.878136039 0.296651334
vt 0.87858218 0.272411048
vt 0.956435502 0.430325955
vt 0.949729562 0.411071569
vt 0.934476316 0.409935623
vt 0.92873919 0.394715339
vt 0.944357574 0.393993527
vt 0.925002635 0.380536944
vt 0.938043416 0.378301054
vt 0.918495655 0.365450591
vt 0.932142258 0.364697188
vt 0.909720898 0.348111659
vt 0.921225488 0.347002
vt 0.9083938 0.326305717
vt 0.89941299 0.331449121
vt 0.898648441 0.31112358
vt 0.890657902 0.313342363
vt 0.896508873 0.298055768
vt 0.889788151 0.296755224
vt 0.89763993 0.275634587
vt 0.0510518551 0.361686677
vt 0.0578110218 0.347471029
vt 0.0561350584 0.346909255
vt 0.0611482263 0.355614692
vt 0.0622127056 0.365074903
vt 0.0369796753 0.385003597
vt 0.0545794964 0.379278213
vt 0.0505469441 0.394324332
vt 0.037576437 0.39410004
vt 0.0321612954 0.41313538
vt 0.0459721088 0.410771638
vt 0.0275344849 0.431353897
vt 0.0415028334 0.43012765
vt 0.0199441314 0.455847055
vt 0.0611482263 0.355614692
vt 0.0699176788 0.332705528
vt 0.0578110218 0.347471029
vt 0.0845836401 0.347587734
vt 0.0848560333 0.325911671
vt 0.0821480751 0.316363245
vt 0.0877187848 0.307719558
vt 0.0945685506 0.310780674
vt 0.0915737748 0.297551125
vt 0.0967009068 0.29775691
vt 0.0955737829 0.275411278
vt 0.935530305 0.347938031
vt 0.93721199 0.34737435
vt 0.923382699 0.333122522
vt 0.940691471 0.347089499
vt 0.935143828 0.339867085
vt 0.939959347 0.339248687
vt 0.935188115 0.333258003
vt 0.926479757 0.325855702
vt 0.911110997 0.316725045
vt 0.926479757 0.325855702
vt 0.917224646 0.317143112
vt 0.911110997 0.316725045
vt 0.929154336 0.313008398
vt 0.932534158 0.316290826
vt 0.938867509 0.300521106
vt 0.935565472 0.32346341
vt 0.926479757 0.325855702
vt 0.938739419 0.327839643
vt 0.935744643 0.318983436
vt 0.932534158 0.316290826
vt 0.938867509 0.300521106
vt 0.926479757 0.325855702
vt 0.935411513 0.328876942
vt 0.938739419 0.327839643
vt 0.941041827 0.334387332
vt 0.89763993 0.275634587
vt 0.89074862 0.264796466
vt 0.889788151 0.296755224
vt 0.87858218 0.272411048
vt 0.0668309927 0.325463146
vt 0.0821480751 0.316363245
vt 0.0760551095 0.316779941
vt 0.0641654134 0.312659174
vt 0.0607970357 0.315930516
vt 0.0544849634 0.300213903
vt 0.0577760339 0.323078901
vt 0.0546127558 0.327440411
vt 0.0668309927 0.325463146
vt 0.0575974584 0.318614036
vt 0.0607970357 0.315930516
vt 0.0544849634 0.300213903
vt 0.0668309927 0.325463146
vt 0.0546127558 0.327440411
vt 0.0579293966 0.328474253
vt 0.0523180366 0.333966047
vt 0.102532268 0.312991977
vt 0.093806684 0.3310377
vt 0.110278897 0.337802082
vt 0.115411162 0.318700463
vt 0.103398919 0.296460748
vt 0.11501193 0.296357185
vt 0.11456728 0.272198588
vt 0.0955737829 0.275411278
vt 0.103398919 0.296460748
vt 0.102441877 0.264609635
vt 0.11456728 0.272198588
vt 0.0945685506 0.310780674
vt 0.0848560333 0.325911671
vt 0.093806684 0.3310377
vt 0.102532268 0.312991977
vt 0.0967009068 0.29775691
vt 0.103398919 0.296460748
vt 0.0955737829 0.275411278
vt 0.585206389 0.890439332
vt 0.605941534 0.872449756
vt 0.615000129 0.883959711
vt 0.575635016 0.881834805
vt 0.570078731 0.876907945
vt 0.59583956 0.862744987
vt 0.589219451 0.859409451
vt 0.599636018 0.846572399
vt 0.619045556 0.85807389
vt 0.631407559 0.867355347
vt 0.64223063 0.853212297
vt 0.60681957 0.848885238
vt 0.630021095 0.845498383
vt 0.652146161 0.836738527
vt 0.618854523 0.836649537
vt 0.609203756 0.833644092
vt 0.641435444 0.830461085
vt 0.62850225 0.823303878
vt 0.619094074 0.818130672
vt 0.624634087 0.806986868
vt 0.653977692 0.80529213
vt 0.664074898 0.811516345
vt 0.642577112 0.800570965
vt 0.631287694 0.794333577
vt 0.652285039 0.776942372
vt 0.641467154 0.770827711
vt 0.663929343 0.783336103
vt 0.674601614 0.790366173
vt 0.682202935 0.762328506
vt 0.672149599 0.758060753
vt 0.683404267 0.735155523
vt 0.659958661 0.753708422
vt 0.650730789 0.749725819
vt 0.664872169 0.732496858
vt 0.657646656 0.730716705
vt 0.673632801 0.734130263
vt 0.681187093 0.713954031
vt 0.671574533 0.713071287
vt 0.661127627 0.710450649
vt 0.678088963 0.697568357
vt 0.670241952 0.697476208
vt 0.66346544 0.695879996
vt 0.66311276 0.678448975
vt 0.666787922 0.679402411
vt 0.664676964 0.671251535
vt 0.661574841 0.670621693
vt 0.658972144 0.657881975
vt 0.670982659 0.679040015
vt 0.674074173 0.681309044
vt 0.67607969 0.677244484
vt 0.66779685 0.670594811
vt 0.671391129 0.668968081
vt 0.66211772 0.657436132
vt 0.663323641 0.656499326
vt 0.656779289 0.647891819
vt 0.660773933 0.658075511
vt 0.465267122 0.905021906
vt 0.470550507 0.911762536
vt 0.463370293 0.906166077
vt 0.464953005 0.897936463
vt 0.461890519 0.899805129
vt 0.47115016 0.90357244
vt 0.478252947 0.910137475
vt 0.478208452 0.903598785
vt 0.483078927 0.908199787
vt 0.457969576 0.889033377
vt 0.46167326 0.88954711
vt 0.471749783 0.895382404
vt 0.46384424 0.871846557
vt 0.466726452 0.888658643
vt 0.472120166 0.887129843
vt 0.484196484 0.903368592
vt 0.485314071 0.898537397
vt 0.495530277 0.901647151
vt 0.478163958 0.897060096
vt 0.49174127 0.899359345
vt 0.50080663 0.898715615
vt 0.495883971 0.894698024
vt 0.50542748 0.895284295
vt 0.479293674 0.887380242
vt 0.471971154 0.873085916
vt 0.471461803 0.852799237
vt 0.474159479 0.826533377
vt 0.463555664 0.82665962
vt 0.476807922 0.807697654
vt 0.465251088 0.805777252
vt 0.485307157 0.827763796
vt 0.481572717 0.853234351
vt 0.488921791 0.809072793
vt 0.49134618 0.791530073
vt 0.487556159 0.827982783
vt 0.479783118 0.789418221
vt 0.468713254 0.786607862
vt 0.493378699 0.773354173
vt 0.482895881 0.772014916
vt 0.472147495 0.769858897
vt 0.495213181 0.759227812
vt 0.486913443 0.757572651
vt 0.477732897 0.755704284
vt 0.491808474 0.745025992
vt 0.497715622 0.745742142
vt 0.48464334 0.742944956
vt 0.495405048 0.737221241
vt 0.499113351 0.7378093
vt 0.490254104 0.7345227
vt 0.497644007 0.731008887
vt 0.500273883 0.732100964
vt 0.495344162 0.728815675
vt 0.501701891 0.724305034
vt 0.479312569 0.87350297
vt 0.492108643 0.854265451
vt 0.484607011 0.874688208
vt 0.499985456 0.829032302
vt 0.488713264 0.887438893
vt 0.492560834 0.888613641
vt 0.493958116 0.876033783
vt 0.502005458 0.855296612
vt 0.500357151 0.890520275
vt 0.502855539 0.878883481
vt 0.510249078 0.880841911
vt 0.516443074 0.884375215
vt 0.534845412 0.86042577
vt 0.527415097 0.858709693
vt 0.517609239 0.856977284
vt 0.542222857 0.836779773
vt 0.53177458 0.834053695
vt 0.55159992 0.821548939
vt 0.513016582 0.830300868
vt 0.541036367 0.81754607
vt 0.520578623 0.812616408
vt 0.522745132 0.813108683
vt 0.548895299 0.802210152
vt 0.559104443 0.806812704
vt 0.531527162 0.795804739
vt 0.566172421 0.792173266
vt 0.504923999 0.811560154
vt 0.525366485 0.795683146
vt 0.492571294 0.809600711
vt 0.555612147 0.788611412
vt 0.538488626 0.781873226
vt 0.573018372 0.778400302
vt 0.547110915 0.770390511
vt 0.511663496 0.793269038
vt 0.530032754 0.779042602
vt 0.499518007 0.79085499
vt 0.518188119 0.776617527
vt 0.507901013 0.774192393
vt 0.534716845 0.760080695
vt 0.525905788 0.759060323
vt 0.516740382 0.757735193
vt 0.531851709 0.745780945
vt 0.537817419 0.746100962
vt 0.525863826 0.744878709
vt 0.539706826 0.736329675
vt 0.536446393 0.735337913
vt 0.533186138 0.734346151
vt 0.540661275 0.727328181
vt 0.563146472 0.775016904
vt 0.568398237 0.763910949
vt 0.576661408 0.766828179
vt 0.554967344 0.758250475
vt 0.574877083 0.756159723
vt 0.580202758 0.757105291
vt 0.564504623 0.753766596
vt 0.583220184 0.74702704
vt 0.574644208 0.749192178
vt 0.589729965 0.378835231
vt 0.607511103 0.388133824
vt 0.577354372 0.397271186
vt 0.565129519 0.392547309
vt 0.564820588 0.420157731
vt 0.552707076 0.413296372
vt 0.540159941 0.438395798
vt 0.594929159 0.405850142
vt 0.624720514 0.397025973
vt 0.55332166 0.444883198
vt 0.579131722 0.429402739
vt 0.609583855 0.417889535
vt 0.547365606 0.459740967
vt 0.530487418 0.457089931
vt 0.643945813 0.379228413
vt 0.631842315 0.399611264
vt 0.654768705 0.358527541
vt 0.650874078 0.356739432
vt 0.664374053 0.340715736
vt 0.65922749 0.337745905
vt 0.676070392 0.319379896
vt 0.668044031 0.316217721
vt 0.688032568 0.298539042
vt 0.703240693 0.306804091
vt 0.679837525 0.293611676
vt 0.700081408 0.275070488
vt 0.691941798 0.27133292
vt 0.703357339 0.251601845
vt 0.693245351 0.32764259
vt 0.681043446 0.347887933
vt 0.668848336 0.36667496
vt 0.713705301 0.333701104
vt 0.656419933 0.38546434
vt 0.70020473 0.353964627
vt 0.684411228 0.375030488
vt 0.705412745 0.354073286
vt 0.670287848 0.391829073
vt 0.719250917 0.336319089
vt 0.655766189 0.413043529
vt 0.722619772 0.314292431
vt 0.732783914 0.316590577
vt 0.736266673 0.287119895
vt 0.743589938 0.291022241
vt 0.72686708 0.284057379
vt 0.742830932 0.263019592
vt 0.74956888 0.263436884
vt 0.713413298 0.281007528
vt 0.73140043 0.263023943
vt 0.720790923 0.260300696
vt 0.738247275 0.245627478
vt 0.743381441 0.245969996
vt 0.748179495 0.244551107
vt 0.745487273 0.227041364
vt 0.712771177 0.255715281
vt 0.72736907 0.238788471
vt 0.720193684 0.237698331
vt 0.717351556 0.234415233
vt 0.731827319 0.228194863
vt 0.642738521 0.404982835
vt 0.622441471 0.430842966
vt 0.615467131 0.42320776
vt 0.589348674 0.436621964
vt 0.565999329 0.452069879
vt 0.557161748 0.464645892
vt 0.576835692 0.461075753
vt 0.5725106 0.456886858
vt 0.564453185 0.470355898
vt 0.560427725 0.466281176
vt 0.548944414 0.481680542
vt 0.547615469 0.476062059
vt 0.52864182 0.473307103
vt 0.531793952 0.482622504
vt 0.533195019 0.488726825
vt 0.518910229 0.458005071
vt 0.537102103 0.437149227
vt 0.515837252 0.4731915
vt 0.518675864 0.490969539
vt 0.519850314 0.49419564
vt 0.508602738 0.49528414
vt 0.50393033 0.473774433
vt 0.50287503 0.457433701
vt 0.521779835 0.43568024
vt 0.506587625 0.434104294
vt 0.530064046 0.410022438
vt 0.546086252 0.411875814
vt 0.555241644 0.389405191
vt 0.515558362 0.408852398
vt 0.511601806 0.409265757
vt 0.517680109 0.382990211
vt 0.537659109 0.386131734
vt 0.523567736 0.384309649
vt 0.561578929 0.37133041
vt 0.564591944 0.371956706
vt 0.571981966 0.352829546
vt 0.530213594 0.364927799
vt 0.523646951 0.364328921
vt 0.544128776 0.366960973
vt 0.56712532 0.352407813
vt 0.535065055 0.348521322
vt 0.528438568 0.347420663
vt 0.534755468 0.328203201
vt 0.549817085 0.351026565
vt 0.573304892 0.333557576
vt 0.578338444 0.335094839
vt 0.542746842 0.32880792
vt 0.541918457 0.3068811
vt 0.557107031 0.330776602
vt 0.579925358 0.314151555
vt 0.585650027 0.315563053
vt 0.550799727 0.30818221
vt 0.550043166 0.289616615
vt 0.565249205 0.309365064
vt 0.58525002 0.294891834
vt 0.591603875 0.298066854
vt 0.557911515 0.291078001
vt 0.560599148 0.270828813
vt 0.571831286 0.29145506
vt 0.579119563 0.274476975
vt 0.592502713 0.278444618
vt 0.598370671 0.280724823
vt 0.56697017 0.272908598
vt 0.571979582 0.255805433
vt 0.599490345 0.264816761
vt 0.601597428 0.264607251
vt 0.576596439 0.258091271
vt 0.589445949 0.237645969
vt 0.606974959 0.244103283
vt 0.608085573 0.243551046
vt 0.612697363 0.219191968
vt 0.587987959 0.261120915
vt 0.59986341 0.241867781
vt 0.592101812 0.239482343
vt 0.484178364 0.241860211
vt 0.467796922 0.243995011
vt 0.498827726 0.240741834
vt 0.472697556 0.221882775
vt 0.482836962 0.224726737
vt 0.496184617 0.222712219
vt 0.475090027 0.213022172
vt 0.482486665 0.214984745
vt 0.493952543 0.213040471
vt 0.49003765 0.203368708
vt 0.482136369 0.205242768
vt 0.477482468 0.204161569
vt 0.481971711 0.20072633
vt 0.478269011 0.200157732
vt 0.486932397 0.199035481
vt 0.479055554 0.196153894
vt 0.481807053 0.196209878
vt 0.485427707 0.194343865
vt 0.481775731 0.187750757
vt 0.662140071 0.484113961
vt 0.657793343 0.478880644
vt 0.635184526 0.495015174
vt 0.690326929 0.454042643
vt 0.721449614 0.451164901
vt 0.713755667 0.440315932
vt 0.736644208 0.426598459
vt 0.632328391 0.490302145
vt 0.654445946 0.475188166
vt 0.651655734 0.468628347
vt 0.686004519 0.447889328
vt 0.743130624 0.437698334
vt 0.750729084 0.450894058
vt 0.763560534 0.425104052
vt 0.756156862 0.412805319
vt 0.770358503 0.4379403
vt 0.784179151 0.411370873
vt 0.776804626 0.399413526
vt 0.778858423 0.45084098
vt 0.783890247 0.455882818
vt 0.803333223 0.441758484
vt 0.789780259 0.423465461
vt 0.802628219 0.39731884
vt 0.79706949 0.386089921
vt 0.821163774 0.38511765
vt 0.813646913 0.375318974
vt 0.83719486 0.36073786
vt 0.797668934 0.436765462
vt 0.809824526 0.409342587
vt 0.817506909 0.419384778
vt 0.82516408 0.422731012
vt 0.827219367 0.393668801
vt 0.834991157 0.400806963
vt 0.841853082 0.402714461
vt 0.852393389 0.377442449
vt 0.857949018 0.379861951
vt 0.863357246 0.350723475
vt 0.847710192 0.374200881
vt 0.843324661 0.368380904
vt 0.642664194 0.455790281
vt 0.669392943 0.42655021
vt 0.68102777 0.442902803
vt 0.702559531 0.424452364
vt 0.708012283 0.429779887
vt 0.726389825 0.414396197
vt 0.688138127 0.408538669
vt 0.674431086 0.395558059
vt 0.7211743 0.407800347
vt 0.747192144 0.395887136
vt 0.707461238 0.391302228
vt 0.742431223 0.390774161
vt 0.762245357 0.373652875
vt 0.766193211 0.377532065
vt 0.695396364 0.378929347
vt 0.693083942 0.377604008
vt 0.713725865 0.357536048
vt 0.718470812 0.361611009
vt 0.734494209 0.339238495
vt 0.729765892 0.373685211
vt 0.778472543 0.358799428
vt 0.785106301 0.364057869
vt 0.750448823 0.357852846
vt 0.740353346 0.346444637
vt 0.795531273 0.339239478
vt 0.80180043 0.344882846
vt 0.767997742 0.343699723
vt 0.760053873 0.332251102
vt 0.756882071 0.324625015
vt 0.800267577 0.332031131
vt 0.805186152 0.336079597
vt 0.787902296 0.33013016
vt 0.782624662 0.320897311
vt 0.777556479 0.313673258
vt 0.78777945 0.313418895
vt 0.795674205 0.324863851
vt 0.790802538 0.31855759
vt 0.799754143 0.313177794
vt 0.80087924 0.315718144
vt 0.81415385 0.312762707
vt 0.802889884 0.31951037
vt 0.805863857 0.323253959
vt 0.809153855 0.325739294
vt 0.319988787 0.398585379
vt 0.313483804 0.405482888
vt 0.299974084 0.388023108
vt 0.297358036 0.394123256
vt 0.279874414 0.376054943
vt 0.326953143 0.432298392
vt 0.30740419 0.416066796
vt 0.342912108 0.446761549
vt 0.333613694 0.461064816
vt 0.352095872 0.476579607
vt 0.331906706 0.466833353
vt 0.350856811 0.482340991
vt 0.314308465 0.45240432
vt 0.350837409 0.486357301
vt 0.330450356 0.469586313
vt 0.318351954 0.447823316
vt 0.298011959 0.42996943
vt 0.293751061 0.437635958
vt 0.275707573 0.423898876
vt 0.282673836 0.415764004
vt 0.291609883 0.403739184
vt 0.255617142 0.405610621
vt 0.25099647 0.409040868
vt 0.229931623 0.391235381
vt 0.264029771 0.400756985
vt 0.27121678 0.389702827
vt 0.235854313 0.390260935
vt 0.222226098 0.377909571
vt 0.216402769 0.379796565
vt 0.20224978 0.367853373
vt 0.244672671 0.385201007
vt 0.277521193 0.381801575
vt 0.207020819 0.365722269
vt 0.191400647 0.356691897
vt 0.250688821 0.375626743
vt 0.256776184 0.368664771
vt 0.262464583 0.36565128
vt 0.243184358 0.356178045
vt 0.228653774 0.373627931
vt 0.195736557 0.354417056
vt 0.178412631 0.337813199
vt 0.236963332 0.366549909
vt 0.213503137 0.361888558
vt 0.240013599 0.360767752
vt 0.199061558 0.350888163
vt 0.219363987 0.356827199
vt 0.22219944 0.351128489
vt 0.226691172 0.349867076
vt 0.203627482 0.346772015
vt 0.203190923 0.343451381
vt 0.203458577 0.339303672
vt 0.309915364 0.512017727
vt 0.319904268 0.490964174
vt 0.2933667 0.496969521
vt 0.273597568 0.483096331
vt 0.327163428 0.473228157
vt 0.310413867 0.463034511
vt 0.312392414 0.4557181
vt 0.301055551 0.481648147
vt 0.24709025 0.467240155
vt 0.241619945 0.472992748
vt 0.27952078 0.466179103
vt 0.288388103 0.450751454
vt 0.292586833 0.443143487
vt 0.271058053 0.428656369
vt 0.267046422 0.437890857
vt 0.248112738 0.416924775
vt 0.260152668 0.452717155
vt 0.244093388 0.424200803
vt 0.225893885 0.402350336
vt 0.227014869 0.45227465
vt 0.221833557 0.457942188
vt 0.201260746 0.441629767
vt 0.23899138 0.438769996
vt 0.222538829 0.410462916
vt 0.216106504 0.423299491
vt 0.206400901 0.43538031
vt 0.186843961 0.417389721
vt 0.181539148 0.422803193
vt 0.200152352 0.394896537
vt 0.204283327 0.385524124
vt 0.193607509 0.408143461
vt 0.184569463 0.38542527
vt 0.189208627 0.376734763
vt 0.169194788 0.375049204
vt 0.173088849 0.367610782
vt 0.161283165 0.361063182
vt 0.179527298 0.396155179
vt 0.174054444 0.404074907
vt 0.169047296 0.407516539
vt 0.165284052 0.382212222
vt 0.160229966 0.386948496
vt 0.156354845 0.389666408
vt 0.158565983 0.367328495
vt 0.13510862 0.349785
vt 0.155250981 0.371450424
vt 0.151983589 0.375109136
vt 0.14738518 0.375856876
vt 0.233575374 0.0714806467
vt 0.243191227 0.0849389881
vt 0.241931468 0.0676733851
vt 0.240061626 0.0561414883
vt 0.234141842 0.0843211636
vt 0.243300751 0.102856137
vt 0.232744947 0.058220543
vt 0.236388057 0.043754328
vt 0.225025982 0.0715174824
vt 0.230734095 0.0451878421
vt 0.230856389 0.0322766453
vt 0.232334167 0.101950213
vt 0.23077701 0.121244363
vt 0.223133639 0.118070863
vt 0.221879914 0.0978529751
vt 0.225144118 0.0579834618
vt 0.227308407 0.0323741734
vt 0.225236356 0.021919746
vt 0.224875391 0.0452706441
vt 0.223690316 0.0231207497
vt 0.218864143 0.0124120004
vt 0.22353214 0.0324438438
vt 0.222074971 0.0235314891
vt 0.220111683 0.0230111219
vt 0.221268535 0.0336487293
vt 0.22090672 0.0450318679
vt 0.219978824 0.0572968274
vt 0.218975112 0.0699438751
vt 0.224298313 0.0840984434
vt 0.217192292 0.0826887414
vt 0.213615641 0.0963781923
vt 0.209528521 0.11132662
vt 0.215668723 0.113433897
vt 0.206145048 0.128676116
vt 0.111351296 0.0852801651
vt 0.103573412 0.076847814
vt 0.10322246 0.0850774124
vt 0.104785167 0.0972519517
vt 0.10867507 0.0971369743
vt 0.103836089 0.121995077
vt 0.112350091 0.121878788
vt 0.10851112 0.143599331
vt 0.116607092 0.121820644
vt 0.120864093 0.121762507
vt 0.119228654 0.0975946262
vt 0.117929623 0.0974454582
vt 0.119480133 0.0854829177
vt 0.115415707 0.0853815377
vt 0.111068957 0.0772225335
vt 0.11481674 0.0774098933
vt 0.118564516 0.077597253
vt 0.11436072 0.060501717
vt 0.112110361 0.0600940585
vt 0.108142227 0.0438276157
vt 0.109860003 0.0596864
vt 0.105359294 0.058871083
vt 0.0783093423 0.0980404317
vt 0.0760493353 0.0982513875
vt 0.0745159462 0.12222486
vt 0.0796551183 0.122418784
vt 0.0767324045 0.0780351758
vt 0.0901514888 0.0982704759
vt 0.0847942904 0.122612678
vt 0.0950726345 0.123000503
vt 0.0949678347 0.0983779579
vt 0.0780565962 0.077867724
vt 0.0892424285 0.076647751
vt 0.0911430344 0.0765796155
vt 0.0887060165 0.0623802505
vt 0.0895292833 0.0619558655
vt 0.0795786008 0.0652683973
vt 0.0779755637 0.0654814914
vt 0.0847747996 0.0487658493
vt 0.086400032 0.0482310317
vt 0.0819032788 0.0343659036
vt 0.080773592 0.0500305966
vt 0.0798320919 0.0501485094
vt 0.0495991074 0.116715237
vt 0.0644882992 0.121175699
vt 0.05981512 0.0894352719
vt 0.050099317 0.0895765945
vt 0.0653491691 0.0893264338
vt 0.0595819615 0.0687388703
vt 0.0647632554 0.0685360655
vt 0.0510086752 0.0680249259
vt 0.0646597818 0.0497060344
vt 0.0596457385 0.0504183695
vt 0.0537865944 0.0500523075
vt 0.0644938126 0.0382683799
vt 0.0606635772 0.038968645
vt 0.0574249588 0.0386459157
vt 0.062348444 0.0248916689
vt 0.493557781 0.459540576
vt 0.497414291 0.458744705
vt 0.486374557 0.434345156
vt 0.502163708 0.472947478
vt 0.481447637 0.435076445
vt 0.473540336 0.436221451
vt 0.47670421 0.410667986
vt 0.471966088 0.411038727
vt 0.499199659 0.47245121
vt 0.50713557 0.49373287
vt 0.494239241 0.474875689
vt 0.495383292 0.486302614
vt 0.487421006 0.476571441
vt 0.485869765 0.461005211
vt 0.479416847 0.463936657
vt 0.46422717 0.437500864
vt 0.453194648 0.413452566
vt 0.463318348 0.412090421
vt 0.443800777 0.392316997
vt 0.454572827 0.389679104
vt 0.464381099 0.385904759
vt 0.469270706 0.384651333
vt 0.459793985 0.368060827
vt 0.465751022 0.366680324
vt 0.439576358 0.373353362
vt 0.436563343 0.373979658
vt 0.431275189 0.356264353
vt 0.456375629 0.352646083
vt 0.461572558 0.350674301
vt 0.45785439 0.334147811
vt 0.448883653 0.371285468
vt 0.444828242 0.355176151
vt 0.435283899 0.356443405
vt 0.431694597 0.336966753
vt 0.427849323 0.338061452
vt 0.453009397 0.334519118
vt 0.452886671 0.309886098
vt 0.441450715 0.335055888
vt 0.429084569 0.312007129
vt 0.425479531 0.311599255
vt 0.438068151 0.310083508
vt 0.448238879 0.308910191
vt 0.44903934 0.285068393
vt 0.428961039 0.288645625
vt 0.426922351 0.287611127
vt 0.429818839 0.272941589
vt 0.42664516 0.272156894
vt 0.428204387 0.258702248
vt 0.436622411 0.286959589
vt 0.445142239 0.285994589
vt 0.4435395 0.272245735
vt 0.4475725 0.271938622
vt 0.445600659 0.256766438
vt 0.437218428 0.272259831
vt 0.442600936 0.258444935
vt 0.444402426 0.242610186
vt 0.437702924 0.259562165
vt 0.442326307 0.243879229
vt 0.441844791 0.226104334
vt 0.439536184 0.244553268
vt 0.434991002 0.243593588
vt 0.433004171 0.243924722
vt 0.4311122 0.259465158
vn -0.895413101 -0.340821356 -0.286489308
vn -0.945222318 -0.20824337 -0.251375258
vn -0.546622753 0.00928557292 -0.83732748
vn -0.486458272 -0.453943968 0.746520817
vn 0.550968826 -0.0239077602 0.834183395
vn -0.916285157 -0.304306537 0.26042074
vn 0.968383133 -0.0395246558 -0.246317059
vn 0.637799144 -0.140274569 -0.757321179
vn 0.790084243 0.127857342 -0.599515975
vn -0.857986152 -0.131090045 -0.496664077
vn -0.974747539 -0.12482027 0.185167879
vn 0.25002414 -0.475485951 0.843445957
vn -0.585026145 -0.726044893 -0.361390531
vn -0.272518158 -0.69922775 -0.660919368
vn -0.963519514 -0.265234739 0.0357879028
vn 0.337279618 0.783358872 0.522102773
vn 0.511392117 0.551626265 0.658928275
vn 0.284575105 0.79709506 0.532594085
vn 0.0427835025 0.66148603 0.748736084
vn -0.124218799 0.747333467 0.652734518
vn -0.0359550975 0.539921045 0.84094733
vn -0.19636789 0.627809048 0.75319016
vn -0.0265337378 0.394351512 0.918576539
vn -0.258065253 0.495063484 0.829647243
vn -0.347207993 0.387897104 0.853804708
vn -0.130027547 0.34385246 0.929977596
vn -0.247719646 0.27786997 0.928128898
vn -0.409042805 0.293951094 0.863873005
vn -0.31147024 0.164152563 0.935970247
vn -0.40079838 0.168318927 0.900571764
vn -0.397180706 0.0553597286 0.91606921
vn -0.340248466 0.0623813905 0.938264191
vn -0.463228464 -0.0215706993 0.885976315
vn -0.204659641 -0.0309047438 0.978345215
vn -0.00564637873 -0.0935923085 0.995594561
vn -0.446957082 -0.102087542 0.888711095
vn 0.28811872 -0.0600743666 0.955708504
vn -0.67963022 0.727856398 0.0912571922
vn -0.351193041 0.92033118 0.172203347
vn -0.772887886 0.558027089 -0.302076519
vn -0.814124107 0.319223553 0.485075414
vn -0.764905035 0.494842857 0.412372202
vn -0.687893152 0.449289799 0.57003659
vn -0.9780792 -0.113077193 0.174855992
vn -0.993103683 0.027743414 0.113909371
vn -0.979543865 -0.0190466326 0.200327113
vn -0.991183281 -0.032633055 0.128416136
vn -0.976961315 -0.116006538 0.179134652
vn -0.982204735 -0.168822452 -0.0822977796
vn 0.431172609 0.420712858 0.798179746
vn 0.135354906 0.152906612 0.978927255
vn 0.0835933909 0.0957391262 0.991890192
vn -0.612073421 -0.549656332 0.56854558
vn -0.682340264 -0.633884132 0.36414662
vn 0.0835933909 0.0957391262 0.991890192
vn 0.391898125 -0.690453589 0.60802114
vn 0.861891866 -0.466716468 0.19828786
vn 0.77070719 -0.439939201 0.460938096
vn 0.980401099 -0.130509093 0.147583738
vn 0.97606498 -0.150698081 0.156803042
vn 0.98494184 -0.0826858357 0.151830629
vn 0.986753285 -0.107894547 0.121147126
vn 0.991183519 -0.0326316282 0.12841475
vn 0.982204854 -0.168822423 -0.0822958872
vn 0.728181362 -0.670306504 0.14297235
vn 0.991183519 -0.0326316282 0.12841475
vn 0.982204854 -0.168822423 -0.0822958872
vn 0.976960182 -0.116006762 0.179140538
vn -0.0867512077 0.103195585 0.990870774
vn 0.682400107 -0.63390553 0.363997191
vn 0.612070203 -0.549653471 0.568551838
vn 0.332488596 -0.243678853 0.911082804
vn -0.0867512077 0.103195585 0.990870774
vn -0.13508141 0.155708417 0.978523254
vn 0.53629458 0.391278297 -0.747856617
vn 0.764190495 0.359926522 -0.535224974
vn 0.374912202 0.287044019 -0.88150245
vn 0.337674886 0.216895223 -0.915932417
vn 0.707986832 0.298291951 -0.64013797
vn 0.645828187 0.181597009 -0.741571724
vn 0.759559572 0.190100551 -0.622037768
vn 0.818280399 0.138637155 -0.557850301
vn 0.616464138 0.0992415696 -0.78110373
vn 0.766289413 -0.223313421 -0.602438033
vn 0.350119501 -0.26423499 -0.898663521
vn 0.983732522 0.117239542 -0.136106864
vn 0.904751599 0.194971845 -0.378695726
vn 0.107613333 -0.551398337 -0.827272117
vn -0.686755717 0.449733764 0.571056962
vn -0.692773163 0.685528338 0.223866448
vn 0.0123321349 -0.736344635 -0.676494241
vn -0.557496369 0.813956201 0.163319111
vn -0.0725573152 -0.818735063 -0.569568574
vn -0.483988166 0.852244198 0.19858332
vn -0.0266211014 -0.877700627 -0.478469312
vn -0.61028868 0.765594244 0.203502253
vn 0.0186743345 -0.854616165 -0.518924415
vn -0.5717628 0.709350109 0.412201017
vn 0.174540788 -0.945587456 -0.274590373
vn 0.277517229 -0.917375505 -0.285318166
vn 0.452203006 -0.816570401 -0.358782947
vn 0.238694027 -0.902334034 -0.358912677
vn 0.59539336 -0.783510566 0.177814722
vn 0.609492958 -0.227457806 0.759461105
vn 0.520832479 -0.378048152 0.765384316
vn 0.464157313 -0.840006411 0.280975521
vn 0.496532291 -0.383392513 0.778759301
vn 0.519159675 -0.813422263 0.2623308
vn 0.649027407 -0.367520213 0.666102409
vn 0.700449586 -0.694993556 0.162340552
vn 0.651189864 -0.619219065 -0.438770294
vn 0.851962864 -0.505526721 0.136388734
vn 0.724200606 -0.271170586 0.634034812
vn 0.823888421 -0.0810298622 0.560929537
vn 0.976068616 -0.16501689 0.141630992
vn 0.849770129 -0.00817551371 0.527089953
vn 0.904751599 0.194971845 -0.378695726
vn -0.873441398 -0.248673663 -0.418642551
vn 0.611200571 -0.169810474 -0.773044765
vn -0.960504711 -0.203806803 0.189455956
vn -0.977752924 -0.207808509 0.028543327
vn -0.841282189 -0.283075005 -0.460557133
vn -0.976451278 -0.21009317 0.04902808
vn -0.82808584 -0.317574739 -0.461974204
vn -0.0583137572 0.0924486518 0.994008422
vn -0.980226517 -0.154585913 0.123528011
vn -0.789509654 -0.0975134894 -0.605941832
vn 0.384918809 0.136995241 0.912726581
vn -0.291888684 -0.0695409402 0.953920901
vn -0.360303074 0.0704020336 0.930174828
vn -0.950572968 0.299433261 0.0821621716
vn -0.664734423 0.17460452 -0.726389289
vn 0.756928146 0.19693774 0.623117387
vn 0.478251547 0.0810183808 0.874477863
vn -0.477028608 0.0964736119 0.873576939
vn -0.773694158 0.633524179 -0.00666484982
vn -0.310034066 0.468698114 0.827164352
vn -0.580237806 0.236794457 -0.779264092
vn -0.70955205 0.697369814 -0.101050675
vn -0.503278613 0.144985855 -0.851874292
vn 0.904414296 0.222736016 0.363900483
vn 0.827193797 0.21560733 0.518906474
vn -0.406268895 0.34246248 0.84715122
vn 0.762623549 -0.0918766707 0.640284359
vn 0.804817736 0.234539941 0.545214891
vn 0.914720595 -0.360385448 -0.182780072
vn 0.842812777 0.255381227 0.473758459
vn 0.569036245 -0.321197957 0.756987214
vn 0.987314045 0.0685991645 -0.143195972
vn 0.888061643 0.242959127 0.390278697
vn 0.96789974 0.121804863 -0.219848946
vn 0.606766641 -0.159084797 -0.778797984
vn 0.913822353 0.228631765 0.335642964
vn 0.968856454 0.153075531 -0.194640726
vn 0.921311319 0.239744499 0.306117564
vn 0.649482965 -0.0794241652 -0.756216705
vn 0.980512977 0.183171168 -0.071011439
vn 0.939605832 0.255316883 0.227934793
vn 0.956275761 0.275643766 0.0977610052
vn 0.931487441 0.320495933 0.17208606
vn 0.749421477 -0.00633395184 -0.662062943
vn 0.974039257 0.220809475 0.0499079227
vn 0.94180876 0.160089254 -0.295580208
vn 0.919316113 0.312127411 0.239654303
vn 0.831905901 0.49730137 0.246219158
vn 0.800148785 0.463635594 0.380531222
vn 0.8747316 0.0780125558 -0.47828719
vn 0.709198058 0.654436707 0.262203515
vn 0.693905711 0.60225147 0.394699961
vn 0.655403316 0.71777457 0.235044897
vn 0.648918569 0.671581388 0.357607633
vn 0.589972198 0.774245381 0.229078293
vn 0.579682946 0.724138558 0.373618752
vn 0.43768388 0.872127652 0.21869202
vn 0.449473202 0.828443348 0.334148616
vn 0.224861071 0.964476407 0.1386455
vn 0.586247265 0.799042463 0.133586869
vn 0.647105694 0.746491671 0.154933542
vn 0.721273005 0.675592959 0.152772114
vn 0.437483758 0.891895235 0.114589915
vn 0.224557072 0.969412565 0.0990629494
vn 0.0888950825 0.992580116 0.0829601511
vn 0.435731024 0.898838878 0.0471935831
vn 0.566770852 0.821772933 0.0588220358
vn 0.835950673 0.533223152 0.129844025
vn 0.630903125 0.771550417 0.0816768333
vn 0.732822597 0.677348733 0.0645738095
vn 0.938135207 0.337119043 0.0790770948
vn 0.846711755 0.531548798 0.0231329333
vn 0.925382078 0.379031926 0.0016788285
vn 0.959744334 0.258975446 -0.10873127
vn 0.901954234 0.172625691 -0.395826995
vn 0.885513723 0.0761532411 -0.458329648
vn 0.611200571 -0.169810474 -0.773044765
vn -0.873441398 -0.248673663 -0.418642551
vn -0.841282189 -0.283075005 -0.460557133
vn -0.82808584 -0.317574739 -0.461974204
vn 0.500467002 -0.455812961 -0.73604852
vn -0.789509654 -0.0975134894 -0.605941832
vn -0.664734423 0.17460452 -0.726389289
vn 0.366015196 -0.613913417 -0.699387848
vn 0.720220923 -0.682961106 -0.121844225
vn 0.592114449 -0.803195536 -0.0654024482
vn 0.284763962 -0.668447912 -0.687085688
vn -0.580237806 0.236794457 -0.779264092
vn 0.299126148 -0.733878136 -0.60987407
vn -0.503278613 0.144985855 -0.851874292
vn 0.434013993 -0.366933703 0.822794974
vn 0.441070765 -0.821831167 -0.36062482
vn -0.59269619 0.061111968 -0.803104341
vn -0.921207964 -0.120767385 -0.36985293
vn 0.637242615 -0.546310186 0.54356879
vn 0.543451607 -0.837649047 0.0548129268
vn 0.382529169 -0.334619373 0.861220837
vn -0.225318208 0.441108227 0.868708968
vn -0.0127920778 0.242427349 0.970085323
vn -0.118335843 0.33856827 0.933470964
vn -0.727360427 0.644030094 -0.237006262
vn -0.826493144 0.473566294 -0.304374814
vn -0.59269619 0.061111968 -0.803104341
vn -0.643981695 0.749548376 0.153182074
vn -0.83159852 0.512176692 0.214753151
vn -0.854404211 0.487307757 0.180345505
vn -0.6378057 0.762805223 0.106452137
vn -0.177327335 0.983144104 0.0445285104
vn -0.149184391 0.987804174 0.0445732698
vn -0.683328748 0.730100334 0.00393368676
vn -0.910456181 0.409778714 0.0561333485
vn -0.927800179 0.362373501 -0.0887249336
vn -0.216655672 0.976028442 0.0207085237
vn 0.056537535 0.996047676 0.0685028732
vn 0.0192426182 0.998270988 0.0555408187
vn -0.670964837 0.726578653 -0.147951096
vn -0.744845927 0.562356114 -0.359110266
vn -0.901713848 0.354866177 -0.246945515
vn -0.351218313 0.776419997 -0.523275912
vn -0.268348247 0.956662834 -0.113072917
vn -0.216289535 0.78115052 -0.585681558
vn -0.0288867913 0.9986462 -0.0432583801
vn 0.241999358 0.970185399 0.0132960873
vn 0.227041513 0.972260237 0.0562332235
vn 0.421869338 0.906585872 -0.0113257812
vn 0.540173233 0.841399729 -0.0161033999
vn 0.615095913 0.787858307 -0.0306002907
vn 0.738031805 0.673250973 -0.0451905839
vn 0.846711755 0.531548798 0.0231329333
vn 0.858806133 0.509344697 -0.0549546629
vn 0.917945385 0.390895844 -0.0676516518
vn 0.925382078 0.379031926 0.0016788285
vn 0.951862037 0.286671579 0.1085262
vn 0.798151851 0.199499488 0.568465948
vn 0.812045932 0.128524587 0.569265306
vn 0.95051378 0.291622877 -0.107143171
vn 0.965557039 0.240815938 -0.098525241
vn 0.989763737 0.134370148 -0.0480884723
vn 0.972426474 0.181280673 -0.146710411
vn 0.918693542 0.0956184119 -0.383222342
vn 0.963536024 0.171180353 0.205658823
vn 0.955353558 0.113057099 0.272979409
vn 0.789548397 0.0899537206 0.607059956
vn 0.980897367 0.111588307 -0.159337282
vn 0.869951487 -0.0228791516 -0.492606431
vn 0.950402737 0.060367953 0.305107296
vn 0.755343437 0.0675068423 0.651842773
vn 0.978096902 0.0229456834 -0.206881419
vn 0.812739909 -0.175581917 -0.555540204
vn 0.960640192 -0.0576135181 0.271755517
vn 0.758835912 0.0214360394 0.650928974
vn 0.957835555 -0.134812474 -0.25372538
vn 0.722960114 -0.373264104 -0.58137995
vn 0.926898777 -0.26420033 0.266565084
vn 0.584545374 -0.10302636 0.804793358
vn 0.886515975 -0.369927555 -0.277926296
vn 0.447959661 -0.696247458 -0.560866892
vn 0.778556883 -0.535433114 0.327353776
vn 0.700181723 -0.659950554 -0.272416681
vn -0.698625147 0.194203302 -0.68862766
vn 0.33464092 -0.205478117 0.919670701
vn -0.971735656 0.169883743 -0.16391845
vn -0.909173727 0.415996373 0.018711295
vn 0.391270399 -0.883471966 -0.257652104
vn -0.864242196 0.424093008 -0.270611316
vn 0.541215479 -0.763925731 0.351430446
vn 0.269027531 -0.238987058 0.933010936
vn -0.717285931 0.696671247 0.0122472048
vn -0.991238892 0.097579509 0.0890148208
vn -0.490987569 0.727519572 0.47921437
vn -0.211561218 0.668890297 0.712620258
vn -0.0614455827 0.729921103 0.68076396
vn -0.0711046308 0.727063715 0.682878137
vn -0.075419277 0.754656792 0.651770711
vn -0.0712198392 0.752274513 0.654989064
vn -0.183733359 0.737717569 0.649626732
vn -0.172909096 0.740604877 0.649312615
vn -0.686755717 0.449733764 0.571056962
vn -0.455047488 0.442074299 0.772982597
vn -0.645395458 0.103859074 0.756754875
vn -0.66769588 0.139257088 0.731293201
vn -0.619720936 -0.0063413023 0.784796655
vn -0.434143335 -0.0278886836 0.900411963
vn -0.756549597 0.418730885 0.502291977
vn -0.692773163 0.685528338 0.223866448
vn -0.682719707 0.160294101 0.712881207
vn -0.626224756 0.718784273 0.301979452
vn -0.591545701 0.0556883775 0.804345906
vn -0.557496369 0.813956201 0.163319111
vn -0.47201696 0.842181504 0.260634214
vn -0.483988166 0.852244198 0.19858332
vn -0.410522878 0.874359429 0.258778781
vn -0.61028868 0.765594244 0.203502253
vn -0.45867902 0.827011943 0.325061202
vn -0.5717628 0.709350109 0.412201017
vn -0.407163233 -0.195666939 0.892150581
vn -0.506302178 -0.23776716 0.828929901
vn -0.381344348 -0.487934887 0.785172582
vn -0.142253414 -0.493315965 0.858139396
vn 0.424108297 -0.107739359 0.899179876
vn -0.410143286 -0.364698052 0.835929275
vn -0.375729471 -0.417720258 0.827246726
vn 0.30278939 -0.336372852 0.89172405
vn -0.225320309 -0.457170695 0.860363722
vn -0.11109937 0.0153830135 0.993690252
vn -0.078076221 0.27930674 0.957022429
vn -0.0780159384 0.274726868 0.958352089
vn -0.0686383694 0.517684221 0.852814019
vn -0.070920445 0.501648307 0.86215961
vn -0.281201959 0.720155597 0.634272337
vn -0.0272036288 0.677372813 0.735136688
vn 0.0032282637 0.753705025 0.657204926
vn -0.180210143 0.7665748 0.616350114
vn -0.163565218 0.652909636 0.7395643
vn 0.238538012 -0.111210361 0.964744389
vn 0.0218830593 -0.0889657587 0.995794296
vn 0.746449053 -0.0760863423 0.661078453
vn 0.989006639 -0.0071076029 0.147700086
vn -0.021030819 0.133691534 0.990799844
vn -0.0299209058 0.14318344 0.989243746
vn 0.490671515 -0.0546804145 0.869627237
vn -0.00213691546 0.15921177 0.987242103
vn -0.00206602481 0.160548359 0.987025797
vn 0.517169476 0.0107852882 0.855815113
vn 0.648046136 0.0239592995 0.761224091
vn 0.490619868 0.188174322 0.850812912
vn 0.0295826718 0.0758102834 0.9966833
vn 0.423258185 0.163300678 0.891170859
vn 0.277777731 0.54253155 0.792779326
vn 0.311139852 0.448502213 0.837876976
vn 0.177426517 0.685823798 0.705808401
vn 0.0190155189 0.135254949 0.990628302
vn 0.0348525122 0.134247601 0.990334809
vn 0.0959207565 0.0695858821 0.992953718
vn 0.423258185 0.163300678 0.891170859
vn -0.0144101698 0.0991488621 0.994968235
vn -0.328291982 0.801183164 0.500329792
vn -0.187626123 0.801313877 0.568060219
vn -0.778148413 0.625607967 0.0556747019
vn 0.231938869 -0.824289322 -0.51647979
vn 0.0609212443 0.0894974023 0.994122088
vn 0.0917723998 0.10595645 0.990126848
vn 0.151663795 -0.107934326 0.982521355
vn 0.25002414 -0.475485951 0.843445957
vn 0.315652251 -0.415467024 0.853083134
vn 0.51607132 -0.413090229 0.750351191
vn 0.537133276 -0.362794429 0.761490583
vn 0.55555135 -0.306211859 0.77304399
vn -0.0355054177 0.0681636408 0.99704212
vn -0.112210669 -0.0393436514 0.992905319
vn -0.0308462307 0.10573899 0.993915379
vn -0.11961747 0.111165255 0.986576915
vn -0.0938970447 0.280888617 0.95513612
vn -0.076393038 0.256307602 0.963571727
vn -0.224389791 -0.231501952 0.946602404
vn 0.19967638 0.21453245 0.956088543
vn -0.165992081 0.0785544664 0.982993245
vn -0.857986152 -0.131090045 -0.496664077
vn -0.858743489 -0.304427654 -0.412169158
vn -0.0606426112 0.314356178 0.947366178
vn -0.842777967 -0.474757522 -0.253634781
vn -0.728272259 -0.676961243 -0.106503002
vn 0.0193215813 0.498290867 0.866794527
vn -0.669706523 -0.741332889 0.0438037105
vn -0.165192097 0.476436108 0.863550901
vn 0.304087698 0.420277774 0.854925275
vn 0.311139852 0.448502213 0.837876976
vn -0.130004629 0.531334519 0.837127447
vn 0.0274158083 0.755323231 0.654778719
vn -0.64536047 -0.761435866 0.061035309
vn 0.269114614 0.546308219 0.79317385
vn 0.846662879 -0.242750943 0.473533392
vn -0.219017252 0.621752858 0.751967371
vn -0.250188917 0.702195585 0.666578412
vn 0.195303127 0.665534735 0.720361233
vn 0.908944905 -0.155163795 0.386966825
vn 0.540132344 0.324537635 0.776487231
vn -0.501569092 0.532015264 0.682193577
vn -0.620066881 0.549069285 0.560392678
vn -0.605703592 0.563084722 0.56219101
vn -0.231946424 0.672363997 0.702942073
vn -0.639686704 0.420099348 0.64367497
vn -0.198355272 0.5423491 0.816402316
vn 0.413239747 0.285179645 0.864815295
vn -0.654116333 0.174734682 0.735934556
vn -0.200430065 0.24280718 0.949142933
vn 0.332176238 0.0666930601 0.940856516
vn 0.256792605 -0.888779283 0.379643351
vn 0.179374143 0.766094983 0.617189944
vn 0.967036784 -0.0637970194 -0.246515289
vn 0.531238079 -0.710265219 -0.461854368
vn 0.0232048724 0.799497604 0.600220799
vn 0.260017425 0.792812347 0.551216483
vn 0.564836204 -0.65662086 -0.499809086
vn 0.0984845534 0.78774488 0.608077884
vn -0.69695729 -0.716235101 0.0354658552
vn -0.81353718 -0.57930243 0.0506549291
vn 0.324226052 0.75444591 0.570691466
vn 0.32423225 0.641257882 0.695457995
vn 0.48839587 -0.610597312 -0.623410344
vn 0.20035167 0.312589258 0.928518772
vn 0.15569669 0.669938922 0.725906551
vn 0.635437012 0.237023249 -0.73487401
vn 0.924739003 0.300994784 -0.232937694
vn 0.980957389 0.166724548 -0.0996274501
vn 0.466372669 -0.0127078705 -0.884497046
vn 0.726801634 0.18282032 -0.662069499
vn 0.598039627 -0.0310915671 -0.800863206
vn 0.266296715 -0.097025007 -0.958995402
vn 0.226693854 -0.256311059 -0.939635277
vn 0.986682296 0.0968233123 -0.130703658
vn 0.56549114 -0.100699678 0.818583727
vn 0.542299092 -0.280806333 -0.791870952
vn 0.980004013 -0.190967977 0.0558867902
vn 0.451542318 -0.64814961 -0.613197744
vn 0.234518677 -0.615383029 -0.752532184
vn 0.960473895 0.122767672 0.249835923
vn 0.879396319 -0.468554527 0.084372513
vn 0.396517724 -0.764661074 -0.508003056
vn 0.242781371 -0.747516751 -0.618284762
vn 0.842916489 -0.0460826941 0.536067307
vn 0.692184448 -0.720477343 0.0423441492
vn 0.523189187 -0.830041528 -0.193142578
vn -0.202377588 -0.634387672 -0.746053278
vn 0.0688769296 -0.562633336 -0.823832393
vn 0.795302331 -0.488060147 -0.359571397
vn -0.826863289 -0.332004339 0.45394963
vn 0.560966492 -0.593624055 0.576998413
vn 0.895511568 -0.428320318 0.120833658
vn -0.561684251 0.179531604 0.80763799
vn -0.239900708 0.199871585 0.949999452
vn 0.613972485 -0.426773071 0.664004862
vn 0.411662281 -0.205015182 0.887976825
vn 0.530610383 -0.0265559331 0.847199678
vn 0.768974543 -0.210138619 0.603754759
vn 0.672988176 0.0548666045 0.737615407
vn 0.730319917 0.0904224813 0.677094221
vn 0.782425523 0.0592997596 0.619914293
vn 0.989763737 0.134370148 -0.0480884723
vn 0.675559342 -0.0194028076 0.737050295
vn 0.965557039 0.240815938 -0.098525241
vn -0.653654873 -0.133202374 0.74497813
vn -0.513545752 0.275383085 0.812671483
vn -0.121885292 0.123977765 0.984770834
vn -0.957365394 -0.053332828 0.283913732
vn -0.281026512 -0.168377325 0.944813848
vn -0.869982421 -0.308674037 0.384513944
vn -0.61278069 -0.359901875 0.703541458
vn -0.688906133 -0.389071465 0.611581504
vn -0.901247382 -0.336585253 0.272880197
vn -0.591252625 -0.409956753 0.694518328
vn -0.951037288 -0.308933347 0.00939825084
vn -0.954726398 -0.273704141 0.116548643
vn 0.466372669 -0.0127078705 -0.884497046
vn 0.56549114 -0.100699678 0.818583727
vn -0.873657167 -0.253688782 0.415168911
vn -0.915165246 -0.0898867548 0.392928541
vn -0.968192101 -0.199704289 0.150738791
vn -0.977365613 0.0148511501 0.211035073
vn 0.910925686 0.184874833 0.368830234
vn 0.675559342 -0.0194028076 0.737050295
vn -0.919512153 0.126670346 0.372091502
vn -0.936646223 0.0192781035 0.349745989
vn 0.945842505 0.191778332 0.261921912
vn 0.965557039 0.240815938 -0.098525241
vn 0.960846961 0.274824053 0.0352815315
vn 0.917945385 0.390895844 -0.0676516518
vn 0.882772207 0.406977803 -0.234696493
vn 0.858806133 0.509344697 -0.0549546629
vn 0.911792934 0.332229704 -0.241364896
vn 0.833862782 0.508034885 -0.21580863
vn 0.738031805 0.673250973 -0.0451905839
vn 0.733233333 0.665398896 -0.140047073
vn 0.615095913 0.787858307 -0.0306002907
vn 0.856295824 0.479583502 -0.191721052
vn 0.904005885 0.383936822 -0.18805784
vn 0.941290319 0.279950738 -0.188680276
vn 0.930403471 0.29013899 -0.223983809
vn 0.949344993 0.230994716 -0.213038623
vn 0.672946215 0.26038453 -0.692346215
vn 0.722343028 0.302260906 -0.621979773
vn 0.924739003 0.300994784 -0.232937694
vn 0.635437012 0.237023249 -0.73487401
vn 0.466372669 -0.0127078705 -0.884497046
vn 0.529208541 0.0890846178 -0.843802273
vn -0.954726398 -0.273704141 0.116548643
vn -0.968192101 -0.199704289 0.150738791
vn 0.89322108 0.202718467 0.40132463
vn 0.9537552 0.0400281735 -0.297907352
vn 0.826434791 0.154970661 0.541285157
vn 0.45524466 -0.174314663 -0.873136103
vn 0.926915765 -0.261799455 -0.268864721
vn 0.735367537 0.124232493 0.666183829
vn 0.197106957 -0.515045404 -0.834192514
vn -0.977365613 0.0148511501 0.211035073
vn 0.310995787 -0.613402665 -0.725960612
vn 0.876111567 -0.434142172 -0.209640339
vn 0.827844977 0.0733326226 0.556142986
vn -0.864242196 0.424093008 -0.270611316
vn -0.698625147 0.194203302 -0.68862766
vn -0.717285931 0.696671247 0.0122472048
vn -0.872283936 0.355136722 -0.336152762
vn -0.909173727 0.415996373 0.018711295
vn -0.933829367 0.148522153 -0.325428754
vn -0.971735656 0.169883743 -0.16391845
vn -0.958929718 0.0573350564 -0.27778855
vn -0.955695629 0.0599371418 -0.28818962
vn -0.968692422 -0.0153446393 -0.247789308
vn -0.94583106 -0.0172422193 -0.324200988
vn -0.945222318 -0.20824337 -0.251375258
vn -0.945177138 -0.179964721 -0.27249369
vn -0.984809935 -0.0853854343 -0.151191086
vn -0.895413101 -0.340821356 -0.286489308
vn -0.959912896 -0.241224051 -0.142752126
vn -0.991422117 -0.130619913 -0.0045375363
vn -0.994246304 -0.106846236 -0.00762200635
vn -0.996501446 -0.0792243332 -0.0266138036
vn -0.825846136 -0.0538832992 0.561315119
vn -0.796806693 -0.0897757038 0.597527802
vn -0.619468927 0.00210728683 0.785018265
vn -0.991675079 -0.0397543162 -0.122475296
vn -0.449602753 0.119155012 0.885245442
vn -0.997851253 0.057301905 0.0317707546
vn -0.907847404 0.0249381531 -0.418558359
vn -0.292097032 0.18356131 0.938607752
vn -0.796025634 -0.154124334 -0.585310936
vn -0.976229608 0.103146732 0.190621331
vn -0.265469372 0.212860659 0.940327823
vn -0.970982254 0.154405847 0.182625845
vn -0.634257019 -0.27961418 -0.720787108
vn -0.309037179 0.184970587 0.932889044
vn -0.706496418 -0.169837296 -0.687035739
vn -0.920953393 0.315343618 0.228917405
vn -0.183376208 0.0508838519 0.981724977
vn -0.889256775 0.310885429 0.33551842
vn -0.814098537 0.0297272298 -0.579965413
vn 0.00847817119 -0.248407885 0.968618453
vn -0.882123411 0.0781634524 0.464487702
vn -0.927448332 0.0378390662 -0.372031808
vn 0.655179024 -0.742839158 -0.137587696
vn 0.87237519 0.106347986 0.477128536
vn 0.97072202 0.13150607 0.201009423
vn 0.611200571 -0.169810474 -0.773044765
vn 0.994709134 0.0845502988 0.0583524555
vn 0.978531718 0.0422985628 -0.201708674
vn 0.991437733 0.0662593544 -0.112521216
vn 0.992998719 0.117272139 -0.0141730402
vn 0.885513723 0.0761532411 -0.458329648
vn 0.901954234 0.172625691 -0.395826995
vn 0.94982934 0.232249379 0.209486246
vn 0.925382078 0.379031926 0.0016788285
vn 0.977561891 -0.0282089803 -0.208751068
vn 0.794023395 -0.118389793 -0.596247137
vn 0.821389496 0.0773560703 0.565097511
vn 0.958208203 -0.166327968 -0.232748494
vn 0.404605478 -0.365037084 -0.838476181
vn 0.734291911 0.0324296393 0.678058863
vn -0.619468927 0.00210728683 0.785018265
vn -0.449602753 0.119155012 0.885245442
vn -0.313980401 -0.065212369 0.947187185
vn -0.345426738 -0.0775020272 0.935239971
vn -0.377108216 -0.0834288746 0.922403932
vn -0.377108246 -0.083428897 0.922403932
vn -0.292097032 0.18356131 0.938607752
vn 0.716086388 -0.114579946 0.6885432
vn -0.265469372 0.212860659 0.940327823
vn 0.845672965 -0.49009195 -0.211298689
vn 0.68365109 -0.32997027 0.65095371
vn -0.309037179 0.184970587 0.932889044
vn 0.0974761173 -0.509765923 -0.854773164
vn -0.796025634 -0.154124334 -0.585310936
vn -0.634257019 -0.27961418 -0.720787108
vn 0.182277307 -0.576942563 -0.79618609
vn -0.706496418 -0.169837296 -0.687035739
vn 0.750254631 -0.647862196 -0.131880984
vn 0.7287938 -0.434130639 0.529518902
vn -0.183376208 0.0508838519 0.981724977
vn 0.752667427 -0.652765155 -0.0859614164
vn 0.0744182169 -0.48323974 -0.87231946
vn -0.814098537 0.0297272298 -0.579965413
vn -0.927448332 0.0378390662 -0.372031808
vn 0.880415797 -0.47249487 0.0402054265
vn 0.00847817119 -0.248407885 0.968618453
vn 0.655179024 -0.742839158 -0.137587696
vn 0.00103926484 -0.271490842 -0.962440491
vn -0.610981643 0.529482365 0.588515043
vn -0.818874836 0.293208659 0.493429512
vn -0.882699847 0.418719739 0.213341951
vn -0.599778235 0.751519859 0.274743617
vn -0.14963685 0.715120018 0.682797432
vn -0.588225007 0.807949305 0.0347738713
vn -0.888007939 0.455506474 0.0628950521
vn -0.834753454 0.533205211 -0.13740015
vn -0.240109712 0.93997252 0.242485225
vn 0.0305903219 0.628346264 0.777332067
vn -0.603360593 0.786707461 -0.130565748
vn -0.807460308 0.55216068 -0.20766893
vn -0.276689559 0.960694313 0.0225696862
vn -0.00532597722 0.989352047 0.145444721
vn -0.0109034553 0.999917388 -0.00681740511
vn -0.654730916 0.722391546 -0.222436309
vn -0.707824826 0.591816366 -0.38566488
vn -0.335019201 0.936075926 -0.107350096
vn 0.245650694 0.968637407 -0.0373805426
vn -0.358676076 0.904201686 -0.231885642
vn -0.0522478744 0.992395997 -0.111446358
vn 0.411223739 0.909861982 -0.0551933385
vn -0.364178628 0.853142858 -0.37352562
vn -0.744512379 0.409061611 -0.527607679
vn 0.247475013 0.965139806 -0.0852128267
vn 0.528698683 0.845299423 -0.0771132708
vn -0.118984245 0.961132109 -0.249134243
vn -0.528098345 0.616382122 -0.584110677
vn -0.725157619 0.493934631 -0.479765534
vn 0.393361449 0.911348045 -0.121290989
vn 0.204869151 0.95594275 -0.210242793
vn 0.0414217971 0.92711705 -0.372475684
vn -0.637603641 0.353304982 -0.684570849
vn -0.72448653 0.221643493 -0.652681649
vn 0.166901976 0.946971834 -0.274569035
vn 0.161710978 0.887344599 -0.431820691
vn -0.419335395 0.650608361 -0.633140147
vn -0.604555845 0.459750861 -0.650493264
vn -0.624488354 0.394091606 -0.674318969
vn -0.447925895 0.586975336 -0.674405158
vn -0.566253603 0.363252521 -0.739867866
vn -0.321614325 0.609443724 -0.724667251
vn -0.583044767 0.270446211 -0.766105533
vn 0.321742088 0.909639776 -0.262750089
vn -0.2563335 0.56242162 -0.786113799
vn -0.624340057 0.194546357 -0.756538987
vn 0.266594619 0.903271377 -0.336196691
vn 0.506121278 0.844758034 -0.173853606
vn 0.632925689 0.732745171 -0.249979153
vn 0.625342011 0.772006214 -0.113814943
vn 0.425583005 0.845834136 -0.321626782
vn 0.268090606 0.812173963 -0.518170655
vn 0.363856792 0.834855855 -0.413066536
vn 0.73509711 0.629674852 -0.251280278
vn 0.581983805 0.706601202 -0.402504176
vn 0.670135379 0.595715106 -0.442766339
vn 0.469437778 0.704478145 -0.532295704
vn 0.355333328 0.673673213 -0.647998989
vn 0.419913352 0.560335279 -0.713930786
vn -0.218473807 0.496465623 -0.84011364
vn -0.645825148 0.177269727 -0.742620587
vn -0.0778783709 0.484861583 -0.871116579
vn 0.0437563173 0.414953053 -0.908790112
vn 0.533928394 0.578664184 -0.616496742
vn 0.483266592 0.465148032 -0.74168092
vn 0.0946380869 0.337334096 -0.936615884
vn 0.538578272 0.459995449 -0.705930293
vn 0.500406444 0.50741291 -0.701516628
vn 0.53629458 0.391278297 -0.747856617
vn 0.4196845 0.41536659 -0.807053626
vn 0.509271204 0.395476699 -0.764356673
vn 0.505025208 0.328956783 -0.797957957
vn 0.592326641 0.34221679 -0.729408443
vn 0.550383151 0.300488532 -0.778963983
vn -0.0469761863 0.237063035 -0.970357895
vn -0.60204047 0.0781012848 -0.794636726
vn 0.467525691 0.282785237 -0.837527454
vn -0.12233261 0.178094745 -0.976379573
vn -0.684325397 0.0418459177 -0.72797513
vn 0.624583602 0.243495926 -0.74202776
vn 0.982472062 0.151048899 0.109237008
vn 0.676881373 0.0627386123 -0.733413517
vn 0.999506354 0.0265954658 0.016727576
vn 0.958661437 -0.280658513 -0.0468933806
vn 0.396743029 0.210621864 -0.893439114
vn -0.245340079 0.0993036106 -0.964337587
vn -0.773893654 -0.0184300449 -0.633047283
vn 0.348363876 0.0397555232 -0.936515927
vn 0.305554718 -0.249246567 -0.918973625
vn -0.27723819 -0.0308117494 -0.960307121
vn -0.776587903 -0.0691002533 -0.626207948
vn -0.273511469 -0.227398023 -0.93460238
vn -0.716492355 -0.15531078 -0.680086255
vn -0.251901954 -0.492787421 -0.832890153
vn -0.672925532 -0.280976415 -0.684268594
vn -0.756670237 -0.165665373 -0.632459641
vn 0.697747946 -0.256660968 -0.668784678
vn 0.591122389 -0.650102615 -0.477431715
vn 0.235068887 -0.593863845 -0.769459844
vn -0.4016276 -0.564600587 -0.721055806
vn 0.806363642 -0.591016114 0.0218556486
vn 0.803598046 -0.539935231 0.250399917
vn 0.659905136 -0.739346087 0.133763522
vn 0.106852658 -0.802561641 -0.586921811
vn -0.53073442 -0.425745487 -0.732845008
vn -0.805240333 0.077879034 -0.587812006
vn 0.617535233 -0.786517084 0.00641151797
vn 0.514188111 -0.848430753 0.12560226
vn 0.411343813 -0.852055669 -0.3237243
vn 0.0290269032 -0.833310544 -0.552042603
vn -0.619593799 -0.235865891 -0.748645961
vn -0.822755039 0.264551669 -0.503077209
vn 0.457158744 -0.88768959 -0.0548927896
vn 0.314191312 -0.906905532 -0.280724317
vn 0.0442448407 -0.829006016 -0.557486773
vn -0.700579345 0.0070932759 -0.713539183
vn -0.490987569 0.727519572 0.47921437
vn -0.991238892 0.097579509 0.0890148208
vn 0.161063612 -0.785646439 -0.597342551
vn 0.31240207 -0.920102715 -0.23625356
vn 0.400702447 -0.915945172 0.0219547823
vn 0.449842632 -0.849062026 0.277011275
vn 0.464464545 -0.876284063 -0.12805824
vn 0.518456876 -0.802492499 0.295310557
vn 0.49903506 -0.672575831 0.54644841
vn 0.798171759 -0.24057427 0.552309632
vn 0.637799144 -0.140274569 -0.757321179
vn -0.98900032 -0.147258028 -0.0139031168
vn -0.797504783 -0.160443619 0.581587493
vn 0.526124179 -0.0350217 -0.849686325
vn 0.982219338 0.00975891296 -0.187482864
vn -0.849524915 -0.104376242 0.517119944
vn -0.893237174 -0.169404894 -0.416448563
vn -0.749178112 -0.446439445 -0.489309818
vn 0.497240543 -0.198312759 -0.844644248
vn -0.900451958 -0.047183115 0.432388783
vn -0.59381336 -0.690757334 -0.41260162
vn 0.547914803 -0.265256375 -0.793365359
vn 0.487716705 -0.329503804 -0.808430433
vn -0.823923707 -0.183979824 0.536004841
vn -0.923790693 0.0187929552 0.382436424
vn -0.289018661 0.0422143415 0.956392229
vn -0.869740784 -0.00951317418 0.493417144
vn -0.836934268 -0.0615873188 0.543827295
vn -0.148039609 -0.058936581 0.987223744
vn -0.706944048 -0.094888024 0.700875461
vn -0.734899044 -0.0949161872 0.671501517
vn 0.529200256 -0.435253352 0.728355527
vn 0.169285193 -0.179235116 0.969132245
vn 0.105122052 -0.314325839 0.943476915
vn 0.552929759 -0.205188677 0.807568192
vn 0.172801539 -0.296088248 0.939399481
vn 0.997177005 -0.0728032291 -0.0183801167
vn 0.965905488 0.0111877946 -0.258653253
vn 0.992124975 -0.113463342 -0.0530477613
vn 0.940182984 -0.025497023 -0.339714348
vn 0.970911324 -0.0222918261 -0.238399342
vn 0.974552512 -0.0836413726 -0.207969874
vn 0.982219338 0.00975891296 -0.187482864
vn 0.960044086 -0.00577099342 -0.279789269
vn 0.526124179 -0.0350217 -0.849686325
vn 0.972480714 0.161932305 -0.167508498
vn 0.497240543 -0.198312759 -0.844644248
vn 0.955657184 0.27637139 -0.101676889
vn 0.547914803 -0.265256375 -0.793365359
vn -0.285602629 0.162293717 0.944506168
vn 0.888351858 0.458943218 -0.0142197562
vn 0.487716705 -0.329503804 -0.808430433
vn -0.769312799 -0.247723311 0.588889658
vn -0.251941949 0.274558604 0.92797786
vn -0.512300551 -0.776358664 -0.367172092
vn -0.72821629 -0.275669426 0.627461076
vn -0.230404913 0.316776931 0.920090258
vn 0.796872079 0.598976016 0.0788832977
vn -0.472361207 -0.824230075 -0.31228146
vn 0.06865336 -0.649216592 -0.75749886
vn 0.286739022 -0.415373981 -0.863275886
vn -0.666899562 -0.304885477 0.679918945
vn -0.546606362 -0.76827389 -0.333131671
vn -0.21729371 0.242781118 0.94543153
vn 0.849490583 0.404630095 -0.338585705
vn 0.06865336 -0.649216592 -0.75749886
vn 0.286739022 -0.415373981 -0.863275886
vn -0.744600534 -0.489228576 -0.454120457
vn 0.304791361 -0.39728862 -0.865600348
vn 0.611067951 -0.564856648 -0.554556549
vn -0.615145683 -0.309190392 0.725256562
vn -0.701471269 -0.144444868 0.697906673
vn 0.460988611 0.584675074 0.667566061
vn -0.154481515 0.141602799 0.977795482
vn 0.925733864 0.202896506 -0.319139272
vn 0.304791361 -0.39728862 -0.865600348
vn 0.559910417 0.421400994 0.71338737
vn -0.105302602 0.100952469 0.989302814
vn 0.879757583 -0.00618092157 0.475382417
vn -0.101396993 -0.474605739 -0.874338686
vn -0.102967285 -0.243804172 -0.964342952
vn -0.221562982 -0.27229017 -0.936358809
vn -0.188810423 -0.458792686 -0.868251026
vn -0.165236518 -0.694669783 -0.700093508
vn -0.0858930424 -0.743656039 -0.663021982
vn -0.0896170512 -0.843643486 -0.529371798
vn -0.15227212 -0.846913099 -0.509461999
vn -0.137188926 -0.857900381 -0.495162904
vn -0.188723639 -0.873379827 -0.448988855
vn -0.458688498 -0.747242212 -0.480868012
vn 0.768242478 -0.252682924 -0.58817929
vn -0.0357845426 0.0986428484 -0.994479299
vn -0.9610461 0.238761604 -0.139223889
vn -0.914889693 0.241993994 -0.323134303
vn 0.726374328 -0.229061618 -0.648005486
vn -0.922927201 0.209847152 -0.322753042
vn 0.732179999 -0.232029691 -0.640370846
vn -0.966747344 0.126397178 -0.222313553
vn 0.653711975 -0.196830317 -0.730697215
vn -0.888110161 0.168853551 0.427491248
vn -0.885930479 0.159102827 0.435675949
vn -0.910154104 0.12027999 0.396424383
vn -0.872587323 0.130997434 0.470564634
vn -0.970349908 0.239076182 0.035548225
vn -0.819556653 0.126332596 0.558898032
vn -0.948229074 0.30982551 0.0697832182
vn -0.918221772 -0.395041078 -0.0284813363
vn -0.831408739 -0.270593166 0.485323399
vn -0.682426631 -0.725962758 0.085276112
vn 0.533985615 0.0495096147 -0.844042778
vn -0.621670008 -0.373479486 0.688505173
vn -0.488463342 -0.852411389 0.186543018
vn 0.344998747 0.124236122 -0.930344641
vn -0.378297418 0.152673408 0.913007021
vn -0.387097538 -0.859831989 0.332933068
vn 0.19177866 0.0597088076 -0.979620278
vn 0.408598632 0.305616975 -0.860026479
vn -0.429720104 -0.449408352 0.78318119
vn -0.295970649 0.0511123203 0.953828633
vn -0.18322207 -0.0456024744 0.982013285
vn -0.298825741 -0.57128644 0.764418125
vn 0.0326243713 0.0940351784 0.995034218
vn -0.254720688 0.192740604 0.947611988
vn 0.92076093 -0.244665697 -0.303871781
vn -0.0939083248 -0.102532752 0.990286946
vn 0.459029824 0.539545 -0.70582068
vn 0.19177866 0.0597088076 -0.979620278
vn -0.079728879 0.16944772 0.982308805
vn 0.51714325 0.500666142 -0.694187522
vn 0.344998747 0.124236122 -0.930344641
vn 0.533985615 0.0495096147 -0.844042778
vn 0.686684191 0.382266223 -0.618334353
vn 0.653711975 -0.196830317 -0.730697215
vn 0.833305299 0.149189636 -0.532301307
vn 0.732179999 -0.232029691 -0.640370846
vn 0.934533715 -0.311364263 -0.172334179
vn 0.726374328 -0.229061618 -0.648005486
vn 0.936920822 -0.34693411 -0.042615179
vn 0.920148373 -0.354763001 0.165741608
vn 0.768242478 -0.252682924 -0.58817929
vn 0.90828234 -0.30494979 -0.286406368
vn 0.529200256 -0.435253352 0.728355527
vn -0.0419639125 -0.154756263 0.987061143
vn -0.0519645922 -0.159491584 0.985830605
vn 0.366235137 -0.280963898 0.887091458
vn 0.552929759 -0.205188677 0.807568192
vn -0.0945375189 -0.13435562 0.98641336
vn -0.178965658 -0.0855695233 0.980127096
vn -0.828642666 0.215236157 0.516744435
vn -0.807586849 0.260015994 0.529334724
vn -0.33501178 -0.00159911928 0.942212582
vn -0.232412621 -0.0332207978 0.972049773
vn -0.665496588 0.216449782 0.714327514
vn -0.918605089 0.371353894 0.135133058
vn -0.711882174 0.422364384 0.561098993
vn -0.225080758 -0.00256650662 0.974336803
vn -0.229626328 0.062578775 0.971265018
vn -0.677605152 0.64277637 0.357337147
vn -0.56343776 0.796681881 0.218713969
vn -0.812946677 0.558410048 0.165214911
vn -0.704418182 0.68867898 0.171803474
vn -0.576364696 0.795081139 0.188811123
vn -0.897164583 0.41476211 0.151882157
vn -0.905489445 0.419911027 0.061348401
vn -0.926769435 0.375453502 -0.0115381042
vn -0.945022583 0.315361768 -0.0864826888
vn -0.970724046 0.230818182 -0.0664665103
vn -0.383623332 0.899957955 0.20714438
vn -0.383853793 0.892536998 0.2367149
vn -0.937907577 0.346838504 0.00568930665
vn -0.958354712 0.234846398 -0.162491575
vn -0.994865239 0.0941332653 0.0371761993
vn -0.160165414 0.964899659 0.208123967
vn -0.155359685 0.964137971 0.215177491
vn 0.233197793 0.959239483 0.159619689
vn 0.189584106 0.972927928 0.132170409
vn 0.437687427 0.898505986 0.0334189311
vn 0.534510493 0.843337059 0.0555070899
vn 0.606642485 0.792345762 -0.0645990893
vn 0.887371659 0.447189301 0.112219959
vn 0.62052542 0.773358166 0.129867077
vn 0.849510789 0.519562066 -0.0915791616
vn 0.254120648 0.953680038 0.160987675
vn 0.59500289 0.803719997 -0.00238971459
vn 0.897188067 0.410390556 -0.163196549
vn -0.179561317 0.970613956 0.160207003
vn 0.259126425 0.964887798 0.0429538116
vn 0.571538627 0.81177336 -0.119864643
vn 0.763231099 0.641079366 0.0805947632
vn -0.388037503 0.911901176 0.133653566
vn -0.187707931 0.980948448 0.0500596538
vn 0.243599802 0.963234067 -0.113310158
vn 0.328746557 0.413956046 -0.848861575
vn -0.576105893 0.809816778 0.110899158
vn -0.401767641 0.915741622 -4.27120613E-05
vn 0.505240858 0.860177457 0.0694728121
vn 0.759895682 0.644629598 0.0837328583
vn -0.171348453 0.979200482 -0.10865549
vn 0.352080256 0.24990882 -0.90198952
vn -0.68975234 0.715438247 0.111309372
vn 0.531186521 0.843495131 0.0797298774
vn 0.77056545 0.619591296 0.149450749
vn 0.239995167 -0.325957894 -0.914414465
vn 0.123530008 0.974093735 0.189425036
vn 0.295610279 0.408679545 -0.86347878
vn 0.510131836 -0.201814875 -0.836083829
vn 0.541235268 0.840017915 0.0378721543
vn 0.461956948 0.883456886 0.07810013
vn 0.131946564 0.9894678 0.0595274046
vn -0.346329391 0.933724403 0.0906347856
vn -0.35147804 0.918986797 -0.178679645
vn 0.363622099 0.348176003 -0.864032686
vn 0.61100775 -0.226895392 -0.758411467
vn 0.316576391 0.94721812 -0.0505700037
vn 0.451993406 0.891977906 -0.00878748391
vn -0.55536586 0.830217719 -0.0480334274
vn 0.318264872 0.392997265 -0.86270535
vn 0.689268231 -0.272950321 -0.671123981
vn -0.567100585 0.781262577 -0.26081717
vn -0.498405486 0.832734644 -0.24113299
vn -0.655919909 0.750639975 -0.0794279575
vn -0.576120794 0.766068876 -0.284996957
vn 0.400843173 0.908063114 -0.12143369
vn 0.472169429 0.877930343 -0.0793370605
vn -0.82270366 0.559266448 0.101881392
vn 0.462590843 0.73999095 -0.48828581
vn 0.38316232 0.775344729 -0.502023101
vn 0.486543387 0.427723378 -0.761792719
vn 0.536584616 0.0751342922 -0.84049499
vn 0.417756557 0.752556264 -0.509056509
vn 0.659339726 0.244999424 -0.710806906
vn 0.737206161 -0.156604588 -0.657268643
vn 0.716462135 0.251629144 -0.650664866
vn -0.1013688 0.882259607 -0.459720016
vn 0.867916226 -0.280266196 -0.410088181
vn 0.0513326935 0.950969636 -0.304994702
vn 0.694365442 0.306682676 -0.651001036
vn 0.900094986 -0.30833447 -0.30782941
vn -0.111244597 0.966236115 -0.232405916
vn 0.44984445 0.485818505 -0.749413371
vn 0.923848093 -0.280823022 -0.260082871
vn -0.105899863 0.566972494 -0.816901088
vn -0.302380919 0.583976567 -0.753350616
vn -0.206180215 0.72393626 -0.658335745
vn -0.162259474 0.823000133 -0.544373631
vn -0.41491878 0.738864303 -0.530963242
vn -0.322250873 0.836144567 -0.443865448
vn 0.189542323 0.975102305 -0.115104757
vn -0.173194736 0.973350167 -0.150310025
vn -0.247909904 0.896286786 -0.367710054
vn -0.359595984 0.932860374 0.021501096
vn -0.502498567 0.864536583 -0.00846528634
vn -0.409290522 0.885413647 -0.22028169
vn -0.508840263 0.85823828 -0.0671471804
vn -0.558469713 0.823000252 -0.103836641
vn -0.497926205 0.821297586 -0.278459549
vn -0.555310786 0.816113114 -0.159966528
vn -0.646071672 0.716960371 -0.261838078
vn -0.615302622 0.70571053 -0.351248294
vn -0.716766298 0.562520921 -0.41208756
vn -0.525262475 0.582020998 -0.620766461
vn -0.591813445 0.427146912 -0.683595121
vn -0.703758061 0.60435164 -0.373475105
vn -0.735454321 0.56289798 -0.377164334
vn -0.800484896 0.491127819 -0.343536735
vn -0.748443484 0.601551533 -0.279227644
vn -0.680851042 0.587382138 -0.437520325
vn -0.848280847 0.445434391 -0.28636983
vn -0.805365384 0.584727466 -0.0973667502
vn -0.831919491 0.436963499 -0.342012763
vn -0.880674899 0.431919008 -0.194570556
vn -0.913736582 0.40604651 0.0145493839
vn -0.943721354 0.329193741 -0.0319614373
vn -0.918788493 0.391592741 0.0498262569
vn -0.887375474 0.39046669 -0.245153934
vn -0.901222348 0.366300225 -0.231565282
vn -0.862715662 0.378399551 -0.335462958
vn -0.862715662 0.378399551 -0.335462958
vn -0.919375181 0.288490146 -0.267437458
vn -0.898183405 0.30212611 -0.319353104
vn -0.931117594 0.224123955 -0.287729949
vn -0.938396215 0.304752201 -0.162906751
vn -0.898183405 0.30212611 -0.319353104
vn -0.919231534 0.230117396 -0.319467396
vn -0.971680045 0.0930243358 -0.217219427
vn -0.847608685 0.414855331 -0.330839217
vn -0.975030065 0.216891229 -0.0476913638
vn -0.931117594 0.224123955 -0.287729949
vn -0.872481465 0.346883208 -0.34416312
vn -0.693641901 0.42098701 -0.584491968
vn -0.961424887 0.256351739 -0.0997293144
vn -0.980974495 0.1930926 0.0201091655
vn -0.963965833 0.00451421458 0.265987724
vn -0.98326844 0.174090222 -0.0536255725
vn -0.822245181 -0.117802739 0.556808174
vn -0.996286154 0.0336822495 0.0792426616
vn -0.918857634 0.14318043 -0.36769554
vn -0.957279742 -0.111629777 0.266747624
vn -0.630743146 -0.221564546 0.743688345
vn -0.927763164 0.0184261184 -0.372714579
vn -0.925635695 -0.258896291 0.275991201
vn 0.591875315 -0.0376380011 0.80515027
vn -0.862900496 -0.49228695 0.114264332
vn 0.636624217 0.188538462 0.747771859
vn 0.68972528 0.446330011 0.570147812
vn -0.860994816 0.044354029 -0.506675959
vn -0.790082812 0.0325066522 -0.612137616
vn -0.84865272 0.105176158 -0.518388391
vn 0.998867869 -0.00896544009 0.0467181206
vn -0.803983808 -0.160012335 -0.572718263
vn -0.644062698 -0.200217217 -0.738306344
vn -0.709141493 -0.358833998 -0.606923699
vn 0.987940431 0.117891736 0.100375697
vn -0.899582803 -0.162317291 -0.405467361
vn -0.627892315 -0.310051113 -0.713876426
vn 0.954405546 0.249644667 0.163668975
vn 0.842183053 0.498978168 0.204324201
vn -0.820063174 -0.433019459 -0.374153137
vn -0.673073292 -0.661459029 -0.330823749
vn -0.510649502 -0.587175608 -0.628062189
vn -0.744398952 -0.663690507 0.0733838677
vn -0.689225674 -0.630190074 0.357531071
vn 0.554268777 0.631352544 0.542383611
vn 0.793887556 0.572711885 0.204312786
vn -0.334878027 -0.806405067 -0.487408936
vn 0.834979177 0.549790561 0.0232415423
vn 0.819324553 0.460785806 0.341150343
vn -0.159644052 -0.740715325 -0.652575374
vn 0.622486174 0.768247187 0.14935638
vn 0.738880038 0.652981699 0.166346252
vn -0.626660943 -0.651426077 -0.427714944
vn -0.485424221 -0.859311283 -0.161082327
vn -0.449436963 -0.770389855 0.452223212
vn 0.499352813 0.733422041 0.461236209
vn 0.819324553 0.460785806 0.341150343
vn 0.996974826 -0.0624033771 0.0463364385
vn 0.659638643 0.609748602 0.439412713
vn 0.794899762 0.590418637 0.139786407
vn 0.903934479 0.385202378 0.185799792
vn 0.782375872 0.402043551 0.47565636
vn 0.832413912 0.121771269 0.540609658
vn 0.980629623 0.184393495 0.0660642982
vn 0.994913459 0.020931717 -0.0985349119
vn 0.982219338 0.00975891296 -0.187482864
vn 0.970911324 -0.0222918261 -0.238399342
vn 0.995495915 -0.0150453942 -0.0936025381
vn 0.969464302 -0.075398013 -0.233353898
vn 0.968383133 -0.0395246558 -0.246317059
vn -0.982729673 -0.0627638921 0.174078032
vn 0.637799144 -0.140274569 -0.757321179
vn 0.431377769 0.0765317976 -0.898919404
vn 0.42822668 -0.0649744496 -0.901332438
vn 0.454976857 -0.0782650486 -0.887057304
vn 0.396667004 0.0889164656 -0.913646102
vn 0.349776208 -0.0236752592 -0.936534107
vn 0.422534704 0.185367137 -0.887188554
vn 0.321154624 0.0979751796 -0.941945136
vn 0.375449479 0.18941842 -0.907280743
vn 0.33359614 0.193195745 -0.922707498
vn 0.395273238 0.265102655 -0.879476905
vn 0.250068218 0.260969192 -0.93239522
vn 0.416226149 0.318855971 -0.85152024
vn 0.307169169 0.307752132 -0.900519729
vn 0.335634768 0.425836354 -0.840245664
vn 0.395285785 0.431102991 -0.81110996
vn 0.30633986 0.575826764 -0.758010209
vn 0.306854337 0.605431736 -0.734365582
vn 0.284279227 0.700975418 -0.654078603
vn 0.269615144 0.725814581 -0.632851303
vn 0.269191504 0.814197779 -0.514410257
vn 0.26494652 0.867085576 -0.421860039
vn 0.124195144 0.979370058 -0.159404919
vn 0.0618545674 0.992953718 -0.101079054
vn 0.370993763 0.905363083 0.206594333
vn 0.242109403 0.841184318 -0.483520478
vn 0.352654308 0.687101185 -0.635237634
vn 0.382028729 0.590750873 -0.710680962
vn 0.368454158 0.452492476 -0.812091112
vn -0.268884391 0.934294164 -0.234084457
vn 0.160963818 0.968636394 0.189299509
vn 0.088654168 0.985827327 -0.142425135
vn 0.325895727 0.937160909 -0.124584436
vn 0.318754256 0.917449713 -0.238079369
vn 0.419775486 0.79349786 -0.440624118
vn 0.611060977 0.758005738 -0.228104696
vn 0.448851883 0.685097635 -0.573736191
vn 0.625526667 0.68074578 -0.381184399
vn 0.624537885 0.619001627 -0.476224124
vn 0.447496206 0.588800013 -0.673098564
vn 0.431606829 0.448816329 -0.782482922
vn 0.443754703 0.343212366 -0.827820659
vn 0.358620286 0.351991206 -0.864577234
vn 0.501392484 0.247777537 -0.828982472
vn 0.250068218 0.260969192 -0.93239522
vn 0.386539608 0.255369008 -0.886213183
vn 0.584991813 0.190610126 -0.788322449
vn -0.261806905 0.153447583 -0.952843666
vn 0.449941874 0.198295519 -0.870764732
vn 0.64594245 0.083489798 -0.758806825
vn 0.485935718 0.0971291438 -0.868580699
vn -0.349303931 0.0635074377 -0.934854746
vn 0.664507329 -0.103167854 -0.740126014
vn -0.370670795 -0.0649103746 -0.926493287
vn 0.494610906 -0.0834883004 -0.865095139
vn 0.647911608 -0.312547743 -0.694639802
vn 0.48564288 -0.304921329 -0.819252014
vn -0.329839766 -0.223911017 -0.917098463
vn 0.558703184 -0.615258098 -0.556154966
vn 0.394144803 -0.609251618 -0.688086033
vn -0.731566906 -0.177181602 -0.658343792
vn 0.397336394 -0.820026934 -0.411921799
vn -0.755816579 -0.284953475 -0.589527607
vn 0.233953983 -0.80251044 -0.548855662
vn 0.338312954 -0.853973925 -0.39531365
vn -0.862600625 -0.173183545 -0.475318432
vn 0.13054809 -0.867287993 -0.480384052
vn 0.303678572 -0.788898766 -0.534245372
vn 0.454976857 -0.0782650486 -0.887057304
vn 0.42822668 -0.0649744496 -0.901332438
vn 0.447061241 -0.2786102 -0.850007474
vn 0.47106567 -0.29337576 -0.83188206
vn 0.427761376 -0.551330209 -0.716278732
vn 0.466668636 -0.584929466 -0.663383663
vn 0.312061816 -0.808148384 -0.499513328
vn 0.394300759 -0.830848992 -0.392704546
vn 0.237692818 -0.896656394 -0.373509645
vn 0.381304353 -0.881259143 -0.279265851
vn 0.225734696 -0.888550222 -0.39940238
vn 0.116434589 -0.889368176 -0.442116708
vn 0.225734696 -0.888550222 -0.39940238
vn 0.237692818 -0.896656394 -0.373509645
vn 0.312061816 -0.808148384 -0.499513328
vn 0.231938869 -0.824289322 -0.51647979
vn 0.355790615 -0.508739471 -0.783962488
vn 0.427761376 -0.551330209 -0.716278732
vn 0.380453885 -0.232758507 -0.895029843
vn 0.447061241 -0.2786102 -0.850007474
vn 0.42822668 -0.0649744496 -0.901332438
vn 0.349776208 -0.0236752592 -0.936534107
vn 0.256792605 -0.888779283 0.379643351
vn 0.332176238 0.0666930601 0.940856516
vn 0.735618293 -0.487167031 -0.470673978
vn 0.709315658 -0.654274344 -0.262290686
vn 0.413239747 0.285179645 0.864815295
vn 0.661611378 -0.731937468 -0.16290459
vn 0.540132344 0.324537635 0.776487231
vn 0.908944905 -0.155163795 0.386966825
vn 0.613038778 -0.76887846 -0.181684524
vn 0.565380633 -0.806333363 -0.173698604
vn 0.846662879 -0.242750943 0.473533392
vn 0.231938869 -0.824289322 -0.51647979
vn 0.311139852 0.448502213 0.837876976
vn 0.154151335 0.598377943 -0.786245048
vn 0.210460484 0.681422234 -0.700977921
vn 0.145810515 0.585546494 -0.797417402
vn -0.00907903444 0.452326894 -0.891806006
vn 0.012258091 0.468782097 -0.883228719
vn -0.126326367 0.338918209 -0.932296157
vn -0.11949046 0.346882999 -0.930265605
vn -0.186213106 0.287238866 -0.939584255
vn -0.185051739 0.286995888 -0.939887941
vn -0.113575771 0.228624821 -0.966866672
vn -0.145918489 0.235858411 -0.960769832
vn -0.0927083567 0.15280512 -0.983898222
vn 0.0965619907 0.130897194 -0.986682177
vn 0.114867389 -0.0176892485 -0.99322331
vn 0.321154624 0.0979751796 -0.941945136
vn 0.349776208 -0.0236752592 -0.936534107
vn 0.380453885 -0.232758507 -0.895029843
vn 0.0597138405 -0.213072807 -0.975209892
vn 0.355790615 -0.508739471 -0.783962488
vn -0.10214296 -0.0159705058 -0.994641542
vn -0.102967285 -0.243804172 -0.964342952
vn -0.0107000247 -0.483463317 -0.875299215
vn -0.101396993 -0.474605739 -0.874338686
vn -0.221562982 -0.27229017 -0.936358809
vn -0.153631046 0.0231259558 -0.98785758
vn -0.145526722 0.154286116 -0.977250159
vn -0.084946461 0.130250856 -0.987835467
vn -0.18514733 0.131895408 -0.973819315
vn -0.238463789 -0.0340400077 -0.970554709
vn -0.320053011 -0.251619607 -0.913374841
vn -0.188810423 -0.458792686 -0.868251026
vn -0.341711193 -0.415841132 -0.842798591
vn -0.165236518 -0.694669783 -0.700093508
vn -0.272518158 -0.69922775 -0.660919368
vn -0.585026145 -0.726044893 -0.361390531
vn -0.15227212 -0.846913099 -0.509461999
vn -0.188723639 -0.873379827 -0.448988855
vn -0.772624135 -0.600784302 -0.205208063
vn -0.458688498 -0.747242212 -0.480868012
vn -0.232412621 -0.0332207978 0.972049773
vn -0.920571983 0.390006393 0.0210305844
vn -0.33501178 -0.00159911928 0.942212582
vn -0.863977492 0.408498973 -0.294400334
vn -0.178965658 -0.0855695233 0.980127096
vn -0.289947689 -0.0389220007 -0.956250727
vn -0.238463789 -0.0340400077 -0.970554709
vn -0.18514733 0.131895408 -0.973819315
vn -0.28082478 0.115811162 -0.952746153
vn -0.126573786 0.246603653 -0.960815132
vn -0.237585694 0.230185941 -0.943698883
vn -0.09291365 0.259024113 -0.961391509
vn -0.209654152 0.25416398 -0.944164097
vn -0.0746802688 0.317258745 -0.94539392
vn -0.459364295 -0.0508980229 -0.886788547
vn -0.472626477 0.0989013761 -0.875695646
vn -0.468354493 0.20321843 -0.859852493
vn -0.483303517 -0.261854231 -0.835374177
vn -0.266394734 -0.242596269 -0.932834864
vn -0.679364204 0.0938381031 -0.727776468
vn -0.857986152 -0.131090045 -0.496664077
vn -0.858743489 -0.304427654 -0.412169158
vn -0.463426411 0.196885705 -0.863986135
vn -0.842777967 -0.474757522 -0.253634781
vn -0.49534893 -0.493141443 -0.715150952
vn -0.246924952 -0.447737783 -0.859394491
vn -0.19507286 -0.712692738 -0.673806787
vn -0.468120068 0.260185868 -0.844492137
vn -0.546287596 0.286383629 -0.78711772
vn -0.45468086 -0.731550395 -0.508034766
vn -0.728272259 -0.676961243 -0.106503002
vn -0.107937254 -0.863459527 -0.492734283
vn -0.384709418 -0.859494865 -0.336552143
vn -0.669706523 -0.741332889 0.0438037105
vn -0.0360123143 -0.90579623 -0.422180295
vn -0.334585667 -0.904515982 -0.264392108
vn -0.64536047 -0.761435866 0.061035309
vn -0.052267123 -0.874299109 -0.482565373
vn -0.39285934 -0.864599109 -0.313256711
vn -0.69695729 -0.716235101 0.0354658552
vn -0.0740675256 -0.764218926 -0.640689731
vn -0.51349628 -0.742227376 -0.430604279
vn -0.81353718 -0.57930243 0.0506549291
vn 0.20035167 0.312589258 0.928518772
vn -0.266394734 -0.242596269 -0.932834864
vn -0.238463789 -0.0340400077 -0.970554709
vn -0.289947689 -0.0389220007 -0.956250727
vn -0.320053011 -0.251619607 -0.913374841
vn -0.246924952 -0.447737783 -0.859394491
vn -0.341711193 -0.415841132 -0.842798591
vn -0.272518158 -0.69922775 -0.660919368
vn -0.19507286 -0.712692738 -0.673806787
vn 0.061734058 -0.852020085 -0.519856453
vn -0.107937254 -0.863459527 -0.492734283
vn 0.531238079 -0.710265219 -0.461854368
vn -0.0360123143 -0.90579623 -0.422180295
vn -0.052267123 -0.874299109 -0.482565373
vn 0.564836204 -0.65662086 -0.499809086
vn 0.48839587 -0.610597312 -0.623410344
vn -0.0740675256 -0.764218926 -0.640689731
vn 0.20035167 0.312589258 0.928518772
vn -0 0.169118643 -0.985595703
vn -0 0.163510293 -0.986541629
vn -0 0.239360064 -0.970930874
vn -0 -0.0769638494 -0.997033954
vn -0.949568868 -0.00443904195 -0.313527137
vn -0.982599139 0.0124209588 -0.185322955
vn -0.969160914 0.0418496765 -0.242849097
vn -0.963475108 0.0529854931 -0.262503743
vn -0.952352881 0.0745318681 -0.295751482
vn -0.955957055 0.0660409778 -0.285980523
vn -0.731566906 -0.177181602 -0.658343792
vn -0.937986434 0.169508144 -0.302404404
vn -0.281201959 0.720155597 0.634272337
vn -0.755816579 -0.284953475 -0.589527607
vn -0.180210143 0.7665748 0.616350114
vn -0.862600625 -0.173183545 -0.475318432
vn -0.163565218 0.652909636 0.7395643
vn -0.406472266 -0.909308553 -0.0890967026
vn -0.136816859 -0.867079735 -0.479013354
vn -0.390701175 -0.678395033 -0.622200072
vn -0.206929564 -0.804894507 -0.556169868
vn -0.36905992 -0.840489686 -0.396701336
vn 0.226621464 0.214578867 0.950051904
vn 0.104565531 0.639960587 0.761259735
vn 0.292691857 0.705700874 0.645226896
vn 0.226621464 0.214578867 0.950051904
vn 0.199071839 0.669373035 0.715758502
vn 0.406086385 0.680198252 0.610265613
vn 0.308572233 0.491263032 0.814520538
vn 0.67384541 0.562172353 0.479473174
vn 0.718322337 0.141500086 0.681168616
vn 0.683153749 0.174244732 0.709182382
vn 0.655149102 -0.113157421 0.74697721
vn 0.77406472 -0.0508267097 0.631063104
vn 0.389538318 0.826670051 0.406049758
vn 0.538810194 0.839554131 0.0695160478
vn 0.365191132 0.653763115 0.662743688
vn 0.341466546 0.904515922 0.255443841
vn 0.969882071 -0.170062244 0.174378097
vn 0.279203594 0.831407428 0.480423868
vn 0.207899868 0.891628623 0.402213842
vn -0.573495924 -0.677348971 0.4607611
vn -0.715952098 -0.553978682 0.424876839
vn -0.774194956 -0.603204668 0.191745847
vn 0.872870922 0.115798794 -0.47401166
vn 0.816520631 -0.00466200337 0.57729739
vn 0.56025207 -0.256950736 0.787460446
vn -0.985758662 0.0500021428 0.160560146
vn -0.876906991 -0.0860962644 0.472886443
vn 0.812126815 0.235248744 0.533955038
vn 0.70350194 0.535679877 0.467046112
vn -0.708384991 -0.233049542 0.666242242
vn -0.4645437 -0.392417252 0.793856263
vn -0.335569829 -0.362389356 0.869520962
vn 0.743438721 0.540705681 0.393619448
vn 0.433835298 -0.36410448 -0.824144959
vn 0.486829966 -0.430313617 -0.760149181
vn 0.610367715 0.71599263 0.338830322
vn 0.637024045 -0.305684626 -0.707642019
vn 0.521054924 0.731808245 0.439270467
vn -0.444377482 -0.414269745 0.794297934
vn 0.425296485 0.842053771 0.331765354
vn 0.397793263 0.713157535 0.577206075
vn 0.319304675 0.834513128 0.44903484
vn 0.622486174 0.768247187 0.14935638
vn 0.738880038 0.652981699 0.166346252
vn 0.499352813 0.733422041 0.461236209
vn 0.819324553 0.460785806 0.341150343
vn 0.842183053 0.498978168 0.204324201
vn 0.869247317 0.326460809 0.371257901
vn 0.954405546 0.249644667 0.163668975
vn 0.987940431 0.117891736 0.100375697
vn 0.68972528 0.446330011 0.570147812
vn 0.834979177 0.549790561 0.0232415423
vn 0.554268777 0.631352544 0.542383611
vn 0.793887556 0.572711885 0.204312786
vn 0.636624217 0.188538462 0.747771859
vn 0.92177707 0.118207447 0.369261622
vn 0.591875315 -0.0376380011 0.80515027
vn 0.852487326 -0.0635711774 0.518868148
vn 0.93044126 -0.0267755687 0.365461409
vn 0.798171759 -0.24057427 0.552309632
vn 0.998867869 -0.00896544009 0.0467181206
vn 0.915468514 -0.107180305 0.387852848
vn -0.98900032 -0.147258028 -0.0139031168
vn -0.884481847 0.206360251 -0.418458372
vn 0.969465971 0.156752303 0.188585535
vn 0.985473633 -0.100870356 0.13662678
vn 0.507863641 -0.0647047982 -0.859003901
vn -0.640323818 -0.122765929 -0.758230865
vn -0.836934268 -0.0615873188 0.543827295
vn -0.734899044 -0.0949161872 0.671501517
vn -0.927925587 -0.0786934346 0.364364445
vn -0.849524915 -0.104376242 0.517119944
vn -0.973459125 0.137269288 -0.183123961
vn -0.941776454 0.222744852 -0.25187698
vn -0.954288065 0.282269537 -0.0982759967
vn -0.980974495 0.1930926 0.0201091655
vn -0.939589262 0.185796693 -0.287491649
vn -0.90274781 0.176063001 -0.392489761
vn -0.855684161 0.158284977 -0.492697239
vn -0.981427908 0.0824820101 -0.173193082
vn -0.866966009 0.14934282 -0.475464612
vn -0.74603349 0.159151375 -0.64661026
vn -0.866057634 -0.133916304 0.481674999
vn -0.79906863 0.037408784 -0.600075006
vn 0.994913459 0.020931717 -0.0985349119
vn -0.974749923 0.00476213451 -0.223248959
vn -0.794698536 -0.344753593 0.499599099
vn -0.678397536 -0.184472665 -0.711158693
vn 0.980629623 0.184393495 0.0660642982
vn -0.941487253 -0.227145761 -0.249011084
vn 0.832413912 0.121771269 0.540609658
vn 0.982219338 0.00975891296 -0.187482864
vn -0.641773105 -0.473212093 0.603487909
vn 0.782375872 0.402043551 0.47565636
vn -0.468666255 -0.524724483 -0.710644901
vn 0.903934479 0.385202378 0.185799792
vn -0.787981331 -0.597277284 -0.149483263
vn -0.648672104 -0.559677422 0.51573807
vn 0.659638643 0.609748602 0.439412713
vn 0.996974826 -0.0624033771 0.0463364385
vn -0.689668417 -0.719067633 -0.0854346454
vn -0.272192597 -0.729439735 -0.627557874
vn 0.794899762 0.590418637 0.139786407
vn 0.256792605 -0.888779283 0.379643351
vn -0.678218126 -0.320709616 -0.661184907
vn -0.654116333 0.174734682 0.735934556
vn -0.639686704 0.420099348 0.64367497
vn -0.653402925 -0.533219337 -0.537347138
vn -0.605703592 0.563084722 0.56219101
vn -0.458688498 -0.747242212 -0.480868012
vn -0.620066881 0.549069285 0.560392678
vn -0.772624135 -0.600784302 -0.205208063
vn -0.585026145 -0.726044893 -0.361390531
vn -0.963519514 -0.265234739 0.0357879028
vn 0.573123395 0.818274617 -0.0442278124
vn 0.67343235 0.737897098 -0.0446849465
vn 0.531835377 0.842639804 0.0843170583
vn 0.551164269 0.831053138 0.0746233985
vn 0.171186492 0.98517704 0.0110228974
vn 0.111084253 0.99196434 -0.0605559051
vn -0.165963724 0.983220816 0.0757155716
vn -0.165591523 0.985672951 -0.0320658907
vn -0.402596951 0.914305568 0.0442829989
vn -0.397375315 0.908005893 0.132733494
vn -0.618504703 0.756986141 0.210769475
vn -0.600477099 0.791520536 0.113677651
vn -0.769841671 0.59711653 0.225379109
vn -0.736803353 0.67090404 0.0837175176
vn -0.855803847 0.507196307 -0.101743281
vn -0.845816135 0.486283213 0.21937117
vn -0.917862833 0.366792649 -0.151627734
vn -0.720054984 0.226330191 -0.655969203
vn -0.817267716 0.229773492 -0.528467238
vn -0.94677937 0.321789682 0.00776793016
vn -0.952633321 0.127429292 -0.276136607
vn -0.986410797 0.139511049 0.0867782533
vn -0.978714645 0.140218019 0.149855584
vn -0.0258916765 -0.514678061 0.856992424
vn -0.0341518633 -0.529845059 0.847406566
vn 0.00404065661 -0.422879934 0.906176686
vn -0.307396293 -0.553141475 0.774301052
vn -0.306021512 -0.54947257 0.777451456
vn -0.210709557 0.257823855 0.942936063
vn -0.580632627 0.00289666024 0.814160526
vn 0.364760458 0.688240111 0.627116621
vn -0.114913374 0.201542735 0.972715497
vn 0.243662491 0.858059883 0.452063918
vn -0.171748593 0.0757433847 0.982224762
vn 0.593557835 0.770107269 0.233717591
vn 0.180454388 0.934015393 0.308304042
vn 0.531835377 0.842639804 0.0843170583
vn 0.551164269 0.831053138 0.0746233985
vn 0.171186492 0.98517704 0.0110228974
vn -0.165963724 0.983220816 0.0757155716
vn -0.250993133 0.722744048 0.64392823
vn -0.193702042 0.0252830498 0.980734527
vn -0.397375315 0.908005893 0.132733494
vn -0.413244724 0.670924664 0.615701973
vn -0.271670759 -0.0453132316 0.961322844
vn -0.618504703 0.756986141 0.210769475
vn -0.569054008 0.487130821 0.66248101
vn -0.328737348 0.0553589463 0.942797542
vn -0.769841671 0.59711653 0.225379109
vn -0.582657516 0.294757009 0.757382691
vn -0.625967383 0.349348933 0.697223127
vn -0.845816135 0.486283213 0.21937117
vn -0.74309051 0.349008441 0.570972621
vn -0.917862833 0.366792649 -0.151627734
vn -0.831642389 0.292158544 0.472243875
vn -0.94677937 0.321789682 0.00776793016
vn -0.986410797 0.139511049 0.0867782533
vn -0.901694 0.159841031 0.401744604
vn -0.978714645 0.140218019 0.149855584
vn -0.355430543 0.20575434 0.91177541
vn -0.625967383 0.349348933 0.697223127
vn -0.328737348 0.0553589463 0.942797542
vn -0.74309051 0.349008441 0.570972621
vn -0.377003491 0.255834281 0.890178263
vn -0.709362686 0.222758666 0.668717563
vn -0.831642389 0.292158544 0.472243875
vn -0.901694 0.159841031 0.401744604
vn -0.208506912 0.410532415 0.887686849
vn -0.212149963 0.391102403 0.895562053
vn -0.201404423 0.322237343 0.924986184
vn -0.382433981 0.351189017 0.854640603
vn -0.340287954 0.224250719 0.913189769
vn -0.633907437 0.357009053 0.686080098
vn -0.72678715 0.518355966 0.450652301
vn -0.778208196 0.383293271 0.497471929
vn -0.734995782 0.677553475 0.0265058037
vn -0.858134091 0.473753422 0.197898179
vn -0.728559613 0.660407901 -0.181830078
vn -0.85923332 0.491447896 -0.142116264
vn -0.940634727 0.292101622 0.172866717
vn -0.951039553 0.28023383 -0.130356997
vn -0.989494026 0.124852017 0.0728928223
vn -0.998046398 0.0418117382 0.0464246795
vn -0.93130821 -0.0127828652 0.364007741
vn -0.998046398 0.0418117382 0.0464246795
vn -0.989494026 0.124852017 0.0728928223
vn -0.826714396 -0.0839075074 0.556329846
vn -0.714878798 -0.137438565 0.685608447
vn -0.704528332 -0.288856864 0.648229599
vn -0.792066455 -0.054812666 0.607968986
vn -0.639517188 -0.117692076 0.759714663
vn -0.684280753 0.081340611 0.724667847
vn -0.649904191 0.228341177 0.724903345
vn -0.615377843 0.365031928 0.69861412
vn -0.212149963 0.391102403 0.895562053
vn -0.524375916 0.576598346 0.626549482
vn -0.382433981 0.351189017 0.854640603
vn -0.615377843 0.365031928 0.69861412
vn -0.633907437 0.357009053 0.686080098
vn -0.684280753 0.081340611 0.724667847
vn -0.778208196 0.383293271 0.497471929
vn -0.792066455 -0.054812666 0.607968986
vn -0.858134091 0.473753422 0.197898179
vn -0.940634727 0.292101622 0.172866717
vn -0.826714396 -0.0839075074 0.556329846
vn -0.989494026 0.124852017 0.0728928223
vn -0.328737348 0.0553589463 0.942797542
vn -0.271670759 -0.0453132316 0.961322844
vn -0.0291719474 -0.332083911 0.942798674
vn 0.00404065661 -0.422879934 0.906176686
vn -0.193702042 0.0252830498 0.980734527
vn -0.171748593 0.0757433847 0.982224762
vn -0.0258916765 -0.514678061 0.856992424
vn -0.114913374 0.201542735 0.972715497
vn -0.307396293 -0.553141475 0.774301052
vn -0.210709557 0.257823855 0.942936063
vn -0.964817643 0.239862904 0.107669652
vn -0.804050803 0.0687187836 0.590575993
vn -0.711277723 -0.0953731388 0.696410775
vn -0.907283425 0.293213427 0.301434606
vn -0.925333679 0.379035383 0.0094697522
vn -0.90820694 0.356598377 -0.219083935
vn -0.90820694 0.356598377 -0.219083935
vn -0.843473077 0.533433795 -0.0632584244
vn -0.925333679 0.379035383 0.0094697522
vn -0.832251787 0.543090045 0.111400716
vn -0.728360236 0.677917182 0.0995975062
vn -0.789772928 0.477972358 0.384449065
vn -0.907283425 0.293213427 0.301434606
vn -0.804050803 0.0687187836 0.590575993
vn -0.722052276 0.652911067 0.228795886
vn -0.582422435 0.778192937 0.234946325
vn -0.677140176 0.223965213 0.700942755
vn -0.711277723 -0.0953731388 0.696410775
vn -0.557740688 0.0553931631 0.828164816
vn -0.686352313 0.582468808 0.435489058
vn -0.604302049 0.427456766 0.672383666
vn -0.460394591 0.355018467 0.813633025
vn -0.553289056 0.69690609 0.456281811
vn -0.368789047 0.509952545 0.777137697
vn -0.130403966 0.225081235 0.965574026
vn -0.581244528 0.756780267 0.299062759
vn -0.228512004 0.656804502 0.718602896
vn -0.0588252358 0.300085992 0.952096581
vn -0.350401551 0.801850736 0.483998179
vn -0.360897243 0.872398257 0.329658031
vn -0.390396863 0.886388898 0.248806983
vn -0.139836162 0.937264502 0.319345057
vn -0.168903917 0.87773031 0.448398232
vn -0.176010564 0.767264903 0.616704822
vn -0.130333111 0.652834356 0.746204197
vn -0.10063003 0.863241673 0.494658858
vn -0.055589281 0.756044924 0.652154803
vn -0.0545173809 0.933001101 0.355720282
vn -0.054696504 0.948039472 0.313415945
vn -0.00736474013 0.952011228 0.305974513
vn -0.0481269509 0.883530676 0.465894103
vn 0.0329224169 0.83319521 0.551998019
vn 0.0147020631 0.919939578 0.391784489
vn 0.3993527 0.566323042 0.720968544
vn 0.572192371 0.571174741 0.588519633
vn 0.659017622 0.486347675 0.573726118
vn 0.463502705 0.631057799 0.622037947
vn 0.347788543 0.557694137 0.753671229
vn -0.357620925 -0.735741377 -0.575145125
vn -0.298320621 -0.393220425 0.869702518
vn 0.302931935 -0.353889763 0.884869695
vn -0.295152515 -0.696704447 -0.653825581
vn 0.218058497 -0.742938042 0.632845521
vn 0.301986277 -0.482485414 0.822199583
vn 0.285758346 -0.326868176 0.900832593
vn 0.172863141 -0.660596251 0.730568945
vn -0.124199063 -0.767724633 -0.628628254
vn 0.177310646 -0.545158625 0.819367409
vn 0.00061828905 -0.824158967 -0.566358268
vn 0.0102663171 -0.730263114 0.683088899
vn 0.0769164786 -0.792556465 -0.604928195
vn -0.153587773 -0.627721667 0.76313585
vn -0.150657132 -0.748436034 0.645868361
vn 0.128115326 -0.700928032 -0.701631188
vn 0.316000998 -0.678246915 -0.663418829
vn -0.220246181 -0.793289363 0.567612231
vn -0.271807998 -0.337596387 0.901193082
vn -0.302269816 -0.482442707 0.822120428
vn 0.108538419 -0.781628132 0.614228785
vn 0.569739461 -0.57921201 -0.583018243
vn -0.236038774 -0.482674241 0.84339267
vn 0.530027628 -0.480907649 -0.69842577
vn 0.0685111806 0.409340233 0.909805894
vn -0.0590350516 0.521974981 0.850915372
vn 0.0596802942 0.214397684 0.974921405
vn 0.285758346 -0.326868176 0.900832593
vn 0.292321831 -0.233386844 0.927404165
vn 0.172863141 -0.660596251 0.730568945
vn 0.177310646 -0.545158625 0.819367409
vn 0.112301782 0.252277732 0.961116135
vn -0.0148443906 -0.261910468 0.964978039
vn 0.0102663171 -0.730263114 0.683088899
vn -0.153587773 -0.627721667 0.76313585
vn -0.153847679 0.11299178 0.981612802
vn -0.223220378 -0.359120578 0.906203687
vn -0.150657132 -0.748436034 0.645868361
vn -0.271807998 -0.337596387 0.901193082
vn 0.172890693 0.028782757 0.984520376
vn 0.0596802942 0.214397684 0.974921405
vn 0.248024344 0.177598894 0.952335238
vn 0.0685111806 0.409340233 0.909805894
vn 0.17537412 -0.00281078299 0.984497845
vn -0.236038774 -0.482674241 0.84339267
vn 0.108538419 -0.781628132 0.614228785
vn -0.302269816 -0.482442707 0.822120428
vn 0.301986277 -0.482485414 0.822199583
vn 0.302931935 -0.353889763 0.884869695
vn -0.190277249 -0.0259014014 0.981388688
vn -0.298320621 -0.393220425 0.869702518
vn 0.347788543 0.557694137 0.753671229
vn -0.258173794 0.159443855 0.952850401
vn 0.3993527 0.566323042 0.720968544
vn -0.172890693 0.028782757 0.984520376
vn -0.957331419 -0.183381557 -0.22335583
vn -0.413208604 0.103329569 -0.904754996
vn -0.80031538 -0.329562932 -0.500882864
vn -0.836526394 -0.441981614 0.323845506
vn -0.942164183 -0.211677089 0.259845048
vn -0.994823813 0.0469767787 -0.0901044384
vn -0.848604798 -0.212870464 0.484309971
vn -0.844506741 -0.375939935 0.381415009
vn -0.772719324 0.0599219427 0.631913066
vn -0.955706418 0.0803472847 0.283142149
vn -0.964378059 0.252727866 -0.0781252757
vn -0.605318248 0.300041676 0.737268448
vn -0.863299131 0.347782433 0.365734696
vn -0.925714672 0.359321266 -0.118069723
vn -0.757531345 0.512697756 0.404088348
vn -0.284913391 0.434620678 0.854358971
vn -0.831563115 0.0621636659 -0.551940739
vn -0.714675188 0.577518344 0.394603521
vn -0.234104291 0.488924026 0.840326309
vn -0.734932661 -0.11509154 -0.668302298
vn -0.213073522 0.509237826 0.833832443
vn -0.780622959 0.556124866 0.285224468
vn -0.770228505 -0.626341164 0.120186366
vn -0.886918485 -0.441617042 0.135462254
vn -0.486458272 -0.453943968 0.746520817
vn -0.916285157 -0.304306537 0.26042074
vn -0.939061344 -0.289405614 0.185494065
vn -0.85957247 -0.469259202 0.202314287
vn -0.974076211 0.0211739 0.225227028
vn -0.94592011 -0.254193664 0.201545611
vn -0.977285147 0.00607053423 0.211841822
vn -0.980252504 0.0173145719 0.196990386
vn -0.904455364 0.315445542 0.287149131
vn -0.969295859 0.235144973 0.0719192252
vn -0.948253155 0.264625371 0.175468907
vn -0.807846129 0.487239152 0.33163625
vn -0.869715631 0.475727797 0.131444946
vn -0.809429944 0.580468297 0.0887680128
vn -0.928991556 0.359759927 -0.0868759155
vn -0.645682931 0.616592348 0.450452387
vn -0.870411277 0.36904493 -0.32586807
vn -0.239900708 0.199871585 0.949999452
vn -0.202377588 -0.634387672 -0.746053278
vn -0.86490649 0.495536834 0.0798746645
vn -0.561684251 0.179531604 0.80763799
vn -0.962987721 0.188919246 0.192261189
vn 0.0688769296 -0.562633336 -0.823832393
vn -0.826863289 -0.332004339 0.45394963
vn 0.530027628 -0.480907649 -0.69842577
vn 0.653199732 -0.508813083 -0.560748994
vn 0.569739461 -0.57921201 -0.583018243
vn 0.510923922 -0.406270772 -0.757562399
vn 0.752077699 -0.399326235 -0.524325907
vn 0.345794559 -0.299424708 -0.88925308
vn 0.291399926 -0.35459283 -0.888453782
vn 0.608836949 -0.305772364 -0.731997848
vn 0.423227698 -0.207480982 -0.881946623
vn 0.822516322 -0.286362797 -0.491388947
vn 0.674373507 -0.209210634 -0.708132267
vn 0.500333369 -0.134576485 -0.855310321
vn 0.720347643 -0.150527313 -0.677082539
vn 0.832023978 -0.204680815 -0.515598476
vn 0.758495152 -0.124424323 -0.63969028
vn 0.611780703 -0.104769081 -0.784058571
vn 0.70846343 -0.136425242 -0.692436099
vn 0.796759844 -0.0952918082 -0.596735477
vn 0.412271708 -0.0215585604 -0.910805821
vn 0.464983702 -0.0338155515 -0.884673178
vn -0.316529512 -0.00379309594 -0.948575079
vn 0.291674465 0.0413973555 -0.955621421
vn 0.291636407 0.0416132696 -0.955623686
vn 0.330694556 0.0586167611 -0.941915691
vn 0.322321862 0.0543238185 -0.945070148
vn 0.436781883 0.114013582 -0.892312944
vn 0.958932042 0.0252423938 -0.282510489
vn 0.394814342 -0.169584513 0.902974308
vn 0.9214347 -0.0130388299 -0.388314217
vn 0.973051608 0.117078453 -0.198653623
vn 0.970232964 0.127798811 -0.205707327
vn 0.956777155 0.167873472 -0.237478197
vn 0.959102392 0.161769733 -0.232278198
vn 0.919909239 0.256985992 -0.296184301
vn 0.923728466 0.247422114 -0.292417586
vn 0.853333354 0.406356364 -0.326644838
vn 0.855537295 0.400157362 -0.328527123
vn 0.822929919 0.481089771 -0.302223235
vn -0.111571901 0.251934379 -0.961291254
vn 0.0108268633 0.275800467 -0.961153865
vn 0.0340687931 0.279851377 -0.959438622
vn 0.164930448 0.27204138 -0.948046148
vn 0.143979102 0.274736941 -0.950678587
vn 0.250021338 0.194239035 -0.948557079
vn 0.254545987 0.177652344 -0.950602949
vn 0.226008579 0.00633545872 -0.974104702
vn 0.231226951 0.0230865497 -0.972625852
vn 0.258290023 -0.119629093 -0.958631873
vn 0.250381321 -0.10489928 -0.962447524
vn 0.365450472 -0.372252762 -0.853155136
vn 0.229755014 -0.284759551 -0.930658102
vn 0.10076452 -0.589779258 -0.801253319
vn 0.249868572 -0.536635339 -0.805970252
vn 0.434422702 -0.477584988 -0.763668418
vn 0.504976273 -0.275493473 -0.817986786
vn 0.486336708 -0.148143947 -0.861121416
vn 0.49087128 -0.151194975 -0.858012497
vn 0.366353095 -0.0719640553 -0.927688837
vn 0.368912965 -0.0734959617 -0.926553607
vn 0.193664819 0.0560965128 -0.979462683
vn 0.200820252 0.0490156971 -0.978401184
vn 0.104878768 0.172245815 -0.979454756
vn 0.107022204 0.165022343 -0.980466187
vn 0.0786367729 0.283545434 -0.955729187
vn 0.0793047696 0.277941227 -0.957318842
vn 0.0640822276 0.398230463 -0.915044188
vn 0.128115326 -0.700928032 -0.701631188
vn 0.316000998 -0.678246915 -0.663418829
vn 0.569739461 -0.57921201 -0.583018243
vn 0.549357474 -0.441587865 -0.709370553
vn 0.60549587 -0.358933896 -0.710310578
vn 0.606312811 -0.357719511 -0.710226357
vn 0.674432874 -0.237131655 -0.699220181
vn 0.67419219 -0.237677917 -0.699266791
vn 0.706914127 -0.0949850678 -0.700892448
vn 0.707260728 -0.102347732 -0.699504912
vn 0.657613993 0.0834627748 -0.748717487
vn 0.664872229 0.0761473402 -0.743065596
vn 0.552563608 0.184037223 -0.812898397
vn 0.561454475 0.175453395 -0.808693409
vn 0.473550349 0.255413651 -0.842919886
vn -0.441034615 0.12811175 -0.888299346
vn -0.450887173 0.162558362 -0.87765342
vn -0.442468911 0.133005992 -0.886865675
vn -0.425775617 0.0920884162 -0.90013051
vn -0.428582639 0.0980451107 -0.898167014
vn -0.416781932 0.0639892817 -0.906751454
vn -0.400183767 0.0375572518 -0.91566503
vn -0.410779923 -0.0101719256 -0.911677778
vn -0.393419564 -0.00747665996 -0.91932863
vn -0.427384377 -0.132683113 -0.894280612
vn -0.423185289 -0.129954815 -0.896674991
vn -0.315028936 -0.345020264 -0.884148002
vn -0.52256453 -0.0579392239 -0.850628853
vn -0.426174253 -0.316191047 -0.847584069
vn -0.511810839 -0.188686177 -0.838121235
vn -0.504937828 0.0289945211 -0.862668633
vn -0.469104081 0.0878588036 -0.878761768
vn -0.392748088 0.153871849 -0.906682074
vn -0.484871745 0.138176262 -0.863600969
vn -0.290874451 0.258300155 -0.921234548
vn -0.199435458 0.419177055 -0.885729134
vn -0.462828368 0.287719458 -0.838455319
vn -0.604220748 0.11476671 -0.788508713
vn -0.565753996 0.00558659527 -0.824555099
vn -0.563581884 -0.0198374335 -0.825822055
vn -0.59023279 -0.091469191 -0.80203414
vn -0.578007638 -0.18746902 -0.794205546
vn -0.493751019 -0.279291421 -0.82353282
vn -0.459389865 -0.306553602 -0.833658218
vn -0.367034465 -0.53008455 -0.764392674
vn -0.220532387 -0.54929173 -0.806005001
vn -0.0305970944 -0.370844901 -0.928190589
vn -0.266627043 -0.0969461128 -0.958911657
vn -0.0646468475 -0.0675455406 -0.995619595
vn -0.25064835 0.0807823315 -0.964701831
vn -0.115048945 0.102818139 -0.988024414
vn -0.178106263 0.177991435 -0.967779577
vn -0.165934741 0.16367957 -0.972458065
vn -0.129479453 0.21822685 -0.967270374
vn -0.193119839 0.183313996 -0.963898718
vn -0.154422015 0.252963662 -0.955072403
vn 0.132614642 -0.0391963385 -0.990392327
vn 0.0559766144 0.147582158 -0.987464428
vn 0.107725255 -0.384548366 -0.916797578
vn -0.106622726 0.163105592 -0.980830312
vn -0.246246308 0.135005265 -0.95975852
vn -0.205049872 0.238184333 -0.949327588
vn -0.252587467 0.182792485 -0.950150728
vn -0.220476002 0.283578366 -0.933259666
vn -0.216137826 0.279979587 -0.935358644
vn -0.224159315 0.276901484 -0.934386492
vn -0.223250955 0.294067681 -0.929345608
vn -0.0184528008 -0.582275867 -0.812781811
vn 0.0769164786 -0.792556465 -0.604928195
vn 0.00061828905 -0.824158967 -0.566358268
vn -0.124199063 -0.767724633 -0.628628254
vn -0.295152515 -0.696704447 -0.653825581
vn -0.401368976 -0.508114994 -0.762051225
vn -0.357620925 -0.735741377 -0.575145125
vn -0.384016037 -0.411802739 -0.826407969
vn -0.493751019 -0.279291421 -0.82353282
vn -0.0936688036 0.964548647 0.246722609
vn 0.337279618 0.783358872 0.522102773
vn 0.284575105 0.79709506 0.532594085
vn -0.124218799 0.747333467 0.652734518
vn -0.26549688 0.80534178 0.530034184
vn -0.19636789 0.627809048 0.75319016
vn -0.342289269 0.712819338 0.612149119
vn -0.399367362 0.544713318 0.737423301
vn -0.258065253 0.495063484 0.829647243
vn -0.430737913 0.418076605 0.799798012
vn -0.347207993 0.387897104 0.853804708
vn -0.251824766 0.251770884 0.934449494
vn -0.474066466 0.341384798 0.811614096
vn -0.288116187 0.154427439 0.945061505
vn -0.569981098 0.23996678 0.785835505
vn -0.198371291 0.0520282984 0.978745103
vn -0.621473253 0.152060717 0.768536568
vn -0.333389789 -0.0439731106 0.941762984
vn -0.660072267 -0.0263678562 0.750739276
vn -0.408132285 -0.0984499827 0.907598913
vn -0.622440636 -0.107479453 0.775252044
vn -0.357998013 -0.105403088 0.927754045
vn -0.77295965 -0.113949172 0.624138594
vn -0.746899366 -0.168403998 0.643258512
vn -0.295584977 -0.101206519 0.949940383
vn -0.360738993 -0.1401878 0.922070861
vn -0.76725173 -0.279425859 0.577274561
vn -0.341663361 -0.135746568 0.929967165
vn -0.347207993 0.387897104 0.853804708
vn -0.409042805 0.293951094 0.863873005
vn -0.251824766 0.251770884 0.934449494
vn -0.40079838 0.168318927 0.900571764
vn -0.288116187 0.154427439 0.945061505
vn -0.340248466 0.0623813905 0.938264191
vn -0.198371291 0.0520282984 0.978745103
vn -0.333389789 -0.0439731106 0.941762984
vn -0.204659641 -0.0309047438 0.978345215
vn -0.408132285 -0.0984499827 0.907598913
vn -0.00564637873 -0.0935923085 0.995594561
vn -0.357998013 -0.105403088 0.927754045
vn 0.28811872 -0.0600743666 0.955708504
vn 0.322733551 0.0219576415 0.94623512
vn -0.295584977 -0.101206519 0.949940383
vn -0.360738993 -0.1401878 0.922070861
vn 0.254085749 0.107931688 0.961140573
vn -0.341663361 -0.135746568 0.929967165
vn 0.3194848 -0.00941229332 0.947544634
vn 0.218684763 -0.245154396 0.944497883
vn -0.494749963 -0.63374871 0.594630182
vn -0.509881258 -0.510821581 0.692157745
vn 0.188710004 -0.0853860751 0.978313744
vn -0.595977843 -0.367402405 0.714020908
vn 0.18113856 -0.0502775721 0.982171595
vn -0.576029241 -0.180545017 0.797241271
vn 0.211601615 0.0359122045 0.976695955
vn 0.128320411 0.126814604 0.983591378
vn -0.558754027 -6.28017733E-05 0.829333425
vn -0.546513438 0.170167208 0.81997937
vn -0.0200022943 0.25819537 0.965885699
vn -0.172561377 0.358694911 0.917366028
vn -0.183494672 0.369816899 0.910804689
vn -0.25844717 0.466549784 0.845893741
vn -0.331495166 0.478053272 0.813373268
vn -0.583960056 0.472250074 0.660280645
vn -0.46694389 0.393063813 0.792126477
vn 0.430007249 0.295531124 0.853085637
vn -0.278333724 0.619945943 0.733619452
vn -0.596514821 0.58413583 0.550413907
vn -0.786331713 0.4134444 0.459070921
vn -0.711389363 0.505272925 0.488492072
vn -0.92998296 0.245475262 0.273630261
vn -0.471246034 0.701180995 0.535044432
vn -0.498318285 0.280877978 0.82023561
vn -0.949241638 0.10303282 0.297194362
vn -0.631128132 0.0989824235 0.769337177
vn 0.636940956 0.196343452 0.745490074
vn -0.954609394 -0.034297891 0.295879453
vn -0.504761517 -0.074828878 0.86000967
vn 0.706156194 0.112533726 0.699056208
vn -0.931711137 -0.169871435 0.321026653
vn 0.729831219 0.0855301246 0.678255796
vn -0.242338985 -0.218919992 0.945169687
vn -0.86867559 -0.34611088 0.354414999
vn -0.777144253 -0.511735976 0.366296381
vn -0.209221989 -0.428501606 0.878983796
vn 0.783006489 0.104372308 0.613194346
vn -0.6829983 -0.649625957 0.333915263
vn -0.171548322 -0.547076643 0.819315672
vn 0.722907722 0.0959184691 0.684254408
vn 0.219514504 -0.48161757 0.848444402
vn -0.772887886 0.558027089 -0.302076519
vn -0.351193041 0.92033118 0.172203347
vn -0.638562918 0.748004794 0.18090412
vn -0.762691438 0.644966602 0.0481658876
vn -0.714413524 0.650876999 0.256851047
vn -0.872448862 0.48732686 -0.0366828293
vn -0.917042732 0.349899739 -0.191318408
vn -0.812909007 0.537709415 0.223712936
vn -0.88906467 0.43137151 0.153240308
vn -0.954200327 0.256969661 -0.153193444
vn -0.949222863 0.277978033 0.147323623
vn -0.971711338 0.175336644 -0.158221841
vn -0.977735639 0.146022603 0.150699481
vn -0.985348284 0.0460709259 -0.164213687
vn -0.989066005 0.0244037565 0.145440236
vn -0.990754366 -0.0340928435 -0.131314859
vn -0.990547121 -0.0691667199 0.118457891
vn -0.974061728 -0.113237128 -0.195910826
vn -0.980308175 -0.197174445 -0.0108656017
vn -0.875758052 -0.222528309 -0.428402841
vn -0.790314853 -0.274985522 -0.547526538
vn -0.917826474 -0.314208299 -0.242626667
vn -0.469730407 -0.66214478 0.583881497
vn -0.635273397 -0.663233757 0.395662129
vn -0.469730407 -0.66214478 0.583881497
vn -0.635273397 -0.663233757 0.395662129
vn 0.576470613 0.0492545776 0.815631986
vn 0.6763165 0.0767951682 0.732597172
vn 0.500661254 0.0526156649 0.864042819
vn 0.714400828 0.0731528029 0.695902348
vn 0.393298894 0.0741941854 0.916412055
vn 0.628599882 0.0641063824 0.77508229
vn 0.353148669 0.110379547 0.929033041
vn 0.558477461 0.0671103597 0.826800585
vn 0.35244143 0.160672337 0.921937823
vn 0.639714718 0.0596725158 0.766292512
vn 0.342131555 0.226008564 0.912066936
vn -0.78087759 0.258602113 0.568643212
vn 0.158587128 0.363948345 0.917819023
vn -0.786331713 0.4134444 0.459070921
vn 0.0282721911 0.495069265 0.868393362
vn -0.711389363 0.505272925 0.488492072
vn -0.044089321 0.681799054 0.730209649
vn -0.471246034 0.701180995 0.535044432
vn -0.247205228 0.809394956 0.532700241
vn -0.0344899371 0.802761197 0.595302403
vn -0.173602775 0.208430201 0.962506592
vn 0.430007249 0.295531124 0.853085637
vn -0.183494672 0.369816899 0.910804689
vn 0.864860654 0.140598148 0.481921345
vn 0.636940956 0.196343452 0.745490074
vn 0.872265577 0.125323072 0.472701639
vn 0.706156194 0.112533726 0.699056208
vn 0.87340194 0.127917007 0.46990028
vn 0.729831219 0.0855301246 0.678255796
vn 0.864926815 0.16683431 0.473358184
vn 0.783006489 0.104372308 0.613194346
vn 0.722907722 0.0959184691 0.684254408
vn 0.805318952 0.224628747 0.548637688
vn 0.35689491 -0.373491257 0.856230259
vn 0.219514504 -0.48161757 0.848444402
vn 0.831797659 0.265318692 0.487563938
vn 0.267968208 -0.496978581 0.825351596
vn 0.318724841 -0.459370673 0.829091787
vn 0.795463145 0.202360615 0.571216762
vn 0.84503752 0.196358636 0.497347921
vn 0.821835101 0.166392982 0.544885814
vn 0.84010458 0.119987339 0.528987169
vn 0.83336544 0.122018836 0.539085746
vn 0.893472135 0.117434077 0.433493644
vn 0.727096915 0.0650467277 0.683446407
vn 0.930915713 0.166499585 0.325075269
vn 0.652092934 0.108246066 0.750371635
vn 0.593015194 0.171846583 0.786639512
vn 0.941174448 0.206622675 0.2673904
vn 0.532222092 0.247330636 0.809671044
vn 0.791254044 0.20361343 0.576592207
vn 0.237041697 0.33842802 0.910646796
vn 0.371903002 0.394963861 0.840054631
vn -0.755219817 -0.611229539 0.236730888
vn -0.836028814 -0.495451987 -0.235760555
vn -0.287625641 -0.0943512097 0.953084111
vn -0.880728722 -0.361305594 -0.306227356
vn -0.343383878 -0.14230065 0.928352416
vn -0.332053781 -0.144723713 0.932091892
vn -0.880363226 -0.22780332 -0.416012198
vn -0.907188416 -0.147605807 -0.393981755
vn -0.354765266 -0.153059617 0.922341764
vn -0.497509211 -0.158427909 0.852868855
vn -0.950668454 -0.0700029805 -0.302207142
vn -0.703873158 -0.0863664374 0.705055654
vn -0.983182311 0.00426811259 -0.182576895
vn -0.993436337 0.0996819884 -0.056104634
vn -0.845469594 0.0548201762 0.531202316
vn -0.866372526 0.174343288 0.467977613
vn -0.983810306 0.174909502 0.0390374698
vn -0.955181122 0.271305948 0.118414469
vn -0.792445898 0.265668541 0.549044311
vn -0.902669013 0.404104561 0.147946626
vn -0.704147279 0.378041267 0.601050258
vn -0.841800392 0.511013985 0.17388761
vn -0.659132063 0.514835179 0.548169494
vn -0.625459135 0.672896922 0.394981623
vn -0.754509211 0.633639991 0.170927197
vn -0.652932882 0.748132467 0.118222214
vn -0.516520441 0.775541604 0.362962604
vn -0.501764357 0.86414659 0.0385132022
vn -0.370894819 0.858391106 0.354403526
vn -0.203554064 0.976141989 0.0755814984
vn -0.287625641 -0.0943512097 0.953084111
vn -0.744071066 -0.601104856 0.291601241
vn -0.755219817 -0.611229539 0.236730888
vn 0.173046872 0.176269755 0.969011664
vn 0.178226575 0.0742602125 0.98118329
vn -0.343383878 -0.14230065 0.928352416
vn 0.0911720544 -0.0319471881 0.995322645
vn -0.332053781 -0.144723713 0.932091892
vn 0.0459393077 -0.11179094 0.992669344
vn -0.354765266 -0.153059617 0.922341764
vn -0.497509211 -0.158427909 0.852868855
vn -0.0657917485 -0.170380667 0.98317945
vn -0.703873158 -0.0863664374 0.705055654
vn -0.622440636 -0.107479453 0.775252044
vn -0.845469594 0.0548201762 0.531202316
vn -0.660072267 -0.0263678562 0.750739276
vn -0.621473253 0.152060717 0.768536568
vn -0.866372526 0.174343288 0.467977613
vn -0.792445898 0.265668541 0.549044311
vn -0.569981098 0.23996678 0.785835505
vn -0.704147279 0.378041267 0.601050258
vn -0.474066466 0.341384798 0.811614096
vn -0.430737913 0.418076605 0.799798012
vn -0.659132063 0.514835179 0.548169494
vn -0.399367362 0.544713318 0.737423301
vn -0.625459135 0.672896922 0.394981623
vn -0.342289269 0.712819338 0.612149119
vn -0.516520441 0.775541604 0.362962604
vn -0.370894819 0.858391106 0.354403526
vn -0.26549688 0.80534178 0.530034184
vn -0.203554064 0.976141989 0.0755814984
vn -0.0936688036 0.964548647 0.246722609
vn -0.132442996 0.983975649 -0.119376294
vn 0.337279618 0.783358872 0.522102773
vn -0.755219817 -0.611229539 0.236730888
vn -0.744071066 -0.601104856 0.291601241
vn -0.556193769 -0.459970355 -0.692153156
vn -0.836028814 -0.495451987 -0.235760555
vn -0.880728722 -0.361305594 -0.306227356
vn -0.665090382 -0.301645517 -0.683128774
vn -0.880363226 -0.22780332 -0.416012198
vn -0.629220843 -0.151931569 -0.762232244
vn -0.907188416 -0.147605807 -0.393981755
vn -0.63188684 -0.0620794073 -0.77257055
vn -0.669307828 -0.0161604304 -0.742809296
vn -0.950668454 -0.0700029805 -0.302207142
vn -0.760570645 0.030031994 -0.648560286
vn -0.983182311 0.00426811259 -0.182576895
vn -0.873834372 0.0980217829 -0.476240695
vn -0.993436337 0.0996819884 -0.056104634
vn -0.928928196 0.163300693 -0.332303137
vn -0.983810306 0.174909502 0.0390374698
vn -0.936051786 0.255411506 -0.242016733
vn -0.955181122 0.271305948 0.118414469
vn -0.900993884 0.383945554 -0.201979861
vn -0.902669013 0.404104561 0.147946626
vn -0.856740892 0.502226949 -0.117316902
vn -0.841800392 0.511013985 0.17388761
vn -0.759616017 0.64954865 -0.0327118225
vn -0.754509211 0.633639991 0.170927197
vn -0.657889068 0.749890566 -0.0696145743
vn -0.652932882 0.748132467 0.118222214
vn -0.557547927 0.8068102 -0.19544223
vn -0.501764357 0.86414659 0.0385132022
vn -0.266480982 0.93047595 -0.251401097
vn -0.203554064 0.976141989 0.0755814984
vn -0.132442996 0.983975649 -0.119376294
vn -0.168788582 0.943192959 -0.286177486
vn 0.337279618 0.783358872 0.522102773
vn -0.52366823 0.297448754 0.798308134
vn 0.0106602749 0.304317743 0.952510893
vn -0.331495166 0.478053272 0.813373268
vn -0.573773384 0.138033658 0.807298481
vn -0.848168373 0.0311919227 0.528807521
vn -0.851350427 -0.202947751 0.483750492
vn -0.571518958 -0.0679878369 0.81776756
vn -0.533110678 -0.323643178 0.781695604
vn -0.811600745 -0.431409597 0.393941551
vn -0.44891268 -0.510651112 0.733289123
vn -0.711731374 -0.610453129 0.347542167
vn -0.353912085 -0.67312634 0.649343669
vn -0.525101483 -0.736677527 0.426115811
vn -0.321857095 -0.759563565 0.565217853
vn -0.343430549 -0.744875252 0.57202822
vn -0.274845779 -0.783709228 0.557009578
vn -0.254583955 -0.769451499 0.585774243
vn 0.267968208 -0.496978581 0.825351596
vn 0.318724841 -0.459370673 0.829091787
vn 0.532498777 -0.511855602 0.674128175
vn -0.172995269 -0.668929935 0.722914517
vn 0.543732345 -0.49360314 0.678757071
vn -0.310702592 -0.718158126 0.622665882
vn -0.475462377 -0.673365295 0.566140056
vn -0.264643222 -0.621729851 0.737167537
vn -0.607180476 -0.582624197 0.540260136
vn -0.306486756 -0.472594619 0.826268852
vn -0.640077233 -0.484950364 0.595922947
vn -0.280895323 -0.329097152 0.901550293
vn -0.593888223 -0.301458001 0.745935559
vn -0.199674964 -0.114983805 0.973092377
vn 0.791254044 0.20361343 0.576592207
vn -0.0929471701 0.104459979 0.990176141
vn 0.237041697 0.33842802 0.910646796
vn 0.812774897 0.3383286 0.474268645
vn 0.924192846 0.342311472 0.169382855
vn 0.958618164 0.246655241 0.142170221
vn 0.853507042 0.199990571 0.481175035
vn 0.860048354 0.116099574 0.496827692
vn 0.97475636 0.186774358 0.122332409
vn 0.978489578 0.128979027 0.161004335
vn 0.827500284 0.0157940928 0.561243117
vn 0.967466056 0.0160236098 0.252492994
vn 0.840462387 -0.0612816364 0.538393497
vn 0.863161802 -0.133428633 0.486979008
vn 0.90687871 -0.084070459 0.412920266
vn 0.68079567 -0.363243997 0.636058986
vn 0.600853324 -0.41708681 0.681919336
vn 0.858784795 0.487428665 0.15780361
vn 0.924192846 0.342311472 0.169382855
vn 0.74732846 0.495368421 0.442843497
vn 0.783570111 0.613212049 0.0999434739
vn 0.633962035 0.650233686 0.418674558
vn 0.265413314 -0.197434187 0.943703115
vn -0.494749963 -0.63374871 0.594630182
vn 0.218684763 -0.245154396 0.944497883
vn -0.665165544 -0.673311412 0.322810352
vn -0.754667342 -0.570896566 0.323348761
vn -0.509881258 -0.510821581 0.692157745
vn -0.834946752 -0.434896708 0.337236911
vn -0.595977843 -0.367402405 0.714020908
vn -0.884350836 -0.283021867 0.371244282
vn -0.576029241 -0.180545017 0.797241271
vn -0.915638268 -0.0967026651 0.390198737
vn -0.558754027 -6.28017733E-05 0.829333425
vn -0.546513438 0.170167208 0.81997937
vn -0.173602775 0.208430201 0.962506592
vn -0.183494672 0.369816899 0.910804689
vn -0.172561377 0.358694911 0.917366028
vn -0.331495166 0.478053272 0.813373268
vn 0.0106602749 0.304317743 0.952510893
vn 0.780161977 0.168464497 0.602467537
vn -0.0200022943 0.25819537 0.965885699
vn 0.814562559 0.148877516 0.560645401
vn 0.128320411 0.126814604 0.983591378
vn 0.852332234 0.19433403 0.4855555
vn 0.211601615 0.0359122045 0.976695955
vn 0.727795362 0.220594957 0.649347126
vn 0.18113856 -0.0502775721 0.982171595
vn 0.568431437 0.197738707 0.798614562
vn 0.188710004 -0.0853860751 0.978313744
vn 0.675681233 0.393923074 0.623120844
vn 0.3194848 -0.00941229332 0.947544634
vn 0.265413314 -0.197434187 0.943703115
vn 0.218684763 -0.245154396 0.944497883
vn -0.247205228 0.809394956 0.532700241
vn -0.0344899371 0.802761197 0.595302403
vn -0.151844054 0.905725718 0.395732671
vn -0.351193041 0.92033118 0.172203347
vn -0.0344899371 0.802761197 0.595302403
vn -0.343285054 0.837236166 0.425665349
vn -0.371591598 0.729723155 0.573954523
vn -0.044089321 0.681799054 0.730209649
vn 0.0282721911 0.495069265 0.868393362
vn -0.638562918 0.748004794 0.18090412
vn -0.714413524 0.650876999 0.256851047
vn -0.812909007 0.537709415 0.223712936
vn -0.311899483 0.586714506 0.747318387
vn 0.158587128 0.363948345 0.917819023
vn -0.352583468 0.478394389 0.804253459
vn -0.88906467 0.43137151 0.153240308
vn 0.342131555 0.226008564 0.912066936
vn -0.383280158 0.377666414 0.842890501
vn -0.949222863 0.277978033 0.147323623
vn 0.35244143 0.160672337 0.921937823
vn -0.445253551 0.260170877 0.856773257
vn -0.977735639 0.146022603 0.150699481
vn 0.353148669 0.110379547 0.929033041
vn -0.554048836 0.139062256 0.820787251
vn -0.989066005 0.0244037565 0.145440236
vn 0.393298894 0.0741941854 0.916412055
vn -0.609759927 0.0369391069 0.79172498
vn -0.990547121 -0.0691667199 0.118457891
vn 0.500661254 0.0526156649 0.864042819
vn -0.549770236 -0.0974148139 0.829616249
vn -0.980308175 -0.197174445 -0.0108656017
vn 0.576470613 0.0492545776 0.815631986
vn -0.413822234 -0.215590805 0.884461224
vn -0.917826474 -0.314208299 -0.242626667
vn -0.635273397 -0.663233757 0.395662129
vn 0.316985846 0.590446413 0.742221594
vn 0.284575105 0.79709506 0.532594085
vn 0.511392117 0.551626265 0.658928275
vn 0.0427835025 0.66148603 0.748736084
vn 0.201978758 0.381410003 0.902070403
vn 0.506830394 0.177389786 0.843596935
vn -0.0359550975 0.539921045 0.84094733
vn 0.498089999 0.0299447626 0.866608143
vn 0.299900174 0.189944506 0.934869587
vn -0.0265337378 0.394351512 0.918576539
vn 0.329966903 0.111954838 0.937330246
vn 0.538372815 -0.0378182493 0.841857731
vn -0.130027547 0.34385246 0.929977596
vn 0.326371521 0.0413287319 0.944337666
vn 0.60096401 -0.126965478 0.789127409
vn -0.247719646 0.27786997 0.928128898
vn 0.658559382 -0.237362593 0.714113891
vn 0.303870618 -0.0539588481 0.951184034
vn -0.31147024 0.164152563 0.935970247
vn 0.721801102 -0.287328899 0.62963891
vn 0.256370038 -0.137941718 0.956685066
vn -0.397180706 0.0553597286 0.91606921
vn 0.820586443 -0.29635945 0.488681048
vn 0.259611189 -0.207208872 0.943221331
vn -0.463228464 -0.0215706993 0.885976315
vn 0.931382358 -0.243513942 0.270606339
vn 0.349346548 -0.248720959 0.903379738
vn -0.446957082 -0.102087542 0.888711095
vn 0.28811872 -0.0600743666 0.955708504
vn 0.532498777 -0.511855602 0.674128175
vn 0.543732345 -0.49360314 0.678757071
vn 0.88392216 -0.0215034746 0.467139274
vn 0.971760273 0.0698014423 0.225410342
vn 0.879670203 -0.00699440343 0.47553277
vn 0.984203994 0.176041558 0.0187549181
vn 0.817793131 0.0306383986 0.574696064
vn 0.982582808 0.185736418 -0.00573817221
vn 0.730042756 0.0843584388 0.678174913
vn 0.97947973 0.18558535 0.0785968304
vn 0.95158422 0.215572879 0.219124883
vn 0.626557231 0.155894056 0.763625026
vn 0.362608612 0.199835271 0.910264194
vn 0.0713165924 -0.261915594 0.962452173
vn -0.201168388 -0.390761673 0.898240805
vn 0.103294589 -0.163542345 0.981113732
vn 0.00653245673 -0.451872349 0.892058611
vn -0.182454616 -0.535030484 0.824895561
vn -0.150229543 -0.666198671 0.730486393
vn -0.090378359 -0.646265149 0.757742167
vn -0.194289118 -0.689940214 0.697305024
vn -0.137185112 -0.677672684 0.722454131
vn 0.600853324 -0.41708681 0.681919336
vn 0.68079567 -0.363243997 0.636058986
vn -0.786331713 0.4134444 0.459070921
vn -0.92998296 0.245475262 0.273630261
vn -0.78087759 0.258602113 0.568643212
vn -0.949241638 0.10303282 0.297194362
vn -0.999770343 0.00394606078 -0.0210672077
vn -0.954609394 -0.034297891 0.295879453
vn -0.992672324 -0.118933089 -0.0213682912
vn -0.931711137 -0.169871435 0.321026653
vn -0.978134215 -0.206856638 0.0215363465
vn -0.86867559 -0.34611088 0.354414999
vn -0.925183177 -0.351555765 0.142984822
vn -0.777144253 -0.511735976 0.366296381
vn -0.827473223 -0.505361378 0.244740531
vn -0.6829983 -0.649625957 0.333915263
vn -0.72141993 -0.6471681 0.246427849
vn 0.35689491 -0.373491257 0.856230259
vn 0.219514504 -0.48161757 0.848444402
vn 0.963143826 -0.135332033 0.232463405
vn 0.758895636 -0.304037422 0.575880647
vn 0.939003229 -0.221121073 0.263397843
vn 0.985557973 -0.15685764 0.0638057664
vn 0.95921427 -0.0499663278 0.278229117
vn 0.996372104 -0.0570767187 0.0631258413
vn 0.995749593 0.0310275629 0.0867177844
vn 0.922924042 0.0653410107 0.379396677
vn 0.172721028 0.0363628082 0.984299421
vn 0.864199579 0.170919567 0.473229021
vn 0.800816357 0.277581125 0.530699492
vn 0.287872732 0.102528036 0.95216459
vn 0.567923188 0.323201209 0.756970525
vn -0.505024433 0.52612251 0.684211433
vn 0.364529401 -0.391533911 0.844878376
vn -0.560724854 0.61698699 0.552190781
vn 0.457399994 -0.43373999 0.776308477
vn 0.573794723 -0.437352955 0.69244647
vn -0.385532439 0.341947883 0.856992602
vn -0.444440901 0.243212372 0.862160087
vn 0.730704963 -0.165552512 0.662316024
vn 0.530182302 0.203548804 0.823088527
vn -0.479245812 0.191888243 0.856447518
vn 0.399164945 0.263182104 0.878295183
vn 0.29677853 0.232254937 0.926272154
vn -0.482704073 0.136585549 0.865067124
vn -0.406441003 0.093846269 0.908844531
vn 0.308790654 0.187759221 0.932413459
vn 0.442474693 0.182735607 0.877965748
vn -0.312321246 0.0793270841 0.946658731
vn 0.951117158 0.180171907 0.250827134
vn 0.715135694 -0.660461545 0.228848487
vn -0.839644194 0.519557834 0.158294871
vn -0.654673696 0.560645759 0.507029414
vn -0.6981107 0.648377359 0.303723842
vn -0.624815106 0.615278602 0.480664432
vn -0.62669462 0.654158115 0.423474997
vn -0.560724854 0.61698699 0.552190781
vn -0.505024433 0.52612251 0.684211433
vn -0.607645452 0.648827851 0.458027631
vn 0.939003229 -0.221121073 0.263397843
vn 0.758895636 -0.304037422 0.575880647
vn 0.302130759 -0.197959051 0.932485521
vn -0.0442768596 -0.225120351 0.973324418
vn 0.303780347 -0.0981938988 0.947668374
vn -0.046158433 -0.139713526 0.989115536
vn -0.039040558 -0.0472249165 0.998120964
vn 0.298350781 0.00824334193 0.954420745
vn -0.120887078 -0.0256489869 0.992334783
vn 0.263502032 0.0710265487 0.962040544
vn -0.21120891 -0.0187235139 0.977261543
vn 0.238104776 0.15280287 0.959144115
vn -0.131863832 0.12626943 0.983192682
vn 0.170784101 0.251864463 0.952573955
vn -0.000678073498 0.275813758 0.961210847
vn -0.154786438 0.207856297 0.965834856
vn -0.745112956 -0.503228843 0.437684119
vn -0.906247675 0.405913919 0.118105695
vn -0.860158563 0.154311851 -0.486122519
vn -0.0993770808 0.266858071 0.958598495
vn -0.111134447 0.205064088 0.972418487
vn -0.456201017 0.276840448 0.845718622
vn -0.375425279 0.200545222 0.904896438
vn -0.10077554 0.139102429 0.985136986
vn -0.272766322 0.142907843 0.951407313
vn -0.0250409804 0.100895785 0.994581759
vn -0.142337337 0.0965869874 0.985094428
vn 0.0603092685 0.0600722879 0.996370435
vn 0.050973054 0.0426080227 0.997790694
vn -0.136370644 0.0792852119 0.987480104
vn -0.139667064 0.00771204755 0.990168571
vn -0.393621355 0.0690785572 0.916673422
vn -0.59228611 -0.0462266617 0.804400623
vn -0.123599716 -0.0235916022 0.992051601
vn -0.0655176342 0.0040928456 0.997843027
vn 0.172721028 0.0363628082 0.984299421
vn 0.0230257977 0.0521491319 0.998373747
vn 0.287872732 0.102528036 0.95216459
vn 0.567923188 0.323201209 0.756970525
vn 0.104628667 0.144948259 0.983891666
vn 0.460910141 0.413553178 0.785197794
vn 0.544910133 0.835955083 0.0652083084
vn 0.568679869 0.81833899 0.0832135379
vn 0.535601199 0.842458427 0.0582678393
vn 0.468963772 0.883123755 0.0128603633
vn 0.453682721 0.891157269 0.00327845989
vn 0.350946307 0.931923807 -0.0914030299
vn 0.372690499 0.925426185 -0.0684705079
vn 0.186058879 0.964683533 -0.186461151
vn 0.174491271 0.965973973 -0.190911233
vn 0.034552265 0.978079438 -0.205345184
vn 0.0428567678 0.976741314 -0.210094541
vn 0.157299235 0.984124124 -0.0821994916
vn -0.0351180248 0.98465836 -0.170922965
vn 0.436989129 0.74884212 0.498273104
vn 0.772535563 0.35598135 0.525800467
vn 0.581031919 -0.017974034 0.813682318
vn 0.44050169 -0.667411387 0.60043329
vn -0.309330612 -0.00413984666 0.950945616
vn -0.244095296 0.0561948605 0.968121707
vn -0.14855881 -0.61463356 0.774697185
vn -0.327664673 -0.535597026 0.778313339
vn -0.25472945 -0.0287352148 0.966585279
vn -0.495260298 -0.475115269 0.727312028
vn -0.268196255 0.024965534 0.963040769
vn -0.669680953 -0.485478431 0.561994672
vn -0.311316311 -0.00953253359 0.950258434
vn -0.742567778 -0.430066735 0.513454556
vn -0.168069065 0.131033316 0.977027655
vn -0.745112956 -0.503228843 0.437684119
vn -0.000678073498 0.275813758 0.961210847
vn -0.745112956 -0.503228843 0.437684119
vn -0.432617843 0.0387984104 0.900742233
vn -0.742567778 -0.430066735 0.513454556
vn -0.669680953 -0.485478431 0.561994672
vn -0.350207031 0.0944458172 0.931898594
vn -0.495260298 -0.475115269 0.727312028
vn -0.266107082 0.125666499 0.955716968
vn -0.225288466 0.102662355 0.968868196
vn -0.327664673 -0.535597026 0.778313339
vn -0.207259104 0.10648419 0.972473621
vn -0.14855881 -0.61463356 0.774697185
vn -0.129765123 0.133681759 0.982491791
vn 0.44050169 -0.667411387 0.60043329
vn 0.0714270696 0.376998603 0.923455536
vn 0.772535563 0.35598135 0.525800467
vn -0.887675703 -0.453669935 -0.0788383633
vn -0.206201464 -0.978167474 -0.0258678813
vn -0.673738599 -0.483682185 -0.558684051
vn -0.981215894 -0.176372498 -0.0781547576
vn -0.823040903 -0.251255125 -0.50938642
vn -0.996134639 -0.0184100606 -0.0858884975
vn -0.905867755 -0.077547811 -0.416401237
vn -0.985111177 0.130200878 -0.112265922
vn -0.527317822 -0.330720931 -0.782661855
vn -0.821569324 0.232034668 -0.520753145
vn -0.932518184 0.301454693 -0.198834047
vn -0.310755223 -0.362444669 -0.878672302
vn -0.295096219 -0.322194874 -0.899504662
vn -0.859766364 0.38257435 -0.33828783
vn -0.768613935 0.291795403 -0.569287419
vn -0.319398433 -0.29111883 -0.901795089
vn -0.730867505 0.288033992 -0.618764102
vn -0.566921353 -0.0169032551 -0.823598504
vn -0.813448191 0.399935901 -0.422319055
vn -0.736658096 0.256162912 -0.625871778
vn -0.759184122 0.203953311 -0.618095875
vn -0.724795163 0.157919839 -0.670621574
vn -0.749965608 0.103848785 -0.653274179
vn -0.792243659 0.14111957 -0.59366256
vn -0.768065155 0.0540597513 -0.638085783
vn -0.810922027 0.26276809 -0.522836745
vn -0.833612978 0.109872855 -0.541310728
vn -0.878096223 -0.0513002649 -0.475726008
vn -0.799376309 0.343870521 -0.492697209
vn -0.829826713 0.199048102 -0.52131319
vn -0.862576544 0.27993381 -0.421424598
vn -0.8775419 0.369193017 -0.305968523
vn -0.855961204 0.237076029 -0.459483862
vn -0.88382262 0.40466854 -0.234735593
vn -0.922833502 0.320329368 0.213933483
vn -0.89196521 0.281243026 0.353978068
vn -0.848151028 0.146726072 -0.509029686
vn -0.864254117 0.14671649 -0.481184959
vn -0.928943813 0.348874807 -0.123894021
vn -0.931598663 0.14762488 0.332161009
vn -0.932518184 0.301454693 -0.198834047
vn -0.985111177 0.130200878 -0.112265922
vn -0.971324742 0.0896579325 0.220204011
vn -0.996134639 -0.0184100606 -0.0858884975
vn -0.996599615 -0.0515311845 0.0642943382
vn -0.981215894 -0.176372498 -0.0781547576
vn -0.957964301 -0.273279339 0.0873084515
vn -0.887675703 -0.453669935 -0.0788383633
vn -0.842022955 -0.531106591 0.0944625065
vn -0.206201464 -0.978167474 -0.0258678813
vn -0.881964982 0.0611563697 -0.467330456
vn -0.870544612 0.0182640199 -0.491750509
vn -0.876520395 -0.095638454 -0.471768171
vn -0.860503912 0.0683313236 -0.504840255
vn -0.898463309 -0.0988218337 -0.427782625
vn -0.931485474 -0.105556674 -0.348127127
vn -0.881467342 -0.0837147683 -0.464765728
vn -0.788617551 -0.0683776438 -0.611070216
vn -0.507560194 -0.0792693347 -0.857962132
vn -0.462495387 -0.0541616343 -0.884965837
vn -0.688881099 -0.00789608154 -0.724831343
vn -0.636129856 0.128284052 -0.760842919
vn -0.475442052 -0.0284529012 -0.879286826
vn -0.637771487 0.168073013 -0.751664162
vn -0.447936743 -0.0458453 -0.892889082
vn -0.659116864 0.120436043 -0.742334187
vn -0.562299013 -0.034837421 -0.826199889
vn -0.566591144 -0.262403309 -0.781101167
vn -0.764779329 0.0258972533 -0.643771648
vn -0.886023581 0.0469546802 -0.461256385
vn -0.658657193 -0.328757495 -0.676822841
vn 0.715135694 -0.660461545 0.228848487
vn 0.364529401 -0.391533911 0.844878376
vn -0.624815106 0.615278602 0.480664432
vn -0.560724854 0.61698699 0.552190781
vn 0.323212296 -0.256533593 0.910892069
vn 0.521409035 -0.269008279 0.809794605
vn -0.654673696 0.560645759 0.507029414
vn 0.715135694 -0.660461545 0.228848487
vn 0.579648316 -0.809112072 -0.0966719016
vn -0.658657193 -0.328757495 -0.676822841
vn -0.566591144 -0.262403309 -0.781101167
vn 0.620066702 -0.773869097 0.129011273
vn 0.390934765 -0.857801199 -0.333687127
vn -0.562299013 -0.034837421 -0.826199889
vn 0.608220875 -0.786142647 0.109759495
vn 0.488608688 -0.847364187 -0.207931578
vn 0.625274599 -0.757544458 -0.187504634
vn -0.447936743 -0.0458453 -0.892889082
vn -0.475442052 -0.0284529012 -0.879286826
vn 0.695777118 -0.711481988 0.0984257385
vn 0.457399994 -0.43373999 0.776308477
vn 0.573794723 -0.437352955 0.69244647
vn 0.731139541 -0.659499824 -0.174628228
vn 0.767044306 -0.634643853 0.0941816494
vn 0.909736276 -0.371822327 -0.184738114
vn -0.462495387 -0.0541616343 -0.884965837
vn 0.937917233 -0.321154177 0.131038785
vn 0.730704963 -0.165552512 0.662316024
vn 0.969516397 -0.0475448184 -0.240368992
vn 0.988720119 0.0249808226 0.147676662
vn 0.530182302 0.203548804 0.823088527
vn 0.980644882 0.120722987 0.154147625
vn 0.399164945 0.263182104 0.878295183
vn 0.950457513 0.0465422682 -0.307350487
vn -0.507560194 -0.0792693347 -0.857962132
vn 0.531413972 0.0165645275 -0.846950293
vn 0.534541726 0.0194635838 -0.844917953
vn 0.559252858 0.0381248929 -0.828119993
vn 0.561447382 0.0391622595 -0.826585293
vn 0.569279611 0.0428801142 -0.821024954
vn 0.569279671 0.0428801216 -0.821024954
vn 0.99160099 0.128886133 -0.010767295
vn 0.971245348 0.157531485 0.178511336
vn 0.29677853 0.232254937 0.926272154
vn 0.963836014 0.176204681 0.199930295
vn 0.987463832 0.153475761 -0.0368809029
vn 0.308790654 0.187759221 0.932413459
vn 0.984691322 0.174278483 0.0031512375
vn 0.962881923 0.188996419 0.192714199
vn 0.442474693 0.182735607 0.877965748
vn 0.959775209 0.199087709 0.197979003
vn 0.974687636 0.200046375 0.0998272076
vn 0.940599084 0.262691796 0.21509631
vn 0.951117158 0.180171907 0.250827134
vn 0.939637363 0.276611686 0.201414183
vn 0.830064058 0.524914861 0.188303307
vn 0.920311809 0.27109167 0.28202045
vn 0.967989326 0.191024318 0.162807629
vn 0.996003926 0.082253553 -0.0347922966
vn 0.991604507 0.111340143 0.0657575205
vn 0.995691597 0.0331763476 -0.0865894258
vn 0.997715235 0.0559593998 0.0378525406
vn 0.998435438 0.0270827431 -0.0489205308
vn 0.866302133 0.448655814 0.21961005
vn 0.860758841 0.36649549 0.353235513
vn 0.743729711 0.658574998 0.114651717
vn 0.633640945 0.675566375 -0.376973629
vn 0.736281276 0.627216816 0.253946722
vn 0.666711867 0.740758181 0.0822957605
vn 0.59193027 0.741356313 -0.316242546
vn 0.52236855 0.814467967 -0.252532899
vn 0.670938015 0.701982439 0.238878384
vn 0.605161369 0.79522264 0.0374264047
vn 0.42350623 0.904666603 -0.0471253097
vn 0.415564567 0.89311552 -0.172194108
vn 0.247221187 0.966532946 -0.068525441
vn 0.212533101 0.966971695 -0.140696421
vn 0.144774124 0.977110744 -0.155869171
vn 0.116359495 0.949239314 -0.292241633
vn -0.127239197 0.958104908 -0.256603152
vn -0.192927226 0.974258602 -0.11661616
vn -0.635037482 0.698955894 -0.32891959
vn -0.139533013 0.847311974 -0.512438238
vn -0.663067698 0.550691426 -0.507030845
vn -0.98587811 0.122699581 -0.113970593
vn 0.172151655 0.983217716 -0.0603879318
vn 0.258496821 0.966002703 -0.00426497869
vn 0.568991423 0.807243109 0.156867146
vn 0.406647503 0.910509646 0.0748999193
vn 0.6423859 0.737267971 0.209227517
vn 0.667330801 0.632708907 0.392872751
vn 0.642567992 0.702859759 0.305113763
vn 0.640323102 0.658628464 0.395214945
vn 0.574961662 0.746892929 0.334020853
vn 0.432467371 0.868551612 0.242053941
vn 0.428872198 0.811503172 0.396902174
vn 0.278033316 0.953337789 0.117662258
vn 0.730603337 0.542032182 0.415234774
vn 0.737586737 0.523501456 0.426511467
vn 0.603103638 0.613252521 0.510085523
vn 0.812486589 0.394948065 0.428814113
vn 0.539979577 0.68904537 0.483361781
vn 0.494772285 0.539548099 0.681240201
vn 0.190480173 0.98136282 0.0253840517
vn 0.795453131 0.429845244 0.427185416
vn 0.905898869 0.284140974 0.314024001
vn 0.876464069 0.272440791 0.396971852
vn 0.83587414 0.276395619 0.474257141
vn 0.931000948 0.217768013 0.292940944
vn 0.869327962 0.203081578 0.450585008
vn 0.848057747 0.184976265 0.4965702
vn 0.925058186 0.147783026 0.349896342
vn 0.819461048 0.130421519 0.558098376
vn 0.820382416 0.0837770775 0.56564486
vn 0.901018381 0.108051911 0.42010808
vn 0.729572237 0.104203314 0.675918579
vn 0.746708691 0.0334867649 0.664307773
vn 0.556260049 0.100080997 0.824959815
vn 0.995176792 0.0407300033 0.0892428234
vn 0.601920545 0.151464552 0.784060001
vn 0.357530266 0.186119258 0.91516757
vn 0.853903592 0.101579264 0.510421693
vn 0.978422046 0.0512106419 0.200169116
vn 0.998744726 0.044885844 0.0222307369
vn 0.993976116 -0.0517949164 0.0965853259
vn 0.501305342 0.173982203 0.847598433
vn 0.185089365 0.224902108 0.956640482
vn 0.782493174 0.0986375287 0.614796758
vn 0.939676404 -0.0245043673 0.341185838
vn 0.910986841 -0.406516045 0.0696259439
vn 0.418664038 0.128939569 0.8989411
vn 0.0458553806 0.2066084 0.977348566
vn 0.711280465 0.0467719175 0.70135051
vn 0.326652616 0.0790421292 0.941833556
vn -0.0258943737 0.153417543 0.987822115
vn 0.503406525 -0.017504245 0.863872409
vn 0.722690761 -0.107928857 0.682692766
vn 0.233063415 -0.0119446889 0.972388148
vn 0.432132751 -0.0932829529 0.896972418
vn 0.377797961 -0.25481838 0.890132725
vn -0.33645919 0.098586306 0.936523318
vn 0.141998813 -0.143783748 0.979368448
vn 0.377364278 -0.403084874 0.83373791
vn 0.889425457 -0.31352514 0.332602441
vn 0.799995065 -0.508737803 0.318109632
vn 0.653908551 -0.351897091 0.669755101
vn 0.774181783 -0.625290155 -0.0982589573
vn 0.581825793 -0.530528128 0.616456509
vn 0.0170138944 -0.266445696 0.963699818
vn 0.547179461 -0.774704516 -0.316903144
vn -0.566921353 -0.0169032551 -0.823598504
vn -0.319398433 -0.29111883 -0.901795089
vn 0.676600099 -0.663892865 0.318525404
vn 0.530314565 -0.629301012 0.568108022
vn 0.626267374 -0.745977938 0.22650817
vn 0.500899196 -0.683460951 0.531018853
vn 0.455645323 -0.804754317 -0.380470425
vn -0.295096219 -0.322194874 -0.899504662
vn 0.608525038 -0.775745511 0.167081267
vn 0.597893178 -0.634225786 0.490185082
vn 0.488651186 -0.811236858 -0.321114719
vn -0.310755223 -0.362444669 -0.878672302
vn -0.527317822 -0.330720931 -0.782661855
vn 0.666823089 -0.726375461 0.166510284
vn 0.55338186 -0.708442569 -0.438038468
vn 0.750791252 -0.438106984 -0.494342744
vn -0.905867755 -0.077547811 -0.416401237
vn -0.823040903 -0.251255125 -0.50938642
vn 0.864592612 -0.477723867 0.155754864
vn 0.995464861 0.0247855224 0.091844283
vn 0.869115055 -0.0211282559 -0.494158506
vn 0.847440362 0.321199358 -0.422700673
vn -0.673738599 -0.483682185 -0.558684051
vn -0.206201464 -0.978167474 -0.0258678813
vn 0.933793604 0.352973998 0.0586407185
vn 0.657468975 -0.0842757002 0.748753846
vn -0.842022955 -0.531106591 0.0944625065
vn -0.957964301 -0.273279339 0.0873084515
vn 0.622739494 -0.369439602 0.689717174
vn -0.996599615 -0.0515311845 0.0642943382
vn 0.737335026 -0.424361289 0.525599301
vn -0.484286278 -0.437829107 0.757477701
vn -0.53722322 -0.29250133 0.791096807
vn -0.971324742 0.0896579325 0.220204011
vn -0.189962938 -0.306670129 0.932666838
vn 0.390056014 -0.522873163 0.757931471
vn -0.931598663 0.14762488 0.332161009
vn -0.559786975 0.0657497421 0.826023996
vn -0.89196521 0.281243026 0.353978068
vn -0.922833502 0.320329368 0.213933483
vn -0.786681175 0.0383658707 -0.616166174
vn -0.790944874 0.0830153376 -0.606229901
vn -0.796089411 0.00549687445 -0.605154216
vn -0.797670126 -0.0394819044 -0.601800263
vn -0.785797536 -0.136082098 -0.603327394
vn -0.780938864 -0.153011382 -0.60557574
vn -0.777228951 -0.213267565 -0.591972947
vn -0.847582519 -0.197819129 -0.492413849
vn -0.788716257 -0.317310035 -0.526536763
vn -0.760999322 -0.313982695 -0.56771028
vn -0.684751868 -0.51495254 -0.515692592
vn -0.667172611 -0.590459049 -0.454135209
vn -0.518962324 -0.718378901 -0.463260144
vn -0.446195155 -0.546215475 -0.708913624
vn -0.644740283 -0.453371048 -0.61543864
vn -0.599802613 -0.409134209 -0.687638044
vn -0.828496695 -0.259984374 -0.49598527
vn -0.798296511 -0.235667259 -0.554241538
vn -0.890013039 -0.156730309 -0.428150058
vn -0.942883074 -0.127527371 -0.307747334
vn -0.849591374 -0.129013434 -0.511419594
vn -0.85881716 -0.116439857 -0.498873532
vn -0.862702608 -0.113381252 -0.492837608
vn -0.907601237 -0.134532884 -0.397694439
vn -0.902261913 -0.0742977485 -0.424739093
vn -0.877824068 -0.0203549564 -0.478550583
vn -0.786044717 0.0824350566 -0.612648427
vn -0.886834264 -0.104963534 -0.450008333
vn -0.947837591 -0.118238933 -0.296012819
vn -0.944931626 -0.113376454 -0.307001501
vn -0.729276001 0.120542586 -0.673517644
vn -0.821453452 0.13820757 -0.553274632
vn -0.739364147 0.143334612 -0.657872319
vn -0.800183237 0.189814046 -0.568926513
vn -0.843761861 0.220587298 -0.489292443
vn -0.770765245 0.11408215 -0.626822352
vn -0.821306348 0.168542668 -0.545022309
vn -0.852527082 0.2033775 -0.481492728
vn -0.860158563 0.154311851 -0.486122519
vn -0.838293433 0.166806117 -0.51907593
vn -0.875215948 0.218416944 -0.431614608
vn -0.751258254 -0.0298036281 -0.659335196
vn -0.906247675 0.405913919 0.118105695
vn -0.835751474 0.203501478 -0.510006547
vn 0.155240804 -0.678553522 -0.717959225
vn -0.826551616 0.21989271 -0.518130779
vn -0.872689188 0.467483848 0.140969843
vn -0.108022042 -0.623200119 -0.774566293
vn -0.811290383 0.233920991 -0.535806775
vn -0.877097487 0.478331625 0.0435748249
vn -0.792757869 -0.568093359 -0.220918104
vn 0.581031919 -0.017974034 0.813682318
vn 0.436989129 0.74884212 0.498273104
vn -0.568531215 -0.217035711 0.793516099
vn -0.679537654 -0.0746465176 0.729833126
vn -0.868687093 -0.215149656 0.446198791
vn -0.309330612 -0.00413984666 0.950945616
vn -0.792856693 -0.0266879071 0.608823419
vn -0.925283909 -0.195698231 0.324887484
vn -0.964341521 -0.155776083 0.213960826
vn -0.570469856 0.48363322 0.663824618
vn -0.979125619 0.103402816 0.17498818
vn -0.276248276 0.544542193 0.791934788
vn -0.244095296 0.0561948605 0.968121707
vn -0.97175175 0.202889904 -0.12055774
vn -0.650527298 0.755627811 0.0764255896
vn -0.898197234 0.274185956 -0.343604118
vn -0.698476076 0.700401425 -0.146863699
vn -0.262930483 0.960824251 0.0876595601
vn -0.08228378 0.449658841 0.889402211
vn -0.25472945 -0.0287352148 0.966585279
vn -0.268196255 0.024965534 0.963040769
vn 0.163249791 0.92751646 0.336247981
vn 0.197609067 0.973021805 0.119076408
vn 0.300125539 0.922531545 0.242611155
vn 0.274051458 0.825750947 0.49298197
vn -0.000507840246 0.437888682 0.899029136
vn -0.311316311 -0.00953253359 0.950258434
vn 0.365947455 0.717830479 0.592285335
vn 0.065018177 0.419027418 0.905642629
vn 0.152668953 0.395885408 0.90552032
vn -0.168069065 0.131033316 0.977027655
vn 0.447335303 0.61579895 0.648600638
vn 0.157719672 0.369090587 0.915912986
vn 0.31602484 0.396238983 0.862045765
vn -0.000678073498 0.275813758 0.961210847
vn 0.460910141 0.413553178 0.785197794
vn 0.567923188 0.323201209 0.756970525
vn 0.503670096 0.340272456 0.794059932
vn 0.170784101 0.251864463 0.952573955
vn 0.800816357 0.277581125 0.530699492
vn 0.609135926 0.248382002 0.753166497
vn 0.238104776 0.15280287 0.959144115
vn 0.661530912 0.147723526 0.735224187
vn 0.864199579 0.170919567 0.473229021
vn 0.263502032 0.0710265487 0.962040544
vn 0.922924042 0.0653410107 0.379396677
vn 0.719462335 0.0633099303 0.6916399
vn 0.298350781 0.00824334193 0.954420745
vn 0.303780347 -0.0981938988 0.947668374
vn 0.778773785 -0.0505056828 0.625268281
vn 0.95921427 -0.0499663278 0.278229117
vn 0.302130759 -0.197959051 0.932485521
vn 0.963143826 -0.135332033 0.232463405
vn 0.805096269 -0.136265665 0.577279568
vn 0.939003229 -0.221121073 0.263397843
vn 0.500899196 -0.683460951 0.531018853
vn 0.597893178 -0.634225786 0.490185082
vn -0.202711642 -0.107067734 0.973367512
vn 0.530314565 -0.629301012 0.568108022
vn -0.163753256 -0.0272529554 0.986124814
vn 0.581825793 -0.530528128 0.616456509
vn -0.101997726 0.0820566639 0.991394579
vn 0.653908551 -0.351897091 0.669755101
vn -0.0636446327 0.219158426 0.973611355
vn 0.722690761 -0.107928857 0.682692766
vn -0.075090766 0.370793998 0.925674438
vn 0.711280465 0.0467719175 0.70135051
vn 0.645784736 -0.174013153 -0.743425488
vn 0.423777342 -0.486607999 -0.763953805
vn 0.497921854 -0.504134238 -0.705636322
vn 0.48936832 -0.671094298 -0.556912124
vn 0.362519175 -0.601524055 -0.711862862
vn 0.419071198 -0.758993387 -0.498305559
vn 0.320043743 -0.755900085 -0.571127832
vn 0.385388553 -0.778716624 -0.495051682
vn 0.297882974 -0.791407168 -0.533798158
vn 0.344189256 -0.804820359 -0.483526558
vn 0.287825465 -0.80907619 -0.512398422
vn 0.335756123 -0.785144866 -0.520399272
vn 0.331906587 -0.730415821 -0.596934378
vn 0.522887647 -0.634541392 -0.569162369
vn 0.408034056 -0.67427516 -0.61551702
vn 0.35351187 -0.477057725 -0.804639876
vn 0.915995896 -0.0311791319 -0.399974316
vn 0.832476676 -0.151107132 -0.533056378
vn 0.975978673 0.00961688813 -0.217653438
vn 0.984426916 0.0145615637 -0.175190151
vn 0.954763472 -0.017274987 -0.296864301
vn -0.0818285048 0.842029095 -0.533189476
vn -0.337022275 0.82355845 -0.456253767
vn -0.754698157 0.388294876 -0.528826773
vn -0.77492857 0.235949382 -0.586356223
vn -0.748450875 0.101154678 -0.655430377
vn -0.127427801 0.370580047 -0.92001766
vn -0.686321259 -0.133108482 -0.715014219
vn 0.242418587 -0.0547159463 -0.968627512
vn -0.827966332 -0.21322006 -0.518660784
vn 0.444435209 -0.196530074 -0.873987019
vn -0.0115661006 -0.398979723 -0.916886866
vn 0.35351187 -0.477057725 -0.804639876
vn -0.013672444 -0.545434475 -0.838041961
vn 0.47468403 -0.164948627 -0.864561737
vn 0.645784736 -0.174013153 -0.743425488
vn 0.703523695 -0.0734423622 -0.706866741
vn 0.60500735 -0.062447384 -0.793767273
vn 0.336192012 -0.0212986283 -0.941552639
vn 0.230840579 -0.195696905 -0.953108251
vn 0.196074918 -0.348991036 -0.916384161
vn 0.257298052 -0.0970401466 -0.961447358
vn 0.116577864 -0.329296142 -0.93700242
vn 0.138621986 -0.5073331 -0.850527465
vn 0.111748636 -0.219095111 -0.969283044
vn 0.102261364 -0.167805955 -0.980501831
vn 0.040941529 -0.534257233 -0.844329953
vn 0.103353865 -0.711033225 -0.695521235
vn 0.0289257206 -0.209384754 -0.977405369
vn 0.0277943872 -0.194082335 -0.980591476
vn -0.000153639572 -0.207571283 -0.978219867
vn -1.5691161E-05 -0.209683165 -0.977769375
vn -0.0281639267 -0.194302142 -0.980537355
vn 0.0353224538 -0.323876083 -0.945439875
vn 0.00955965929 -0.569896102 -0.821661115
vn 0.0468899496 -0.711400628 -0.701220632
vn 0.106842034 -0.752615273 -0.649734497
vn 0.0903520435 -0.763918459 -0.638956189
vn 0.00193198991 -0.729234159 -0.684261441
vn -0.0152564915 -0.732657611 -0.680426419
vn -0.0380457044 -0.723895013 -0.688860297
vn 0.112105221 -0.733735323 -0.670123041
vn 0.10626816 -0.636280298 -0.764103651
vn 0.00164001179 -0.317281812 -0.948329806
vn -0.0345427617 -0.324043453 -0.945411384
vn -0.0389044173 -0.561150908 -0.826798737
vn -0.013672444 -0.545434475 -0.838041961
vn 0.35351187 -0.477057725 -0.804639876
vn -0.0290536042 -0.209651619 -0.977344453
vn -0.102139622 -0.168454066 -0.980403423
vn -0.110959776 -0.21927695 -0.969332457
vn -0.248999551 -0.104138732 -0.962888539
vn -0.116449468 -0.328047007 -0.937456489
vn -0.225777119 -0.19831498 -0.953779817
vn -0.335553318 -0.0373712294 -0.94127965
vn -0.126162738 -0.567172647 -0.813878417
vn -0.190675259 -0.343903333 -0.919441879
vn -0.101064056 -0.728656113 -0.677382112
vn -0.114332102 -0.772200704 -0.625007272
vn -0.0673653185 -0.751102328 -0.656739831
vn -0.470923334 -0.170680881 -0.865505219
vn -0.610658526 -0.0657857582 -0.789156795
vn -0.640323818 -0.122765929 -0.758230865
vn -0.645174444 -0.17433323 -0.743880212
vn -0.308976829 -0.634839475 -0.708175242
vn -0.351796925 -0.48699221 -0.799423277
vn -0.0115661006 -0.398979723 -0.916886866
vn -0.347305477 -0.583387911 -0.734191656
vn -0.419348121 -0.357355058 -0.834532559
vn -0.43934828 -0.199582741 -0.875865221
vn 0.826964319 -0.215499043 -0.519316971
vn -0.341146082 -0.738906443 -0.581065118
vn -0.212625504 -0.0636751279 -0.975056827
vn 0.680701256 -0.134884566 -0.720036149
vn -0.12623702 -0.613708615 -0.779375374
vn 0.182134643 0.346185058 -0.920316756
vn 0.736948729 0.114676192 -0.666150033
vn -0.230012074 -0.689528227 -0.686764419
vn -0.341653705 -0.811755478 -0.473630399
vn -0.384250462 -0.783827841 -0.487817109
vn -0.981297135 0.0679072738 -0.180123419
vn 0.388197958 0.794535875 -0.466921002
vn 0.760051429 0.292142063 -0.580495238
vn 0.758649766 0.440252453 -0.480237752
vn 0.206502154 0.814788043 -0.541735411
vn -0.978539944 0.181938127 -0.0967367813
vn -0.937102616 0.335582167 0.0960377827
vn -0.890592396 -0.454189003 0.0236123763
vn -0.870061219 -0.448991537 0.203470066
vn -0.808078766 -0.466623366 0.359543264
vn -0.816672444 -0.344806969 0.462768048
vn -0.11854253 -0.89043802 0.439394951
vn 0.184888199 -0.324958175 -0.927479744
vn 0.699251115 -0.713069379 0.0507929064
vn 0.499978453 -0.838356435 -0.217209473
vn -0.0788357332 -0.386839449 -0.918771029
vn 0.164146662 -0.222229734 -0.961077452
vn 0.167876974 -0.945302308 -0.279679954
vn -0.591452301 -0.0973632783 -0.800440252
vn -0.22743234 0.480506212 -0.846987844
vn -0.408741325 -0.0147275794 -0.912531495
vn -0.727655053 0.665372908 -0.166724607
vn -0.973897874 0.220371544 -0.0543992221
vn -0.812055826 -0.13152346 0.568565667
vn -0.717707217 -0.149427861 0.68012321
vn -0.791183174 0.0416704156 0.610158086
vn -0.83062458 -0.371468753 -0.414817721
vn -0.191004619 -0.395753115 0.898274302
vn 0.627140284 -0.767750263 -0.131356776
vn -0.440067351 -0.36980322 -0.818282545
vn -0.805211365 -0.255936742 -0.534912229
vn -0.279393852 -0.6144045 -0.737865984
vn -0.570391893 -0.560262501 -0.600632191
vn -0.350996315 -0.71282053 -0.607197225
vn 0.345771223 -0.387265593 -0.854673982
vn -0.453849882 -0.378134966 -0.806867003
vn 0.341579407 -0.937053323 -0.0724893212
vn -0.646915555 -0.585172117 -0.488951743
vn -0.277059615 -0.724798858 -0.63079679
vn -0.457545638 -0.701098204 -0.546912551
vn -0.325104773 -0.659858763 -0.677416563
vn -0.504772007 -0.495491058 -0.706890345
vn -0.291530848 -0.764736354 -0.574619949
vn -0.433047831 -0.699581563 -0.568379343
vn -0.445455641 -0.714311182 -0.539748728
vn -0.503663659 -0.793887198 -0.340684712
vn -0.565856338 -0.791036725 -0.232524291
vn -0.547231495 -0.609779596 -0.573329389
vn -0.877592206 -0.334391266 -0.343532383
vn -0.472767115 -0.733219385 -0.488754302
vn -0.485051811 -0.739918768 -0.466095448
vn -0.542975605 -0.723343253 -0.426558465
vn -0.652886152 -0.7219221 -0.229277298
vn -0.611083865 -0.706590176 -0.356800824
vn -0.767943323 -0.582896888 -0.265507758
vn -0.99965024 -0.023105599 0.0128708314
vn -0.995719969 -0.0870858282 0.0309463535
vn -0.832370996 -0.148488358 0.533956766
vn -0.832525671 -0.212766722 0.511498988
vn -0.703013062 -0.188783452 0.685662687
vn -0.997032046 0.0489451736 0.0594264828
vn -0.732889533 -0.103567235 0.672418535
vn -0.938519776 0.258045733 0.229331523
vn -0.819639266 -0.00888841413 0.572810888
vn -0.688514531 -0.325343907 0.648150384
vn -0.525269866 0.0950247347 -0.84561336
vn 0.36269626 -0.320998579 -0.87487787
vn -0.634718239 0.669515133 0.385852724
vn -0.913255036 -0.183051988 -0.363946855
vn -0.375374466 0.577061415 -0.725323379
vn 0.194054514 0.773494601 -0.603364706
vn 0.433579803 -0.363383263 -0.824597597
vn 0.0255737752 -0.99947983 -0.0196513552
vn -0.378972709 -0.899823308 -0.216096863
vn 0.915995896 -0.0311791319 -0.399974316
vn 0.954763472 -0.017274987 -0.296864301
vn 0.703523695 -0.0734423622 -0.706866741
vn 0.645784736 -0.174013153 -0.743425488
vn 0.832476676 -0.151107132 -0.533056378
vn 0.497921854 -0.504134238 -0.705636322
vn 0.627664149 -0.527912319 -0.572141886
vn 0.498289555 -0.707940757 -0.500527143
vn 0.32470572 -0.639229596 -0.697102308
vn 0.422594756 -0.782566071 -0.457169652
vn 0.27721417 -0.71015954 -0.647167444
vn 0.359417409 -0.84538573 -0.395148128
vn 0.318936527 -0.783663332 -0.533058524
vn 0.437511712 -0.744088888 -0.504891276
vn 0.975978673 0.00961688813 -0.217653438
vn 0.832476676 -0.151107132 -0.533056378
vn 0.926540613 -0.176001787 -0.332484126
vn 0.627664149 -0.527912319 -0.572141886
vn 0.753183424 -0.592519999 -0.285718083
vn 0.498289555 -0.707940757 -0.500527143
vn 0.63051492 -0.730500221 -0.262336522
vn 0.553573132 -0.782410681 -0.285290062
vn 0.422594756 -0.782566071 -0.457169652
vn 0.359417409 -0.84538573 -0.395148128
vn 0.46104002 -0.796951711 -0.39026913
vn 0.437511712 -0.744088888 -0.504891276
vn 0.645784736 -0.174013153 -0.743425488
vn 0.47468403 -0.164948627 -0.864561737
vn 0.423777342 -0.486607999 -0.763953805
vn 0.196074918 -0.348991036 -0.916384161
vn 0.362519175 -0.601524055 -0.711862862
vn 0.138621986 -0.5073331 -0.850527465
vn 0.320043743 -0.755900085 -0.571127832
vn 0.103353865 -0.711033225 -0.695521235
vn 0.297882974 -0.791407168 -0.533798158
vn 0.106842034 -0.752615273 -0.649734497
vn 0.287825465 -0.80907619 -0.512398422
vn 0.0903520435 -0.763918459 -0.638956189
vn 0.335756123 -0.785144866 -0.520399272
vn 0.112105221 -0.733735323 -0.670123041
vn 0.408034056 -0.67427516 -0.61551702
vn 0.10626816 -0.636280298 -0.764103651
vn 0.35351187 -0.477057725 -0.804639876
vn 0.497921854 -0.504134238 -0.705636322
vn 0.48936832 -0.671094298 -0.556912124
vn 0.32470572 -0.639229596 -0.697102308
vn 0.27721417 -0.71015954 -0.647167444
vn 0.419071198 -0.758993387 -0.498305559
vn 0.385388553 -0.778716624 -0.495051682
vn 0.349511623 -0.710573792 -0.610677063
vn 0.318936527 -0.783663332 -0.533058524
vn 0.437511712 -0.744088888 -0.504891276
vn 0.232722759 -0.68185693 -0.693477631
vn 0.344189256 -0.804820359 -0.483526558
vn 0.331906587 -0.730415821 -0.596934378
vn 0.435717762 -0.697999597 -0.568283856
vn 0.453030527 -0.712728381 -0.535519838
vn 0.46104002 -0.796951711 -0.39026913
vn 0.553573132 -0.782410681 -0.285290062
vn 0.647803664 -0.58274436 -0.49067238
vn 0.569882929 -0.558169365 -0.603059232
vn 0.814097524 -0.356735826 -0.458241045
vn 0.804775834 -0.256058931 -0.535508811
vn 0.974031627 0.220547229 -0.0511990488
vn 0.28293559 -0.609500527 -0.740578532
vn 0.117714867 -0.601142287 -0.790424705
vn 0.438707322 -0.371314228 -0.818328619
vn 0.327153534 -0.574248374 -0.750472784
vn 0.522887647 -0.634541392 -0.569162369
vn 0.4207187 -0.358462393 -0.83336693
vn 0.444435209 -0.196530074 -0.873987019
vn 0.242418587 -0.0547159463 -0.968627512
vn 0.0720983446 -0.39043346 -0.917803645
vn -0.179442748 -0.324208379 -0.928810656
vn 0.406461895 -0.0164522845 -0.913519561
vn 0.98043102 0.0686836839 -0.184492752
vn -0.127427801 0.370580047 -0.92001766
vn 0.122779533 -0.891934752 0.435175508
vn -0.699588716 -0.713058293 0.0460829176
vn 0.816586077 -0.344966292 0.462801844
vn -0.503059983 -0.835246682 -0.222021759
vn 0.976102471 0.188052684 -0.108904384
vn 0.808077633 -0.466619849 0.359550238
vn -0.337022275 0.82355845 -0.456253767
vn 0.870110989 -0.449029326 0.203173578
vn 0.914674938 0.396112502 0.0804034993
vn -0.0818285048 0.842029095 -0.533189476
vn 0.892037392 -0.451547474 0.0193462763
vn -0.176203474 -0.223880187 -0.958556175
vn -0.167877227 -0.945304215 -0.279673427
vn 0.569447279 -0.073059313 -0.81877476
vn 0.229206666 0.480966449 -0.846247852
vn 0.734630108 0.664644599 -0.136257589
vn 0.812055588 -0.131526068 0.568565428
vn 0.717708945 -0.149431556 0.680120587
vn 0.79117763 0.0416718796 0.61016506
vn 0.190788507 -0.395595193 0.898389697
vn -0.627750635 -0.766749561 -0.134254903
vn -0.208438158 -0.323111922 -0.923120975
vn 0.396644145 0.0584201291 -0.916111648
vn -0.344133854 -0.935749292 -0.0771048889
vn -0.349387527 -0.36115101 -0.864579916
vn 0.457982033 -0.304422677 -0.835212111
vn -0.446980953 -0.339398831 -0.827657223
vn -0.0702784136 -0.994257569 -0.0807013512
vn 0.349942535 -0.904583693 -0.243451253
vn 0.912027597 -0.0781028569 -0.402623534
vn -0.250678062 0.75658685 -0.603934526
vn 0.259686112 0.562401533 -0.785027266
vn 0.931906879 0.230153173 0.28031984
vn 0.706487417 0.543709815 0.45305118
vn 0.696745038 -0.328668475 0.637591839
vn 0.810612321 -0.0203190744 0.585230589
vn 0.733199537 -0.110735148 0.670936704
vn 0.998110771 0.0461912379 -0.0405120626
vn 0.696783185 -0.179021239 0.694582343
vn 0.998552263 -0.0235980731 -0.0483364537
vn 0.994769752 -0.0915280804 0.0453384072
vn 0.839026511 -0.202764228 0.504897296
vn -0.147606984 -0.345448434 0.926756442
vn 0.876230538 -0.338909954 -0.342578351
vn 0.549849987 -0.606718898 -0.574070692
vn 0.462431371 -0.731236577 -0.501448035
vn 0.473787278 -0.728980184 -0.494078517
vn 0.528383553 -0.717141569 -0.454443395
vn 0.63051492 -0.730500221 -0.262336522
vn 0.593084872 -0.707216978 -0.384830505
vn 0.753183424 -0.592519999 -0.285718083
vn -0.645174444 -0.17433323 -0.743880212
vn -0.504772007 -0.495491058 -0.706890345
vn -0.421632677 -0.476497799 -0.771476448
vn -0.457545638 -0.701098204 -0.546912551
vn -0.346090406 -0.642115712 -0.68403852
vn -0.384250462 -0.783827841 -0.487817109
vn -0.280395299 -0.78052634 -0.558710158
vn -0.290675521 -0.817433119 -0.497303635
vn -0.341653705 -0.811755478 -0.473630399
vn -0.351764351 -0.806249797 -0.47562921
vn -0.341146082 -0.738906443 -0.581065118
vn -0.308976829 -0.634839475 -0.708175242
vn -0.915984809 -0.031211704 -0.399997175
vn -0.975982428 0.00940144341 -0.21764639
vn -0.831941068 -0.151930407 -0.533658385
vn -0.884481847 0.206360251 -0.418458372
vn 0.969465971 0.156752303 0.188585535
vn -0.915984809 -0.031211704 -0.399997175
vn -0.640323818 -0.122765929 -0.758230865
vn 0.969465971 0.156752303 0.188585535
vn -0.645174444 -0.17433323 -0.743880212
vn -0.831941068 -0.151930407 -0.533658385
vn -0.504772007 -0.495491058 -0.706890345
vn -0.640147328 -0.521682441 -0.563967168
vn -0.517052293 -0.705336452 -0.484930247
vn -0.325104773 -0.659858763 -0.677416563
vn -0.417187929 -0.79591918 -0.438710451
vn -0.277059615 -0.724798858 -0.63079679
vn -0.342864335 -0.829146206 -0.4415434
vn -0.291530848 -0.764736354 -0.574619949
vn -0.433047831 -0.699581563 -0.568379343
vn -0.975982428 0.00940144341 -0.21764639
vn -0.927292943 -0.174862981 -0.330984443
vn -0.831941068 -0.151930407 -0.533658385
vn -0.640147328 -0.521682441 -0.563967168
vn -0.767943323 -0.582896888 -0.265507758
vn -0.517052293 -0.705336452 -0.484930247
vn -0.652886152 -0.7219221 -0.229277298
vn -0.565856338 -0.791036725 -0.232524291
vn -0.417187929 -0.79591918 -0.438710451
vn -0.342864335 -0.829146206 -0.4415434
vn -0.503663659 -0.793887198 -0.340684712
vn -0.433047831 -0.699581563 -0.568379343
vn -0.645174444 -0.17433323 -0.743880212
vn -0.421632677 -0.476497799 -0.771476448
vn -0.470923334 -0.170680881 -0.865505219
vn -0.190675259 -0.343903333 -0.919441879
vn -0.346090406 -0.642115712 -0.68403852
vn -0.126162738 -0.567172647 -0.813878417
vn -0.280395299 -0.78052634 -0.558710158
vn -0.101064056 -0.728656113 -0.677382112
vn -0.114332102 -0.772200704 -0.625007272
vn -0.290675521 -0.817433119 -0.497303635
vn -0.351764351 -0.806249797 -0.47562921
vn -0.0673653185 -0.751102328 -0.656739831
vn -0.308976829 -0.634839475 -0.708175242
vn -0.690839946 -0.036667522 0.722077429
vn 0.366041988 0.930051804 -0.0318894498
vn 0.895653069 0.0623172075 0.44036594
vn -0.541877687 -0.165130541 0.82407546
vn 0.835359871 -0.0519193262 0.547246158
vn -0.231130257 -0.175554678 0.956953228
vn 0.776841283 -0.00335927727 0.629687488
vn 0.321319938 -0.925246716 -0.201672897
vn -0.6740641 -0.704212308 -0.222985953
vn -0.51862818 -0.138653085 0.843682528
vn -0.39381972 0.081297718 0.915585518
vn -0.722596765 -0.646411598 0.244961053
vn -0.415538639 -0.0156643689 0.909440696
vn 0.321319938 -0.925246716 -0.201672897
vn -0.51862818 -0.138653085 0.843682528
vn 0.466218054 0.370581985 0.803311765
vn 0.524699092 0.473169059 0.70767355
vn -0.39381972 0.081297718 0.915585518
vn 0.529201388 0.458320737 0.714064479
vn -0.415538639 -0.0156643689 0.909440696
vn -0.268597245 0.116954595 0.956126153
vn -0.722132027 -0.63018167 -0.285300374
vn -0.575876355 -0.786076248 -0.224612132
vn -0.722596765 -0.646411598 0.244961053
vn -0.635530591 -0.768689632 -0.0722291544
vn -0.6740641 -0.704212308 -0.222985953
vn 0.814427733 -0.459267825 0.354655594
vn 0.144405127 -0.808946431 -0.569870889
vn 0.077955097 -0.721017838 -0.688517392
vn 0.0136090796 -0.515124142 -0.857007504
vn -0.132763565 -0.361482054 -0.922878444
vn -0.810687721 -0.47425279 -0.343321621
vn -0.240141511 -0.180853784 -0.953742087
vn -0.855675936 -0.315521061 -0.410201192
vn -0.313416034 0.0674858987 -0.947214901
vn -0.917082548 -0.130538255 -0.376721889
vn -0.297254831 0.231559768 -0.926293433
vn -0.210685953 0.165868863 0.963378966
vn -0.976410031 0.00401497679 -0.215887159
vn -0.184320718 0.376280963 -0.907985926
vn -0.248956099 0.0319472998 0.967987776
vn -0.987587631 0.0903813019 -0.128459617
vn -0.101191692 0.533157766 -0.839942336
vn -0.989255548 0.145146742 -0.0174866579
vn 0.366041988 0.930051804 -0.0318894498
vn -0.690839946 -0.036667522 0.722077429
vn -0.541877687 -0.165130541 0.82407546
vn -0.231130257 -0.175554678 0.956953228
vn 0.776841283 -0.00335927727 0.629687488
vn 0.649026453 0.193070218 0.735859036
vn 0.571852624 0.492484868 0.656081796
vn 0.533287764 0.453864485 0.713870585
vn 0.738837957 0.371419847 -0.562286258
vn 0.804673135 0.346524298 -0.482101768
vn 0.890834033 0.219356447 -0.39786607
vn 0.924775183 0.0358999483 -0.378816545
vn 0.978420198 -0.0567889698 -0.198667601
vn 0.524699092 0.473169059 0.70767355
vn 0.466218054 0.370581985 0.803311765
vn 0.894311011 0.256920874 -0.366332501
vn 0.835359871 -0.0519193262 0.547246158
vn 0.993044078 -0.113172486 -0.0324872471
vn 0.321319938 -0.925246716 -0.201672897
vn -0.6740641 -0.704212308 -0.222985953
vn 0.80803299 -0.485229194 -0.334118724
vn 0.814427733 -0.459267825 0.354655594
vn 0.144405127 -0.808946431 -0.569870889
vn 0.077955097 -0.721017838 -0.688517392
vn 0.0136090796 -0.515124142 -0.857007504
vn -0.132763565 -0.361482054 -0.922878444
vn -0.240141511 -0.180853784 -0.953742087
vn -0.313416034 0.0674858987 -0.947214901
vn -0.297254831 0.231559768 -0.926293433
vn 0.911102295 0.229830101 -0.342156202
vn -0.184320718 0.376280963 -0.907985926
vn 0.895653069 0.0623172075 0.44036594
vn 0.921331584 0.24956204 -0.298105597
vn -0.101191692 0.533157766 -0.839942336
vn 0.921441495 -0.190236241 -0.338756204
vn 0.982481301 0.0903402343 -0.163000494
vn 0.950708628 -0.210544989 -0.227648899
vn 0.958301246 0.120465703 -0.259127021
vn 0.925248682 0.141693577 -0.351905882
vn 0.883683264 -0.151744559 -0.442806423
vn 0.97823447 0.193973079 -0.0737002268
vn 0.982481301 0.0903402343 -0.163000494
vn 0.154383481 0.906178951 0.393707484
vn 0.182072669 0.854178727 0.487060934
vn -0.893219471 0.143114984 0.426236123
vn 0.154134318 0.905516088 0.395326704
vn 0.948108077 0.236118764 -0.212929577
vn 0.845665872 0.282650471 -0.452722847
vn -0.83940798 0.232867271 0.491087526
vn -0.892668426 0.273158848 0.358507067
vn -0.0465251505 0.95652777 -0.28790608
vn -0.884293437 -0.24653317 0.396543264
vn -0.920632362 -0.12752372 0.369017273
vn -0.277777374 0.280988842 -0.91863215
vn 0.832585216 0.046282053 -0.551959991
vn 0.790498376 -0.233769611 -0.566095591
vn -0.963721097 0.044441618 0.26318565
vn 0.0119483517 -0.989517033 0.143921152
vn -0.0420841537 -0.998728216 -0.0277629662
vn 0.950708628 -0.210544989 -0.227648899
vn 0.92478019 -0.338129342 -0.174499765
vn -0.936255097 -0.235782877 0.260447234
vn -0.0286473576 -0.999484181 0.0145128602
vn 0.889375567 -0.329238981 -0.317195326
vn -0.194402456 -0.791065037 -0.580020547
vn -0.988542199 -0.150197595 0.0149980579
vn -0.99347347 0.104656421 0.0453591123
vn -0.940229893 0.318711042 0.119962543
vn -0.0420841537 -0.998728216 -0.0277629662
vn 0.921441495 -0.190236241 -0.338756204
vn 0.950708628 -0.210544989 -0.227648899
vn -0.108620897 -0.962535441 -0.248449042
vn -0.958924115 -0.106435001 0.262937218
vn -0.920632362 -0.12752372 0.369017273
vn -0.167343691 -0.874443769 -0.455350578
vn 0.883683264 -0.151744559 -0.442806423
vn -0.985069871 -0.0693608969 0.157563508
vn -0.925837159 0.174460217 0.335244954
vn -0.893219471 0.143114984 0.426236123
vn 0.109625608 0.962342978 0.24875322
vn -0.950357258 0.196974501 0.240877569
vn 0.154383481 0.906178951 0.393707484
vn 0.0642361715 0.993291497 0.096154049
vn 0.982481301 0.0903402343 -0.163000494
vn 0.925248682 0.141693577 -0.351905882
vn 0.958301246 0.120465703 -0.259127021
vn 0.92478019 -0.338129342 -0.174499765
vn 0.950708628 -0.210544989 -0.227648899
vn 0.982481301 0.0903402343 -0.163000494
vn 0.97823447 0.193973079 -0.0737002268
vn 0.940197229 -0.0217495915 -0.339935511
vn 0.889375567 -0.329238981 -0.317195326
vn 0.790498376 -0.233769611 -0.566095591
vn 0.948108077 0.236118764 -0.212929577
vn 0.832585216 0.046282053 -0.551959991
vn 0.845665872 0.282650471 -0.452722847
vn 0.889793932 0.273891509 -0.36503458
vn 0.0642361715 0.993291497 0.096154049
vn 0.925248682 0.141693577 -0.351905882
vn 0.0276348647 0.999518991 -0.0140754534
vn -0.950357258 0.196974501 0.240877569
vn 0.0619760305 0.993486762 0.0956185237
vn 0.942781866 0.241802007 -0.229552329
vn 0.988875389 0.148366034 0.0106294686
vn -0.926490009 0.313367873 0.208367199
vn -0.893486917 0.280009419 0.351106852
vn 0.253195107 0.675743759 0.692287922
vn -0.986797512 -0.149363726 0.0626181588
vn -0.985069871 -0.0693608969 0.157563508
vn 0.283200175 -0.240517303 0.928412199
vn 0.994164407 -0.104040161 -0.0285096057
vn 0.922397852 -0.363440275 -0.130741298
vn -0.939524114 0.0256582424 0.341520101
vn -0.211000815 -0.77673161 -0.593436301
vn -0.167343691 -0.874443769 -0.455350578
vn 0.883683264 -0.151744559 -0.442806423
vn 0.815964103 -0.240455642 -0.525722027
vn -0.958611727 -0.212151006 0.189882845
vn -0.179507807 -0.853453755 -0.489278793
vn 0.861230135 -0.307617754 -0.404541761
vn 0.0222198255 -0.992149115 0.123070709
vn -0.862222552 -0.267134041 0.430362344
vn -0.843369722 -0.030245889 0.536481857
vn -0.804264784 0.194614694 0.561500788
vn 0.815964103 -0.240455642 -0.525722027
vn 0.925248682 0.141693577 -0.351905882
vn 0.883683264 -0.151744559 -0.442806423
vn 0.889793932 0.273891509 -0.36503458
vn 0.963474691 -0.0455377735 -0.263899207
vn 0.861230135 -0.307617754 -0.404541761
vn 0.922397852 -0.363440275 -0.130741298
vn 0.942781866 0.241802007 -0.229552329
vn 0.994164407 -0.104040161 -0.0285096057
vn 0.988875389 0.148366034 0.0106294686
vn 0.912027597 -0.0781028569 -0.402623534
vn 0.349942535 -0.904583693 -0.243451253
vn 0.696745038 -0.328668475 0.637591839
vn -0.0702784136 -0.994257569 -0.0807013512
vn 0.366140008 -0.630410612 0.684488177
vn 0.810612321 -0.0203190744 0.585230589
vn -0.344133854 -0.935749292 -0.0771048889
vn 0.733199537 -0.110735148 0.670936704
vn 0.12212868 -0.489087313 0.863642395
vn -0.627750635 -0.766749561 -0.134254903
vn 0.190788507 -0.395595193 0.898389697
vn 0.106228366 -0.38244459 0.917851686
vn 0.696783185 -0.179021239 0.694582343
vn 0.505400002 -0.259820551 0.822839081
vn 0.839026511 -0.202764228 0.504897296
vn 0.618634939 -0.422551662 0.662375152
vn -0.147606984 -0.345448434 0.926756442
vn 0.0689428896 -0.451875687 0.88941282
vn 0.49491325 -0.388283789 0.777365148
vn 0.717093468 -0.634490311 0.288442224
vn 0.0394105278 -0.311293721 0.94949621
vn 0.689518094 -0.643443406 0.332483739
vn -0.0867512077 0.103195585 0.990870774
vn 0.682400107 -0.63390553 0.363997191
vn 0.332488596 -0.243678853 0.911082804
vn -0.434740007 -0.320131481 0.841734588
vn -0.411262184 -0.191600248 0.891152442
vn -0.330549717 -0.236178756 0.91375947
vn -0.0749546736 -0.395216346 0.91552496
vn -0.07924629 -0.151157975 0.985328019
vn 1.99423582E-07 -0.317033529 0.948414326
vn 1.87047362E-06 -0.520894229 0.853621185
vn 0.0749761909 -0.395207882 0.915526748
vn 0.0792471841 -0.151159078 0.98532778
vn -0.590990782 -0.484162778 0.645225763
vn 0.79117763 0.0416718796 0.61016506
vn 0.330549002 -0.236178368 0.913759947
vn 0.411256492 -0.191598326 0.891155481
vn 0.434737861 -0.320130527 0.841735899
vn -0.0394139588 -0.311291099 0.949496925
vn -0.191004619 -0.395753115 0.898274302
vn -0.125183791 -0.380488604 0.916273654
vn -0.424646854 -0.711731374 0.559565485
vn 0.717708945 -0.149431556 0.680120587
vn -0.493912518 -0.270410836 0.826394856
vn -0.471723497 -0.376499385 0.797323763
vn -0.160755455 -0.909053087 0.384422123
vn 0.812055588 -0.131526068 0.568565428
vn -0.604782164 -0.394162536 0.692007482
vn -0.722524464 -0.643549263 0.252591968
vn -0.562904298 -0.506614566 0.653054714
vn -0.689461648 -0.643425941 0.332634598
vn 0.0835933909 0.0957391262 0.991890192
vn -0.682340264 -0.633884132 0.36414662
vn 0.431172609 0.420712858 0.798179746
vn -0.832525671 -0.212766722 0.511498988
vn -0.832370996 -0.148488358 0.533956766
vn -0.703013062 -0.188783452 0.685662687
vn -0.732889533 -0.103567235 0.672418535
vn -0.148810014 -0.471920431 0.868991792
vn 0.627140284 -0.767750263 -0.131356776
vn 0.341579407 -0.937053323 -0.0724893212
vn -0.405185491 -0.593536377 0.695369899
vn -0.819639266 -0.00888841413 0.572810888
vn 0.0255737752 -0.99947983 -0.0196513552
vn -0.688514531 -0.325343907 0.648150384
vn -0.378972709 -0.899823308 -0.216096863
vn -0.913255036 -0.183051988 -0.363946855
vn -0.791183174 0.0416704156 0.610158086
vn 0.591007888 -0.484162211 0.645210564
vn 0.424623549 -0.71176511 0.559540272
vn -0.717707217 -0.149427861 0.68012321
vn 0.160756856 -0.909053743 0.384419829
vn -0.812055826 -0.13152346 0.568565667
vn 0.699251115 -0.713069379 0.0507929064
vn -0.11854253 -0.89043802 0.439394951
vn 0.499978453 -0.838356435 -0.217209473
vn 0.0325252004 -0.725804806 0.687131405
vn -0.816672444 -0.344806969 0.462768048
vn -0.0387439542 -0.979297459 0.198684022
vn 0.167876974 -0.945302308 -0.279679954
vn -0.445541441 -0.894364893 0.0400531627
vn -0.591452301 -0.0973632783 -0.800440252
vn 0.00610790774 -0.850476503 0.525977433
vn -0.808078766 -0.466623366 0.359543264
vn -0.0981868431 -0.940529704 0.325212479
vn -0.870061219 -0.448991537 0.203470066
vn -0.215706438 -0.976406276 0.0100774737
vn -0.890592396 -0.454189003 0.0236123763
vn -0.375759929 -0.853391647 -0.36128518
vn 0.206502154 0.814788043 -0.541735411
vn 0.157434165 -0.8301121 -0.534909666
vn 0.758649766 0.440252453 -0.480237752
vn 0.44930765 -0.848395228 -0.279907256
vn 0.760051429 0.292142063 -0.580495238
vn 0.614385784 -0.784792244 -0.0814326927
vn 0.736948729 0.114676192 -0.666150033
vn 0.763508797 -0.645732641 0.00914758258
vn 0.680701256 -0.134884566 -0.720036149
vn 0.942829847 -0.332294345 -0.0255401544
vn 0.826964319 -0.215499043 -0.519316971
vn -0.0364225879 -0.983824134 -0.175394878
vn -0.0115661006 -0.398979723 -0.916886866
vn -0.827966332 -0.21322006 -0.518660784
vn -0.944704652 -0.326421648 -0.0313367993
vn -0.686321259 -0.133108482 -0.715014219
vn -0.0325402506 -0.725810468 0.687124729
vn -0.774140298 -0.632999659 -0.00428473623
vn -0.748450875 0.101154678 -0.655430377
vn -0.634736717 -0.766562164 -0.0974254087
vn -0.77492857 0.235949382 -0.586356223
vn 0.122779533 -0.891934752 0.435175508
vn -0.699588716 -0.713058293 0.0460829176
vn -0.503059983 -0.835246682 -0.222021759
vn 0.816586077 -0.344966292 0.462801844
vn -0.167877227 -0.945304215 -0.279673427
vn -0.00612917868 -0.850478172 0.525974631
vn 0.808077633 -0.466619849 0.359550238
vn 0.0981852263 -0.940529406 0.325213909
vn 0.870110989 -0.449029326 0.203173578
vn 0.0387435518 -0.979295611 0.198693275
vn 0.445541382 -0.894364893 0.040053118
vn 0.569447279 -0.073059313 -0.81877476
vn -0.469860137 -0.834053755 -0.2891123
vn -0.754698157 0.388294876 -0.528826773
vn 0.215973482 -0.976348996 0.0099025527
vn 0.892037392 -0.451547474 0.0193462763
vn -0.189568758 -0.817956507 -0.543148994
vn -0.0818285048 0.842029095 -0.533189476
vn 0.37734279 -0.85237366 -0.362038046
vn -0.892175019 -0.141704336 0.428886294
vn -0.989995956 0.0244086515 0.138968304
vn -0.924521685 -0.20279485 0.322697699
vn -0.903188109 -0.0277347211 0.428347856
vn -0.86978972 -0.0719838217 0.488143533
vn -0.882008016 -0.0840601176 0.463676482
vn -0.963403761 -0.115857646 0.241723284
vn -0.909448981 -0.291398078 0.296630919
vn -0.999969363 -0.00717420829 -0.00315014715
vn -0.953608513 -0.0785539076 0.290620416
vn -0.958714068 -0.0155457491 0.283946663
vn -0.788832963 -0.217172787 0.574959695
vn -0.937352777 -0.0247935336 0.347498327
vn -0.970652044 0.112527415 0.212537318
vn -0.972372949 0.121295124 0.199444935
vn -0.965118349 0.0545458272 0.256068975
vn -0.982729673 -0.0627638921 0.174078032
vn 0.637799144 -0.140274569 -0.757321179
vn -0.968695343 0.0118559822 0.247969165
vn -0.992456555 0.0959602222 -0.0762992278
vn -0.98900032 -0.147258028 -0.0139031168
vn -0.851700723 -0.185828507 0.489973158
vn -0.967194557 -0.115937412 0.226038158
vn -0.784460425 -0.255889416 0.564926982
vn -0.68516016 -0.358415008 0.634108901
vn -0.744615674 -0.40140143 0.533314526
vn -0.326247483 -0.202929124 0.923245549
vn -0.481924683 -0.255635798 0.838092446
vn -0.687663615 -0.401211232 0.605101824
vn -0.77697891 -0.347673148 0.524811447
vn -0.688984573 -0.443722159 0.573071361
vn -0.77697891 -0.347673148 0.524811447
vn -0.709048986 -0.468169212 0.527320802
vn -0.749775767 -0.492560893 0.441837162
vn -0.755171239 -0.541845858 0.368943691
vn -0.676539123 -0.350242347 0.64778477
vn -0.78370297 -0.475287616 0.399888992
vn -0.80176121 -0.550272763 0.233192667
vn -0.336070359 0.00394387729 0.941828668
vn 0.550529122 0.546804488 0.630811036
vn -0.792722583 -0.468911707 0.389503092
vn -0.721238673 -0.572782934 -0.389530987
vn -0.260624349 -0.0891036019 0.961319685
vn 0.609382629 0.331097841 0.720435441
vn 0.935291529 0.281276762 0.21473968
vn -0.425319672 -0.396567523 -0.813533843
vn -0.812170684 -0.467230648 0.349391252
vn 0.33285585 -0.0633959621 -0.940844297
vn 0.262573928 -0.112770833 -0.958299398
vn 0.402039081 0.0522562191 -0.914130211
vn -0.559164822 -0.264099896 -0.78586638
vn 0.359789431 0.0362645686 -0.932328522
vn -0.16958338 -0.223457262 0.959848106
vn -0.519741297 -0.141248718 -0.842566252
vn 0.383881629 -0.203783125 -0.900614977
vn -0.855063915 -0.397732854 0.332677364
vn -0.52049917 -0.230056733 -0.822286129
vn 0.333867788 -0.48035872 -0.811041176
vn -0.905738711 -0.300601393 0.29879123
vn -0.493247539 -0.382002413 -0.781524837
vn -0.200446442 -0.946812391 -0.25172925
vn -0.961724699 -0.153344423 0.227092609
vn -0.212804615 -0.324546725 0.921620071
vn -0.278773487 -0.337760031 0.89900136
vn -0.98780489 0.0345338881 0.15181838
vn 0.651616991 -0.0436307006 0.75729233
vn -0.301947385 -0.207066715 0.93056488
vn -0.348628342 0.0201903917 0.937043548
vn 0.632272959 -0.181442499 0.753199577
vn 0.621265888 -0.197845384 0.758212328
vn 0.608708024 -0.200435102 0.767658949
vn 0.883730233 -0.448483825 0.13372764
vn 0.333867788 -0.48035872 -0.811041176
vn 0.974014819 -0.217991486 0.0614407212
vn 0.383881629 -0.203783125 -0.900614977
vn 0.998791039 -0.0111094639 -0.0478857532
vn 0.359789431 0.0362645686 -0.932328522
vn 0.996568322 0.0804581195 0.0194420964
vn 0.402039081 0.0522562191 -0.914130211
vn 0.648210049 0.126615584 0.750860989
vn 0.973272085 0.167239264 0.157392576
vn 0.33285585 -0.0633959621 -0.940844297
vn 0.262573928 -0.112770833 -0.958299398
vn -0.561765492 0.158892721 0.811894476
vn -0.758521378 0.330611825 -0.561552405
vn -0.344539344 -0.051096499 0.937380314
vn -0.741927683 0.277781546 -0.610230088
vn -0.56973511 0.260047227 0.77960068
vn -0.523950756 0.312101722 0.79250741
vn -0.108329318 -0.0897992998 -0.990050972
vn 0.810679853 -0.44578284 0.379573256
vn -0.0297101252 -0.254851818 -0.966523588
vn -0.822000563 0.247031525 -0.513118386
vn -0.0427190624 -0.310374379 -0.949653983
vn -0.498883903 0.333709836 0.799845397
vn -0.878260553 0.269402146 -0.395070732
vn -0.11790286 -0.342119694 -0.932230175
vn -0.88410908 0.27361849 -0.378792942
vn -0.471759409 0.351783544 0.808511853
vn -0.416470051 0.386994094 0.822671473
vn -0.89287436 0.270484149 -0.360018998
vn -0.180629224 -0.39659664 -0.900046766
vn -0.90153265 0.286623508 -0.324169368
vn -0.381223887 0.460317224 0.801733315
vn -0.315170377 -0.391560763 -0.864492774
vn -0.84318608 -0.465927362 -0.268232763
vn 0.0999744087 0.987954974 0.118110098
vn 0.384857923 -0.905940115 -0.176513255
vn 0.79762584 -0.257105023 0.545609772
vn 0.258829534 -0.963923275 -0.0621220358
vn 0.745525479 -0.401919633 0.531650603
vn 0.150165603 -0.93420577 0.323589176
vn -0.284922928 -0.906743109 -0.310863137
vn 0.738782942 -0.0302430429 0.673264503
vn 0.0999744087 0.987954974 0.118110098
vn -0.122487292 -0.878192425 0.462358147
vn -0.542116106 -0.829197764 -0.136166617
vn -0.387868196 -0.690864205 0.610135078
vn -0.788491964 -0.614217341 -0.0318980813
vn -0.705530047 -0.358731896 0.611178279
vn -0.963038683 -0.267566115 0.0310635138
vn -0.993030488 -0.111756623 -0.0374287181
vn 0.392750263 -0.449237764 0.802454114
vn 0.45680353 -0.549349725 0.699675262
vn -0.72469157 -0.217697129 0.653781295
vn -0.147606984 -0.345448434 0.926756442
vn 0.616160929 -0.526154816 0.586094558
vn 0.845883667 0.000244491355 0.533367336
vn 0.835623503 -0.167872593 0.523022115
vn 0.367991209 -0.417593807 0.83078146
vn -0.103339277 -0.281776756 0.953898787
vn 0.0689428896 -0.451875687 0.88941282
vn 0.332488596 -0.243678853 0.911082804
vn 0.392956346 -0.307361394 0.866668463
vn 0.729044676 -0.376166254 0.571832895
vn 0.761050522 -0.304361731 0.572857738
vn 0.476723522 -0.426547229 0.768630087
vn 0.67382884 -0.446452022 0.588757396
vn 0.746280789 -0.292578906 0.597881734
vn 0.985937297 -0.166540399 -0.0138540724
vn 0.723256707 -0.441539884 0.530982375
vn 0.638431847 -0.298735142 0.709339142
vn 0.588343382 -0.0325770229 0.807954669
vn 0.810679853 -0.44578284 0.379573256
vn 0.678197384 -0.483306199 0.553591311
vn 0.790060103 -0.584952533 0.183399752
vn 0.881118655 -0.463819563 0.0922024325
vn 0.847220123 -0.338032067 0.409819752
vn 0.697332263 -0.451852471 0.556378543
vn 0.823728323 -0.521575034 0.222331002
vn 0.734061062 -0.631223619 0.250421882
vn 0.936472297 -0.14136079 0.320993543
vn 0.875226736 -0.262355596 0.406383812
vn 0.893671572 -0.102753565 0.436798453
vn 0.822871447 -0.198016718 0.532608747
vn 0.672410786 -0.195126534 0.713995337
vn 0.867482901 -0.189344779 0.46002394
vn 0.924149871 -0.0935898274 0.370388865
vn 0.926479518 -0.0629593283 0.371041477
vn 0.915638745 -0.0832732245 0.393282622
vn 0.916454852 -0.0616579354 0.395359039
vn 0.890836298 -0.114472941 0.43966651
vn 0.954939961 -0.0444595516 0.293450236
vn 0.974929929 0.00398234325 0.222476646
vn 0.966344416 -0.00993354153 0.257059902
vn 0.988869667 0.138090983 0.0553859696
vn 0.99097389 0.131993234 0.0234175809
vn 0.975814521 0.214956701 -0.0397455432
vn 0.992588341 0.0698099285 0.0994737372
vn 0.989714205 0.122375488 -0.0740942582
vn 0.972828865 0.19156222 -0.130030289
vn 0.989920974 -0.0878839642 0.111053422
vn 0.93195498 -0.325831324 0.159040749
vn 0.985777676 -0.0564525016 -0.158289313
vn 0.95186311 0.117514521 -0.283102334
vn 0.897019506 -0.349404037 -0.270689607
vn 0.877742171 0.117444232 -0.46451655
vn 0.912503362 0.150491208 -0.380381227
vn 0.89381969 -0.066140905 -0.443521917
vn 0.801179647 -0.0810519233 -0.592909634
vn 0.684159458 -0.397181839 -0.611696362
vn 0.45657745 -0.423325777 -0.782516718
vn 0.762384892 -0.581866384 -0.283197403
vn 0.498041689 -0.561356783 -0.660933495
vn 0.232365012 -0.479574502 -0.846176505
vn 0.0769298524 -0.407626957 -0.909902215
vn 0.39948082 -0.629859328 -0.66610229
vn 0.0476831757 -0.546264827 -0.836254179
vn -0.00436488772 -0.498786122 -0.86671412
vn 0.67638725 -0.692919075 -0.249726728
vn 0.260884523 -0.574900925 -0.77551806
vn 0.682069838 -0.666708469 -0.300467223
vn 0.709718168 -0.496622533 -0.499666214
vn -0.447220504 -0.193249002 -0.873297632
vn -0.993030488 -0.111756623 -0.0374287181
vn 0.128223166 -0.323102057 -0.937637448
vn -0.551214218 -0.162667647 -0.818353295
vn -0.963038683 -0.267566115 0.0310635138
vn 0.656740546 -0.0290749352 -0.753555954
vn -0.0248202067 -0.0729436949 -0.997027218
vn -0.617693841 -0.260165066 -0.74213779
vn -0.788491964 -0.614217341 -0.0318980813
vn -0.161774397 0.151643753 -0.975106716
vn -0.548648119 -0.520507634 -0.654260576
vn -0.542116106 -0.829197764 -0.136166617
vn 0.311943442 0.563029945 -0.765303016
vn -0.307216913 0.214515045 -0.927146792
vn -0.384326279 -0.596982241 -0.704205573
vn -0.284922928 -0.906743109 -0.310863137
vn 0.957981348 0.286822498 -0.00210889126
vn 0.0702368021 0.790666282 -0.608205259
vn 0.811700404 0.551065147 0.193571091
vn -0.382689804 0.117988832 -0.916311681
vn -0.270402104 -0.547934473 -0.791612506
vn 0.258829534 -0.963923275 -0.0621220358
vn -0.157942787 -0.520199418 -0.839313209
vn 0.384857923 -0.905940115 -0.176513255
vn 0.699694455 0.641104043 0.315298885
vn -0.400570124 0.00527994428 -0.916250944
vn -0.0628623366 0.843831539 -0.532913268
vn -0.429684311 0.795826733 -0.426651329
vn 0.499349475 0.756234109 0.422800332
vn 0.787811041 0.0419911183 0.614483953
vn 0.397799045 -0.240596458 0.885363936
vn 0.933287442 -0.194633648 0.301814973
vn 0.563814461 -0.270860434 0.780222893
vn 0.477486014 -0.47205019 0.741063952
vn 0.920909703 -0.38730365 -0.0438319482
vn 0.575924754 -0.81709075 -0.0259499792
vn 0.101739779 -0.744797647 0.659488916
vn 0.226289466 -0.958356559 -0.174200416
vn -0.276584178 -0.80085355 0.531163454
vn 0.0440999679 -0.920983016 -0.3870987
vn -0.281163186 -0.320583344 0.904529452
vn -0.39033556 -0.336128443 0.857120633
vn -0.50500989 -0.396629363 0.766583502
vn -0.280777186 -0.340363443 0.897394538
vn 0.397799045 -0.240596458 0.885363936
vn -0.746120989 -0.277026623 0.605441749
vn -0.634557664 -0.435784787 0.638301075
vn -0.601320803 -0.350171477 0.718187571
vn -0.576079309 -0.365317047 0.731215477
vn -0.690635026 -0.413201332 0.593538344
vn -0.595111668 -0.418646604 0.685986221
vn -0.688984573 -0.443722159 0.573071361
vn -0.804907799 -0.49720186 0.323904157
vn -0.740776598 -0.6184389 0.262265921
vn -0.719474494 -0.608725309 0.334379882
vn -0.906965494 -0.32696408 0.265533745
vn -0.986132503 -0.0560183637 -0.156219855
vn -0.897301197 -0.349124342 -0.27011618
vn -0.947768152 0.108660601 -0.299880534
vn -0.893854082 -0.0661238134 -0.44345507
vn -0.877833247 0.117397897 -0.464355975
vn -0.884481847 0.206360251 -0.418458372
vn -0.801316261 -0.0809658468 -0.592736721
vn -0.685099661 -0.396825463 -0.610874832
vn -0.458615065 -0.423367292 -0.781301677
vn -0.764924765 -0.579188883 -0.281833887
vn -0.483881891 -0.552768826 -0.678457797
vn -0.235967755 -0.480394602 -0.844713032
vn -0.0740489811 -0.395587087 -0.915438533
vn -0.686240256 -0.686957717 -0.239089087
vn -0.350346565 -0.564567387 -0.747342646
vn -0.693429589 -0.680843711 -0.235811651
vn -0.301986963 -0.525790095 -0.795203567
vn -0.0345664434 -0.385947287 -0.921872973
vn 0.0314209163 -0.407231629 -0.912784278
vn 0.658104181 -0.0573528409 -0.750739336
vn 0.343386412 -0.218959168 -0.913314044
vn 0.79583323 -0.0789184794 -0.600351155
vn -0.737561703 -0.541913211 -0.402905345
vn -0.178335547 -0.352927566 -0.91849798
vn 0.582448721 -0.111067273 -0.805243909
vn 0.642283261 -0.235830888 -0.729284644
vn 0.920909703 -0.38730365 -0.0438319482
vn -0.016470544 -0.145700857 -0.989191592
vn 0.522730112 -0.500158489 -0.6903584
vn 0.575924754 -0.81709075 -0.0259499792
vn -0.82599169 -0.529578209 0.193092331
vn -0.698223591 -0.169176355 -0.695602834
vn -0.950556278 -0.287062943 0.118480437
vn 0.187258422 -0.0591077879 -0.980530739
vn 0.378385723 -0.494248956 -0.782650769
vn 0.226289466 -0.958356559 -0.174200416
vn -0.416980475 0.353303909 -0.837438762
vn 0.27351746 0.0382186212 -0.961107433
vn -0.795942545 -0.165582016 0.582286954
vn 0.323772699 -0.434620112 -0.840402603
vn 0.0440999679 -0.920983016 -0.3870987
vn -0.99450475 0.0982396081 0.0361850113
vn -0.254526168 0.58504796 -0.770022929
vn 0.288479805 0.126327008 -0.949115872
vn 0.250216573 -0.404071987 -0.87983948
vn -0.146631688 -0.880773067 -0.450264215
vn -0.517744243 -0.311638296 -0.7967574
vn 0.328639865 0.194271237 -0.924258888
vn -0.199984461 0.775672853 -0.598613203
vn -0.895576596 0.444351792 -0.0222250707
vn 0.0345610939 0.944070995 -0.327926159
vn -0.662670434 0.747488976 0.0461333804
vn -0.830229163 -0.0333210938 0.556425333
vn -0.38648656 0.90534848 0.175989345
vn -0.824811637 0.154470876 0.543897569
vn -0.586862564 -0.410841346 0.697711825
vn -0.678987026 0.434419066 0.591824889
vn -0.739785194 -0.357881516 0.569770634
vn -0.650377929 -0.644477427 0.40206638
vn -0.67104739 -0.383723855 0.634390473
vn -0.517635345 -0.736588776 0.435305238
vn -0.146631688 -0.880773067 -0.450264215
vn -0.517744243 -0.311638296 -0.7967574
vn -0.774890125 -0.0647210553 0.628773808
vn -0.998796821 -0.0325929411 0.0366415158
vn -0.977997005 0.0865393952 0.189823121
vn -0.89144963 0.206292912 0.403436154
vn -0.931964397 0.318456709 0.173285067
vn -0.831656337 0.49620378 -0.249258026
vn -0.856878459 0.462274194 0.228170812
vn -0.944608629 0.281087518 -0.169424146
vn -0.984438956 0.0589540564 0.165543109
vn -0.983945787 -0.0740225762 0.16239275
vn -0.949059844 0.169653341 -0.265524536
vn -0.969343126 -0.0743008628 0.234207645
vn -0.897057295 0.187334761 0.400242418
vn -0.865388334 0.340864062 0.367307365
vn -0.627244413 -0.0265746564 0.778369009
vn -0.689572036 -0.121062823 0.714026749
vn -0.968713224 -0.0254903063 0.246870264
vn -0.99414885 -0.105947785 0.0210498404
vn -0.99414885 -0.105947785 0.0210498404
vn -0.976660371 0.0536103435 -0.207991704
vn -0.968713224 -0.0254903063 0.246870264
vn -0.897057295 0.187334761 0.400242418
vn -0.942931592 0.289934903 -0.163761258
vn -0.898643672 0.429756373 0.0880274177
vn -0.865388334 0.340864062 0.367307365
vn -0.865127265 0.439285874 0.242038816
vn -0.983945787 -0.0740225762 0.16239275
vn -0.809180796 -0.26143989 0.526189744
vn -0.969343126 -0.0743008628 0.234207645
vn -0.718413949 -0.427659512 0.548624456
vn -0.793909788 -0.311549067 0.522153556
vn -0.570958555 -0.491746992 0.657412589
vn -0.546998799 -0.459296435 0.69988519
vn -0.775904834 -0.203469723 0.597136319
vn -0.492841244 -0.0346398316 0.86942941
vn -0.734929681 0.152779177 0.660709381
vn -0.536304593 0.291585028 0.792057812
vn -0.740211427 0.41394335 0.529847085
vn -0.650515437 0.406121612 0.64179039
vn -0.781903505 0.464939177 0.415281147
vn -0.783230841 0.132188722 0.607515991
vn -0.868054986 0.345885903 0.356150985
vn -0.693011522 0.253119826 0.675029874
vn -0.499230087 0.0165166277 0.866311967
vn -0.716035128 -0.211765051 0.665168583
vn -0.434528679 -0.303273827 0.848062456
vn -0.448411733 -0.583964765 0.676691949
vn -0.770768464 -0.307069808 0.558232903
vn -0.299826771 -0.741540134 0.600185037
vn -0.580933988 -0.512102842 0.632666051
vn -0.989625752 -0.143156275 -0.0121356202
vn -0.709476113 -0.463155746 0.53115952
vn -0.934703827 0.0550013408 -0.351146042
vn -0.916930437 0.276109248 -0.288101107
vn -0.970696628 0.239812866 -0.0154213505
vn -0.932447553 0.218108088 -0.288045913
vn -0.797330856 0.25171572 -0.548546016
vn -0.750252843 0.0381203108 -0.660051107
vn -0.923534513 0.0416388251 -0.381248266
vn -0.915589809 -0.1115904 -0.386319757
vn -0.656418085 -0.180547953 -0.732473731
vn -0.655127048 -0.153741628 -0.739710808
vn -0.900610745 -0.149342731 -0.40816316
vn -0.617956042 -0.0142574608 0.786083341
vn -0.796233773 0.463404357 0.388932049
vn -0.440610111 0.166511342 0.88212049
vn -0.320337504 -0.19534722 0.926943004
vn -0.520707965 -0.491770536 0.697871745
vn -0.285404086 -0.563347757 0.775360465
vn -0.381018549 -0.668467939 0.638729572
vn -0.46914351 -0.685756266 0.556455493
vn -0.782286882 -0.578384161 0.231298268
vn -0.463617742 -0.579116821 0.670583487
vn -0.585963666 -0.550591111 0.594555318
vn -0.947096527 0.178195789 0.266935527
vn -0.910438895 0.384043902 -0.15365991
vn -0.871897042 0.489654601 0.00582145108
vn -0.99062866 0.0941856503 0.0989133194
vn -0.886250675 0.263855845 -0.380709827
vn -0.989625752 -0.143156275 -0.0121356202
vn -0.765650928 0.202765599 -0.610462666
vn -0.934703827 0.0550013408 -0.351146042
vn -0.790519655 0.456961066 -0.407756299
vn -0.903922737 0.424931616 0.0485469066
vn -0.817841768 0.391134083 -0.42207706
vn -0.60826546 0.39320007 -0.68949759
vn -0.720191598 0.16353102 -0.674226701
vn -0.492546409 0.174223319 -0.852668941
vn -0.595841348 -0.148046851 -0.78933847
vn -0.648775101 -0.274426699 -0.709775209
vn -0.785179615 -0.31885764 -0.530869842
vn -0.760413349 -0.289682537 -0.581253469
vn -0.923221648 -0.379788041 0.058503557
vn -0.46914351 -0.685756266 0.556455493
vn -0.782286882 -0.578384161 0.231298268
vn -0.520707965 -0.491770536 0.697871745
vn -0.986642241 -0.0979870856 0.130136549
vn -0.617956042 -0.0142574608 0.786083341
vn -0.938592434 0.344959676 0.00685556978
vn -0.887957752 0.45405972 0.0732173771
vn -0.796233773 0.463404357 0.388932049
vn -0.595841348 -0.148046851 -0.78933847
vn -0.979435682 -0.201672703 -0.00581828644
vn -0.785179615 -0.31885764 -0.530869842
vn -0.99931407 -0.0313992091 0.0196339563
vn -0.720191598 0.16353102 -0.674226701
vn -0.978535593 0.158270046 0.131979644
vn -0.817841768 0.391134083 -0.42207706
vn -0.933011949 0.346381515 0.0975114927
vn -0.903922737 0.424931616 0.0485469066
vn -0.585963666 -0.550591111 0.594555318
vn -0.912032545 -0.35346806 -0.207983151
vn -0.782286882 -0.578384161 0.231298268
vn -0.923221648 -0.379788041 0.058503557
vn -0.927381694 -0.136521503 -0.348317504
vn -0.986642241 -0.0979870856 0.130136549
vn -0.893415451 0.206013188 -0.399208426
vn -0.938592434 0.344959676 0.00685556978
vn -0.887957752 0.45405972 0.0732173771
vn -0.95709759 -0.0452725664 0.286207438
vn -0.979435682 -0.201672703 -0.00581828644
vn -0.99931407 -0.0313992091 0.0196339563
vn -0.978535593 0.158270046 0.131979644
vn -0.933011949 0.346381515 0.0975114927
vn -0.770768464 -0.307069808 0.558232903
vn -0.989625752 -0.143156275 -0.0121356202
vn -0.99062866 0.0941856503 0.0989133194
vn -0.947096527 0.178195789 0.266935527
vn -0.716035128 -0.211765051 0.665168583
vn -0.783230841 0.132188722 0.607515991
vn -0.868054986 0.345885903 0.356150985
vn -0.871897042 0.489654601 0.00582145108
vn -0.900610745 -0.149342731 -0.40816316
vn -0.915589809 -0.1115904 -0.386319757
vn -0.998796821 -0.0325929411 0.0366415158
vn -0.923534513 0.0416388251 -0.381248266
vn -0.977997005 0.0865393952 0.189823121
vn -0.932447553 0.218108088 -0.288045913
vn -0.970696628 0.239812866 -0.0154213505
vn -0.89144963 0.206292912 0.403436154
vn -0.976660371 0.0536103435 -0.207991704
vn -0.99414885 -0.105947785 0.0210498404
vn -0.967115521 -0.0768445432 -0.242450818
vn -0.748414576 0.0443064049 -0.661749542
vn -0.942931592 0.289934903 -0.163761258
vn -0.70688659 0.277043194 -0.650813818
vn -0.83108288 0.505837619 -0.231148258
vn -0.898643672 0.429756373 0.0880274177
vn -0.852760196 0.521284223 0.0326001123
vn -0.865127265 0.439285874 0.242038816
vn -0.793909788 -0.311549067 0.522153556
vn -0.983945787 -0.0740225762 0.16239275
vn -0.984438956 0.0589540564 0.165543109
vn -0.775904834 -0.203469723 0.597136319
vn -0.931964397 0.318456709 0.173285067
vn -0.734929681 0.152779177 0.660709381
vn -0.740211427 0.41394335 0.529847085
vn -0.856878459 0.462274194 0.228170812
vn -0.781903505 0.464939177 0.415281147
vn -0.337753236 0.201770455 0.919353783
vn -0.505684257 0.00166872365 0.862716973
vn -0.673621237 0.0157066658 0.738909781
vn -0.776929736 -0.00491855666 0.629568219
vn -0.651750088 -0.0385238007 0.757454813
vn -0.819226086 -0.0976542979 0.565094829
vn -0.637648046 -0.229146853 0.735456765
vn -0.835175931 -0.239446014 0.495122969
vn -0.712603331 -0.297809005 0.635221422
vn -0.830570281 -0.33714056 0.443271101
vn -0.680800915 -0.447215647 0.580093324
vn -0.711630881 -0.503414929 0.490056008
vn -0.807817042 -0.462388903 0.3655518
vn -0.873814583 -0.4240188 0.238025397
vn -0.737407804 -0.622314095 0.262592882
vn -0.72818172 -0.670306265 0.142971918
vn -0.463257432 -0.733931541 0.496726274
vn -0.651455939 -0.668527305 0.358714998
vn -0.473015159 -0.627407134 0.618560314
vn -0.629841506 -0.626389503 0.4592776
vn -0.612073421 -0.549656332 0.56854558
vn -0.530077815 0.1373934 0.83674407
vn -0.337753236 0.201770455 0.919353783
vn -0.673621237 0.0157066658 0.738909781
vn -0.881933808 0.119117431 0.456074327
vn -0.527260482 0.227555722 0.818666518
vn -0.930016339 0.0860582292 0.357300311
vn -0.814124107 0.319223553 0.485075414
vn -0.549849927 0.197216272 0.811646938
vn -0.487321615 0.199582443 0.850108504
vn -0.687893152 0.449289799 0.57003659
vn -0.217182472 0.136824399 0.966494083
vn -0.959889948 0.0942710936 0.264053583
vn -0.92284596 0.10300529 0.371140271
vn -0.877238929 0.243103877 0.413947254
vn -0.764905035 0.494842857 0.412372202
vn -0.873330832 0.41332382 0.257791877
vn -0.977954268 0.154792696 0.140159115
vn -0.886684 -0.0122224167 0.462214321
vn -0.93352747 -0.0615433864 0.353183746
vn -0.951113045 -0.0322598778 0.307153344
vn -0.968216121 0.162244156 0.190353319
vn -0.95681721 0.0652129352 0.283280879
vn -0.979543865 -0.0190466326 0.200327113
vn -0.951611221 0.283722579 0.118057504
vn -0.993103683 0.027743414 0.113909371
vn -0.951291382 -0.0880289748 0.295458436
vn -0.9780792 -0.113077193 0.174855992
vn -0.217182472 0.136824399 0.966494083
vn -0.0974572971 -0.0302153509 0.994780838
vn -0.487321615 0.199582443 0.850108504
vn -0.549849927 0.197216272 0.811646938
vn -0.527260482 0.227555722 0.818666518
vn -0.248192802 0.239852101 0.938547492
vn -0.530077815 0.1373934 0.83674407
vn -0.337753236 0.201770455 0.919353783
vn 0.828275859 0.139996678 0.542549491
vn 0.397655427 0.250012457 0.882815957
vn 0.703581274 0.247642696 0.666067898
vn 0.878524899 0.198682949 0.434418052
vn 0.776340306 0.331964672 0.535812557
vn 0.483741343 0.240651369 0.841475606
vn 0.865086675 -0.0194930974 0.501243532
vn 0.951741993 0.0547092296 0.301983505
vn 0.931860685 0.116133958 0.343727589
vn 0.960198402 0.0366834439 0.276899576
vn 0.865853906 0.0757648647 0.494526774
vn 0.978569388 0.00395333162 0.205879509
vn 0.86830771 -0.00750747602 0.495969146
vn 0.802693427 -0.277730852 0.527777255
vn 0.984802544 -0.112481222 0.132332906
vn 0.969585001 -0.112941511 0.217138365
vn 0.867896199 -0.293818772 0.40053302
vn 0.861232102 -0.349520773 0.368937045
vn 0.925036132 -0.327735126 0.192087889
vn 0.95889926 -0.241645217 0.148727581
vn 0.844675362 -0.486465663 0.223326355
vn 0.74354744 -0.612199068 0.268978745
vn 0.839416981 -0.475402445 0.26338473
vn 0.703581274 0.247642696 0.666067898
vn 0.0342405625 -0.0650472268 0.997294486
vn 0.483741343 0.240651369 0.841475606
vn 0.282162488 0.350141585 0.893188238
vn 0.397655427 0.250012457 0.882815957
vn -0.9780792 -0.113077193 0.174855992
vn -0.951291382 -0.0880289748 0.295458436
vn -0.956599772 -0.160634279 0.243132666
vn -0.973182142 -0.119826943 0.196361914
vn -0.913705051 -0.336106926 0.228419214
vn -0.95904696 -0.138211861 0.247237608
vn -0.917523265 -0.331076235 0.220316812
vn -0.827058673 -0.514134347 0.227243856
vn -0.823996723 -0.501168191 0.264310122
vn -0.758065879 -0.528668642 0.381897271
vn -0.823996723 -0.501168191 0.264310122
vn -0.778357148 -0.523585081 0.346437186
vn -0.607177794 -0.388387799 0.693173945
vn -0.649666131 -0.316789985 0.691070259
vn 0.135354906 0.152906612 0.978927255
vn -0.673621237 0.0157066658 0.738909781
vn -0.776929736 -0.00491855666 0.629568219
vn -0.930016339 0.0860582292 0.357300311
vn -0.95681721 0.0652129352 0.283280879
vn -0.819226086 -0.0976542979 0.565094829
vn -0.951291382 -0.0880289748 0.295458436
vn -0.835175931 -0.239446014 0.495122969
vn -0.956599772 -0.160634279 0.243132666
vn -0.830570281 -0.33714056 0.443271101
vn -0.913705051 -0.336106926 0.228419214
vn -0.807817042 -0.462388903 0.3655518
vn -0.737407804 -0.622314095 0.262592882
vn -0.827058673 -0.514134347 0.227243856
vn -0.651455939 -0.668527305 0.358714998
vn -0.758065879 -0.528668642 0.381897271
vn -0.629841506 -0.626389503 0.4592776
vn -0.607177794 -0.388387799 0.693173945
vn -0.612073421 -0.549656332 0.56854558
vn 0.591432989 -0.491212606 0.639466345
vn 0.391898125 -0.690453589 0.60802114
vn 0.77070719 -0.439939201 0.460938096
vn 0.861232102 -0.349520773 0.368937045
vn 0.867896199 -0.293818772 0.40053302
vn 0.654153049 -0.294055879 0.69686079
vn 0.802693427 -0.277730852 0.527777255
vn 0.86830771 -0.00750747602 0.495969146
vn 0.638367176 -0.166445106 0.751520693
vn 0.620288312 -0.0972236395 0.778325081
vn 0.865853906 0.0757648647 0.494526774
vn 0.546720684 0.0750803649 0.833942235
vn 0.828275859 0.139996678 0.542549491
vn 0.397655427 0.250012457 0.882815957
vn 0.861232102 -0.349520773 0.368937045
vn 0.861891866 -0.466716468 0.19828786
vn 0.391898125 -0.690453589 0.60802114
vn 0.925036132 -0.327735126 0.192087889
vn 0.74354744 -0.612199068 0.268978745
vn 0.728181362 -0.670306504 0.14297235
vn 0.463254422 -0.733927488 0.496735007
vn 0.651454508 -0.668525636 0.358720809
vn 0.473010987 -0.627401054 0.618569791
vn 0.629838943 -0.626386523 0.45928517
vn 0.612070203 -0.549653471 0.568551838
vn -0.996917963 0.0768078193 0.0159734152
vn -0.989493608 -0.083453849 0.118058309
vn -0.873814583 -0.4240188 0.238025397
vn -0.976065576 -0.150696844 0.156800732
vn -0.984941423 -0.08268556 0.151833624
vn -0.98675251 -0.107897252 0.121150918
vn -0.991183281 -0.032633055 0.128416136
vn -0.982204735 -0.168822452 -0.0822977796
vn -0.72818172 -0.670306265 0.142971918
vn -0.982204735 -0.168822452 -0.0822977796
vn -0.912952185 -0.370607853 -0.170786962
vn -0.72818172 -0.670306265 0.142971918
vn -0.90804559 -0.39422217 -0.141569763
vn -0.915639579 -0.349566072 0.19851388
vn -0.915375054 -0.378424346 0.137417316
vn -0.890616953 -0.410269171 0.196165055
vn -0.982204735 -0.168822452 -0.0822977796
vn -0.930752993 -0.290567368 0.221967161
vn -0.858999729 -0.300180912 0.414742053
vn -0.915639579 -0.349566072 0.19851388
vn -0.915375054 -0.378424346 0.137417316
vn -0.982204735 -0.168822452 -0.0822977796
vn -0.884936988 -0.361089349 0.294110596
vn -0.930752993 -0.290567368 0.221967161
vn -0.976961315 -0.116006538 0.179134652
vn -0.612073421 -0.549656332 0.56854558
vn 0.0835933909 0.0957391262 0.991890192
vn -0.607177794 -0.388387799 0.693173945
vn 0.135354906 0.152906612 0.978927255
vn 0.982204854 -0.168822423 -0.0822958872
vn 0.728181362 -0.670306504 0.14297235
vn 0.912952185 -0.370607972 -0.170786962
vn 0.908045888 -0.394222319 -0.141567618
vn 0.915639877 -0.3495664 0.198511943
vn 0.915374875 -0.378424287 0.137418434
vn 0.890616417 -0.410268188 0.196169749
vn 0.930751562 -0.290566891 0.221974015
vn 0.982204854 -0.168822423 -0.0822958872
vn 0.859001815 -0.300181448 0.414737284
vn 0.915639877 -0.3495664 0.198511943
vn 0.915374875 -0.378424287 0.137418434
vn 0.982204854 -0.168822423 -0.0822958872
vn 0.930751562 -0.290566891 0.221974015
vn 0.884934962 -0.361089706 0.294116378
vn 0.976960182 -0.116006762 0.179140538
vn 0.7639727 -0.522304952 0.378870994
vn 0.844675362 -0.486465663 0.223326355
vn 0.839416981 -0.475402445 0.26338473
vn 0.7883178 -0.513954163 0.338239878
vn 0.607174635 -0.388385564 0.693177879
vn 0.64966327 -0.316788346 0.691073656
vn -0.13508141 0.155708417 0.978523254
vn 0.612070203 -0.549653471 0.568551838
vn 0.607174635 -0.388385564 0.693177879
vn -0.0867512077 0.103195585 0.990870774
vn -0.13508141 0.155708417 0.978523254
vn 0.651454508 -0.668525636 0.358720809
vn 0.74354744 -0.612199068 0.268978745
vn 0.844675362 -0.486465663 0.223326355
vn 0.7639727 -0.522304952 0.378870994
vn 0.629838943 -0.626386523 0.45928517
vn 0.607174635 -0.388385564 0.693177879
vn 0.612070203 -0.549653471 0.568551838
vn 0.703460693 0.529274225 0.474353999
vn 0.774292707 0.408852577 0.483022243
vn 0.795453131 0.429845244 0.427185416
vn 0.562422276 0.482991219 0.671118975
vn 0.460910141 0.413553178 0.785197794
vn 0.630475521 0.365428478 0.684808552
vn 0.104628667 0.144948259 0.983891666
vn 0.0230257977 0.0521491319 0.998373747
vn 0.822466791 0.286785901 0.491225243
vn 0.83587414 0.276395619 0.474257141
vn 0.848057747 0.184976265 0.4965702
vn 0.644171417 0.23414664 0.728161097
vn 0.851370513 0.181077465 0.492320359
vn 0.820382416 0.0837770775 0.56564486
vn 0.630678236 0.135300905 0.764158785
vn -0.0655176342 0.0040928456 0.997843027
vn 0.83000201 0.0464807153 0.555820346
vn 0.641589999 0.0178823099 0.766839325
vn -0.123599716 -0.0235916022 0.992051601
vn -0.139667064 0.00771204755 0.990168571
vn 0.760140181 -0.0267024972 0.649210215
vn 0.746708691 0.0334867649 0.664307773
vn 0.574033916 -0.0282525159 0.818343937
vn 0.050973054 0.0426080227 0.997790694
vn 0.401875317 -0.00955302455 0.915644526
vn 0.0603092685 0.0600722879 0.996370435
vn 0.616675913 -0.0156572964 0.787061453
vn 0.556260049 0.100080997 0.824959815
vn 0.357530266 0.186119258 0.91516757
vn 0.452919692 0.0553227514 0.889833212
vn 0.185089365 0.224902108 0.956640482
vn 0.289807022 0.0415130481 0.956184447
vn -0.0250409804 0.100895785 0.994581759
vn 0.136355445 0.0938073248 0.986208558
vn -0.10077554 0.139102429 0.985136986
vn 0.256131232 0.121062092 0.959031165
vn 0.0458553806 0.2066084 0.977348566
vn 0.0448748171 0.159171522 0.986230552
vn -0.111134447 0.205064088 0.972418487
vn -0.0258943737 0.153417543 0.987822115
vn 0.0909193605 0.167708397 0.981635213
vn -0.0993770808 0.266858071 0.958598495
vn -0.906247675 0.405913919 0.118105695
vn 0.19141835 0.162153766 0.968021274
vn 0.292207181 0.185859919 0.938121021
vn -0.872689188 0.467483848 0.140969843
vn -0.877097487 0.478331625 0.0435748249
vn 0.711846709 -0.370169133 0.596865952
vn 0.707333565 -0.657192588 0.26034078
vn -0.751258254 -0.0298036281 -0.659335196
vn 0.798562944 -0.585217178 0.140777305
vn 0.155240804 -0.678553522 -0.717959225
vn 0.74985975 -0.654891312 0.0939559788
vn -0.108022042 -0.623200119 -0.774566293
vn -0.792757869 -0.568093359 -0.220918104
vn 0.378628492 0.172744825 0.909285188
vn -0.23168917 0.906924307 0.351864308
vn -0.0774004012 0.960143566 0.268576831
vn -0.151844054 0.905725718 0.395732671
vn -0.290683061 0.845099568 0.44867605
vn -0.247205228 0.809394956 0.532700241
vn -0.105631799 0.938154519 0.329708785
vn -0.0249579009 0.968272328 0.248647884
vn -0.0393748879 0.95310837 0.300056815
vn 0.134889275 0.964318633 0.227803692
vn -0.434282452 0.737039268 0.517853081
vn -0.297823697 0.742160678 0.600415409
vn -0.111691363 0.885000288 0.451995105
vn -0.252348393 0.637686431 0.727788687
vn -0.224741831 0.756021738 0.614753783
vn -0.0763373598 0.80630362 0.586555243
vn 0.137169197 0.952233553 0.272829652
vn 0.130033538 0.873372197 0.469374388
vn 0.320366353 0.925537705 0.201854721
vn -0.0216624346 0.887388706 0.460512638
vn 0.323763788 0.911195815 0.2547535
vn 0.401948869 0.888188958 0.222615287
vn 0.36899519 0.881381094 0.294974327
vn 0.46333459 0.874005616 0.146407828
vn 0.0831480175 0.819316983 0.567279577
vn -0.0611790828 0.674911976 0.735357642
vn -0.114271455 0.519878685 0.846562564
vn -0.100273319 0.376006156 0.921175659
vn -0.52366823 0.297448754 0.798308134
vn -0.0317497849 0.219671354 0.975057185
vn -0.573773384 0.138033658 0.807298481
vn 0.371903002 0.394963861 0.840054631
vn 0.125368625 0.529448509 0.839027405
vn 0.532222092 0.247330636 0.809671044
vn 0.593015194 0.171846583 0.786639512
vn 0.237041697 0.33842802 0.910646796
vn 0.0544784293 0.0738807246 0.995777965
vn -0.571518958 -0.0679878369 0.81776756
vn 0.652092934 0.108246066 0.750371635
vn 0.138125286 -0.0772775188 0.987395406
vn -0.533110678 -0.323643178 0.781695604
vn 0.727096915 0.0650467277 0.683446407
vn 0.269025385 -0.202865422 0.941525817
vn -0.44891268 -0.510651112 0.733289123
vn 0.354064345 -0.289322495 0.889343023
vn 0.83336544 0.122018836 0.539085746
vn -0.353912085 -0.67312634 0.649343669
vn 0.400701851 -0.371636331 0.83745122
vn 0.84503752 0.196358636 0.497347921
vn -0.321857095 -0.759563565 0.565217853
vn 0.349885076 -0.511421621 0.784874737
vn 0.831797659 0.265318692 0.487563938
vn -0.274845779 -0.783709228 0.557009578
vn 0.318724841 -0.459370673 0.829091787
vn 0.114128068 0.692278504 0.712548494
vn 0.233139053 0.565214574 0.791314483
vn 0.236546859 0.712816596 0.660256088
vn 0.225662127 0.350584924 0.908937097
vn 0.227296695 0.81581372 0.53177458
vn 0.330468059 0.838055074 0.434113532
vn 0.296788841 0.727352619 0.618768573
vn 0.328961462 0.59019804 0.737190962
vn 0.387313396 0.880441427 0.273516536
vn 0.375783503 0.747143865 0.548236012
vn 0.505485415 0.7693578 0.390606016
vn 0.693011165 0.720232964 0.031623628
vn 0.783570111 0.613212049 0.0999434739
vn 0.633962035 0.650233686 0.418674558
vn 0.443696201 0.62171787 0.645446122
vn 0.74732846 0.495368421 0.442843497
vn 0.488691062 0.437865674 0.754622161
vn 0.812774897 0.3383286 0.474268645
vn 0.355860472 0.389585018 0.849462628
vn 0.477590173 0.238365859 0.845629573
vn 0.362608612 0.199835271 0.910264194
vn 0.362608612 0.199835271 0.910264194
vn 0.435826868 0.0513558313 0.898564219
vn 0.853507042 0.199990571 0.481175035
vn 0.135180786 -0.0341129676 0.990233541
vn 0.860048354 0.116099574 0.496827692
vn 0.265872538 0.190210089 0.945056498
vn 0.626557231 0.155894056 0.763625026
vn -0.0929471701 0.104459979 0.990176141
vn 0.358768433 -0.092154555 0.928866386
vn 0.103294589 -0.163542345 0.981113732
vn 0.827500284 0.0157940928 0.561243117
vn 0.0713165924 -0.261915594 0.962452173
vn 0.286632985 0.0428477228 0.957081854
vn 0.730042756 0.0843584388 0.678174913
vn -0.199674964 -0.114983805 0.973092377
vn 0.323891014 -0.105854489 0.940153897
vn -0.280895323 -0.329097152 0.901550293
vn 0.817793131 0.0306383986 0.574696064
vn 0.401340485 -0.213087708 0.890797019
vn -0.306486756 -0.472594619 0.826268852
vn 0.421493977 -0.352956891 0.835322797
vn 0.879670203 -0.00699440343 0.47553277
vn -0.264643222 -0.621729851 0.737167537
vn 0.88392216 -0.0215034746 0.467139274
vn 0.422871947 -0.380550146 0.822411656
vn -0.172995269 -0.668929935 0.722914517
vn 0.543732345 -0.49360314 0.678757071
vn 0.311744362 -0.191608056 0.930645943
vn 0.364040494 -0.276021242 0.889542937
vn 0.840462387 -0.0612816364 0.538393497
vn 0.00653245673 -0.451872349 0.892058611
vn 0.38839069 -0.404340237 0.828046918
vn 0.863161802 -0.133428633 0.486979008
vn -0.090378359 -0.646265149 0.757742167
vn 0.600853324 -0.41708681 0.681919336
vn -0.137185112 -0.677672684 0.722454131
vn -0.194249019 0.318035275 -0.927966058
vn -0.497955769 0.327813298 -0.802856386
vn -0.194514319 0.424363822 -0.884352624
vn -0.1636374 0.421319932 -0.89202702
vn -0.235282913 0.582376599 -0.778125584
vn -0.16317977 0.570416927 -0.804982543
vn -0.171534181 0.710831106 -0.682125509
vn -0.501532972 0.425281882 -0.753392339
vn -0.618483722 0.343408197 -0.706787527
vn -0.300188631 0.723423064 -0.621728063
vn -0.486932307 0.583149016 -0.650257051
vn -0.636335909 0.411363691 -0.652576983
vn -0.342057765 0.842737079 -0.415681213
vn -0.18937014 0.872107029 -0.451185614
vn -0.028005017 0.305568576 -0.951758146
vn -0.0516334176 0.341052979 -0.938624978
vn 0.151272178 0.249770522 -0.956415892
vn -0.463426411 0.196885705 -0.863986135
vn 0.409277916 0.214517474 -0.886833549
vn 0.872870922 0.115798794 -0.47401166
vn 0.56443435 0.156902567 -0.810429156
vn 0.77406472 -0.0508267097 0.631063104
vn 0.622407794 0.0991024151 -0.776393771
vn -0.275814474 -0.108150609 -0.955107152
vn 0.718322337 0.141500086 0.681168616
vn 0.625953019 -0.0387525596 -0.778897226
vn 0.67384541 0.562172353 0.479473174
vn 0.406086385 0.680198252 0.610265613
vn -0.364941359 0.111792423 -0.924294472
vn -0.411533117 0.245971158 -0.877575457
vn -0.429728419 0.307367146 -0.849034071
vn -0.561993957 0.100517564 -0.821010947
vn -0.458151907 0.337892234 -0.822146952
vn -0.580420911 0.243271366 -0.77712965
vn -0.561168909 0.310642272 -0.767196774
vn -0.991859615 0.0895089209 0.0905689374
vn -0.562328577 0.337446809 -0.754927933
vn -0.909982502 -0.0163389966 -0.414324641
vn -0.597076952 0.370702803 -0.711391926
vn -0.594605386 -0.181911379 -0.783168435
vn -0.877618432 -0.336988419 -0.340917349
vn -0.644001961 -0.701505244 -0.305208147
vn -0.774194956 -0.603204668 0.191745847
vn -0.390701175 -0.678395033 -0.622200072
vn -0.318752736 -0.906357229 -0.277332544
vn -0.715952098 -0.553978682 0.424876839
vn -0.0502980128 -0.472954512 -0.879649997
vn 0.0373310521 -0.854494631 -0.518116951
vn -0.136816859 -0.867079735 -0.479013354
vn 0.014999087 -0.902370155 -0.430700839
vn -0.200856388 -0.940468669 -0.274181306
vn -0.573495924 -0.677348971 0.4607611
vn 0.969882071 -0.170062244 0.174378097
vn 0.625251293 -0.181262508 -0.759081483
vn -0.206929564 -0.804894507 -0.556169868
vn 0.591288805 -0.0887446627 -0.80156219
vn 0.292691857 0.705700874 0.645226896
vn 0.226621464 0.214578867 0.950051904
vn -0.442078441 0.36981082 -0.817194283
vn -0.400426477 0.425189018 -0.81170994
vn -0.0464478396 0.38130641 -0.923281074
vn -0.624914408 0.572840214 -0.530411243
vn -0.482271761 0.707787633 -0.516188443
vn -0.487700522 0.818052173 -0.304858714
vn -0.559090137 0.744944334 -0.363972723
vn -0.624527216 0.686628938 -0.372164577
vn -0.463116527 0.838239312 -0.287885219
vn -0.631690204 0.754662991 -0.177344948
vn -0.361507684 0.919332981 -0.155367434
vn -0.377548486 0.913707614 -0.150317878
vn -0.247778997 0.954253852 -0.167347595
vn -0.237047672 0.969824076 -0.0570061393
vn -0.283582717 0.957589209 -0.0510267727
vn -0.0185461864 0.89150542 -0.452630132
vn -0.171534181 0.710831106 -0.682125509
vn -0.0896282345 0.982096195 -0.165691659
vn -0.113241136 0.992986381 -0.0339784659
vn -0.121624686 0.991140306 -0.0533695184
vn -0.101053998 0.994352221 -0.0324311703
vn 0.0175404549 0.982305586 -0.186461732
vn 0.116288692 0.855063856 -0.505314529
vn 0.0076902532 0.7273736 -0.686198533
vn 0.123864345 0.726635456 -0.675765157
vn -0.0438971668 0.599223197 -0.79937762
vn -0.16317977 0.570416927 -0.804982543
vn -0.1636374 0.421319932 -0.89202702
vn 0.0933343172 0.616052032 -0.782156408
vn 0.210480645 0.565561712 -0.797394454
vn 0.335954398 0.427719682 -0.839160621
vn -0.131045461 0.453708291 -0.881462395
vn 0.0627502576 0.4580158 -0.886726499
vn -0.44015044 0.333184779 -0.833819866
vn -0.962754846 0.0956301093 -0.25289911
vn -0.962031186 0.0917285159 -0.257063866
vn 0.0684419125 0.356728196 -0.931697667
vn 0.437666476 0.289673775 -0.851197541
vn -0.166491941 0.363405377 -0.916633487
vn -0.537934422 0.285901666 -0.793023944
vn 0.141433269 0.300282151 -0.943306506
vn 0.550570667 0.19306992 -0.812155008
vn 0.714240134 0.101739101 -0.692466736
vn -0.16517055 0.327113211 -0.930438459
vn -0.64479959 0.273292273 -0.713824153
vn -0.958983362 0.131444708 -0.251143605
vn 0.282906443 0.264455378 -0.921969235
vn 0.931251705 -0.096489884 -0.351368725
vn -0.163338766 0.323330522 -0.932082474
vn -0.695031941 0.31295374 -0.647294879
vn -0.975939155 0.17392616 -0.131500706
vn 0.435774535 0.196964473 -0.878240049
vn 0.962956309 -0.25519824 -0.0871152878
vn -0.145215198 0.331694067 -0.932143569
vn -0.702297091 0.346796334 -0.621700168
vn -0.981134772 0.190227941 0.0344654135
vn 0.495241284 0.104744747 -0.862417936
vn 0.931280613 -0.338673443 -0.134226575
vn -0.141962305 0.301178396 -0.942941248
vn -0.134660557 0.138714448 -0.981134415
vn -0.720531464 0.284695059 -0.632284045
vn -0.967131674 0.254124522 0.0087729739
vn 0.50728935 -0.082114242 -0.857854724
vn 0.837535322 -0.536004305 -0.105990537
vn -0.789728761 0.111217968 -0.603290081
vn -0.946158588 0.322639883 0.0262183249
vn 0.41330409 -0.452317417 -0.79030925
vn 0.746350706 -0.665548146 -0.00250238762
vn -0.834576607 0.0363558419 -0.549690962
vn -0.919952273 0.386171013 0.0675264746
vn 0.339214474 -0.0226540081 0.940436184
vn -0.227036521 -0.204950586 -0.952076495
vn -0.3431032 -0.386976689 -0.855879188
vn 0.26318568 -0.645544708 -0.716941655
vn -0.00581221888 -0.770251513 -0.63771373
vn 0.231938869 -0.824289322 -0.51647979
vn -0.0858930424 -0.743656039 -0.663021982
vn 0.565380633 -0.806333363 -0.173698604
vn 0.0454832949 -0.885680616 -0.462061703
vn -0.0896170512 -0.843643486 -0.529371798
vn 0.613038778 -0.76887846 -0.181684524
vn 0.0900848582 -0.888054371 -0.450825959
vn -0.137188926 -0.857900381 -0.495162904
vn -0.458688498 -0.747242212 -0.480868012
vn 0.0509657748 -0.867121398 -0.495482415
vn 0.661611378 -0.731937468 -0.16290459
vn 0.0863299817 -0.752593279 -0.65280211
vn 0.709315658 -0.654274344 -0.262290686
vn -0.653402925 -0.533219337 -0.537347138
vn 0.735618293 -0.487167031 -0.470673978
vn 0.238872752 -0.471045971 -0.849149883
vn -0.678218126 -0.320709616 -0.661184907
vn 0.256792605 -0.888779283 0.379643351
vn -0.665875554 0.517496467 -0.537407875
vn -0.734836936 0.467850596 -0.491050422
vn -0.628474414 0.531825483 -0.567610502
vn -0.740570247 0.383302033 -0.55193764
vn -0.688123882 0.358329594 -0.630940139
vn -0.747335494 0.332201332 -0.575440586
vn -0.17829743 0.257454723 -0.949698508
vn -0.815541863 0.520722806 -0.252466381
vn -0.734836936 0.467850596 -0.491050422
vn -0.847812533 0.429736435 -0.310709685
vn -0.740570247 0.383302033 -0.55193764
vn -0.596417189 0.325669914 -0.733638585
vn -0.890178502 0.300939947 -0.34207803
vn -0.59712559 0.320167631 -0.735482037
vn 0.0121831791 0.220689595 -0.975268006
vn -0.928174078 0.252704233 -0.273191184
vn -0.50983423 0.308920771 -0.802892864
vn 0.927360177 -0.0502801202 -0.370776236
vn -0.987148821 0.125991136 0.0983023942
vn -0.971680045 0.0930243358 -0.217219427
vn 0.279111147 -0.327758223 0.902591646
vn -0.941219151 0.232717201 -0.244845212
vn -0.328395724 0.152905524 -0.93208164
vn 0.948818088 -0.0311062578 -0.314287573
vn -0.297800034 -0.191493824 -0.935224652
vn 0.936855197 0.0433777124 -0.347016811
vn 0.871463656 0.155223012 -0.465249389
vn -0.983205378 0.0848370418 0.161585718
vn -0.98995471 0.0254797358 -0.139069661
vn -0.944392741 -0.129764348 0.302131832
vn 0.438851148 -0.305718392 0.844953179
vn -0.932661533 -0.352458835 -0.0769105181
vn -0.833756208 -0.414147079 0.365147442
vn 0.353950858 -0.242472336 0.903286159
vn -0.700740695 -0.572472692 0.425719947
vn 0.199663743 0.0178673081 0.979701638
vn 0.977221847 -0.0508461371 -0.206039354
vn -0.674705446 -0.720062137 -0.16212073
vn -0.11666774 -0.537433624 -0.835196793
vn -0.76176703 0.436313361 -0.478896469
vn -0.747447431 0.376061857 -0.547631085
vn -0.853161693 0.367654085 -0.370061696
vn -0.874508202 0.331408471 -0.35412395
vn -0.747335494 0.332201332 -0.575440586
vn -0.982156813 0.183709577 -0.0402332433
vn -0.72726953 0.362532616 -0.582794249
vn -0.62962544 0.362572342 -0.687104881
vn -0.926798701 0.245418355 -0.284277976
vn -0.985758662 0.0500021428 0.160560146
vn -0.745018303 0.306166828 -0.592629492
vn -0.958804905 0.13111724 -0.251994789
vn -0.984236002 -0.055295378 -0.167993888
vn -0.876906991 -0.0860962644 0.472886443
vn -0.559768081 0.315452486 -0.766256809
vn -0.220905244 0.262486011 -0.939309299
vn -0.159885496 0.213213474 -0.963834345
vn -0.587808847 0.205979243 -0.782338321
vn -0.409278631 0.0171541609 -0.912248135
vn -0.789357305 0.177907258 -0.587591827
vn -0.936903119 -0.328834206 -0.118661843
vn -0.708384991 -0.233049542 0.666242242
vn -0.80782342 -0.0189295989 -0.589120626
vn -0.652085185 -0.00309104635 -0.758139431
vn -0.777834952 -0.625163853 -0.0643652603
vn -0.4645437 -0.392417252 0.793856263
vn -0.754401863 -0.324865401 -0.570386052
vn -0.622710705 -0.309860528 -0.718483031
vn -0.552862823 -0.296229601 -0.77883929
vn -0.552665293 -0.833230495 0.0169725399
vn -0.335569829 -0.362389356 0.869520962
vn -0.594354033 -0.638135552 -0.489414215
vn -0.327985257 -0.585831523 -0.741098642
vn 0.433835298 -0.36410448 -0.824144959
vn 0.486829966 -0.430313617 -0.760149181
vn -0.331604838 -0.864269555 -0.378254205
vn -0.0558171012 -0.776497126 -0.627643645
vn 0.637024045 -0.305684626 -0.707642019
vn 0.0769571662 -0.791270792 -0.606603742
vn 0.397793263 0.713157535 0.577206075
vn -0.179284111 -0.898954928 -0.399671316
vn -0.424122691 -0.905030191 -0.0322528854
vn -0.444377482 -0.414269745 0.794297934
vn 0.374912202 0.287044019 -0.88150245
vn 0.316135645 0.329432011 -0.889681339
vn 0.337674886 0.216895223 -0.915932417
vn 0.169178277 0.257775784 -0.95127821
vn -0.951037288 -0.308933347 0.00939825084
vn 0.703052521 0.464456499 -0.538514018
vn 0.716072798 0.399708033 -0.57225281
vn 0.690286934 0.536202729 -0.485788643
vn 0.794346094 0.526460826 -0.30307278
vn 0.75857991 0.575176597 -0.306150854
vn 0.58056736 0.536385179 -0.612562239
vn 0.248206094 0.496041566 -0.832067609
vn 0.88871634 0.389154971 -0.242366537
vn 0.652621984 0.601074874 -0.461295545
vn 0.58056736 0.536385179 -0.612562239
vn 0.847768962 0.440714836 -0.295056283
vn 0.930286765 0.326982796 -0.166279063
vn 0.973989606 0.206600323 0.0930623114
vn 0.939733803 0.0960880816 0.328127116
vn 0.965910792 0.252260804 -0.0581448562
vn 0.71243 0.35283801 -0.606587946
vn 0.879857481 0.0096140001 0.475140423
vn -0.591252625 -0.409956753 0.694518328
vn -0.688906133 -0.389071465 0.611581504
vn 0.975548863 0.216009438 -0.0405499004
vn 0.69576484 0.311711371 -0.647106826
vn 0.756450176 -0.132708237 0.640446544
vn 0.666817069 -0.232761279 0.70793879
vn -0.61278069 -0.359901875 0.703541458
vn -0.281026512 -0.168377325 0.944813848
vn 0.977133274 0.182451501 -0.109187491
vn -0.0316081122 0.178848132 -0.983368814
vn 0.615997136 -0.300672382 0.728109717
vn -0.121885292 0.123977765 0.984770834
vn 0.678102076 0.253787339 -0.689760447
vn -0.164740786 0.115010142 -0.979608595
vn -0.901247382 -0.336585253 0.272880197
vn -0.869982421 -0.308674037 0.384513944
vn 0.977034152 0.097201243 -0.18962127
vn 0.838403642 -0.394659847 0.375929624
vn -0.653654873 -0.133202374 0.74497813
vn 0.673138916 0.160061672 -0.721986234
vn 0.906831145 -0.122467734 -0.403309852
vn -0.118944556 0.0748454034 -0.990075886
vn 0.548547149 -0.494210243 -0.67442745
vn 0.429995626 -0.0915904939 -0.898173094
vn -0.42421931 -0.113641791 -0.898400486
vn -0.957365394 -0.053332828 0.283913732
vn 0.0657630563 -0.324883729 -0.943464816
vn -0.681078196 -0.18533133 -0.708367646
vn -0.513545752 0.275383085 0.812671483
vn 0.856951654 0.499464959 -0.127155945
vn 0.784428298 0.5269714 -0.327067941
vn 0.915450215 0.378776759 -0.135938302
vn 0.954141974 0.277555168 -0.112144418
vn 0.708298624 0.52137816 -0.475896865
vn 0.770529032 0.440841913 -0.460373014
vn 0.623349309 0.386426806 -0.679786623
vn 0.847932577 0.423461109 -0.318890274
vn 0.981640041 0.183839634 -0.0508506037
vn 0.980957389 0.166724548 -0.0996274501
vn 0.892362654 0.339225352 -0.297682583
vn 0.767596006 0.355117142 -0.533561707
vn 0.522892892 0.307664961 -0.794937313
vn 0.49283424 0.225939751 -0.840277195
vn 0.741067708 0.261828244 -0.618275404
vn 0.546482027 0.0935130939 -0.832233548
vn 0.934836566 0.237167552 -0.264258027
vn 0.752402544 0.11986798 -0.647705197
vn 0.562926292 -0.0636829361 -0.824050069
vn 0.99724257 0.0578796491 0.0464454032
vn 0.978092134 0.0128058363 0.207778096
vn 0.946011543 -0.0509801805 0.320098817
vn 0.965849221 0.107720047 -0.235651508
vn 0.764535785 -0.0499464311 -0.642643332
vn 0.975298882 -0.0291690864 -0.218954861
vn 0.992867589 -0.0304693934 0.115263499
vn 0.967537284 -0.234409362 0.0944661349
vn 0.898921907 -0.21265085 0.383039325
vn 0.584186018 -0.371253043 -0.721732557
vn 0.242614299 -0.38661626 -0.889756262
vn 0.924001217 -0.296651274 -0.241287395
vn 0.283342272 -0.573730409 -0.76847291
vn -0.222133622 -0.449946314 -0.864988446
vn -0.0104034264 -0.628937483 -0.777386308
vn -0.831563115 0.0621636659 -0.551940739
vn -0.734932661 -0.11509154 -0.668302298
vn 0.853598058 -0.512578249 -0.0929187387
vn 0.870698214 -0.432248175 0.234619036
vn -0.284913391 0.434620678 0.854358971
vn 0.792552054 -0.600922048 0.103700913
vn 0.778497696 -0.448484063 0.439093739
vn -0.234104291 0.488924026 0.840326309
vn -0.241782933 -0.603601873 -0.759740591
vn -0.770228505 -0.626341164 0.120186366
vn 0.723264635 -0.661426127 0.19850345
vn 0.649375975 -0.298496604 0.699435949
vn -0.213073522 0.509237826 0.833832443
vn 0.847914338 -0.508293271 0.150596827
vn -0.108329318 -0.0897992998 -0.990050972
vn -0.0297101252 -0.254851818 -0.966523588
vn -0.0427190624 -0.310374379 -0.949653983
vn 0.820477366 -0.511962414 0.254384577
vn 0.810679853 -0.44578284 0.379573256
vn 0.827034235 -0.551702559 0.10788317
vn -0.11790286 -0.342119694 -0.932230175
vn 0.501379907 -0.173175052 0.847719669
vn 0.772563875 -0.63015008 0.0778201669
vn -0.180629224 -0.39659664 -0.900046766
vn 0.83721149 -0.397751391 0.375327587
vn 0.875226736 -0.262355596 0.406383812
vn 0.822871447 -0.198016718 0.532608747
vn 0.38095513 -0.267553955 0.885035694
vn 0.500990808 -0.199070871 0.842246473
vn 0.743555009 -0.663051665 0.0865354538
vn -0.315170377 -0.391560763 -0.864492774
vn 0.52040422 -0.24737823 0.817302585
vn 0.721583843 -0.692032218 -0.0202018935
vn -0.84318608 -0.465927362 -0.268232763
vn 0.572223067 -0.248863399 0.781426728
vn 0.599766433 -0.206074134 0.77318424
vn -0.381223887 0.460317224 0.801733315
vn -0.416470051 0.386994094 0.822671473
vn -0.471759409 0.351783544 0.808511853
vn -0.498883903 0.333709836 0.799845397
vn -0.523950756 0.312101722 0.79250741
vn 0.473590106 -0.245170549 0.845933676
vn -0.56973511 0.260047227 0.77960068
vn -0.561765492 0.158892721 0.811894476
vn -0.344539344 -0.051096499 0.937380314
vn 0.163104519 -0.175807327 0.970818639
vn 0.672410786 -0.195126534 0.713995337
vn -0.326177537 -0.025585264 0.944962204
vn -0.984332561 0.1507065 -0.0915256441
vn -0.972568452 0.115256928 -0.202055424
vn -0.955306649 0.097603716 -0.279038906
vn -0.365847617 -0.207967639 0.907141149
vn -0.906055629 0.121993363 -0.405192435
vn -0.416511506 -0.216623798 0.88294518
vn -0.902799308 0.133979172 -0.408660144
vn -0.353898436 -0.226397038 0.907469094
vn 0.991336226 -0.12897402 0.0248620901
vn 0.942536712 -0.234921485 0.237563297
vn -0.313717723 -0.226640269 0.922071278
vn 0.923990667 -0.266249597 0.274503976
vn -0.223457262 -0.0942935944 0.970142066
vn -0.386269003 0.236442462 0.891566753
vn -0.247135073 0.201568112 0.947784007
vn 0.906159163 -0.259298861 0.334125191
vn 0.751440763 -0.168329075 0.637967229
vn -0.297702193 0.283445299 0.91160959
vn 0.843148947 -0.535950124 0.0430965461
vn -0.514985204 0.368840307 0.773787498
vn -0.975629091 0.150847375 -0.159351766
vn 0.0563806593 -0.304655641 0.950792372
vn -0.981134772 0.190227941 0.0344654135
vn -0.975939155 0.17392616 -0.131500706
vn 0.0667877272 -0.340373695 0.937915325
vn -0.967131674 0.254124522 0.0087729739
vn 0.142828062 -0.329892188 0.933151245
vn 0.156565785 -0.355652303 0.921411216
vn 0.931251705 -0.096489884 -0.351368725
vn 0.962956309 -0.25519824 -0.0871152878
vn 0.0442656279 -0.158352718 0.986389935
vn 0.158595175 -0.218894556 0.962773502
vn 0.931280613 -0.338673443 -0.134226575
vn 0.250200838 0.0385520123 0.967426121
vn 0.837535322 -0.536004305 -0.105990537
vn 0.116405696 0.132662833 0.984301925
vn -0.946158588 0.322639883 0.0262183249
vn 0.330771655 0.197044343 0.922910452
vn 0.746350706 -0.665548146 -0.00250238762
vn 0.339214474 -0.0226540081 0.940436184
vn 0.189441115 0.310317904 0.931565881
vn -0.919952273 0.386171013 0.0675264746
vn -0.971680045 0.0930243358 -0.217219427
vn 0.87275058 -0.165884301 0.459117323
vn 0.838429153 -0.225351363 0.496239066
vn 0.279111147 -0.327758223 0.902591646
vn 0.927360177 -0.0502801202 -0.370776236
vn 0.821503818 -0.196013108 0.53545332
vn 0.948818088 -0.0311062578 -0.314287573
vn 0.438851148 -0.305718392 0.844953179
vn 0.936855197 0.0433777124 -0.347016811
vn 0.819392204 -0.000884429784 0.573232591
vn 0.353950858 -0.242472336 0.903286159
vn 0.871463656 0.155223012 -0.465249389
vn 0.720956802 0.385075301 0.576140881
vn 0.199663743 0.0178673081 0.979701638
vn 0.977221847 -0.0508461371 -0.206039354
vn -0.29266575 0.815829337 -0.498767734
vn -0.689942896 0.465773523 -0.554106236
vn -0.68918103 0.403675824 -0.601726949
vn -0.845961034 0.394661993 -0.3585971
vn -0.329041809 0.65395844 -0.68122673
vn 0.222134873 0.74536252 -0.62856245
vn -0.774765611 0.261470705 -0.575648606
vn -0.404312104 0.506727219 -0.761419296
vn -0.384468645 0.890868843 -0.241943121
vn 0.160963818 0.968636394 0.189299509
vn 0.293302357 0.955965519 -0.0101832254
vn 0.370993763 0.905363083 0.206594333
vn 0.597289145 0.788555801 0.146373957
vn 0.19739984 0.893937826 -0.402378589
vn 0.636314034 0.73336643 -0.239328757
vn 0.726055741 0.601132214 -0.333890676
vn 0.76255393 0.500731766 -0.409608603
vn 0.309480429 0.635371149 -0.707478225
vn 0.64292711 0.424427778 -0.63757807
vn 0.197456762 0.484497905 -0.852216303
vn -0.429837197 0.389268041 -0.814684153
vn -0.764603376 0.242631823 -0.597085893
vn -0.287880719 0.34004721 -0.895261168
vn -0.691471636 0.22543332 -0.68632853
vn 0.67899394 0.299530745 -0.670260072
vn 0.919954836 0.181692913 -0.347377062
vn 0.927548766 0.107430451 -0.357927412
vn -0.312912464 0.288669586 -0.904851258
vn -0.662495255 0.208236203 -0.71953994
vn -0.902799308 0.133979172 -0.408660144
vn 0.219206497 0.373880386 -0.901200235
vn 0.299272329 0.303163856 -0.904725134
vn 0.771082282 0.198497593 -0.605004847
vn 0.818246543 0.145525515 -0.556142986
vn 0.96234715 0.0160356686 -0.271349847
vn -0.358790755 0.285042852 -0.888830483
vn -0.906055629 0.121993363 -0.405192435
vn 0.298132241 0.29386881 -0.908161998
vn 0.912913322 0.00981395133 -0.408035487
vn 0.991336226 -0.12897402 0.0248620901
vn 0.353190631 0.191566125 -0.915728629
vn -0.53618443 0.220343485 -0.814834356
vn -0.955306649 0.097603716 -0.279038906
vn 0.910805523 -0.0219653789 -0.412250817
vn 0.942536712 -0.234921485 0.237563297
vn 0.910649598 -0.164703414 -0.378932685
vn 0.923990667 -0.266249597 0.274503976
vn 0.906159163 -0.259298861 0.334125191
vn 0.286128759 0.162976503 -0.944229305
vn -0.600259483 0.207191929 -0.772502542
vn -0.699840963 0.130221054 -0.702328265
vn -0.972568452 0.115256928 -0.202055424
vn -0.984332561 0.1507065 -0.0915256441
vn 0.259822607 -0.0363395996 -0.964972377
vn -0.783664107 0.0106142331 -0.621094108
vn -0.975629091 0.150847375 -0.159351766
vn 0.31919378 -0.343211323 -0.883358002
vn -0.825515211 -0.0068470547 -0.564338446
vn 0.843148947 -0.535950124 0.0430965461
vn 0.356683522 -0.460984796 -0.812569857
vn 0.88491863 -0.398855478 -0.240485653
vn 0.751440763 -0.168329075 0.637967229
vn 0.885862231 -0.344740242 -0.310486943
g Hair_Wolf_0
f 3/3/3 2/2/2 1/1/1
f 6/6/6 5/5/5 4/4/4
f 9/9/9 8/8/8 7/7/7
f 12/12/12 11/11/11 10/10/10
f 15/15/15 14/14/14 13/13/13
f 18/18/18 17/17/17 16/16/16
f 18/18/18 20/20/20 19/19/19
f 21/21/21 19/19/19 20/20/20
f 22/22/22 21/21/21 20/20/20
f 21/21/21 22/22/22 23/23/23
f 22/22/22 24/24/24 23/23/23
f 24/24/24 25/25/25 23/23/23
f 25/25/25 26/26/26 23/23/23
f 27/27/27 26/26/26 25/25/25
f 28/28/28 27/27/27 25/25/25
f 29/29/29 27/27/27 28/28/28
f 30/30/30 29/29/29 28/28/28
f 31/31/31 29/29/29 30/30/30
f 32/32/32 31/31/31 30/30/30
f 31/31/31 32/32/32 33/33/33
f 32/32/32 34/34/34 33/33/33
f 34/34/34 35/35/35 33/33/33
f 35/35/35 36/36/36 33/33/33
f 37/37/37 36/36/36 35/35/35
f 40/40/40 39/39/39 38/38/38
f 43/43/43 42/42/42 41/41/41
f 46/46/46 45/45/45 44/44/44
f 49/49/49 48/48/48 47/47/47
f 52/52/52 51/51/51 50/50/50
f 55/55/55 54/54/54 53/53/53
f 58/58/58 57/57/57 56/56/56
f 60/60/60 57/57/57 59/59/59
f 61/61/61 57/57/57 60/60/60
f 62/62/62 57/57/57 61/61/61
f 63/63/63 57/57/57 62/62/62
f 64/64/64 57/57/57 63/63/63
f 64/64/64 65/65/65 57/57/57
f 68/68/68 67/67/67 66/66/66
f 71/71/71 70/70/70 69/69/69
f 74/74/74 73/73/73 72/72/72
f 77/77/77 76/76/76 75/75/75
f 77/77/77 78/78/78 76/76/76
f 78/78/78 79/79/79 76/76/76
f 80/80/80 79/79/79 78/78/78
f 81/81/81 80/80/80 78/78/78
f 80/80/80 81/81/81 82/82/82
f 83/83/83 80/80/80 82/82/82
f 83/83/83 82/82/82 84/84/84
f 85/85/85 83/83/83 84/84/84
f 82/82/82 81/81/81 86/86/86
f 86/86/86 84/84/84 82/82/82
f 81/81/81 87/87/87 86/86/86
f 88/88/88 85/85/85 84/84/84
f 88/88/88 89/89/89 85/85/85
f 88/88/88 90/90/90 89/89/89
f 88/88/88 91/91/91 90/90/90
f 91/91/91 92/92/92 90/90/90
f 91/91/91 93/93/93 92/92/92
f 93/93/93 94/94/94 92/92/92
f 93/93/93 95/95/95 94/94/94
f 94/94/94 95/95/95 96/96/96
f 95/95/95 97/97/97 96/96/96
f 97/97/97 98/98/98 96/96/96
f 95/95/95 93/93/93 99/99/99
f 95/95/95 99/99/99 97/97/97
f 91/91/91 100/100/100 93/93/93
f 93/93/93 100/100/100 99/99/99
f 88/88/88 101/101/101 91/91/91
f 91/91/91 101/101/101 100/100/100
f 97/97/97 102/102/102 98/98/98
f 99/99/99 102/102/102 97/97/97
f 102/102/102 103/103/103 98/98/98
f 103/103/103 102/102/102 99/99/99
f 104/104/104 98/98/98 103/103/103
f 105/105/105 104/104/104 103/103/103
f 106/106/106 103/103/103 99/99/99
f 106/106/106 105/105/105 103/103/103
f 106/106/106 99/99/99 100/100/100
f 107/107/107 105/105/105 106/106/106
f 108/108/108 107/107/107 106/106/106
f 108/108/108 106/106/106 100/100/100
f 109/109/109 107/107/107 108/108/108
f 110/110/110 108/108/108 100/100/100
f 110/110/110 100/100/100 101/101/101
f 109/109/109 108/108/108 110/110/110
f 88/88/88 111/111/111 101/101/101
f 111/111/111 110/110/110 101/101/101
f 88/88/88 84/84/84 111/111/111
f 109/109/109 110/110/110 112/112/112
f 111/111/111 112/112/112 110/110/110
f 112/112/112 111/111/111 84/84/84
f 109/109/109 112/112/112 113/113/113
f 112/112/112 114/114/114 113/113/113
f 112/112/112 84/84/84 115/115/115
f 112/112/112 115/115/115 114/114/114
f 86/86/86 115/115/115 84/84/84
f 114/114/114 115/115/115 116/116/116
f 115/115/115 86/86/86 116/116/116
f 117/117/117 116/116/116 86/86/86
f 120/120/120 119/119/119 118/118/118
f 121/121/121 120/120/120 118/118/118
f 121/121/121 118/118/118 122/122/122
f 123/123/123 121/121/121 122/122/122
f 123/123/123 122/122/122 124/124/124
f 120/120/120 121/121/121 125/125/125
f 125/125/125 121/121/121 123/123/123
f 126/126/126 123/123/123 124/124/124
f 126/126/126 124/124/124 127/127/127
f 128/128/128 120/120/120 125/125/125
f 120/120/120 128/128/128 129/129/129
f 130/130/130 125/125/125 123/123/123
f 123/123/123 126/126/126 130/130/130
f 131/131/131 126/126/126 127/127/127
f 131/131/131 127/127/127 132/132/132
f 128/128/128 133/133/133 129/129/129
f 134/134/134 129/129/129 133/133/133
f 126/126/126 135/135/135 130/130/130
f 135/135/135 126/126/126 131/131/131
f 136/136/136 131/131/131 132/132/132
f 131/131/131 136/136/136 137/137/137
f 136/136/136 132/132/132 138/138/138
f 139/139/139 136/136/136 138/138/138
f 137/137/137 136/136/136 139/139/139
f 139/139/139 138/138/138 140/140/140
f 141/141/141 134/134/134 133/133/133
f 134/134/134 141/141/141 142/142/142
f 143/143/143 135/135/135 131/131/131
f 143/143/143 131/131/131 137/137/137
f 143/143/143 144/144/144 135/135/135
f 143/143/143 137/137/137 144/144/144
f 135/135/135 145/145/145 130/130/130
f 144/144/144 145/145/145 135/135/135
f 144/144/144 146/146/146 145/145/145
f 145/145/145 147/147/147 130/130/130
f 125/125/125 130/130/130 147/147/147
f 137/137/137 148/148/148 144/144/144
f 144/144/144 148/148/148 146/146/146
f 145/145/145 149/149/149 147/147/147
f 146/146/146 149/149/149 145/145/145
f 150/150/150 125/125/125 147/147/147
f 128/128/128 125/125/125 150/150/150
f 149/149/149 151/151/151 147/147/147
f 150/150/150 147/147/147 151/151/151
f 152/152/152 149/149/149 146/146/146
f 151/151/151 149/149/149 152/152/152
f 153/153/153 128/128/128 150/150/150
f 154/154/154 150/150/150 151/151/151
f 153/153/153 150/150/150 154/154/154
f 128/128/128 153/153/153 155/155/155
f 133/133/133 128/128/128 155/155/155
f 156/156/156 151/151/151 152/152/152
f 154/154/154 151/151/151 156/156/156
f 157/157/157 153/153/153 154/154/154
f 155/155/155 153/153/153 157/157/157
f 133/133/133 155/155/155 158/158/158
f 158/158/158 155/155/155 159/159/159
f 141/141/141 133/133/133 158/158/158
f 158/158/158 160/160/160 141/141/141
f 158/158/158 159/159/159 160/160/160
f 161/161/161 154/154/154 156/156/156
f 157/157/157 154/154/154 161/161/161
f 155/155/155 162/162/162 159/159/159
f 162/162/162 155/155/155 157/157/157
f 163/163/163 162/162/162 157/157/157
f 159/159/159 162/162/162 163/163/163
f 160/160/160 164/164/164 141/141/141
f 141/141/141 164/164/164 142/142/142
f 142/142/142 164/164/164 165/165/165
f 164/164/164 160/160/160 165/165/165
f 166/166/166 142/142/142 165/165/165
f 167/167/167 157/157/157 161/161/161
f 167/167/167 163/163/163 157/157/157
f 165/165/165 168/168/168 166/166/166
f 168/168/168 169/169/169 166/166/166
f 168/168/168 170/170/170 169/169/169
f 170/170/170 171/171/171 169/169/169
f 171/171/171 170/170/170 172/172/172
f 173/173/173 171/171/171 172/172/172
f 173/173/173 172/172/172 174/174/174
f 175/175/175 173/173/173 174/174/174
f 175/175/175 174/174/174 176/176/176
f 172/172/172 170/170/170 177/177/177
f 174/174/174 172/172/172 177/177/177
f 170/170/170 168/168/168 178/178/178
f 170/170/170 178/178/178 177/177/177
f 179/179/179 168/168/168 165/165/165
f 168/168/168 179/179/179 178/178/178
f 176/176/176 174/174/174 180/180/180
f 180/180/180 174/174/174 177/177/177
f 181/181/181 176/176/176 180/180/180
f 182/182/182 176/176/176 181/181/181
f 180/180/180 177/177/177 183/183/183
f 181/181/181 180/180/180 183/183/183
f 177/177/177 178/178/178 184/184/184
f 177/177/177 184/184/184 183/183/183
f 185/185/185 179/179/179 165/165/165
f 160/160/160 185/185/185 165/165/165
f 178/178/178 179/179/179 186/186/186
f 178/178/178 186/186/186 184/184/184
f 187/187/187 179/179/179 185/185/185
f 179/179/179 187/187/187 186/186/186
f 185/185/185 160/160/160 188/188/188
f 159/159/159 188/188/188 160/160/160
f 189/189/189 187/187/187 185/185/185
f 185/185/185 188/188/188 189/189/189
f 190/190/190 189/189/189 188/188/188
f 190/190/190 188/188/188 159/159/159
f 191/191/191 190/190/190 159/159/159
f 190/190/190 191/191/191 192/192/192
f 191/191/191 159/159/159 163/163/163
f 191/191/191 163/163/163 192/192/192
f 163/163/163 193/193/193 192/192/192
f 194/194/194 193/193/193 163/163/163
f 167/167/167 194/194/194 163/163/163
f 194/194/194 167/167/167 195/195/195
f 167/167/167 161/161/161 195/195/195
f 195/195/195 161/161/161 196/196/196
f 161/161/161 156/156/156 196/196/196
f 196/196/196 156/156/156 197/197/197
f 156/156/156 152/152/152 197/197/197
f 197/197/197 152/152/152 198/198/198
f 199/199/199 197/197/197 198/198/198
f 198/198/198 152/152/152 146/146/146
f 199/199/199 198/198/198 200/200/200
f 198/198/198 146/146/146 201/201/201
f 198/198/198 201/201/201 200/200/200
f 146/146/146 202/202/202 201/201/201
f 201/201/201 202/202/202 203/203/203
f 148/148/148 202/202/202 146/146/146
f 203/203/203 202/202/202 148/148/148
f 201/201/201 204/204/204 200/200/200
f 204/204/204 201/201/201 203/203/203
f 204/204/204 205/205/205 200/200/200
f 204/204/204 206/206/206 205/205/205
f 204/204/204 203/203/203 206/206/206
f 206/206/206 207/207/207 205/205/205
f 208/208/208 203/203/203 148/148/148
f 208/208/208 148/148/148 137/137/137
f 206/206/206 209/209/209 207/207/207
f 209/209/209 210/210/210 207/207/207
f 209/209/209 211/211/211 210/210/210
f 209/209/209 206/206/206 212/212/212
f 212/212/212 211/211/211 209/209/209
f 203/203/203 213/213/213 206/206/206
f 206/206/206 213/213/213 212/212/212
f 214/214/214 213/213/213 203/203/203
f 214/214/214 212/212/212 213/213/213
f 208/208/208 214/214/214 203/203/203
f 215/215/215 208/208/208 137/137/137
f 215/215/215 137/137/137 139/139/139
f 216/216/216 211/211/211 212/212/212
f 216/216/216 212/212/212 214/214/214
f 217/217/217 214/214/214 208/208/208
f 215/215/215 217/217/217 208/208/208
f 217/217/217 216/216/216 214/214/214
f 215/215/215 139/139/139 218/218/218
f 217/217/217 215/215/215 218/218/218
f 218/218/218 139/139/139 140/140/140
f 219/219/219 211/211/211 216/216/216
f 216/216/216 217/217/217 219/219/219
f 217/217/217 218/218/218 219/219/219
f 219/219/219 218/218/218 140/140/140
f 219/219/219 220/220/220 211/211/211
f 220/220/220 219/219/219 140/140/140
f 223/223/223 222/222/222 221/221/221
f 224/224/224 223/223/223 221/221/221
f 224/224/224 221/221/221 225/225/225
f 221/221/221 226/226/226 225/225/225
f 225/225/225 226/226/226 182/182/182
f 224/224/224 227/227/227 223/223/223
f 227/227/227 228/228/228 223/223/223
f 229/229/229 228/228/228 227/227/227
f 227/227/227 224/224/224 230/230/230
f 224/224/224 225/225/225 230/230/230
f 231/231/231 225/225/225 182/182/182
f 231/231/231 182/182/182 181/181/181
f 231/231/231 232/232/232 225/225/225
f 231/231/231 181/181/181 232/232/232
f 232/232/232 230/230/230 225/225/225
f 233/233/233 229/229/229 227/227/227
f 233/233/233 227/227/227 230/230/230
f 233/233/233 234/234/234 229/229/229
f 234/234/234 235/235/235 229/229/229
f 236/236/236 234/234/234 233/233/233
f 237/237/237 233/233/233 230/230/230
f 237/237/237 236/236/236 233/233/233
f 237/237/237 230/230/230 232/232/232
f 238/238/238 236/236/236 237/237/237
f 239/239/239 238/238/238 237/237/237
f 239/239/239 237/237/237 232/232/232
f 240/240/240 238/238/238 239/239/239
f 181/181/181 241/241/241 232/232/232
f 239/239/239 232/232/232 241/241/241
f 240/240/240 239/239/239 241/241/241
f 241/241/241 181/181/181 183/183/183
f 240/240/240 241/241/241 183/183/183
f 242/242/242 240/240/240 183/183/183
f 242/242/242 183/183/183 184/184/184
f 243/243/243 242/242/242 184/184/184
f 243/243/243 184/184/184 186/186/186
f 244/244/244 243/243/243 186/186/186
f 186/186/186 245/245/245 244/244/244
f 186/186/186 187/187/187 245/245/245
f 245/245/245 187/187/187 246/246/246
f 247/247/247 245/245/245 246/246/246
f 248/248/248 247/247/247 246/246/246
f 249/249/249 248/248/248 246/246/246
f 248/248/248 249/249/249 250/250/250
f 251/251/251 250/250/250 249/249/249
f 250/250/250 251/251/251 252/252/252
f 253/253/253 248/248/248 250/250/250
f 253/253/253 254/254/254 248/248/248
f 255/255/255 254/254/254 253/253/253
f 256/256/256 255/255/255 253/253/253
f 253/253/253 250/250/250 256/256/256
f 255/255/255 256/256/256 257/257/257
f 258/258/258 250/250/250 252/252/252
f 250/250/250 258/258/258 256/256/256
f 258/258/258 252/252/252 259/259/259
f 256/256/256 258/258/258 259/259/259
f 252/252/252 260/260/260 259/259/259
f 256/256/256 261/261/261 257/257/257
f 261/261/261 256/256/256 259/259/259
f 257/257/257 261/261/261 262/262/262
f 263/263/263 259/259/259 260/260/260
f 261/261/261 259/259/259 263/263/263
f 264/264/264 263/263/263 260/260/260
f 261/261/261 265/265/265 262/262/262
f 265/265/265 261/261/261 263/263/263
f 262/262/262 265/265/265 266/266/266
f 267/267/267 263/263/263 264/264/264
f 265/265/265 263/263/263 267/267/267
f 268/268/268 267/267/267 264/264/264
f 265/265/265 269/269/269 266/266/266
f 269/269/269 265/265/265 267/267/267
f 266/266/266 269/269/269 270/270/270
f 271/271/271 267/267/267 268/268/268
f 269/269/269 267/267/267 271/271/271
f 272/272/272 271/271/271 268/268/268
f 269/269/269 273/273/273 270/270/270
f 273/273/273 269/269/269 271/271/271
f 270/270/270 273/273/273 274/274/274
f 275/275/275 271/271/271 272/272/272
f 273/273/273 271/271/271 275/275/275
f 273/273/273 276/276/276 274/274/274
f 276/276/276 273/273/273 275/275/275
f 274/274/274 276/276/276 277/277/277
f 278/278/278 275/275/275 272/272/272
f 278/278/278 272/272/272 279/279/279
f 280/280/280 278/278/278 279/279/279
f 276/276/276 281/281/281 277/277/277
f 277/277/277 281/281/281 282/282/282
f 276/276/276 275/275/275 283/283/283
f 281/281/281 276/276/276 283/283/283
f 283/283/283 275/275/275 278/278/278
f 282/282/282 281/281/281 283/283/283
f 284/284/284 278/278/278 280/280/280
f 284/284/284 283/283/283 278/278/278
f 282/282/282 283/283/283 284/284/284
f 285/285/285 284/284/284 280/280/280
f 285/285/285 282/282/282 284/284/284
f 288/288/288 287/287/287 286/286/286
f 287/287/287 288/288/288 289/289/289
f 290/290/290 287/287/287 289/289/289
f 290/290/290 289/289/289 291/291/291
f 292/292/292 290/290/290 291/291/291
f 291/291/291 293/293/293 292/292/292
f 293/293/293 294/294/294 292/292/292
f 293/293/293 295/295/295 294/294/294
f 295/295/295 296/296/296 294/294/294
f 296/296/296 295/295/295 297/297/297
f 295/295/295 298/298/298 297/297/297
f 297/297/297 298/298/298 299/299/299
f 300/300/300 297/297/297 299/299/299
f 295/295/295 301/301/301 298/298/298
f 301/301/301 295/295/295 302/302/302
f 301/301/301 303/303/303 298/298/298
f 304/304/304 301/301/301 302/302/302
f 298/298/298 303/303/303 305/305/305
f 299/299/299 298/298/298 305/305/305
f 304/304/304 302/302/302 306/306/306
f 307/307/307 304/304/304 306/306/306
f 306/306/306 308/308/308 307/307/307
f 308/308/308 309/309/309 307/307/307
f 308/308/308 310/310/310 309/309/309
f 310/310/310 311/311/311 309/309/309
f 311/311/311 310/310/310 312/312/312
f 305/305/305 313/313/313 299/299/299
f 313/313/313 314/314/314 299/299/299
f 299/299/299 314/314/314 300/300/300
f 314/314/314 313/313/313 315/315/315
f 313/313/313 316/316/316 315/315/315
f 313/313/313 317/317/317 316/316/316
f 314/314/314 315/315/315 318/318/318
f 314/314/314 318/318/318 300/300/300
f 315/315/315 319/319/319 318/318/318
f 320/320/320 318/318/318 319/319/319
f 321/321/321 320/320/320 319/319/319
f 322/322/322 300/300/300 318/318/318
f 320/320/320 322/322/322 318/318/318
f 322/322/322 323/323/323 300/300/300
f 323/323/323 324/324/324 300/300/300
f 323/323/323 325/325/325 324/324/324
f 325/325/325 326/326/326 324/324/324
f 325/325/325 327/327/327 326/326/326
f 327/327/327 328/328/328 326/326/326
f 329/329/329 328/328/328 327/327/327
f 330/330/330 329/329/329 327/327/327
f 330/330/330 331/331/331 329/329/329
f 320/320/320 321/321/321 332/332/332
f 321/321/321 333/333/333 332/332/332
f 320/320/320 332/332/332 334/334/334
f 335/335/335 320/320/320 334/334/334
f 332/332/332 333/333/333 336/336/336
f 333/333/333 337/337/337 336/336/336
f 332/332/332 338/338/338 334/334/334
f 332/332/332 336/336/336 338/338/338
f 336/336/336 337/337/337 339/339/339
f 337/337/337 340/340/340 339/339/339
f 334/334/334 338/338/338 341/341/341
f 342/342/342 334/334/334 341/341/341
f 342/342/342 341/341/341 343/343/343
f 336/336/336 344/344/344 338/338/338
f 336/336/336 339/339/339 344/344/344
f 341/341/341 338/338/338 344/344/344
f 341/341/341 345/345/345 343/343/343
f 343/343/343 345/345/345 346/346/346
f 345/345/345 347/347/347 346/346/346
f 346/346/346 347/347/347 348/348/348
f 339/339/339 340/340/340 349/349/349
f 340/340/340 350/350/350 349/349/349
f 351/351/351 341/341/341 344/344/344
f 352/352/352 341/341/341 351/351/351
f 339/339/339 353/353/353 344/344/344
f 339/339/339 349/349/349 353/353/353
f 351/351/351 344/344/344 353/353/353
f 347/347/347 354/354/354 348/348/348
f 354/354/354 355/355/355 348/348/348
f 356/356/356 355/355/355 354/354/354
f 356/356/356 354/354/354 347/347/347
f 357/357/357 356/356/356 347/347/347
f 349/349/349 350/350/350 358/358/358
f 350/350/350 359/359/359 358/358/358
f 360/360/360 358/358/358 359/359/359
f 358/358/358 360/360/360 361/361/361
f 361/361/361 360/360/360 362/362/362
f 361/361/361 362/362/362 363/363/363
f 362/362/362 364/364/364 363/363/363
f 363/363/363 364/364/364 365/365/365
f 349/349/349 358/358/358 366/366/366
f 349/349/349 366/366/366 353/353/353
f 358/358/358 361/361/361 367/367/367
f 358/358/358 367/367/367 366/366/366
f 368/368/368 353/353/353 366/366/366
f 368/368/368 351/351/351 353/353/353
f 366/366/366 367/367/367 369/369/369
f 369/369/369 368/368/368 366/366/366
f 368/368/368 369/369/369 370/370/370
f 351/351/351 368/368/368 371/371/371
f 371/371/371 368/368/368 370/370/370
f 367/367/367 372/372/372 369/369/369
f 367/367/367 361/361/361 372/372/372
f 373/373/373 351/351/351 371/371/371
f 373/373/373 352/352/352 351/351/351
f 372/372/372 374/374/374 369/369/369
f 370/370/370 369/369/369 374/374/374
f 372/372/372 361/361/361 375/375/375
f 374/374/374 372/372/372 375/375/375
f 376/376/376 374/374/374 375/375/375
f 377/377/377 374/374/374 376/376/376
f 377/377/377 370/370/370 374/374/374
f 378/378/378 377/377/377 376/376/376
f 378/378/378 379/379/379 377/377/377
f 379/379/379 380/380/380 377/377/377
f 377/377/377 380/380/380 370/370/370
f 380/380/380 379/379/379 381/381/381
f 371/371/371 370/370/370 382/382/382
f 373/373/373 371/371/371 382/382/382
f 373/373/373 383/383/383 352/352/352
f 383/383/383 373/373/373 382/382/382
f 383/383/383 384/384/384 352/352/352
f 370/370/370 385/385/385 382/382/382
f 380/380/380 385/385/385 370/370/370
f 386/386/386 380/380/380 381/381/381
f 386/386/386 381/381/381 387/387/387
f 384/384/384 383/383/383 388/388/388
f 389/389/389 384/384/384 388/388/388
f 383/383/383 382/382/382 390/390/390
f 390/390/390 382/382/382 385/385/385
f 388/388/388 383/383/383 390/390/390
f 388/388/388 390/390/390 391/391/391
f 389/389/389 388/388/388 392/392/392
f 392/392/392 388/388/388 391/391/391
f 393/393/393 389/389/389 392/392/392
f 393/393/393 392/392/392 394/394/394
f 392/392/392 391/391/391 394/394/394
f 395/395/395 390/390/390 385/385/385
f 390/390/390 395/395/395 391/391/391
f 395/395/395 396/396/396 391/391/391
f 391/391/391 396/396/396 397/397/397
f 398/398/398 391/391/391 397/397/397
f 391/391/391 398/398/398 394/394/394
f 398/398/398 397/397/397 399/399/399
f 394/394/394 398/398/398 400/400/400
f 400/400/400 398/398/398 399/399/399
f 401/401/401 394/394/394 400/400/400
f 400/400/400 399/399/399 402/402/402
f 401/401/401 400/400/400 403/403/403
f 403/403/403 400/400/400 402/402/402
f 404/404/404 401/401/401 403/403/403
f 403/403/403 402/402/402 405/405/405
f 404/404/404 403/403/403 405/405/405
f 406/406/406 385/385/385 380/380/380
f 385/385/385 406/406/406 407/407/407
f 386/386/386 406/406/406 380/380/380
f 408/408/408 407/407/407 406/406/406
f 406/406/406 386/386/386 409/409/409
f 409/409/409 386/386/386 387/387/387
f 410/410/410 408/408/408 406/406/406
f 410/410/410 406/406/406 409/409/409
f 408/408/408 410/410/410 411/411/411
f 409/409/409 387/387/387 412/412/412
f 387/387/387 413/413/413 412/412/412
f 412/412/412 413/413/413 414/414/414
f 410/410/410 409/409/409 415/415/415
f 410/410/410 415/415/415 411/411/411
f 409/409/409 412/412/412 415/415/415
f 411/411/411 415/415/415 416/416/416
f 416/416/416 415/415/415 412/412/412
f 417/417/417 411/411/411 416/416/416
f 417/417/417 416/416/416 418/418/418
f 419/419/419 412/412/412 414/414/414
f 419/419/419 414/414/414 418/418/418
f 419/419/419 416/416/416 412/412/412
f 419/419/419 418/418/418 416/416/416
f 422/422/422 421/421/421 420/420/420
f 422/422/422 420/420/420 423/423/423
f 424/424/424 422/422/422 423/423/423
f 425/425/425 424/424/424 423/423/423
f 425/425/425 426/426/426 424/424/424
f 426/426/426 425/425/425 427/427/427
f 423/423/423 428/428/428 425/425/425
f 428/428/428 423/423/423 429/429/429
f 425/425/425 430/430/430 427/427/427
f 431/431/431 425/425/425 428/428/428
f 431/431/431 430/430/430 425/425/425
f 432/432/432 427/427/427 430/430/430
f 432/432/432 433/433/433 427/427/427
f 434/434/434 428/428/428 429/429/429
f 428/428/428 434/434/434 431/431/431
f 435/435/435 430/430/430 431/431/431
f 435/435/435 432/432/432 430/430/430
f 432/432/432 436/436/436 433/433/433
f 436/436/436 437/437/437 433/433/433
f 434/434/434 438/438/438 431/431/431
f 431/431/431 438/438/438 435/435/435
f 432/432/432 435/435/435 439/439/439
f 436/436/436 432/432/432 439/439/439
f 436/436/436 440/440/440 437/437/437
f 436/436/436 439/439/439 440/440/440
f 440/440/440 441/441/441 437/437/437
f 442/442/442 441/441/441 440/440/440
f 443/443/443 442/442/442 440/440/440
f 443/443/443 444/444/444 442/442/442
f 443/443/443 440/440/440 445/445/445
f 445/445/445 440/440/440 439/439/439
f 446/446/446 444/444/444 443/443/443
f 446/446/446 443/443/443 445/445/445
f 447/447/447 444/444/444 446/446/446
f 447/447/447 446/446/446 445/445/445
f 447/447/447 445/445/445 448/448/448
f 448/448/448 445/445/445 449/449/449
f 449/449/449 445/445/445 439/439/439
f 450/450/450 448/448/448 449/449/449
f 450/450/450 449/449/449 451/451/451
f 449/449/449 439/439/439 452/452/452
f 449/449/449 452/452/452 451/451/451
f 439/439/439 435/435/435 452/452/452
f 453/453/453 451/451/451 452/452/452
f 438/438/438 452/452/452 435/435/435
f 438/438/438 453/453/453 452/452/452
f 454/454/454 453/453/453 438/438/438
f 434/434/434 454/454/454 438/438/438
f 454/454/454 434/434/434 429/429/429
f 455/455/455 454/454/454 429/429/429
f 456/456/456 455/455/455 429/429/429
f 457/457/457 456/456/456 429/429/429
f 457/457/457 458/458/458 456/456/456
f 461/461/461 460/460/460 459/459/459
f 461/461/461 462/462/462 460/460/460
f 461/461/461 463/463/463 462/462/462
f 463/463/463 464/464/464 462/462/462
f 463/463/463 465/465/465 464/464/464
f 465/465/465 466/466/466 464/464/464
f 466/466/466 467/467/467 464/464/464
f 466/466/466 468/468/468 467/467/467
f 468/468/468 469/469/469 467/467/467
f 472/472/472 471/471/471 470/470/470
f 473/473/473 472/472/472 470/470/470
f 473/473/473 470/470/470 474/474/474
f 470/470/470 475/475/475 474/474/474
f 474/474/474 475/475/475 476/476/476
f 477/477/477 472/472/472 473/473/473
f 478/478/478 472/472/472 477/477/477
f 479/479/479 474/474/474 476/476/476
f 479/479/479 476/476/476 480/480/480
f 481/481/481 478/478/478 477/477/477
f 478/478/478 481/481/481 482/482/482
f 481/481/481 483/483/483 482/482/482
f 484/484/484 482/482/482 483/483/483
f 484/484/484 483/483/483 485/485/485
f 484/484/484 485/485/485 486/486/486
f 483/483/483 481/481/481 487/487/487
f 483/483/483 487/487/487 485/485/485
f 485/485/485 488/488/488 486/486/486
f 486/486/486 488/488/488 489/489/489
f 488/488/488 490/490/490 489/489/489
f 491/491/491 489/489/489 490/490/490
f 492/492/492 488/488/488 485/485/485
f 488/488/488 492/492/492 490/490/490
f 493/493/493 485/485/485 487/487/487
f 493/493/493 492/492/492 485/485/485
f 481/481/481 477/477/477 494/494/494
f 481/481/481 495/495/495 487/487/487
f 495/495/495 481/481/481 494/494/494
f 494/494/494 477/477/477 496/496/496
f 494/494/494 497/497/497 495/495/495
f 496/496/496 497/497/497 494/494/494
f 495/495/495 498/498/498 487/487/487
f 497/497/497 498/498/498 495/495/495
f 499/499/499 493/493/493 487/487/487
f 498/498/498 499/499/499 487/487/487
f 498/498/498 500/500/500 499/499/499
f 501/501/501 500/500/500 498/498/498
f 497/497/497 501/501/501 498/498/498
f 502/502/502 501/501/501 497/497/497
f 496/496/496 502/502/502 497/497/497
f 502/502/502 503/503/503 501/501/501
f 502/502/502 504/504/504 503/503/503
f 477/477/477 505/505/505 496/496/496
f 505/505/505 477/477/477 473/473/473
f 502/502/502 496/496/496 506/506/506
f 505/505/505 506/506/506 496/496/496
f 473/473/473 507/507/507 505/505/505
f 505/505/505 507/507/507 506/506/506
f 473/473/473 474/474/474 507/507/507
f 502/502/502 508/508/508 504/504/504
f 502/502/502 506/506/506 508/508/508
f 509/509/509 506/506/506 507/507/507
f 509/509/509 508/508/508 506/506/506
f 474/474/474 510/510/510 507/507/507
f 509/509/509 507/507/507 510/510/510
f 474/474/474 479/479/479 510/510/510
f 511/511/511 504/504/504 508/508/508
f 509/509/509 511/511/511 508/508/508
f 504/504/504 511/511/511 512/512/512
f 512/512/512 511/511/511 513/513/513
f 509/509/509 513/513/513 511/511/511
f 513/513/513 480/480/480 512/512/512
f 509/509/509 514/514/514 513/513/513
f 514/514/514 509/509/509 510/510/510
f 514/514/514 480/480/480 513/513/513
f 515/515/515 479/479/479 480/480/480
f 515/515/515 510/510/510 479/479/479
f 514/514/514 515/515/515 480/480/480
f 514/514/514 510/510/510 515/515/515
f 518/518/518 517/517/517 516/516/516
f 517/517/517 518/518/518 519/519/519
f 518/518/518 520/520/520 519/519/519
f 519/519/519 520/520/520 521/521/521
f 520/520/520 522/522/522 521/521/521
f 521/521/521 522/522/522 523/523/523
f 522/522/522 524/524/524 523/523/523
f 523/523/523 524/524/524 525/525/525
f 524/524/524 526/526/526 525/525/525
f 525/525/525 526/526/526 527/527/527
f 526/526/526 528/528/528 527/527/527
f 528/528/528 526/526/526 529/529/529
f 527/527/527 528/528/528 530/530/530
f 528/528/528 531/531/531 530/530/530
f 531/531/531 528/528/528 529/529/529
f 531/531/531 532/532/532 530/530/530
f 533/533/533 532/532/532 531/531/531
f 534/534/534 533/533/533 531/531/531
f 534/534/534 531/531/531 529/529/529
f 535/535/535 533/533/533 534/534/534
f 534/534/534 529/529/529 535/535/535
f 529/529/529 536/536/536 535/535/535
f 536/536/536 529/529/529 537/537/537
f 529/529/529 538/538/538 537/537/537
f 526/526/526 538/538/538 529/529/529
f 537/537/537 538/538/538 539/539/539
f 540/540/540 538/538/538 526/526/526
f 538/538/538 540/540/540 539/539/539
f 541/541/541 540/540/540 526/526/526
f 542/542/542 539/539/539 540/540/540
f 541/541/541 543/543/543 540/540/540
f 544/544/544 542/542/542 540/540/540
f 543/543/543 544/544/544 540/540/540
f 542/542/542 544/544/544 545/545/545
f 546/546/546 544/544/544 543/543/543
f 544/544/544 546/546/546 545/545/545
f 547/547/547 546/546/546 543/543/543
f 548/548/548 545/545/545 546/546/546
f 547/547/547 549/549/549 546/546/546
f 550/550/550 548/548/548 546/546/546
f 549/549/549 550/550/550 546/546/546
f 551/551/551 548/548/548 550/550/550
f 552/552/552 550/550/550 549/549/549
f 552/552/552 551/551/551 550/550/550
f 553/553/553 552/552/552 549/549/549
f 554/554/554 551/551/551 552/552/552
f 555/555/555 552/552/552 553/553/553
f 555/555/555 554/554/554 552/552/552
f 556/556/556 555/555/555 553/553/553
f 557/557/557 554/554/554 555/555/555
f 556/556/556 557/557/557 555/555/555
f 560/560/560 559/559/559 558/558/558
f 560/560/560 558/558/558 561/561/561
f 561/561/561 562/562/562 560/560/560
f 562/562/562 563/563/563 560/560/560
f 563/563/563 564/564/564 560/560/560
f 564/564/564 565/565/565 560/560/560
f 565/565/565 564/564/564 566/566/566
f 564/564/564 567/567/567 566/566/566
f 567/567/567 568/568/568 566/566/566
f 562/562/562 561/561/561 569/569/569
f 570/570/570 562/562/562 569/569/569
f 561/561/561 558/558/558 571/571/571
f 561/561/561 571/571/571 569/569/569
f 570/570/570 569/569/569 572/572/572
f 573/573/573 570/570/570 572/572/572
f 571/571/571 574/574/574 569/569/569
f 574/574/574 572/572/572 569/569/569
f 571/571/571 558/558/558 575/575/575
f 571/571/571 575/575/575 576/576/576
f 574/574/574 571/571/571 576/576/576
f 558/558/558 577/577/577 575/575/575
f 558/558/558 578/578/578 577/577/577
f 578/578/578 579/579/579 577/577/577
f 579/579/579 580/580/580 577/577/577
f 581/581/581 574/574/574 576/576/576
f 574/574/574 581/581/581 582/582/582
f 572/572/572 574/574/574 582/582/582
f 581/581/581 583/583/583 582/582/582
f 573/573/573 572/572/572 584/584/584
f 572/572/572 582/582/582 584/584/584
f 582/582/582 583/583/583 585/585/585
f 583/583/583 586/586/586 585/585/585
f 573/573/573 584/584/584 587/587/587
f 588/588/588 573/573/573 587/587/587
f 589/589/589 588/588/588 587/587/587
f 589/589/589 587/587/587 590/590/590
f 587/587/587 584/584/584 590/590/590
f 591/591/591 589/589/589 590/590/590
f 584/584/584 582/582/582 592/592/592
f 582/582/582 585/585/585 592/592/592
f 584/584/584 592/592/592 590/590/590
f 585/585/585 586/586/586 593/593/593
f 586/586/586 594/594/594 593/593/593
f 595/595/595 592/592/592 585/585/585
f 592/592/592 595/595/595 590/590/590
f 593/593/593 595/595/595 585/585/585
f 591/591/591 590/590/590 596/596/596
f 595/595/595 596/596/596 590/590/590
f 597/597/597 591/591/591 596/596/596
f 597/597/597 596/596/596 598/598/598
f 593/593/593 594/594/594 599/599/599
f 595/595/595 593/593/593 599/599/599
f 594/594/594 600/600/600 599/599/599
f 599/599/599 600/600/600 601/601/601
f 602/602/602 601/601/601 598/598/598
f 596/596/596 602/602/602 598/598/598
f 602/602/602 596/596/596 595/595/595
f 601/601/601 602/602/602 599/599/599
f 599/599/599 602/602/602 595/595/595
f 605/605/605 604/604/604 603/603/603
f 606/606/606 605/605/605 603/603/603
f 606/606/606 603/603/603 607/607/607
f 606/606/606 608/608/608 605/605/605
f 608/608/608 609/609/609 605/605/605
f 609/609/609 608/608/608 610/610/610
f 611/611/611 606/606/606 607/607/607
f 611/611/611 607/607/607 612/612/612
f 608/608/608 613/613/613 610/610/610
f 614/614/614 610/610/610 613/613/613
f 615/615/615 608/608/608 606/606/606
f 611/611/611 615/615/615 606/606/606
f 608/608/608 615/615/615 613/613/613
f 616/616/616 611/611/611 612/612/612
f 616/616/616 612/612/612 240/240/240
f 616/616/616 617/617/617 611/611/611
f 617/617/617 615/615/615 611/611/611
f 617/617/617 616/616/616 240/240/240
f 618/618/618 614/614/614 613/613/613
f 619/619/619 614/614/614 618/618/618
f 615/615/615 620/620/620 613/613/613
f 618/618/618 613/613/613 620/620/620
f 615/615/615 617/617/617 620/620/620
f 621/621/621 617/617/617 240/240/240
f 621/621/621 240/240/240 242/242/242
f 619/619/619 618/618/618 622/622/622
f 622/622/622 618/618/618 620/620/620
f 617/617/617 623/623/623 620/620/620
f 617/617/617 621/621/621 623/623/623
f 622/622/622 620/620/620 623/623/623
f 624/624/624 621/621/621 242/242/242
f 624/624/624 242/242/242 243/243/243
f 619/619/619 622/622/622 625/625/625
f 625/625/625 626/626/626 619/619/619
f 621/621/621 627/627/627 623/623/623
f 621/621/621 624/624/624 627/627/627
f 628/628/628 624/624/624 243/243/243
f 628/628/628 243/243/243 491/491/491
f 629/629/629 622/622/622 623/623/623
f 622/622/622 629/629/629 625/625/625
f 630/630/630 626/626/626 625/625/625
f 626/626/626 630/630/630 631/631/631
f 624/624/624 632/632/632 627/627/627
f 624/624/624 628/628/628 632/632/632
f 627/627/627 633/633/633 623/623/623
f 623/623/623 633/633/633 629/629/629
f 627/627/627 632/632/632 633/633/633
f 629/629/629 634/634/634 625/625/625
f 630/630/630 625/625/625 634/634/634
f 631/631/631 630/630/630 635/635/635
f 631/631/631 635/635/635 636/636/636
f 633/633/633 637/637/637 629/629/629
f 634/634/634 629/629/629 637/637/637
f 638/638/638 634/634/634 637/637/637
f 634/634/634 639/639/639 630/630/630
f 630/630/630 639/639/639 635/635/635
f 634/634/634 638/638/638 639/639/639
f 635/635/635 640/640/640 636/636/636
f 635/635/635 639/639/639 640/640/640
f 636/636/636 640/640/640 641/641/641
f 639/639/639 642/642/642 640/640/640
f 640/640/640 642/642/642 641/641/641
f 639/639/639 638/638/638 642/642/642
f 642/642/642 643/643/643 641/641/641
f 642/642/642 644/644/644 643/643/643
f 638/638/638 644/644/644 642/642/642
f 644/644/644 645/645/645 643/643/643
f 633/633/633 646/646/646 637/637/637
f 632/632/632 646/646/646 633/633/633
f 644/644/644 647/647/647 645/645/645
f 647/647/647 648/648/648 645/645/645
f 649/649/649 638/638/638 637/637/637
f 646/646/646 649/649/649 637/637/637
f 632/632/632 650/650/650 646/646/646
f 628/628/628 650/650/650 632/632/632
f 651/651/651 650/650/650 628/628/628
f 652/652/652 651/651/651 628/628/628
f 653/653/653 650/650/650 651/651/651
f 650/650/650 653/653/653 646/646/646
f 646/646/646 653/653/653 649/649/649
f 652/652/652 628/628/628 491/491/491
f 491/491/491 490/490/490 652/652/652
f 638/638/638 654/654/654 644/644/644
f 654/654/654 647/647/647 644/644/644
f 649/649/649 655/655/655 638/638/638
f 653/653/653 655/655/655 649/649/649
f 655/655/655 654/654/654 638/638/638
f 652/652/652 490/490/490 656/656/656
f 651/651/651 652/652/652 656/656/656
f 653/653/653 657/657/657 655/655/655
f 657/657/657 653/653/653 651/651/651
f 657/657/657 651/651/651 658/658/658
f 657/657/657 659/659/659 655/655/655
f 655/655/655 659/659/659 654/654/654
f 657/657/657 658/658/658 659/659/659
f 654/654/654 660/660/660 647/647/647
f 659/659/659 660/660/660 654/654/654
f 660/660/660 659/659/659 661/661/661
f 660/660/660 662/662/662 647/647/647
f 660/660/660 661/661/661 662/662/662
f 647/647/647 662/662/662 648/648/648
f 662/662/662 663/663/663 648/648/648
f 662/662/662 664/664/664 663/663/663
f 661/661/661 664/664/664 662/662/662
f 665/665/665 664/664/664 661/661/661
f 658/658/658 666/666/666 659/659/659
f 659/659/659 666/666/666 661/661/661
f 667/667/667 665/665/665 661/661/661
f 668/668/668 665/665/665 667/667/667
f 661/661/661 666/666/666 669/669/669
f 667/667/667 661/661/661 669/669/669
f 670/670/670 666/666/666 658/658/658
f 670/670/670 669/669/669 666/666/666
f 667/667/667 669/669/669 671/671/671
f 670/670/670 672/672/672 669/669/669
f 672/672/672 671/671/671 669/669/669
f 673/673/673 668/668/668 667/667/667
f 673/673/673 667/667/667 671/671/671
f 668/668/668 673/673/673 674/674/674
f 674/674/674 673/673/673 671/671/671
f 675/675/675 674/674/674 671/671/671
f 674/674/674 675/675/675 676/676/676
f 677/677/677 668/668/668 674/674/674
f 678/678/678 668/668/668 677/677/677
f 679/679/679 674/674/674 676/676/676
f 677/677/677 674/674/674 679/679/679
f 678/678/678 677/677/677 680/680/680
f 680/680/680 677/677/677 679/679/679
f 681/681/681 678/678/678 680/680/680
f 679/679/679 676/676/676 682/682/682
f 682/682/682 676/676/676 683/683/683
f 682/682/682 683/683/683 684/684/684
f 683/683/683 685/685/685 684/684/684
f 684/684/684 685/685/685 686/686/686
f 687/687/687 679/679/679 682/682/682
f 679/679/679 687/687/687 680/680/680
f 687/687/687 682/682/682 684/684/684
f 680/680/680 688/688/688 681/681/681
f 687/687/687 688/688/688 680/680/680
f 688/688/688 689/689/689 681/681/681
f 687/687/687 690/690/690 688/688/688
f 690/690/690 687/687/687 684/684/684
f 690/690/690 684/684/684 691/691/691
f 689/689/689 688/688/688 692/692/692
f 690/690/690 692/692/692 688/688/688
f 690/690/690 691/691/691 692/692/692
f 693/693/693 689/689/689 692/692/692
f 692/692/692 694/694/694 693/693/693
f 691/691/691 694/694/694 692/692/692
f 694/694/694 695/695/695 693/693/693
f 695/695/695 694/694/694 696/696/696
f 696/696/696 694/694/694 691/691/691
f 697/697/697 695/695/695 696/696/696
f 698/698/698 697/697/697 696/696/696
f 684/684/684 699/699/699 691/691/691
f 699/699/699 684/684/684 686/686/686
f 691/691/691 699/699/699 700/700/700
f 700/700/700 699/699/699 686/686/686
f 701/701/701 696/696/696 691/691/691
f 701/701/701 691/691/691 700/700/700
f 702/702/702 698/698/698 696/696/696
f 702/702/702 696/696/696 701/701/701
f 703/703/703 700/700/700 686/686/686
f 686/686/686 704/704/704 703/703/703
f 703/703/703 704/704/704 705/705/705
f 706/706/706 701/701/701 700/700/700
f 706/706/706 702/702/702 701/701/701
f 702/702/702 707/707/707 698/698/698
f 707/707/707 708/708/708 698/698/698
f 709/709/709 703/703/703 705/705/705
f 709/709/709 705/705/705 710/710/710
f 711/711/711 700/700/700 703/703/703
f 709/709/709 711/711/711 703/703/703
f 711/711/711 706/706/706 700/700/700
f 706/706/706 712/712/712 702/702/702
f 712/712/712 707/707/707 702/702/702
f 707/707/707 713/713/713 708/708/708
f 713/713/713 714/714/714 708/708/708
f 715/715/715 709/709/709 710/710/710
f 709/709/709 715/715/715 711/711/711
f 711/711/711 716/716/716 706/706/706
f 716/716/716 712/712/712 706/706/706
f 715/715/715 716/716/716 711/711/711
f 712/712/712 717/717/717 707/707/707
f 717/717/717 712/712/712 716/716/716
f 717/717/717 713/713/713 707/707/707
f 713/713/713 718/718/718 714/714/714
f 718/718/718 719/719/719 714/714/714
f 719/719/719 718/718/718 720/720/720
f 718/718/718 713/713/713 721/721/721
f 713/713/713 717/717/717 721/721/721
f 718/718/718 721/721/721 720/720/720
f 722/722/722 717/717/717 716/716/716
f 716/716/716 715/715/715 722/722/722
f 721/721/721 717/717/717 722/722/722
f 715/715/715 710/710/710 723/723/723
f 715/715/715 723/723/723 722/722/722
f 710/710/710 724/724/724 723/723/723
f 725/725/725 721/721/721 722/722/722
f 721/721/721 725/725/725 720/720/720
f 722/722/722 723/723/723 725/725/725
f 723/723/723 724/724/724 726/726/726
f 723/723/723 726/726/726 725/725/725
f 725/725/725 726/726/726 720/720/720
f 724/724/724 727/727/727 726/726/726
f 726/726/726 727/727/727 720/720/720
f 730/730/730 729/729/729 728/728/728
f 729/729/729 731/731/731 728/728/728
f 734/734/734 733/733/733 732/732/732
f 735/735/735 734/734/734 732/732/732
f 736/736/736 735/735/735 732/732/732
f 737/737/737 736/736/736 732/732/732
f 735/735/735 738/738/738 734/734/734
f 735/735/735 736/736/736 738/738/738
f 736/736/736 737/737/737 739/739/739
f 737/737/737 740/740/740 739/739/739
f 740/740/740 741/741/741 739/739/739
f 736/736/736 742/742/742 738/738/738
f 736/736/736 739/739/739 742/742/742
f 738/738/738 743/743/743 734/734/734
f 738/738/738 742/742/742 744/744/744
f 743/743/743 738/738/738 744/744/744
f 743/743/743 745/745/745 734/734/734
f 745/745/745 746/746/746 734/734/734
f 743/743/743 744/744/744 747/747/747
f 747/747/747 745/745/745 743/743/743
f 746/746/746 745/745/745 748/748/748
f 749/749/749 746/746/746 748/748/748
f 750/750/750 749/749/749 748/748/748
f 747/747/747 751/751/751 745/745/745
f 748/748/748 745/745/745 751/751/751
f 750/750/750 748/748/748 752/752/752
f 750/750/750 752/752/752 753/753/753
f 748/748/748 754/754/754 752/752/752
f 748/748/748 751/751/751 754/754/754
f 755/755/755 753/753/753 752/752/752
f 755/755/755 752/752/752 754/754/754
f 756/756/756 753/753/753 755/755/755
f 757/757/757 755/755/755 754/754/754
f 756/756/756 755/755/755 757/757/757
f 757/757/757 754/754/754 751/751/751
f 758/758/758 756/756/756 757/757/757
f 758/758/758 757/757/757 759/759/759
f 757/757/757 760/760/760 759/759/759
f 760/760/760 757/757/757 751/751/751
f 761/761/761 759/759/759 760/760/760
f 762/762/762 760/760/760 751/751/751
f 762/762/762 761/761/761 760/760/760
f 762/762/762 751/751/751 747/747/747
f 763/763/763 761/761/761 762/762/762
f 747/747/747 764/764/764 762/762/762
f 764/764/764 763/763/763 762/762/762
f 765/765/765 763/763/763 764/764/764
f 747/747/747 744/744/744 764/764/764
f 766/766/766 765/765/765 764/764/764
f 744/744/744 766/766/766 764/764/764
f 767/767/767 765/765/765 766/766/766
f 744/744/744 768/768/768 766/766/766
f 742/742/742 768/768/768 744/744/744
f 769/769/769 767/767/767 766/766/766
f 770/770/770 767/767/767 769/769/769
f 742/742/742 771/771/771 768/768/768
f 739/739/739 771/771/771 742/742/742
f 768/768/768 772/772/772 766/766/766
f 772/772/772 769/769/769 766/766/766
f 771/771/771 772/772/772 768/768/768
f 739/739/739 773/773/773 771/771/771
f 741/741/741 773/773/773 739/739/739
f 771/771/771 774/774/774 772/772/772
f 773/773/773 774/774/774 771/771/771
f 769/769/769 772/772/772 775/775/775
f 774/774/774 775/775/775 772/772/772
f 776/776/776 770/770/770 769/769/769
f 776/776/776 769/769/769 775/775/775
f 773/773/773 741/741/741 777/777/777
f 741/741/741 778/778/778 777/777/777
f 777/777/777 778/778/778 779/779/779
f 780/780/780 774/774/774 773/773/773
f 775/775/775 774/774/774 780/780/780
f 777/777/777 780/780/780 773/773/773
f 781/781/781 777/777/777 779/779/779
f 777/777/777 781/781/781 780/780/780
f 782/782/782 775/775/775 780/780/780
f 776/776/776 775/775/775 782/782/782
f 783/783/783 770/770/770 776/776/776
f 770/770/770 783/783/783 784/784/784
f 785/785/785 784/784/784 783/783/783
f 781/781/781 779/779/779 786/786/786
f 779/779/779 787/787/787 786/786/786
f 787/787/787 788/788/788 786/786/786
f 781/781/781 789/789/789 780/780/780
f 782/782/782 780/780/780 789/789/789
f 781/781/781 786/786/786 790/790/790
f 789/789/789 781/781/781 790/790/790
f 786/786/786 788/788/788 790/790/790
f 791/791/791 776/776/776 782/782/782
f 783/783/783 776/776/776 791/791/791
f 792/792/792 782/782/782 789/789/789
f 792/792/792 789/789/789 790/790/790
f 782/782/782 792/792/792 791/791/791
f 793/793/793 785/785/785 783/783/783
f 794/794/794 785/785/785 793/793/793
f 795/795/795 783/783/783 791/791/791
f 792/792/792 795/795/795 791/791/791
f 795/795/795 793/793/793 783/783/783
f 792/792/792 790/790/790 796/796/796
f 796/796/796 790/790/790 788/788/788
f 792/792/792 796/796/796 795/795/795
f 794/794/794 793/793/793 797/797/797
f 788/788/788 794/794/794 797/797/797
f 793/793/793 795/795/795 797/797/797
f 796/796/796 788/788/788 797/797/797
f 796/796/796 797/797/797 795/795/795
f 800/800/800 799/799/799 798/798/798
f 801/801/801 800/800/800 798/798/798
f 801/801/801 798/798/798 802/802/802
f 798/798/798 803/803/803 802/802/802
f 802/802/802 803/803/803 804/804/804
f 805/805/805 802/802/802 804/804/804
f 805/805/805 804/804/804 806/806/806
f 807/807/807 805/805/805 806/806/806
f 807/807/807 806/806/806 808/808/808
f 811/811/811 810/810/810 809/809/809
f 812/812/812 811/811/811 809/809/809
f 812/812/812 809/809/809 813/813/813
f 814/814/814 812/812/812 813/813/813
f 814/814/814 813/813/813 815/815/815
f 816/816/816 814/814/814 815/815/815
f 816/816/816 815/815/815 817/817/817
f 811/811/811 812/812/812 818/818/818
f 814/814/814 819/819/819 812/812/812
f 819/819/819 818/818/818 812/812/812
f 816/816/816 820/820/820 814/814/814
f 820/820/820 819/819/819 814/814/814
f 821/821/821 811/811/811 818/818/818
f 822/822/822 811/811/811 821/821/821
f 823/823/823 822/822/822 821/821/821
f 822/822/822 823/823/823 824/824/824
f 825/825/825 816/816/816 817/817/817
f 826/826/826 820/820/820 816/816/816
f 825/825/825 826/826/826 816/816/816
f 827/827/827 825/825/825 817/817/817
f 828/828/828 827/827/827 817/817/817
f 829/829/829 826/826/826 825/825/825
f 827/827/827 829/829/829 825/825/825
f 827/827/827 828/828/828 830/830/830
f 827/827/827 830/830/830 829/829/829
f 828/828/828 831/831/831 830/830/830
f 820/820/820 826/826/826 832/832/832
f 832/832/832 826/826/826 829/829/829
f 830/830/830 831/831/831 833/833/833
f 831/831/831 834/834/834 833/833/833
f 835/835/835 833/833/833 834/834/834
f 830/830/830 836/836/836 829/829/829
f 830/830/830 833/833/833 836/836/836
f 837/837/837 820/820/820 832/832/832
f 819/819/819 820/820/820 837/837/837
f 838/838/838 819/819/819 837/837/837
f 819/819/819 838/838/838 818/818/818
f 835/835/835 839/839/839 833/833/833
f 833/833/833 839/839/839 836/836/836
f 839/839/839 835/835/835 840/840/840
f 836/836/836 839/839/839 840/840/840
f 841/841/841 829/829/829 836/836/836
f 841/841/841 832/832/832 829/829/829
f 842/842/842 837/837/837 832/832/832
f 837/837/837 842/842/842 838/838/838
f 838/838/838 843/843/843 818/818/818
f 818/818/818 843/843/843 821/821/821
f 844/844/844 840/840/840 835/835/835
f 844/844/844 835/835/835 845/845/845
f 846/846/846 836/836/836 840/840/840
f 846/846/846 840/840/840 844/844/844
f 846/846/846 841/841/841 836/836/836
f 847/847/847 844/844/844 845/845/845
f 847/847/847 846/846/846 844/844/844
f 848/848/848 847/847/847 845/845/845
f 848/848/848 849/849/849 847/847/847
f 847/847/847 850/850/850 846/846/846
f 849/849/849 850/850/850 847/847/847
f 850/850/850 841/841/841 846/846/846
f 849/849/849 851/851/851 850/850/850
f 850/850/850 852/852/852 841/841/841
f 851/851/851 852/852/852 850/850/850
f 852/852/852 832/832/832 841/841/841
f 852/852/852 842/842/842 832/832/832
f 842/842/842 852/852/852 851/851/851
f 853/853/853 842/842/842 851/851/851
f 854/854/854 842/842/842 853/853/853
f 842/842/842 854/854/854 838/838/838
f 855/855/855 854/854/854 853/853/853
f 843/843/843 838/838/838 854/854/854
f 856/856/856 854/854/854 855/855/855
f 856/856/856 843/843/843 854/854/854
f 856/856/856 857/857/857 843/843/843
f 858/858/858 856/856/856 855/855/855
f 857/857/857 856/856/856 858/858/858
f 859/859/859 857/857/857 858/858/858
f 859/859/859 860/860/860 857/857/857
f 857/857/857 861/861/861 843/843/843
f 843/843/843 861/861/861 821/821/821
f 821/821/821 861/861/861 862/862/862
f 862/862/862 861/861/861 857/857/857
f 823/823/823 821/821/821 862/862/862
f 863/863/863 857/857/857 860/860/860
f 863/863/863 862/862/862 857/857/857
f 863/863/863 860/860/860 864/864/864
f 863/863/863 864/864/864 862/862/862
f 864/864/864 865/865/865 862/862/862
f 823/823/823 862/862/862 865/865/865
f 865/865/865 864/864/864 866/866/866
f 867/867/867 823/823/823 865/865/865
f 867/867/867 865/865/865 866/866/866
f 823/823/823 867/867/867 824/824/824
f 867/867/867 866/866/866 868/868/868
f 867/867/867 868/868/868 824/824/824
f 868/868/868 866/866/866 869/869/869
f 868/868/868 869/869/869 870/870/870
f 871/871/871 868/868/868 870/870/870
f 868/868/868 872/872/872 824/824/824
f 868/868/868 871/871/871 872/872/872
f 871/871/871 870/870/870 873/873/873
f 870/870/870 874/874/874 873/873/873
f 874/874/874 875/875/875 873/873/873
f 875/875/875 876/876/876 873/873/873
f 877/877/877 876/876/876 875/875/875
f 873/873/873 878/878/878 871/871/871
f 876/876/876 879/879/879 873/873/873
f 879/879/879 878/878/878 873/873/873
f 877/877/877 880/880/880 876/876/876
f 880/880/880 879/879/879 876/876/876
f 871/871/871 881/881/881 872/872/872
f 878/878/878 881/881/881 871/871/871
f 872/872/872 881/881/881 882/882/882
f 878/878/878 882/882/882 881/881/881
f 872/872/872 883/883/883 824/824/824
f 883/883/883 872/872/872 882/882/882
f 883/883/883 884/884/884 824/824/824
f 824/824/824 884/884/884 885/885/885
f 886/886/886 880/880/880 877/877/877
f 887/887/887 886/886/886 877/877/877
f 888/888/888 883/883/883 882/882/882
f 883/883/883 888/888/888 884/884/884
f 884/884/884 889/889/889 885/885/885
f 885/885/885 889/889/889 890/890/890
f 891/891/891 886/886/886 887/887/887
f 892/892/892 891/891/891 887/887/887
f 893/893/893 891/891/891 892/892/892
f 894/894/894 893/893/893 892/892/892
f 893/893/893 894/894/894 895/895/895
f 896/896/896 893/893/893 895/895/895
f 897/897/897 896/896/896 895/895/895
f 898/898/898 896/896/896 897/897/897
f 898/898/898 899/899/899 896/896/896
f 896/896/896 899/899/899 893/893/893
f 898/898/898 900/900/900 899/899/899
f 893/893/893 901/901/901 891/891/891
f 899/899/899 901/901/901 893/893/893
f 900/900/900 902/902/902 899/899/899
f 901/901/901 899/899/899 902/902/902
f 900/900/900 903/903/903 902/902/902
f 891/891/891 904/904/904 886/886/886
f 901/901/901 904/904/904 891/891/891
f 905/905/905 901/901/901 902/902/902
f 901/901/901 905/905/905 904/904/904
f 903/903/903 906/906/906 902/902/902
f 902/902/902 906/906/906 905/905/905
f 903/903/903 907/907/907 906/906/906
f 904/904/904 908/908/908 886/886/886
f 886/886/886 908/908/908 880/880/880
f 905/905/905 909/909/909 904/904/904
f 904/904/904 909/909/909 908/908/908
f 906/906/906 910/910/910 905/905/905
f 905/905/905 910/910/910 909/909/909
f 911/911/911 906/906/906 907/907/907
f 910/910/910 906/906/906 911/911/911
f 908/908/908 912/912/912 880/880/880
f 880/880/880 912/912/912 879/879/879
f 909/909/909 913/913/913 908/908/908
f 908/908/908 913/913/913 912/912/912
f 914/914/914 911/911/911 907/907/907
f 914/914/914 907/907/907 915/915/915
f 910/910/910 916/916/916 909/909/909
f 909/909/909 916/916/916 913/913/913
f 917/917/917 910/910/910 911/911/911
f 917/917/917 911/911/911 914/914/914
f 910/910/910 917/917/917 916/916/916
f 912/912/912 918/918/918 879/879/879
f 879/879/879 918/918/918 878/878/878
f 919/919/919 914/914/914 915/915/915
f 915/915/915 920/920/920 919/919/919
f 921/921/921 917/917/917 914/914/914
f 922/922/922 914/914/914 919/919/919
f 917/917/917 921/921/921 923/923/923
f 917/917/917 923/923/923 916/916/916
f 921/921/921 924/924/924 923/923/923
f 920/920/920 925/925/925 919/919/919
f 920/920/920 926/926/926 925/925/925
f 927/927/927 922/922/922 919/919/919
f 919/919/919 925/925/925 927/927/927
f 928/928/928 922/922/922 927/927/927
f 916/916/916 923/923/923 929/929/929
f 916/916/916 929/929/929 913/913/913
f 923/923/923 924/924/924 930/930/930
f 923/923/923 930/930/930 929/929/929
f 924/924/924 931/931/931 930/930/930
f 925/925/925 926/926/926 932/932/932
f 933/933/933 932/932/932 926/926/926
f 913/913/913 929/929/929 934/934/934
f 913/913/913 934/934/934 912/912/912
f 912/912/912 934/934/934 918/918/918
f 935/935/935 930/930/930 931/931/931
f 936/936/936 935/935/935 931/931/931
f 937/937/937 935/935/935 936/936/936
f 938/938/938 929/929/929 930/930/930
f 929/929/929 938/938/938 934/934/934
f 935/935/935 938/938/938 930/930/930
f 934/934/934 939/939/939 918/918/918
f 934/934/934 938/938/938 939/939/939
f 940/940/940 938/938/938 935/935/935
f 937/937/937 940/940/940 935/935/935
f 938/938/938 940/940/940 939/939/939
f 932/932/932 933/933/933 941/941/941
f 941/941/941 933/933/933 942/942/942
f 943/943/943 918/918/918 939/939/939
f 918/918/918 943/943/943 878/878/878
f 878/878/878 943/943/943 882/882/882
f 944/944/944 941/941/941 942/942/942
f 944/944/944 942/942/942 945/945/945
f 946/946/946 944/944/944 945/945/945
f 947/947/947 946/946/946 945/945/945
f 948/948/948 941/941/941 944/944/944
f 948/948/948 944/944/944 946/946/946
f 949/949/949 946/946/946 947/947/947
f 949/949/949 948/948/948 946/946/946
f 950/950/950 949/949/949 947/947/947
f 951/951/951 949/949/949 950/950/950
f 951/951/951 948/948/948 949/949/949
f 951/951/951 952/952/952 948/948/948
f 953/953/953 951/951/951 950/950/950
f 948/948/948 954/954/954 941/941/941
f 948/948/948 952/952/952 954/954/954
f 932/932/932 941/941/941 954/954/954
f 955/955/955 951/951/951 953/953/953
f 955/955/955 952/952/952 951/951/951
f 956/956/956 955/955/955 953/953/953
f 932/932/932 954/954/954 957/957/957
f 954/954/954 952/952/952 957/957/957
f 958/958/958 955/955/955 956/956/956
f 959/959/959 958/958/958 956/956/956
f 959/959/959 960/960/960 958/958/958
f 960/960/960 961/961/961 958/958/958
f 958/958/958 962/962/962 955/955/955
f 961/961/961 962/962/962 958/958/958
f 962/962/962 963/963/963 955/955/955
f 955/955/955 963/963/963 952/952/952
f 962/962/962 964/964/964 963/963/963
f 964/964/964 962/962/962 961/961/961
f 963/963/963 965/965/965 952/952/952
f 964/964/964 965/965/965 963/963/963
f 966/966/966 932/932/932 957/957/957
f 925/925/925 932/932/932 966/966/966
f 925/925/925 966/966/966 927/927/927
f 927/927/927 966/966/966 967/967/967
f 957/957/957 967/967/967 966/966/966
f 952/952/952 968/968/968 957/957/957
f 965/965/965 968/968/968 952/952/952
f 927/927/927 967/967/967 969/969/969
f 928/928/928 927/927/927 969/969/969
f 970/970/970 928/928/928 969/969/969
f 971/971/971 967/967/967 957/957/957
f 968/968/968 971/971/971 957/957/957
f 971/971/971 969/969/969 967/967/967
f 972/972/972 970/970/970 969/969/969
f 971/971/971 972/972/972 969/969/969
f 973/973/973 970/970/970 972/972/972
f 965/965/965 974/974/974 968/968/968
f 974/974/974 971/971/971 968/968/968
f 975/975/975 972/972/972 971/971/971
f 975/975/975 973/973/973 972/972/972
f 974/974/974 975/975/975 971/971/971
f 975/975/975 976/976/976 973/973/973
f 975/975/975 974/974/974 976/976/976
f 976/976/976 937/937/937 973/973/973
f 977/977/977 974/974/974 965/965/965
f 974/974/974 977/977/977 976/976/976
f 976/976/976 977/977/977 978/978/978
f 964/964/964 977/977/977 965/965/965
f 978/978/978 977/977/977 964/964/964
f 979/979/979 978/978/978 964/964/964
f 979/979/979 964/964/964 961/961/961
f 979/979/979 980/980/980 978/978/978
f 979/979/979 961/961/961 980/980/980
f 937/937/937 976/976/976 981/981/981
f 937/937/937 981/981/981 982/982/982
f 982/982/982 981/981/981 983/983/983
f 940/940/940 937/937/937 982/982/982
f 984/984/984 940/940/940 982/982/982
f 984/984/984 939/939/939 940/940/940
f 976/976/976 985/985/985 981/981/981
f 981/981/981 985/985/985 983/983/983
f 986/986/986 984/984/984 982/982/982
f 983/983/983 986/986/986 982/982/982
f 987/987/987 939/939/939 984/984/984
f 943/943/943 939/939/939 987/987/987
f 986/986/986 988/988/988 984/984/984
f 984/984/984 989/989/989 987/987/987
f 984/984/984 988/988/988 989/989/989
f 943/943/943 987/987/987 990/990/990
f 989/989/989 990/990/990 987/987/987
f 990/990/990 989/989/989 991/991/991
f 943/943/943 990/990/990 992/992/992
f 943/943/943 992/992/992 882/882/882
f 992/992/992 888/888/888 882/882/882
f 992/992/992 990/990/990 888/888/888
f 990/990/990 991/991/991 888/888/888
f 986/986/986 983/983/983 993/993/993
f 986/986/986 993/993/993 988/988/988
f 989/989/989 988/988/988 994/994/994
f 989/989/989 994/994/994 991/991/991
f 988/988/988 995/995/995 994/994/994
f 993/993/993 996/996/996 988/988/988
f 994/994/994 995/995/995 997/997/997
f 994/994/994 997/997/997 991/991/991
f 995/995/995 998/998/998 997/997/997
f 998/998/998 999/999/999 997/997/997
f 996/996/996 993/993/993 1000/1000/1000
f 1001/1001/1001 996/996/996 1000/1000/1000
f 999/999/999 1002/1002/1002 997/997/997
f 999/999/999 1003/1003/1003 1002/1002/1002
f 983/983/983 1004/1004/1004 993/993/993
f 1000/1000/1000 993/993/993 1004/1004/1004
f 1000/1000/1000 1005/1005/1005 1001/1001/1001
f 1005/1005/1005 1006/1006/1006 1001/1001/1001
f 1007/1007/1007 1000/1000/1000 1004/1004/1004
f 1000/1000/1000 1007/1007/1007 1005/1005/1005
f 1004/1004/1004 983/983/983 1008/1008/1008
f 1004/1004/1004 1008/1008/1008 1007/1007/1007
f 1009/1009/1009 997/997/997 1002/1002/1002
f 997/997/997 1009/1009/1009 991/991/991
f 1009/1009/1009 1010/1010/1010 991/991/991
f 1010/1010/1010 1009/1009/1009 1011/1011/1011
f 1009/1009/1009 1012/1012/1012 1011/1011/1011
f 1012/1012/1012 1009/1009/1009 1002/1002/1002
f 1013/1013/1013 1011/1011/1011 1012/1012/1012
f 1002/1002/1002 1014/1014/1014 1012/1012/1012
f 1013/1013/1013 1012/1012/1012 1014/1014/1014
f 1002/1002/1002 1015/1015/1015 1014/1014/1014
f 1003/1003/1003 1015/1015/1015 1002/1002/1002
f 1016/1016/1016 1013/1013/1013 1014/1014/1014
f 1016/1016/1016 1014/1014/1014 1015/1015/1015
f 1016/1016/1016 1017/1017/1017 1013/1013/1013
f 1016/1016/1016 1015/1015/1015 1018/1018/1018
f 1015/1015/1015 1003/1003/1003 1018/1018/1018
f 1017/1017/1017 1016/1016/1016 1019/1019/1019
f 1019/1019/1019 1016/1016/1016 1018/1018/1018
f 1020/1020/1020 1017/1017/1017 1019/1019/1019
f 1020/1020/1020 1019/1019/1019 1021/1021/1021
f 1022/1022/1022 1020/1020/1020 1021/1021/1021
f 1023/1023/1023 1022/1022/1022 1021/1021/1021
f 1003/1003/1003 1024/1024/1024 1018/1018/1018
f 1024/1024/1024 1003/1003/1003 1025/1025/1025
f 1026/1026/1026 1025/1025/1025 1003/1003/1003
f 1026/1026/1026 1027/1027/1027 1025/1025/1025
f 1024/1024/1024 1028/1028/1028 1018/1018/1018
f 1025/1025/1025 1028/1028/1028 1024/1024/1024
f 1027/1027/1027 1029/1029/1029 1025/1025/1025
f 1025/1025/1025 1029/1029/1029 1028/1028/1028
f 1028/1028/1028 1029/1029/1029 1030/1030/1030
f 1027/1027/1027 1031/1031/1031 1029/1029/1029
f 1028/1028/1028 1032/1032/1032 1018/1018/1018
f 1019/1019/1019 1018/1018/1018 1032/1032/1032
f 1032/1032/1032 1028/1028/1028 1030/1030/1030
f 1031/1031/1031 1033/1033/1033 1029/1029/1029
f 1029/1029/1029 1033/1033/1033 1030/1030/1030
f 1031/1031/1031 1034/1034/1034 1033/1033/1033
f 1033/1033/1033 1034/1034/1034 1035/1035/1035
f 1019/1019/1019 1032/1032/1032 1036/1036/1036
f 1032/1032/1032 1030/1030/1030 1036/1036/1036
f 1019/1019/1019 1036/1036/1036 1021/1021/1021
f 1021/1021/1021 1036/1036/1036 1037/1037/1037
f 1030/1030/1030 1037/1037/1037 1036/1036/1036
f 1033/1033/1033 1035/1035/1035 1038/1038/1038
f 1030/1030/1030 1033/1033/1033 1038/1038/1038
f 1021/1021/1021 1037/1037/1037 1039/1039/1039
f 1023/1023/1023 1021/1021/1021 1039/1039/1039
f 1039/1039/1039 1040/1040/1040 1023/1023/1023
f 1040/1040/1040 1041/1041/1041 1023/1023/1023
f 1040/1040/1040 1042/1042/1042 1041/1041/1041
f 1043/1043/1043 1040/1040/1040 1039/1039/1039
f 1043/1043/1043 1042/1042/1042 1040/1040/1040
f 1043/1043/1043 1039/1039/1039 1037/1037/1037
f 1043/1043/1043 1044/1044/1044 1042/1042/1042
f 1044/1044/1044 1043/1043/1043 1045/1045/1045
f 1043/1043/1043 1037/1037/1037 1045/1045/1045
f 1035/1035/1035 1046/1046/1046 1038/1038/1038
f 1035/1035/1035 1047/1047/1047 1046/1046/1046
f 1047/1047/1047 1048/1048/1048 1046/1046/1046
f 1030/1030/1030 1038/1038/1038 1049/1049/1049
f 1030/1030/1030 1049/1049/1049 1037/1037/1037
f 1038/1038/1038 1046/1046/1046 1050/1050/1050
f 1038/1038/1038 1050/1050/1050 1049/1049/1049
f 1050/1050/1050 1046/1046/1046 1048/1048/1048
f 1037/1037/1037 1049/1049/1049 1050/1050/1050
f 1051/1051/1051 1050/1050/1050 1048/1048/1048
f 1037/1037/1037 1050/1050/1050 1051/1051/1051
f 1052/1052/1052 1051/1051/1051 1048/1048/1048
f 1053/1053/1053 1037/1037/1037 1051/1051/1051
f 1052/1052/1052 1053/1053/1053 1051/1051/1051
f 1056/1056/1056 1055/1055/1055 1054/1054/1054
f 1056/1056/1056 1057/1057/1057 1055/1055/1055
f 1057/1057/1057 1058/1058/1058 1055/1055/1055
f 1059/1059/1059 1058/1058/1058 1057/1057/1057
f 1060/1060/1060 1059/1059/1059 1057/1057/1057
f 1060/1060/1060 1061/1061/1061 1059/1059/1059
f 1061/1061/1061 1062/1062/1062 1059/1059/1059
f 1063/1063/1063 1062/1062/1062 1061/1061/1061
f 1064/1064/1064 1063/1063/1063 1061/1061/1061
f 1065/1065/1065 1063/1063/1063 1064/1064/1064
f 1066/1066/1066 1065/1065/1065 1064/1064/1064
f 1067/1067/1067 1065/1065/1065 1066/1066/1066
f 1068/1068/1068 1067/1067/1067 1066/1066/1066
f 1071/1071/1071 1070/1070/1070 1069/1069/1069
f 1070/1070/1070 1072/1072/1072 1069/1069/1069
f 1070/1070/1070 1073/1073/1073 1072/1072/1072
f 1069/1069/1069 1072/1072/1072 1074/1074/1074
f 1073/1073/1073 1075/1075/1075 1072/1072/1072
f 1072/1072/1072 1076/1076/1076 1074/1074/1074
f 1072/1072/1072 1075/1075/1075 1076/1076/1076
f 1075/1075/1075 1077/1077/1077 1076/1076/1076
f 1076/1076/1076 1077/1077/1077 1078/1078/1078
f 1076/1076/1076 1079/1079/1079 1074/1074/1074
f 1076/1076/1076 1078/1078/1078 1079/1079/1079
f 1079/1079/1079 1078/1078/1078 1080/1080/1080
f 1081/1081/1081 1079/1079/1079 1080/1080/1080
f 1081/1081/1081 1080/1080/1080 1082/1082/1082
f 1080/1080/1080 1083/1083/1083 1082/1082/1082
f 1082/1082/1082 1083/1083/1083 1084/1084/1084
f 1083/1083/1083 1085/1085/1085 1084/1084/1084
f 1086/1086/1086 1084/1084/1084 1085/1085/1085
f 1087/1087/1087 1086/1086/1086 1085/1085/1085
f 1086/1086/1086 1087/1087/1087 1088/1088/1088
f 1087/1087/1087 1089/1089/1089 1088/1088/1088
f 1090/1090/1090 1088/1088/1088 1089/1089/1089
f 1091/1091/1091 1090/1090/1090 1089/1089/1089
f 1091/1091/1091 1092/1092/1092 1090/1090/1090
f 1086/1086/1086 1088/1088/1088 1093/1093/1093
f 1090/1090/1090 1093/1093/1093 1088/1088/1088
f 1086/1086/1086 1094/1094/1094 1084/1084/1084
f 1094/1094/1094 1086/1086/1086 1093/1093/1093
f 1082/1082/1082 1084/1084/1084 1095/1095/1095
f 1094/1094/1094 1095/1095/1095 1084/1084/1084
f 1081/1081/1081 1082/1082/1082 1096/1096/1096
f 1096/1096/1096 1082/1082/1082 1095/1095/1095
f 1092/1092/1092 1097/1097/1097 1090/1090/1090
f 1098/1098/1098 1097/1097/1097 1092/1092/1092
f 1097/1097/1097 1099/1099/1099 1090/1090/1090
f 1099/1099/1099 1100/1100/1100 1090/1090/1090
f 1101/1101/1101 1093/1093/1093 1090/1090/1090
f 1100/1100/1100 1101/1101/1101 1090/1090/1090
f 1102/1102/1102 1093/1093/1093 1101/1101/1101
f 1101/1101/1101 1100/1100/1100 1102/1102/1102
f 1094/1094/1094 1093/1093/1093 1102/1102/1102
f 1100/1100/1100 1103/1103/1103 1102/1102/1102
f 1102/1102/1102 1103/1103/1103 1104/1104/1104
f 1104/1104/1104 1094/1094/1094 1102/1102/1102
f 1103/1103/1103 1105/1105/1105 1104/1104/1104
f 1105/1105/1105 1106/1106/1106 1104/1104/1104
f 1104/1104/1104 1107/1107/1107 1094/1094/1094
f 1106/1106/1106 1107/1107/1107 1104/1104/1104
f 1107/1107/1107 1095/1095/1095 1094/1094/1094
f 1107/1107/1107 1106/1106/1106 1108/1108/1108
f 1095/1095/1095 1107/1107/1107 1108/1108/1108
f 1096/1096/1096 1095/1095/1095 1108/1108/1108
f 1096/1096/1096 1108/1108/1108 1109/1109/1109
f 1110/1110/1110 1096/1096/1096 1109/1109/1109
f 1110/1110/1110 1081/1081/1081 1096/1096/1096
f 1110/1110/1110 1109/1109/1109 1111/1111/1111
f 1081/1081/1081 1110/1110/1110 1112/1112/1112
f 1113/1113/1113 1110/1110/1110 1111/1111/1111
f 1110/1110/1110 1113/1113/1113 1112/1112/1112
f 1113/1113/1113 1111/1111/1111 1114/1114/1114
f 1112/1112/1112 1113/1113/1113 1115/1115/1115
f 1116/1116/1116 1113/1113/1113 1114/1114/1114
f 1113/1113/1113 1116/1116/1116 1115/1115/1115
f 1116/1116/1116 1114/1114/1114 1117/1117/1117
f 1115/1115/1115 1116/1116/1116 1118/1118/1118
f 1118/1118/1118 1116/1116/1116 1117/1117/1117
f 1119/1119/1119 1115/1115/1115 1118/1118/1118
f 1118/1118/1118 1117/1117/1117 1120/1120/1120
f 1119/1119/1119 1118/1118/1118 1121/1121/1121
f 1122/1122/1122 1118/1118/1118 1120/1120/1120
f 1118/1118/1118 1122/1122/1122 1121/1121/1121
f 1120/1120/1120 1123/1123/1123 1122/1122/1122
f 1121/1121/1121 1122/1122/1122 1124/1124/1124
f 1123/1123/1123 1124/1124/1124 1122/1122/1122
f 1125/1125/1125 1121/1121/1121 1124/1124/1124
f 1123/1123/1123 1126/1126/1126 1124/1124/1124
f 1125/1125/1125 1124/1124/1124 1127/1127/1127
f 1126/1126/1126 1127/1127/1127 1124/1124/1124
f 1128/1128/1128 1125/1125/1125 1127/1127/1127
f 1126/1126/1126 1129/1129/1129 1127/1127/1127
f 1128/1128/1128 1127/1127/1127 1130/1130/1130
f 1129/1129/1129 1131/1131/1131 1127/1127/1127
f 1127/1127/1127 1131/1131/1131 1130/1130/1130
f 1131/1131/1131 1129/1129/1129 1132/1132/1132
f 1133/1133/1133 1130/1130/1130 1131/1131/1131
f 1134/1134/1134 1131/1131/1131 1132/1132/1132
f 1134/1134/1134 1133/1133/1133 1131/1131/1131
f 1134/1134/1134 1132/1132/1132 1135/1135/1135
f 1134/1134/1134 1135/1135/1135 1133/1133/1133
f 1138/1138/1138 1137/1137/1137 1136/1136/1136
f 1139/1139/1139 1138/1138/1138 1136/1136/1136
f 1140/1140/1140 1138/1138/1138 1139/1139/1139
f 1141/1141/1141 1140/1140/1140 1139/1139/1139
f 1140/1140/1140 1141/1141/1141 1142/1142/1142
f 1141/1141/1141 1143/1143/1143 1142/1142/1142
f 1144/1144/1144 1142/1142/1142 1143/1143/1143
f 1145/1145/1145 1144/1144/1144 1143/1143/1143
f 1144/1144/1144 1145/1145/1145 1146/1146/1146
f 1149/1149/1149 1148/1148/1148 1147/1147/1147
f 1149/1149/1149 1147/1147/1147 1150/1150/1150
f 1147/1147/1147 1151/1151/1151 1150/1150/1150
f 1150/1150/1150 1151/1151/1151 1152/1152/1152
f 1153/1153/1153 1150/1150/1150 1152/1152/1152
f 1153/1153/1153 1152/1152/1152 1154/1154/1154
f 1155/1155/1155 1153/1153/1153 1154/1154/1154
f 1155/1155/1155 1154/1154/1154 1156/1156/1156
f 1154/1154/1154 1157/1157/1157 1156/1156/1156
f 1160/1160/1160 1159/1159/1159 1158/1158/1158
f 1160/1160/1160 1161/1161/1161 1159/1159/1159
f 1161/1161/1161 1162/1162/1162 1159/1159/1159
f 1161/1161/1161 1163/1163/1163 1162/1162/1162
f 1163/1163/1163 1164/1164/1164 1162/1162/1162
f 1165/1165/1165 1164/1164/1164 1163/1163/1163
f 1166/1166/1166 1165/1165/1165 1163/1163/1163
f 1166/1166/1166 1167/1167/1167 1165/1165/1165
f 1167/1167/1167 1168/1168/1168 1165/1165/1165
f 1167/1167/1167 1169/1169/1169 1168/1168/1168
f 1169/1169/1169 1170/1170/1170 1168/1168/1168
f 1173/1173/1173 1172/1172/1172 1171/1171/1171
f 1171/1171/1171 1174/1174/1174 1173/1173/1173
f 1174/1174/1174 1175/1175/1175 1173/1173/1173
f 1175/1175/1175 1174/1174/1174 1176/1176/1176
f 1177/1177/1177 1175/1175/1175 1176/1176/1176
f 1176/1176/1176 1178/1178/1178 1177/1177/1177
f 1178/1178/1178 1179/1179/1179 1177/1177/1177
f 1179/1179/1179 1178/1178/1178 1180/1180/1180
f 1181/1181/1181 1179/1179/1179 1180/1180/1180
f 1181/1181/1181 1180/1180/1180 1182/1182/1182
f 1180/1180/1180 1183/1183/1183 1182/1182/1182
f 1182/1182/1182 1183/1183/1183 1184/1184/1184
f 1185/1185/1185 1183/1183/1183 1180/1180/1180
f 1183/1183/1183 1185/1185/1185 1184/1184/1184
f 1185/1185/1185 1186/1186/1186 1184/1184/1184
f 1186/1186/1186 1187/1187/1187 1184/1184/1184
f 1187/1187/1187 1188/1188/1188 1184/1184/1184
f 1188/1188/1188 1187/1187/1187 1189/1189/1189
f 1190/1190/1190 1182/1182/1182 1184/1184/1184
f 1188/1188/1188 1191/1191/1191 1184/1184/1184
f 1191/1191/1191 1190/1190/1190 1184/1184/1184
f 1192/1192/1192 1188/1188/1188 1189/1189/1189
f 1191/1191/1191 1188/1188/1188 1192/1192/1192
f 1193/1193/1193 1191/1191/1191 1192/1192/1192
f 1190/1190/1190 1191/1191/1191 1194/1194/1194
f 1195/1195/1195 1182/1182/1182 1190/1190/1190
f 1190/1190/1190 1194/1194/1194 1195/1195/1195
f 1195/1195/1195 1196/1196/1196 1182/1182/1182
f 1197/1197/1197 1196/1196/1196 1195/1195/1195
f 1197/1197/1197 1195/1195/1195 1198/1198/1198
f 1199/1199/1199 1198/1198/1198 1195/1195/1195
f 1194/1194/1194 1199/1199/1199 1195/1195/1195
f 1194/1194/1194 1200/1200/1200 1199/1199/1199
f 1194/1194/1194 1201/1201/1201 1200/1200/1200
f 1201/1201/1201 1202/1202/1202 1200/1200/1200
f 1201/1201/1201 1203/1203/1203 1202/1202/1202
f 1203/1203/1203 1204/1204/1204 1202/1202/1202
f 1205/1205/1205 1204/1204/1204 1203/1203/1203
f 1206/1206/1206 1205/1205/1205 1203/1203/1203
f 1206/1206/1206 1207/1207/1207 1205/1205/1205
f 1207/1207/1207 1208/1208/1208 1205/1205/1205
f 1207/1207/1207 1209/1209/1209 1208/1208/1208
f 1212/1212/1212 1211/1211/1211 1210/1210/1210
f 1212/1212/1212 1213/1213/1213 1211/1211/1211
f 1212/1212/1212 1214/1214/1214 1213/1213/1213
f 1217/1217/1217 1216/1216/1216 1215/1215/1215
f 1218/1218/1218 1217/1217/1217 1215/1215/1215
f 1219/1219/1219 1217/1217/1217 1218/1218/1218
f 1220/1220/1220 1219/1219/1219 1218/1218/1218
f 1219/1219/1219 1220/1220/1220 1221/1221/1221
f 1220/1220/1220 1222/1222/1222 1221/1221/1221
f 1221/1221/1221 1222/1222/1222 1223/1223/1223
f 1218/1218/1218 1215/1215/1215 1224/1224/1224
f 1220/1220/1220 1218/1218/1218 1225/1225/1225
f 1225/1225/1225 1218/1218/1218 1224/1224/1224
f 1226/1226/1226 1220/1220/1220 1225/1225/1225
f 1220/1220/1220 1226/1226/1226 1222/1222/1222
f 1224/1224/1224 1215/1215/1215 1227/1227/1227
f 1215/1215/1215 1228/1228/1228 1227/1227/1227
f 1226/1226/1226 1225/1225/1225 1229/1229/1229
f 1229/1229/1229 1225/1225/1225 1224/1224/1224
f 1229/1229/1229 1224/1224/1224 1230/1230/1230
f 1231/1231/1231 1230/1230/1230 1224/1224/1224
f 1227/1227/1227 1231/1231/1231 1224/1224/1224
f 1232/1232/1232 1226/1226/1226 1229/1229/1229
f 1233/1233/1233 1231/1231/1231 1227/1227/1227
f 1234/1234/1234 1227/1227/1227 1228/1228/1228
f 1234/1234/1234 1233/1233/1233 1227/1227/1227
f 1235/1235/1235 1234/1234/1234 1228/1228/1228
f 1235/1235/1235 1236/1236/1236 1234/1234/1234
f 1237/1237/1237 1226/1226/1226 1232/1232/1232
f 1226/1226/1226 1237/1237/1237 1222/1222/1222
f 1238/1238/1238 1237/1237/1237 1232/1232/1232
f 1234/1234/1234 1239/1239/1239 1233/1233/1233
f 1236/1236/1236 1239/1239/1239 1234/1234/1234
f 1239/1239/1239 1240/1240/1240 1233/1233/1233
f 1236/1236/1236 1241/1241/1241 1239/1239/1239
f 1239/1239/1239 1242/1242/1242 1240/1240/1240
f 1241/1241/1241 1242/1242/1242 1239/1239/1239
f 1242/1242/1242 1243/1243/1243 1240/1240/1240
f 1241/1241/1241 1244/1244/1244 1242/1242/1242
f 1242/1242/1242 1245/1245/1245 1243/1243/1243
f 1244/1244/1244 1245/1245/1245 1242/1242/1242
f 1245/1245/1245 1246/1246/1246 1243/1243/1243
f 1244/1244/1244 1247/1247/1247 1245/1245/1245
f 1245/1245/1245 1248/1248/1248 1246/1246/1246
f 1247/1247/1247 1248/1248/1248 1245/1245/1245
f 1248/1248/1248 1249/1249/1249 1246/1246/1246
f 1247/1247/1247 1250/1250/1250 1248/1248/1248
f 1249/1249/1249 1248/1248/1248 1251/1251/1251
f 1250/1250/1250 1251/1251/1251 1248/1248/1248
f 1252/1252/1252 1249/1249/1249 1251/1251/1251
f 1250/1250/1250 1253/1253/1253 1251/1251/1251
f 1252/1252/1252 1251/1251/1251 1253/1253/1253
f 1256/1256/1256 1255/1255/1255 1254/1254/1254
f 1255/1255/1255 1257/1257/1257 1254/1254/1254
f 1258/1258/1258 1254/1254/1254 1257/1257/1257
f 1259/1259/1259 1258/1258/1258 1257/1257/1257
f 1259/1259/1259 1260/1260/1260 1258/1258/1258
f 1260/1260/1260 1261/1261/1261 1258/1258/1258
f 1261/1261/1261 1260/1260/1260 1262/1262/1262
f 1263/1263/1263 1261/1261/1261 1262/1262/1262
f 1263/1263/1263 1262/1262/1262 1264/1264/1264
f 1265/1265/1265 1263/1263/1263 1264/1264/1264
f 1265/1265/1265 1264/1264/1264 1266/1266/1266
f 1264/1264/1264 1267/1267/1267 1266/1266/1266
f 1266/1266/1266 1267/1267/1267 1268/1268/1268
f 1269/1269/1269 1266/1266/1266 1268/1268/1268
f 1269/1269/1269 1268/1268/1268 1270/1270/1270
f 1273/1273/1273 1272/1272/1272 1271/1271/1271
f 1274/1274/1274 1271/1271/1271 1272/1272/1272
f 1275/1275/1275 1274/1274/1274 1272/1272/1272
f 1275/1275/1275 1276/1276/1276 1274/1274/1274
f 1275/1275/1275 1277/1277/1277 1276/1276/1276
f 1276/1276/1276 1277/1277/1277 1278/1278/1278
f 1279/1279/1279 1278/1278/1278 1277/1277/1277
f 1280/1280/1280 1279/1279/1279 1277/1277/1277
f 1279/1279/1279 1280/1280/1280 1281/1281/1281
f 1282/1282/1282 1279/1279/1279 1281/1281/1281
f 1282/1282/1282 1281/1281/1281 1283/1283/1283
f 1281/1281/1281 1284/1284/1284 1283/1283/1283
f 1285/1285/1285 1283/1283/1283 1284/1284/1284
f 1286/1286/1286 1285/1285/1285 1284/1284/1284
f 1286/1286/1286 1287/1287/1287 1285/1285/1285
f 1290/1290/1290 1289/1289/1289 1288/1288/1288
f 1288/1288/1288 1289/1289/1289 1291/1291/1291
f 1288/1288/1288 1291/1291/1291 1292/1292/1292
f 1292/1292/1292 1291/1291/1291 1293/1293/1293
f 1296/1296/1296 1295/1295/1295 1294/1294/1294
f 1294/1294/1294 1295/1295/1295 1297/1297/1297
f 1295/1295/1295 1298/1298/1298 1297/1297/1297
f 1299/1299/1299 1297/1297/1297 1298/1298/1298
f 1300/1300/1300 1299/1299/1299 1298/1298/1298
f 1299/1299/1299 1300/1300/1300 1301/1301/1301
f 1301/1301/1301 1302/1302/1302 1299/1299/1299
f 1303/1303/1303 1302/1302/1302 1301/1301/1301
f 1304/1304/1304 1303/1303/1303 1301/1301/1301
f 1299/1299/1299 1305/1305/1305 1297/1297/1297
f 1306/1306/1306 1297/1297/1297 1305/1305/1305
f 1307/1307/1307 1299/1299/1299 1302/1302/1302
f 1305/1305/1305 1299/1299/1299 1307/1307/1307
f 1308/1308/1308 1306/1306/1306 1305/1305/1305
f 1308/1308/1308 1309/1309/1309 1306/1306/1306
f 1310/1310/1310 1305/1305/1305 1307/1307/1307
f 1308/1308/1308 1305/1305/1305 1310/1310/1310
f 1308/1308/1308 1311/1311/1311 1309/1309/1309
f 1311/1311/1311 1308/1308/1308 1310/1310/1310
f 1309/1309/1309 1311/1311/1311 1312/1312/1312
f 1312/1312/1312 1311/1311/1311 1313/1313/1313
f 1311/1311/1311 1310/1310/1310 1313/1313/1313
f 1314/1314/1314 1313/1313/1313 1310/1310/1310
f 1307/1307/1307 1314/1314/1314 1310/1310/1310
f 1307/1307/1307 1302/1302/1302 1314/1314/1314
f 363/363/363 1303/1303/1303 1304/1304/1304
f 361/361/361 363/363/363 1304/1304/1304
f 1315/1315/1315 361/361/361 1304/1304/1304
f 363/363/363 1316/1316/1316 1303/1303/1303
f 1302/1302/1302 1303/1303/1303 1316/1316/1316
f 1317/1317/1317 1316/1316/1316 363/363/363
f 1317/1317/1317 363/363/363 365/365/365
f 1318/1318/1318 1317/1317/1317 365/365/365
f 1317/1317/1317 1318/1318/1318 1319/1319/1319
f 1316/1316/1316 1317/1317/1317 1319/1319/1319
f 1320/1320/1320 1316/1316/1316 1319/1319/1319
f 1320/1320/1320 1302/1302/1302 1316/1316/1316
f 1302/1302/1302 1320/1320/1320 1321/1321/1321
f 1322/1322/1322 1320/1320/1320 1319/1319/1319
f 1321/1321/1321 1320/1320/1320 1322/1322/1322
f 1323/1323/1323 1321/1321/1321 1322/1322/1322
f 1321/1321/1321 1323/1323/1323 1324/1324/1324
f 1325/1325/1325 1302/1302/1302 1321/1321/1321
f 1326/1326/1326 1302/1302/1302 1325/1325/1325
f 1327/1327/1327 1326/1326/1326 1325/1325/1325
f 1328/1328/1328 1327/1327/1327 1325/1325/1325
f 1328/1328/1328 1325/1325/1325 1321/1321/1321
f 1329/1329/1329 1327/1327/1327 1328/1328/1328
f 1330/1330/1330 1321/1321/1321 1324/1324/1324
f 1330/1330/1330 1328/1328/1328 1321/1321/1321
f 1330/1330/1330 1324/1324/1324 1331/1331/1331
f 1332/1332/1332 1329/1329/1329 1328/1328/1328
f 1332/1332/1332 1328/1328/1328 1330/1330/1330
f 1332/1332/1332 1333/1333/1333 1329/1329/1329
f 1333/1333/1333 1334/1334/1334 1331/1331/1331
f 1334/1334/1334 1330/1330/1330 1331/1331/1331
f 1332/1332/1332 1334/1334/1334 1333/1333/1333
f 1334/1334/1334 1332/1332/1332 1330/1330/1330
f 1337/1337/1337 1336/1336/1336 1335/1335/1335
f 1337/1337/1337 1335/1335/1335 1338/1338/1338
f 1335/1335/1335 1339/1339/1339 1338/1338/1338
f 1340/1340/1340 1338/1338/1338 1339/1339/1339
f 1341/1341/1341 1340/1340/1340 1339/1339/1339
f 1341/1341/1341 1342/1342/1342 1340/1340/1340
f 1343/1343/1343 1338/1338/1338 1340/1340/1340
f 1344/1344/1344 1338/1338/1338 1343/1343/1343
f 1345/1345/1345 1344/1344/1344 1343/1343/1343
f 1344/1344/1344 1345/1345/1345 1346/1346/1346
f 1347/1347/1347 1343/1343/1343 1340/1340/1340
f 1347/1347/1347 1340/1340/1340 1348/1348/1348
f 1342/1342/1342 1348/1348/1348 1340/1340/1340
f 1349/1349/1349 1347/1347/1347 1348/1348/1348
f 1349/1349/1349 1348/1348/1348 1350/1350/1350
f 1348/1348/1348 1342/1342/1342 1351/1351/1351
f 1348/1348/1348 1351/1351/1351 1350/1350/1350
f 1350/1350/1350 1351/1351/1351 1352/1352/1352
f 1342/1342/1342 1353/1353/1353 1351/1351/1351
f 1351/1351/1351 1354/1354/1354 1352/1352/1352
f 1351/1351/1351 1353/1353/1353 1354/1354/1354
f 1355/1355/1355 1352/1352/1352 1354/1354/1354
f 1355/1355/1355 1354/1354/1354 1356/1356/1356
f 1357/1357/1357 1356/1356/1356 1354/1354/1354
f 1353/1353/1353 1358/1358/1358 1354/1354/1354
f 1357/1357/1357 1354/1354/1354 1358/1358/1358
f 1353/1353/1353 1359/1359/1359 1358/1358/1358
f 1360/1360/1360 1357/1357/1357 1358/1358/1358
f 1360/1360/1360 1358/1358/1358 1359/1359/1359
f 1362/1362/1362 890/890/890 1361/1361/1361
f 890/890/890 1363/1363/1363 1361/1361/1361
f 1361/1361/1361 1363/1363/1363 1364/1364/1364
f 890/890/890 1365/1365/1365 1363/1363/1363
f 889/889/889 1365/1365/1365 890/890/890
f 1365/1365/1365 889/889/889 1366/1366/1366
f 1366/1366/1366 889/889/889 884/884/884
f 1367/1367/1367 1366/1366/1366 884/884/884
f 888/888/888 1367/1367/1367 884/884/884
f 888/888/888 991/991/991 1367/1367/1367
f 991/991/991 1368/1368/1368 1367/1367/1367
f 1367/1367/1367 1368/1368/1368 1366/1366/1366
f 1368/1368/1368 1369/1369/1369 1366/1366/1366
f 1370/1370/1370 1366/1366/1366 1369/1369/1369
f 1370/1370/1370 1365/1365/1365 1366/1366/1366
f 1371/1371/1371 1370/1370/1370 1369/1369/1369
f 1365/1365/1365 1372/1372/1372 1363/1363/1363
f 1372/1372/1372 1365/1365/1365 1370/1370/1370
f 1373/1373/1373 1370/1370/1370 1371/1371/1371
f 1373/1373/1373 1372/1372/1372 1370/1370/1370
f 1374/1374/1374 1373/1373/1373 1371/1371/1371
f 1363/1363/1363 1372/1372/1372 1375/1375/1375
f 1363/1363/1363 1375/1375/1375 1364/1364/1364
f 1376/1376/1376 1373/1373/1373 1374/1374/1374
f 1376/1376/1376 1374/1374/1374 1377/1377/1377
f 1378/1378/1378 1372/1372/1372 1373/1373/1373
f 1372/1372/1372 1378/1378/1378 1375/1375/1375
f 1376/1376/1376 1378/1378/1378 1373/1373/1373
f 1364/1364/1364 1375/1375/1375 1379/1379/1379
f 1375/1375/1375 1378/1378/1378 1379/1379/1379
f 1380/1380/1380 1376/1376/1376 1377/1377/1377
f 1380/1380/1380 1377/1377/1377 1381/1381/1381
f 1382/1382/1382 1378/1378/1378 1376/1376/1376
f 1378/1378/1378 1382/1382/1382 1379/1379/1379
f 1380/1380/1380 1382/1382/1382 1376/1376/1376
f 1383/1383/1383 1364/1364/1364 1379/1379/1379
f 1383/1383/1383 1384/1384/1384 1364/1364/1364
f 1379/1379/1379 1385/1385/1385 1383/1383/1383
f 1379/1379/1379 1382/1382/1382 1385/1385/1385
f 1385/1385/1385 1386/1386/1386 1383/1383/1383
f 1387/1387/1387 1380/1380/1380 1381/1381/1381
f 1387/1387/1387 1381/1381/1381 1388/1388/1388
f 1389/1389/1389 1382/1382/1382 1380/1380/1380
f 1382/1382/1382 1389/1389/1389 1385/1385/1385
f 1389/1389/1389 1380/1380/1380 1387/1387/1387
f 1385/1385/1385 1390/1390/1390 1386/1386/1386
f 1385/1385/1385 1389/1389/1389 1390/1390/1390
f 1390/1390/1390 1391/1391/1391 1386/1386/1386
f 1390/1390/1390 1392/1392/1392 1391/1391/1391
f 1389/1389/1389 1393/1393/1393 1390/1390/1390
f 1393/1393/1393 1389/1389/1389 1387/1387/1387
f 1393/1393/1393 1392/1392/1392 1390/1390/1390
f 1394/1394/1394 1387/1387/1387 1388/1388/1388
f 1393/1393/1393 1387/1387/1387 1394/1394/1394
f 1393/1393/1393 1394/1394/1394 1392/1392/1392
f 1394/1394/1394 1388/1388/1388 1395/1395/1395
f 1394/1394/1394 1395/1395/1395 1392/1392/1392
f 1398/1398/1398 1397/1397/1397 1396/1396/1396
f 1398/1398/1398 1399/1399/1399 1397/1397/1397
f 1399/1399/1399 1400/1400/1400 1397/1397/1397
f 1399/1399/1399 1401/1401/1401 1400/1400/1400
f 1401/1401/1401 1402/1402/1402 1400/1400/1400
f 1402/1402/1402 1401/1401/1401 1403/1403/1403
f 1402/1402/1402 1403/1403/1403 1404/1404/1404
f 1405/1405/1405 1404/1404/1404 1403/1403/1403
f 1406/1406/1406 1405/1405/1405 1403/1403/1403
f 1409/1409/1409 1408/1408/1408 1407/1407/1407
f 1410/1410/1410 1409/1409/1409 1407/1407/1407
f 1407/1407/1407 1411/1411/1411 1410/1410/1410
f 1407/1407/1407 1412/1412/1412 1411/1411/1411
f 1413/1413/1413 1411/1411/1411 1412/1412/1412
f 1414/1414/1414 1413/1413/1413 1412/1412/1412
f 1413/1413/1413 1414/1414/1414 1415/1415/1415
f 1416/1416/1416 1413/1413/1413 1415/1415/1415
f 1417/1417/1417 1416/1416/1416 1415/1415/1415
f 1418/1418/1418 1417/1417/1417 1415/1415/1415
f 1419/1419/1419 1417/1417/1417 1418/1418/1418
f 1420/1420/1420 1419/1419/1419 1418/1418/1418
f 1419/1419/1419 1420/1420/1420 1421/1421/1421
f 1422/1422/1422 1419/1419/1419 1421/1421/1421
f 1423/1423/1423 1422/1422/1422 1421/1421/1421
f 1423/1423/1423 1421/1421/1421 1424/1424/1424
f 1423/1423/1423 1424/1424/1424 1425/1425/1425
f 1423/1423/1423 1425/1425/1425 1426/1426/1426
f 1427/1427/1427 1426/1426/1426 1425/1425/1425
f 1427/1427/1427 1428/1428/1428 1426/1426/1426
f 1428/1428/1428 1427/1427/1427 1429/1429/1429
f 1432/1432/1432 1431/1431/1431 1430/1430/1430
f 1433/1433/1433 1430/1430/1430 1431/1431/1431
f 1434/1434/1434 1433/1433/1433 1431/1431/1431
f 1433/1433/1433 1434/1434/1434 1435/1435/1435
f 1435/1435/1435 1434/1434/1434 1436/1436/1436
f 1435/1435/1435 1436/1436/1436 1437/1437/1437
f 1438/1438/1438 1435/1435/1435 1437/1437/1437
f 1439/1439/1439 1438/1438/1438 1437/1437/1437
f 1440/1440/1440 1438/1438/1438 1439/1439/1439
f 1441/1441/1441 1439/1439/1439 1437/1437/1437
f 1442/1442/1442 1441/1441/1441 1437/1437/1437
f 1442/1442/1442 1443/1443/1443 1441/1441/1441
f 1443/1443/1443 1444/1444/1444 1441/1441/1441
f 1444/1444/1444 1439/1439/1439 1441/1441/1441
f 1444/1444/1444 1445/1445/1445 1439/1439/1439
f 1446/1446/1446 1439/1439/1439 1445/1445/1445
f 1447/1447/1447 1440/1440/1440 1439/1439/1439
f 1446/1446/1446 1447/1447/1447 1439/1439/1439
f 1448/1448/1448 1440/1440/1440 1447/1447/1447
f 1449/1449/1449 1447/1447/1447 1446/1446/1446
f 1450/1450/1450 1448/1448/1448 1447/1447/1447
f 1449/1449/1449 1450/1450/1450 1447/1447/1447
f 1448/1448/1448 1450/1450/1450 1451/1451/1451
f 1450/1450/1450 1449/1449/1449 1452/1452/1452
f 1450/1450/1450 1453/1453/1453 1451/1451/1451
f 1450/1450/1450 1452/1452/1452 1453/1453/1453
f 1454/1454/1454 1451/1451/1451 1453/1453/1453
f 1455/1455/1455 1453/1453/1453 1452/1452/1452
f 1456/1456/1456 1454/1454/1454 1453/1453/1453
f 1455/1455/1455 1456/1456/1456 1453/1453/1453
f 1454/1454/1454 1456/1456/1456 1457/1457/1457
f 1456/1456/1456 1455/1455/1455 1458/1458/1458
f 1456/1456/1456 1458/1458/1458 1457/1457/1457
f 1459/1459/1459 1457/1457/1457 1458/1458/1458
f 1459/1459/1459 1458/1458/1458 1460/1460/1460
f 1461/1461/1461 1459/1459/1459 1460/1460/1460
f 1462/1462/1462 1461/1461/1461 1460/1460/1460
f 1463/1463/1463 1461/1461/1461 1462/1462/1462
f 1463/1463/1463 1464/1464/1464 1461/1461/1461
f 1463/1463/1463 1465/1465/1465 1464/1464/1464
f 1468/1468/1468 1467/1467/1467 1466/1466/1466
f 1466/1466/1466 1467/1467/1467 1469/1469/1469
f 1470/1470/1470 1466/1466/1466 1469/1469/1469
f 1471/1471/1471 1470/1470/1470 1469/1469/1469
f 1471/1471/1471 1469/1469/1469 1472/1472/1472
f 1471/1471/1471 1472/1472/1472 1473/1473/1473
f 1476/1476/1476 1475/1475/1475 1474/1474/1474
f 1477/1477/1477 1475/1475/1475 1476/1476/1476
f 1477/1477/1477 1476/1476/1476 1478/1478/1478
f 1478/1478/1478 1479/1479/1479 1477/1477/1477
f 1478/1478/1478 1480/1480/1480 1479/1479/1479
f 1480/1480/1480 1481/1481/1481 1479/1479/1479
f 1480/1480/1480 1482/1482/1482 1481/1481/1481
f 1483/1483/1483 1481/1481/1481 1482/1482/1482
f 1483/1483/1483 1482/1482/1482 1484/1484/1484
f 1485/1485/1485 1483/1483/1483 1484/1484/1484
f 1485/1485/1485 1486/1486/1486 1483/1483/1483
f 1486/1486/1486 1485/1485/1485 1487/1487/1487
f 1486/1486/1486 1487/1487/1487 1488/1488/1488
f 1488/1488/1488 1487/1487/1487 1489/1489/1489
f 1492/1492/1492 1491/1491/1491 1490/1490/1490
f 1493/1493/1493 1492/1492/1492 1490/1490/1490
f 1493/1493/1493 1490/1490/1490 1494/1494/1494
f 1493/1493/1493 1494/1494/1494 1495/1495/1495
f 1496/1496/1496 1493/1493/1493 1495/1495/1495
f 1496/1496/1496 1495/1495/1495 1497/1497/1497
f 1498/1498/1498 1496/1496/1496 1497/1497/1497
f 1498/1498/1498 1497/1497/1497 1499/1499/1499
f 1500/1500/1500 1498/1498/1498 1499/1499/1499
f 1503/1503/1503 1502/1502/1502 1501/1501/1501
f 1504/1504/1504 1502/1502/1502 1503/1503/1503
f 1504/1504/1504 1503/1503/1503 1505/1505/1505
f 1506/1506/1506 1504/1504/1504 1505/1505/1505
f 1506/1506/1506 1505/1505/1505 1507/1507/1507
f 1507/1507/1507 1508/1508/1508 1506/1506/1506
f 1507/1507/1507 1509/1509/1509 1508/1508/1508
f 1508/1508/1508 1509/1509/1509 1510/1510/1510
f 1508/1508/1508 1510/1510/1510 1511/1511/1511
f 1511/1511/1511 1510/1510/1510 1512/1512/1512
f 1515/1515/1515 1514/1514/1514 1513/1513/1513
f 1515/1515/1515 1516/1516/1516 1514/1514/1514
f 1516/1516/1516 1517/1517/1517 1514/1514/1514
f 1518/1518/1518 1517/1517/1517 1516/1516/1516
f 1519/1519/1519 1518/1518/1518 1516/1516/1516
f 1520/1520/1520 1518/1518/1518 1519/1519/1519
f 1521/1521/1521 1520/1520/1520 1519/1519/1519
f 1521/1521/1521 1522/1522/1522 1520/1520/1520
f 1525/1525/1525 1524/1524/1524 1523/1523/1523
f 1524/1524/1524 1526/1526/1526 1523/1523/1523
f 1527/1527/1527 1523/1523/1523 1526/1526/1526
f 1527/1527/1527 1528/1528/1528 1523/1523/1523
f 1531/1531/1531 1530/1530/1530 1529/1529/1529
f 1531/1531/1531 1532/1532/1532 1530/1530/1530
f 1532/1532/1532 1533/1533/1533 1530/1530/1530
f 1531/1531/1531 1534/1534/1534 1532/1532/1532
f 1531/1531/1531 1535/1535/1535 1534/1534/1534
f 1536/1536/1536 1534/1534/1534 1535/1535/1535
f 1532/1532/1532 1537/1537/1537 1533/1533/1533
f 1537/1537/1537 1532/1532/1532 1534/1534/1534
f 1537/1537/1537 1538/1538/1538 1533/1533/1533
f 1536/1536/1536 1539/1539/1539 1534/1534/1534
f 1540/1540/1540 1539/1539/1539 1536/1536/1536
f 1540/1540/1540 1541/1541/1541 1539/1539/1539
f 1542/1542/1542 1534/1534/1534 1539/1539/1539
f 1537/1537/1537 1534/1534/1534 1542/1542/1542
f 1543/1543/1543 1539/1539/1539 1541/1541/1541
f 1542/1542/1542 1539/1539/1539 1543/1543/1543
f 1543/1543/1543 1541/1541/1541 1544/1544/1544
f 1537/1537/1537 1542/1542/1542 1545/1545/1545
f 1543/1543/1543 1545/1545/1545 1542/1542/1542
f 1544/1544/1544 1546/1546/1546 1543/1543/1543
f 1543/1543/1543 1546/1546/1546 1545/1545/1545
f 1544/1544/1544 1547/1547/1547 1546/1546/1546
f 1537/1537/1537 1548/1548/1548 1538/1538/1538
f 1537/1537/1537 1545/1545/1545 1548/1548/1548
f 1547/1547/1547 1549/1549/1549 1546/1546/1546
f 1547/1547/1547 1550/1550/1550 1549/1549/1549
f 1546/1546/1546 1551/1551/1551 1545/1545/1545
f 1548/1548/1548 1545/1545/1545 1551/1551/1551
f 1546/1546/1546 1549/1549/1549 1551/1551/1551
f 1538/1538/1538 1548/1548/1548 1552/1552/1552
f 1548/1548/1548 1551/1551/1551 1552/1552/1552
f 1538/1538/1538 1552/1552/1552 1553/1553/1553
f 1554/1554/1554 1553/1553/1553 1552/1552/1552
f 1552/1552/1552 1551/1551/1551 1555/1555/1555
f 1555/1555/1555 1551/1551/1551 1549/1549/1549
f 1552/1552/1552 1555/1555/1555 1554/1554/1554
f 1556/1556/1556 1549/1549/1549 1550/1550/1550
f 1556/1556/1556 1555/1555/1555 1549/1549/1549
f 1557/1557/1557 1556/1556/1556 1550/1550/1550
f 1556/1556/1556 1557/1557/1557 1558/1558/1558
f 1556/1556/1556 1558/1558/1558 1555/1555/1555
f 1558/1558/1558 1557/1557/1557 1559/1559/1559
f 1554/1554/1554 1555/1555/1555 1560/1560/1560
f 1558/1558/1558 1560/1560/1560 1555/1555/1555
f 1561/1561/1561 1554/1554/1554 1560/1560/1560
f 1561/1561/1561 1560/1560/1560 1562/1562/1562
f 1558/1558/1558 1559/1559/1559 1563/1563/1563
f 1558/1558/1558 1563/1563/1563 1560/1560/1560
f 1563/1563/1563 1562/1562/1562 1560/1560/1560
f 1559/1559/1559 1564/1564/1564 1563/1563/1563
f 1563/1563/1563 1565/1565/1565 1562/1562/1562
f 1563/1563/1563 1564/1564/1564 1565/1565/1565
f 1568/1568/1568 1567/1567/1567 1566/1566/1566
f 1567/1567/1567 1569/1569/1569 1566/1566/1566
f 1569/1569/1569 1570/1570/1570 1566/1566/1566
f 1571/1571/1571 1570/1570/1570 1569/1569/1569
f 1571/1571/1571 1572/1572/1572 1570/1570/1570
f 1573/1573/1573 1572/1572/1572 1571/1571/1571
f 1574/1574/1574 1573/1573/1573 1571/1571/1571
f 1575/1575/1575 1573/1573/1573 1574/1574/1574
f 1573/1573/1573 1575/1575/1575 1576/1576/1576
f 1576/1576/1576 1575/1575/1575 1577/1577/1577
f 1575/1575/1575 1578/1578/1578 1577/1577/1577
f 1575/1575/1575 1574/1574/1574 1578/1578/1578
f 1578/1578/1578 1574/1574/1574 1579/1579/1579
f 1578/1578/1578 1579/1579/1579 1580/1580/1580
f 1580/1580/1580 1579/1579/1579 1581/1581/1581
f 1582/1582/1582 1580/1580/1580 1581/1581/1581
f 1581/1581/1581 1583/1583/1583 1582/1582/1582
f 1583/1583/1583 1584/1584/1584 1582/1582/1582
f 1583/1583/1583 1585/1585/1585 1584/1584/1584
f 1583/1583/1583 1586/1586/1586 1585/1585/1585
f 1587/1587/1587 1585/1585/1585 1586/1586/1586
f 1587/1587/1587 1588/1588/1588 1585/1585/1585
f 1589/1589/1589 1585/1585/1585 1588/1588/1588
f 1589/1589/1589 1588/1588/1588 1590/1590/1590
f 1588/1588/1588 1591/1591/1591 1590/1590/1590
f 1587/1587/1587 1591/1591/1591 1588/1588/1588
f 1587/1587/1587 1592/1592/1592 1591/1591/1591
f 1593/1593/1593 1591/1591/1591 1592/1592/1592
f 1593/1593/1593 1592/1592/1592 1594/1594/1594
f 1594/1594/1594 1595/1595/1595 1593/1593/1593
f 1595/1595/1595 1594/1594/1594 1596/1596/1596
f 1595/1595/1595 1596/1596/1596 1597/1597/1597
f 1600/1600/1600 1599/1599/1599 1598/1598/1598
f 1601/1601/1601 1599/1599/1599 1600/1600/1600
f 1601/1601/1601 1602/1602/1602 1599/1599/1599
f 1603/1603/1603 1602/1602/1602 1601/1601/1601
f 1603/1603/1603 1601/1601/1601 1604/1604/1604
f 1603/1603/1603 1604/1604/1604 1605/1605/1605
f 1603/1603/1603 1605/1605/1605 1606/1606/1606
f 1605/1605/1605 1607/1607/1607 1606/1606/1606
f 1605/1605/1605 1608/1608/1608 1607/1607/1607
f 1609/1609/1609 1607/1607/1607 1608/1608/1608
f 1612/1612/1612 1611/1611/1611 1610/1610/1610
f 1612/1612/1612 1613/1613/1613 1611/1611/1611
f 1612/1612/1612 1614/1614/1614 1613/1613/1613
f 1614/1614/1614 1615/1615/1615 1613/1613/1613
f 1614/1614/1614 1616/1616/1616 1615/1615/1615
f 1614/1614/1614 1617/1617/1617 1616/1616/1616
f 1620/1620/1620 1619/1619/1619 1618/1618/1618
f 1621/1621/1621 1619/1619/1619 1620/1620/1620
f 1621/1621/1621 1620/1620/1620 1622/1622/1622
f 1622/1622/1622 1620/1620/1620 1623/1623/1623
f 1624/1624/1624 1622/1622/1622 1623/1623/1623
f 1624/1624/1624 1623/1623/1623 1625/1625/1625
f 1628/1628/1628 1627/1627/1627 1626/1626/1626
f 1628/1628/1628 1626/1626/1626 1629/1629/1629
f 1626/1626/1626 1630/1630/1630 1629/1629/1629
f 1626/1626/1626 1631/1631/1631 1630/1630/1630
f 1629/1629/1629 1630/1630/1630 1632/1632/1632
f 1633/1633/1633 1629/1629/1629 1632/1632/1632
f 1632/1632/1632 1630/1630/1630 1634/1634/1634
f 1631/1631/1631 1635/1635/1635 1630/1630/1630
f 1630/1630/1630 1635/1635/1635 1634/1634/1634
f 1631/1631/1631 1636/1636/1636 1635/1635/1635
f 1634/1634/1634 1635/1635/1635 1637/1637/1637
f 1636/1636/1636 1638/1638/1638 1635/1635/1635
f 1635/1635/1635 1638/1638/1638 1637/1637/1637
f 1636/1636/1636 1639/1639/1639 1638/1638/1638
f 1638/1638/1638 1640/1640/1640 1637/1637/1637
f 1639/1639/1639 1640/1640/1640 1638/1638/1638
f 1640/1640/1640 1641/1641/1641 1637/1637/1637
f 1640/1640/1640 1639/1639/1639 1642/1642/1642
f 1641/1641/1641 1640/1640/1640 1643/1643/1643
f 1643/1643/1643 1640/1640/1640 1642/1642/1642
f 1644/1644/1644 1641/1641/1641 1643/1643/1643
f 1642/1642/1642 1645/1645/1645 1643/1643/1643
f 1644/1644/1644 1643/1643/1643 1646/1646/1646
f 1645/1645/1645 1647/1647/1647 1643/1643/1643
f 1643/1643/1643 1647/1647/1647 1646/1646/1646
f 1648/1648/1648 1647/1647/1647 1645/1645/1645
f 1648/1648/1648 1646/1646/1646 1647/1647/1647
f 1651/1651/1651 1650/1650/1650 1649/1649/1649
f 1652/1652/1652 1651/1651/1651 1649/1649/1649
f 1652/1652/1652 1649/1649/1649 1653/1653/1653
f 1651/1651/1651 1652/1652/1652 1654/1654/1654
f 1655/1655/1655 1652/1652/1652 1653/1653/1653
f 1652/1652/1652 1656/1656/1656 1654/1654/1654
f 1656/1656/1656 1652/1652/1652 1655/1655/1655
f 1657/1657/1657 1656/1656/1656 1655/1655/1655
f 1654/1654/1654 1656/1656/1656 1658/1658/1658
f 1657/1657/1657 1659/1659/1659 1656/1656/1656
f 1656/1656/1656 1660/1660/1660 1658/1658/1658
f 1659/1659/1659 1660/1660/1660 1656/1656/1656
f 1661/1661/1661 1658/1658/1658 1660/1660/1660
f 1662/1662/1662 1660/1660/1660 1659/1659/1659
f 1662/1662/1662 1661/1661/1661 1660/1660/1660
f 1661/1661/1661 1662/1662/1662 1663/1663/1663
f 1664/1664/1664 1662/1662/1662 1659/1659/1659
f 1664/1664/1664 1663/1663/1663 1662/1662/1662
f 1661/1661/1661 1663/1663/1663 1665/1665/1665
f 1664/1664/1664 1666/1666/1666 1663/1663/1663
f 1663/1663/1663 1667/1667/1667 1665/1665/1665
f 1668/1668/1668 1663/1663/1663 1666/1666/1666
f 1663/1663/1663 1669/1669/1669 1667/1667/1667
f 1668/1668/1668 1669/1669/1669 1663/1663/1663
f 1669/1669/1669 1670/1670/1670 1667/1667/1667
f 1668/1668/1668 1671/1671/1671 1669/1669/1669
f 1669/1669/1669 1671/1671/1671 1670/1670/1670
f 1672/1672/1672 1671/1671/1671 1668/1668/1668
f 1671/1671/1671 1673/1673/1673 1670/1670/1670
f 1672/1672/1672 1673/1673/1673 1671/1671/1671
f 1676/1676/1676 1675/1675/1675 1674/1674/1674
f 1675/1675/1675 1677/1677/1677 1674/1674/1674
f 1675/1675/1675 1678/1678/1678 1677/1677/1677
f 1677/1677/1677 1679/1679/1679 1674/1674/1674
f 1679/1679/1679 1680/1680/1680 1674/1674/1674
f 1678/1678/1678 1681/1681/1681 1677/1677/1677
f 1677/1677/1677 1681/1681/1681 1679/1679/1679
f 1681/1681/1681 1682/1682/1682 1679/1679/1679
f 1678/1678/1678 1683/1683/1683 1681/1681/1681
f 1682/1682/1682 1681/1681/1681 1684/1684/1684
f 1683/1683/1683 1684/1684/1684 1681/1681/1681
f 1685/1685/1685 1682/1682/1682 1684/1684/1684
f 1684/1684/1684 1683/1683/1683 1686/1686/1686
f 1685/1685/1685 1684/1684/1684 1686/1686/1686
f 1683/1683/1683 1687/1687/1687 1686/1686/1686
f 1688/1688/1688 1686/1686/1686 1687/1687/1687
f 1689/1689/1689 1685/1685/1685 1686/1686/1686
f 1686/1686/1686 1688/1688/1688 1689/1689/1689
f 1690/1690/1690 1688/1688/1688 1687/1687/1687
f 1688/1688/1688 1691/1691/1691 1689/1689/1689
f 1688/1688/1688 1690/1690/1690 1692/1692/1692
f 1690/1690/1690 1693/1693/1693 1692/1692/1692
f 1688/1688/1688 1692/1692/1692 1694/1694/1694
f 1693/1693/1693 1695/1695/1695 1692/1692/1692
f 1695/1695/1695 1696/1696/1696 1692/1692/1692
f 1695/1695/1695 1697/1697/1697 1696/1696/1696
f 1697/1697/1697 1698/1698/1698 1696/1696/1696
f 1697/1697/1697 1699/1699/1699 1698/1698/1698
f 1688/1688/1688 1700/1700/1700 1691/1691/1691
f 1688/1688/1688 1701/1701/1701 1700/1700/1700
f 1700/1700/1700 1702/1702/1702 1691/1691/1691
f 1703/1703/1703 1702/1702/1702 1700/1700/1700
f 1704/1704/1704 1703/1703/1703 1700/1700/1700
f 1704/1704/1704 1705/1705/1705 1703/1703/1703
f 1705/1705/1705 1706/1706/1706 1703/1703/1703
f 1706/1706/1706 1705/1705/1705 1707/1707/1707
f 1708/1708/1708 1706/1706/1706 1707/1707/1707
f 1708/1708/1708 1707/1707/1707 1709/1709/1709
f 1710/1710/1710 1708/1708/1708 1709/1709/1709
f 1710/1710/1710 1709/1709/1709 1711/1711/1711
f 1714/1714/1714 1713/1713/1713 1712/1712/1712
f 1714/1714/1714 1715/1715/1715 1713/1713/1713
f 1715/1715/1715 1716/1716/1716 1713/1713/1713
f 1717/1717/1717 1716/1716/1716 1715/1715/1715
f 1718/1718/1718 1717/1717/1717 1715/1715/1715
f 1718/1718/1718 1719/1719/1719 1717/1717/1717
f 1719/1719/1719 1720/1720/1720 1717/1717/1717
f 1720/1720/1720 1719/1719/1719 1721/1721/1721
f 1722/1722/1722 1720/1720/1720 1721/1721/1721
f 1721/1721/1721 1723/1723/1723 1722/1722/1722
f 1723/1723/1723 1724/1724/1724 1722/1722/1722
f 1725/1725/1725 1724/1724/1724 1723/1723/1723
f 1726/1726/1726 1725/1725/1725 1723/1723/1723
f 1726/1726/1726 1723/1723/1723 1727/1727/1727
f 1723/1723/1723 1728/1728/1728 1727/1727/1727
f 1728/1728/1728 1723/1723/1723 1729/1729/1729
f 1730/1730/1730 1728/1728/1728 1729/1729/1729
f 1730/1730/1730 1729/1729/1729 1731/1731/1731
f 1732/1732/1732 1730/1730/1730 1731/1731/1731
f 1732/1732/1732 1731/1731/1731 1733/1733/1733
f 1734/1734/1734 1732/1732/1732 1733/1733/1733
f 1733/1733/1733 1735/1735/1735 1734/1734/1734
f 1735/1735/1735 1736/1736/1736 1734/1734/1734
f 1736/1736/1736 1735/1735/1735 1737/1737/1737
f 1738/1738/1738 1736/1736/1736 1737/1737/1737
f 1737/1737/1737 1739/1739/1739 1738/1738/1738
f 1726/1726/1726 1740/1740/1740 1725/1725/1725
f 1741/1741/1741 1740/1740/1740 1726/1726/1726
f 1727/1727/1727 1741/1741/1741 1726/1726/1726
f 1741/1741/1741 1727/1727/1727 1742/1742/1742
f 1727/1727/1727 1743/1743/1743 1742/1742/1742
f 1743/1743/1743 1727/1727/1727 1744/1744/1744
f 1745/1745/1745 1743/1743/1743 1744/1744/1744
f 1745/1745/1745 1744/1744/1744 1746/1746/1746
f 1747/1747/1747 1745/1745/1745 1746/1746/1746
f 1747/1747/1747 1746/1746/1746 1748/1748/1748
f 1749/1749/1749 1747/1747/1747 1748/1748/1748
f 1748/1748/1748 1750/1750/1750 1749/1749/1749
f 1750/1750/1750 1751/1751/1751 1749/1749/1749
f 1750/1750/1750 1752/1752/1752 1751/1751/1751
f 1752/1752/1752 1753/1753/1753 1751/1751/1751
f 1753/1753/1753 1752/1752/1752 1754/1754/1754
f 1757/1757/1757 1756/1756/1756 1755/1755/1755
f 1757/1757/1757 1755/1755/1755 1758/1758/1758
f 1759/1759/1759 1757/1757/1757 1758/1758/1758
f 1759/1759/1759 1758/1758/1758 1760/1760/1760
f 1758/1758/1758 1761/1761/1761 1760/1760/1760
f 1760/1760/1760 1761/1761/1761 1762/1762/1762
f 1761/1761/1761 1763/1763/1763 1762/1762/1762
f 1763/1763/1763 1764/1764/1764 1762/1762/1762
f 1764/1764/1764 1765/1765/1765 1762/1762/1762
f 1764/1764/1764 1766/1766/1766 1765/1765/1765
f 1760/1760/1760 1762/1762/1762 1767/1767/1767
f 1767/1767/1767 1762/1762/1762 1765/1765/1765
f 1766/1766/1766 1768/1768/1768 1765/1765/1765
f 1769/1769/1769 1767/1767/1767 1765/1765/1765
f 1769/1769/1769 1765/1765/1765 1768/1768/1768
f 1770/1770/1770 1760/1760/1760 1767/1767/1767
f 1770/1770/1770 1771/1771/1771 1760/1760/1760
f 1771/1771/1771 1772/1772/1772 1760/1760/1760
f 1772/1772/1772 1771/1771/1771 1773/1773/1773
f 1774/1774/1774 1772/1772/1772 1773/1773/1773
f 1775/1775/1775 1774/1774/1774 1773/1773/1773
f 1775/1775/1775 1773/1773/1773 1776/1776/1776
f 1773/1773/1773 1777/1777/1777 1776/1776/1776
f 1773/1773/1773 1771/1771/1771 1777/1777/1777
f 1771/1771/1771 1778/1778/1778 1777/1777/1777
f 1778/1778/1778 1771/1771/1771 1770/1770/1770
f 1779/1779/1779 1778/1778/1778 1770/1770/1770
f 1770/1770/1770 1767/1767/1767 1779/1779/1779
f 1767/1767/1767 1780/1780/1780 1779/1779/1779
f 1767/1767/1767 1769/1769/1769 1780/1780/1780
f 1769/1769/1769 1781/1781/1781 1780/1780/1780
f 1782/1782/1782 1781/1781/1781 1769/1769/1769
f 1783/1783/1783 1782/1782/1782 1769/1769/1769
f 1783/1783/1783 1769/1769/1769 1768/1768/1768
f 1768/1768/1768 1784/1784/1784 1783/1783/1783
f 1785/1785/1785 1784/1784/1784 1768/1768/1768
f 1766/1766/1766 1785/1785/1785 1768/1768/1768
f 1766/1766/1766 1786/1786/1786 1785/1785/1785
f 1786/1786/1786 1766/1766/1766 1787/1787/1787
f 1788/1788/1788 1786/1786/1786 1787/1787/1787
f 1788/1788/1788 1787/1787/1787 1789/1789/1789
f 1790/1790/1790 1788/1788/1788 1789/1789/1789
f 1790/1790/1790 1789/1789/1789 1791/1791/1791
f 1792/1792/1792 1790/1790/1790 1791/1791/1791
f 1792/1792/1792 1791/1791/1791 1793/1793/1793
f 1794/1794/1794 1792/1792/1792 1793/1793/1793
f 1794/1794/1794 1793/1793/1793 1795/1795/1795
f 1796/1796/1796 1788/1788/1788 1790/1790/1790
f 1797/1797/1797 1796/1796/1796 1790/1790/1790
f 1790/1790/1790 1792/1792/1792 1797/1797/1797
f 1796/1796/1796 1798/1798/1798 1788/1788/1788
f 1798/1798/1798 1786/1786/1786 1788/1788/1788
f 1792/1792/1792 1799/1799/1799 1797/1797/1797
f 1799/1799/1799 1792/1792/1792 1794/1794/1794
f 1800/1800/1800 1799/1799/1799 1794/1794/1794
f 1798/1798/1798 1725/1725/1725 1786/1786/1786
f 1794/1794/1794 1801/1801/1801 1800/1800/1800
f 1801/1801/1801 1794/1794/1794 1795/1795/1795
f 1801/1801/1801 1802/1802/1802 1800/1800/1800
f 1801/1801/1801 1795/1795/1795 1803/1803/1803
f 1802/1802/1802 1801/1801/1801 1803/1803/1803
f 1795/1795/1795 1804/1804/1804 1803/1803/1803
f 1805/1805/1805 1802/1802/1802 1803/1803/1803
f 1804/1804/1804 1806/1806/1806 1803/1803/1803
f 1803/1803/1803 1806/1806/1806 1805/1805/1805
f 1725/1725/1725 1807/1807/1807 1786/1786/1786
f 1786/1786/1786 1807/1807/1807 1785/1785/1785
f 1807/1807/1807 1725/1725/1725 1808/1808/1808
f 1740/1740/1740 1808/1808/1808 1725/1725/1725
f 1809/1809/1809 1807/1807/1807 1808/1808/1808
f 1785/1785/1785 1807/1807/1807 1809/1809/1809
f 1810/1810/1810 1785/1785/1785 1809/1809/1809
f 1784/1784/1784 1785/1785/1785 1810/1810/1810
f 1811/1811/1811 1784/1784/1784 1810/1810/1810
f 1812/1812/1812 1784/1784/1784 1811/1811/1811
f 1813/1813/1813 1812/1812/1812 1811/1811/1811
f 1784/1784/1784 1812/1812/1812 1783/1783/1783
f 1814/1814/1814 1812/1812/1812 1813/1813/1813
f 1783/1783/1783 1812/1812/1812 1814/1814/1814
f 1815/1815/1815 1783/1783/1783 1814/1814/1814
f 1818/1818/1818 1817/1817/1817 1816/1816/1816
f 1816/1816/1816 1819/1819/1819 1818/1818/1818
f 1816/1816/1816 1820/1820/1820 1819/1819/1819
f 1821/1821/1821 1819/1819/1819 1820/1820/1820
f 1822/1822/1822 1821/1821/1821 1820/1820/1820
f 1822/1822/1822 1823/1823/1823 1821/1821/1821
f 1823/1823/1823 1824/1824/1824 1821/1821/1821
f 1824/1824/1824 1823/1823/1823 1825/1825/1825
f 1826/1826/1826 1824/1824/1824 1825/1825/1825
f 1827/1827/1827 1826/1826/1826 1825/1825/1825
f 1828/1828/1828 1827/1827/1827 1825/1825/1825
f 1829/1829/1829 1827/1827/1827 1828/1828/1828
f 1830/1830/1830 1829/1829/1829 1828/1828/1828
f 1829/1829/1829 1830/1830/1830 1831/1831/1831
f 1830/1830/1830 1832/1832/1832 1831/1831/1831
f 1832/1832/1832 1833/1833/1833 1831/1831/1831
f 1832/1832/1832 1834/1834/1834 1833/1833/1833
f 1833/1833/1833 1834/1834/1834 1835/1835/1835
f 1834/1834/1834 1836/1836/1836 1835/1835/1835
f 1835/1835/1835 1836/1836/1836 1837/1837/1837
f 1836/1836/1836 1838/1838/1838 1837/1837/1837
f 1838/1838/1838 1839/1839/1839 1837/1837/1837
f 1839/1839/1839 1840/1840/1840 1837/1837/1837
f 1841/1841/1841 1840/1840/1840 1839/1839/1839
f 1842/1842/1842 1841/1841/1841 1839/1839/1839
f 1843/1843/1843 1841/1841/1841 1842/1842/1842
f 1846/1846/1846 1845/1845/1845 1844/1844/1844
f 1847/1847/1847 1845/1845/1845 1846/1846/1846
f 1848/1848/1848 1847/1847/1847 1846/1846/1846
f 1849/1849/1849 1847/1847/1847 1848/1848/1848
f 1850/1850/1850 1849/1849/1849 1848/1848/1848
f 1850/1850/1850 1851/1851/1851 1849/1849/1849
f 1851/1851/1851 1852/1852/1852 1849/1849/1849
f 1852/1852/1852 1851/1851/1851 1853/1853/1853
f 1854/1854/1854 1852/1852/1852 1853/1853/1853
f 1853/1853/1853 1855/1855/1855 1854/1854/1854
f 1855/1855/1855 1856/1856/1856 1854/1854/1854
f 1856/1856/1856 1855/1855/1855 1857/1857/1857
f 1855/1855/1855 1858/1858/1858 1857/1857/1857
f 1857/1857/1857 1858/1858/1858 1859/1859/1859
f 1860/1860/1860 1857/1857/1857 1859/1859/1859
f 1859/1859/1859 1861/1861/1861 1860/1860/1860
f 1864/1864/1864 1863/1863/1863 1862/1862/1862
f 1865/1865/1865 1864/1864/1864 1862/1862/1862
f 1866/1866/1866 1865/1865/1865 1862/1862/1862
f 1867/1867/1867 1865/1865/1865 1866/1866/1866
f 1868/1868/1868 1867/1867/1867 1866/1866/1866
f 1867/1867/1867 1868/1868/1868 1869/1869/1869
f 1868/1868/1868 1870/1870/1870 1869/1869/1869
f 1869/1869/1869 1870/1870/1870 1871/1871/1871
f 1872/1872/1872 1869/1869/1869 1871/1871/1871
f 1873/1873/1873 1872/1872/1872 1871/1871/1871
f 1874/1874/1874 1873/1873/1873 1871/1871/1871
f 1874/1874/1874 1875/1875/1875 1873/1873/1873
f 1875/1875/1875 1876/1876/1876 1873/1873/1873
f 1877/1877/1877 1876/1876/1876 1875/1875/1875
f 1878/1878/1878 1877/1877/1877 1875/1875/1875
f 1877/1877/1877 1879/1879/1879 1876/1876/1876
f 1879/1879/1879 1880/1880/1880 1876/1876/1876
f 1881/1881/1881 1876/1876/1876 1880/1880/1880
f 1882/1882/1882 1877/1877/1877 1878/1878/1878
f 1883/1883/1883 1879/1879/1879 1877/1877/1877
f 1882/1882/1882 1883/1883/1883 1877/1877/1877
f 1879/1879/1879 1884/1884/1884 1880/1880/1880
f 1885/1885/1885 1884/1884/1884 1879/1879/1879
f 1883/1883/1883 1885/1885/1885 1879/1879/1879
f 1884/1884/1884 1886/1886/1886 1880/1880/1880
f 1887/1887/1887 1885/1885/1885 1883/1883/1883
f 1888/1888/1888 1880/1880/1880 1886/1886/1886
f 1888/1888/1888 1881/1881/1881 1880/1880/1880
f 1889/1889/1889 1888/1888/1888 1886/1886/1886
f 1881/1881/1881 1888/1888/1888 1890/1890/1890
f 1888/1888/1888 1889/1889/1889 1890/1890/1890
f 1881/1881/1881 1890/1890/1890 1891/1891/1891
f 1889/1889/1889 1892/1892/1892 1890/1890/1890
f 1893/1893/1893 1891/1891/1891 1890/1890/1890
f 1890/1890/1890 1892/1892/1892 1893/1893/1893
f 1893/1893/1893 1894/1894/1894 1891/1891/1891
f 1892/1892/1892 1895/1895/1895 1893/1893/1893
f 1894/1894/1894 1893/1893/1893 1896/1896/1896
f 1893/1893/1893 1895/1895/1895 1897/1897/1897
f 1893/1893/1893 1897/1897/1897 1896/1896/1896
f 1895/1895/1895 1898/1898/1898 1897/1897/1897
f 1899/1899/1899 1897/1897/1897 1898/1898/1898
f 1900/1900/1900 1896/1896/1896 1897/1897/1897
f 1899/1899/1899 1900/1900/1900 1897/1897/1897
f 1900/1900/1900 1901/1901/1901 1896/1896/1896
f 1900/1900/1900 1899/1899/1899 1902/1902/1902
f 1903/1903/1903 1901/1901/1901 1900/1900/1900
f 1900/1900/1900 1902/1902/1902 1903/1903/1903
f 1903/1903/1903 1904/1904/1904 1901/1901/1901
f 1905/1905/1905 1903/1903/1903 1902/1902/1902
f 1904/1904/1904 1903/1903/1903 1905/1905/1905
f 1908/1908/1908 1907/1907/1907 1906/1906/1906
f 1908/1908/1908 1906/1906/1906 1909/1909/1909
f 1910/1910/1910 1908/1908/1908 1909/1909/1909
f 1911/1911/1911 1910/1910/1910 1909/1909/1909
f 1911/1911/1911 1912/1912/1912 1910/1910/1910
f 1912/1912/1912 1913/1913/1913 1910/1910/1910
f 1914/1914/1914 1913/1913/1913 1912/1912/1912
f 1915/1915/1915 1914/1914/1914 1912/1912/1912
f 1916/1916/1916 1914/1914/1914 1915/1915/1915
f 1917/1917/1917 1916/1916/1916 1915/1915/1915
f 1916/1916/1916 1917/1917/1917 1918/1918/1918
f 1917/1917/1917 1919/1919/1919 1918/1918/1918
f 1918/1918/1918 1919/1919/1919 1920/1920/1920
f 1919/1919/1919 1921/1921/1921 1920/1920/1920
f 1920/1920/1920 1921/1921/1921 1922/1922/1922
f 1921/1921/1921 1923/1923/1923 1922/1922/1922
f 1924/1924/1924 1922/1922/1922 1923/1923/1923
f 1925/1925/1925 1924/1924/1924 1923/1923/1923
f 1924/1924/1924 1925/1925/1925 1926/1926/1926
f 1927/1927/1927 1924/1924/1924 1926/1926/1926
f 1927/1927/1927 1926/1926/1926 1928/1928/1928
f 1929/1929/1929 1927/1927/1927 1928/1928/1928
f 1932/1932/1932 1931/1931/1931 1930/1930/1930
f 1933/1933/1933 1932/1932/1932 1930/1930/1930
f 1932/1932/1932 1933/1933/1933 1934/1934/1934
f 1933/1933/1933 1935/1935/1935 1934/1934/1934
f 1934/1934/1934 1935/1935/1935 1936/1936/1936
f 1935/1935/1935 1937/1937/1937 1936/1936/1936
f 1938/1938/1938 1936/1936/1936 1937/1937/1937
f 1939/1939/1939 1938/1938/1938 1937/1937/1937
f 1940/1940/1940 1938/1938/1938 1939/1939/1939
f 1941/1941/1941 1940/1940/1940 1939/1939/1939
f 1942/1942/1942 1940/1940/1940 1941/1941/1941
f 1943/1943/1943 1942/1942/1942 1941/1941/1941
f 1944/1944/1944 1942/1942/1942 1943/1943/1943
f 1944/1944/1944 1943/1943/1943 1945/1945/1945
f 1946/1946/1946 1944/1944/1944 1945/1945/1945
f 1947/1947/1947 1946/1946/1946 1945/1945/1945
f 1948/1948/1948 1946/1946/1946 1947/1947/1947
f 1949/1949/1949 1948/1948/1948 1947/1947/1947
f 1949/1949/1949 1950/1950/1950 1948/1948/1948
f 1950/1950/1950 1951/1951/1951 1948/1948/1948
f 1954/1954/1954 1953/1953/1953 1952/1952/1952
f 1952/1952/1952 1953/1953/1953 1955/1955/1955
f 1953/1953/1953 1956/1956/1956 1955/1955/1955
f 1955/1955/1955 1956/1956/1956 1957/1957/1957
f 1956/1956/1956 1958/1958/1958 1957/1957/1957
f 1957/1957/1957 1958/1958/1958 1959/1959/1959
f 1958/1958/1958 1960/1960/1960 1959/1959/1959
f 1961/1961/1961 1959/1959/1959 1960/1960/1960
f 1962/1962/1962 1961/1961/1961 1960/1960/1960
f 1961/1961/1961 1962/1962/1962 1963/1963/1963
f 1961/1961/1961 1963/1963/1963 1964/1964/1964
f 1965/1965/1965 1964/1964/1964 1963/1963/1963
f 1966/1966/1966 1965/1965/1965 1963/1963/1963
f 1969/1969/1969 1968/1968/1968 1967/1967/1967
f 1968/1968/1968 1970/1970/1970 1967/1967/1967
f 1967/1967/1967 1970/1970/1970 1971/1971/1971
f 1970/1970/1970 1972/1972/1972 1971/1971/1971
f 1971/1971/1971 1972/1972/1972 1973/1973/1973
f 1974/1974/1974 1971/1971/1971 1973/1973/1973
f 1973/1973/1973 1975/1975/1975 1974/1974/1974
f 1975/1975/1975 1976/1976/1976 1974/1974/1974
f 1976/1976/1976 1975/1975/1975 1977/1977/1977
f 1978/1978/1978 1976/1976/1976 1977/1977/1977
f 1979/1979/1979 1978/1978/1978 1977/1977/1977
f 1980/1980/1980 1979/1979/1979 1977/1977/1977
f 1981/1981/1981 1979/1979/1979 1980/1980/1980
f 1982/1982/1982 1981/1981/1981 1980/1980/1980
f 1981/1981/1981 1982/1982/1982 1983/1983/1983
f 1984/1984/1984 1981/1981/1981 1983/1983/1983
f 1987/1987/1987 1986/1986/1986 1985/1985/1985
f 1988/1988/1988 1986/1986/1986 1987/1987/1987
f 1989/1989/1989 1988/1988/1988 1987/1987/1987
f 1989/1989/1989 1990/1990/1990 1988/1988/1988
f 1990/1990/1990 1991/1991/1991 1988/1988/1988
f 1991/1991/1991 1990/1990/1990 1992/1992/1992
f 1990/1990/1990 1993/1993/1993 1992/1992/1992
f 1992/1992/1992 1993/1993/1993 1994/1994/1994
f 1995/1995/1995 1992/1992/1992 1994/1994/1994
f 1994/1994/1994 1996/1996/1996 1995/1995/1995
f 1996/1996/1996 1997/1997/1997 1995/1995/1995
f 1997/1997/1997 1996/1996/1996 1998/1998/1998
f 1996/1996/1996 1999/1999/1999 1998/1998/1998
f 1999/1999/1999 2000/2000/2000 1998/1998/1998
f 2000/2000/2000 2001/2001/2001 1998/1998/1998
f 2002/2002/2002 2001/2001/2001 2000/2000/2000
f 2003/2003/2003 2002/2002/2002 2000/2000/2000
f 2002/2002/2002 2003/2003/2003 2004/2004/2004
f 2003/2003/2003 2005/2005/2005 2004/2004/2004
f 2004/2004/2004 2005/2005/2005 2006/2006/2006
f 2005/2005/2005 2007/2007/2007 2006/2006/2006
f 2007/2007/2007 2008/2008/2008 2006/2006/2006
f 2008/2008/2008 2009/2009/2009 2006/2006/2006
f 2009/2009/2009 2008/2008/2008 2010/2010/2010
f 2008/2008/2008 2011/2011/2011 2010/2010/2010
f 2012/2012/2012 2010/2010/2010 2011/2011/2011
f 2013/2013/2013 2012/2012/2012 2011/2011/2011
f 2012/2012/2012 2013/2013/2013 2014/2014/2014
f 2017/2017/2017 2016/2016/2016 2015/2015/2015
f 2016/2016/2016 2018/2018/2018 2015/2015/2015
f 2018/2018/2018 2019/2019/2019 2015/2015/2015
f 2019/2019/2019 2020/2020/2020 2015/2015/2015
f 2019/2019/2019 2021/2021/2021 2020/2020/2020
f 2021/2021/2021 2022/2022/2022 2020/2020/2020
f 2021/2021/2021 2023/2023/2023 2022/2022/2022
f 2023/2023/2023 2024/2024/2024 2022/2022/2022
f 2025/2025/2025 2024/2024/2024 2023/2023/2023
f 2026/2026/2026 2025/2025/2025 2023/2023/2023
f 2027/2027/2027 2025/2025/2025 2026/2026/2026
f 2028/2028/2028 2027/2027/2027 2026/2026/2026
f 2029/2029/2029 2027/2027/2027 2028/2028/2028
f 2030/2030/2030 2029/2029/2029 2028/2028/2028
f 2029/2029/2029 2030/2030/2030 2031/2031/2031
f 2029/2029/2029 2031/2031/2031 2032/2032/2032
f 2033/2033/2033 2032/2032/2032 2031/2031/2031
f 2034/2034/2034 2033/2033/2033 2031/2031/2031
f 2033/2033/2033 2034/2034/2034 2035/2035/2035
f 2034/2034/2034 2036/2036/2036 2035/2035/2035
f 2035/2035/2035 2036/2036/2036 2037/2037/2037
f 2038/2038/2038 2035/2035/2035 2037/2037/2037
f 2038/2038/2038 2037/2037/2037 2039/2039/2039
f 2040/2040/2040 2038/2038/2038 2039/2039/2039
f 2040/2040/2040 2039/2039/2039 2041/2041/2041
f 2042/2042/2042 2040/2040/2040 2041/2041/2041
f 2042/2042/2042 2041/2041/2041 2043/2043/2043
f 2041/2041/2041 2044/2044/2044 2043/2043/2043
f 2045/2045/2045 2043/2043/2043 2044/2044/2044
f 2045/2045/2045 2044/2044/2044 2046/2046/2046
f 2046/2046/2046 2047/2047/2047 2045/2045/2045
f 2046/2046/2046 2048/2048/2048 2047/2047/2047
f 2051/2051/2051 2050/2050/2050 2049/2049/2049
f 2052/2052/2052 2051/2051/2051 2049/2049/2049
f 2051/2051/2051 2052/2052/2052 2053/2053/2053
f 2054/2054/2054 2051/2051/2051 2053/2053/2053
f 2054/2054/2054 2053/2053/2053 2055/2055/2055
f 2056/2056/2056 2054/2054/2054 2055/2055/2055
f 2055/2055/2055 2057/2057/2057 2056/2056/2056
f 2057/2057/2057 2058/2058/2058 2056/2056/2056
f 2058/2058/2058 2057/2057/2057 2059/2059/2059
f 2057/2057/2057 2060/2060/2060 2059/2059/2059
f 2061/2061/2061 2059/2059/2059 2060/2060/2060
f 2062/2062/2062 2061/2061/2061 2060/2060/2060
f 2063/2063/2063 2061/2061/2061 2062/2062/2062
f 2064/2064/2064 2063/2063/2063 2062/2062/2062
f 2063/2063/2063 2064/2064/2064 2065/2065/2065
f 2064/2064/2064 2066/2066/2066 2065/2065/2065
f 2067/2067/2067 2065/2065/2065 2066/2066/2066
f 2068/2068/2068 2067/2067/2067 2066/2066/2066
f 2067/2067/2067 2068/2068/2068 2069/2069/2069
f 2068/2068/2068 2070/2070/2070 2069/2069/2069
f 2071/2071/2071 2069/2069/2069 2070/2070/2070
f 2072/2072/2072 2071/2071/2071 2070/2070/2070
f 2071/2071/2071 2072/2072/2072 2073/2073/2073
f 2072/2072/2072 2074/2074/2074 2073/2073/2073
f 2073/2073/2073 2074/2074/2074 2075/2075/2075
f 2074/2074/2074 2076/2076/2076 2075/2075/2075
f 2077/2077/2077 2075/2075/2075 2076/2076/2076
f 2078/2078/2078 2077/2077/2077 2076/2076/2076
f 2078/2078/2078 2079/2079/2079 2077/2077/2077
f 2078/2078/2078 2080/2080/2080 2079/2079/2079
f 2079/2079/2079 2080/2080/2080 2081/2081/2081
f 2082/2082/2082 2079/2079/2079 2081/2081/2081
f 2082/2082/2082 2081/2081/2081 2083/2083/2083
f 2086/2086/2086 2085/2085/2085 2084/2084/2084
f 2087/2087/2087 2084/2084/2084 2085/2085/2085
f 2088/2088/2088 2087/2087/2087 2085/2085/2085
f 2088/2088/2088 2089/2089/2089 2087/2087/2087
f 2089/2089/2089 2090/2090/2090 2087/2087/2087
f 2091/2091/2091 2090/2090/2090 2089/2089/2089
f 2092/2092/2092 2091/2091/2091 2089/2089/2089
f 2093/2093/2093 2091/2091/2091 2092/2092/2092
f 2094/2094/2094 2093/2093/2093 2092/2092/2092
f 2095/2095/2095 2093/2093/2093 2094/2094/2094
f 2096/2096/2096 2095/2095/2095 2094/2094/2094
f 2097/2097/2097 2095/2095/2095 2096/2096/2096
f 2098/2098/2098 2097/2097/2097 2096/2096/2096
f 2099/2099/2099 2097/2097/2097 2098/2098/2098
f 2100/2100/2100 2099/2099/2099 2098/2098/2098
f 2100/2100/2100 2101/2101/2101 2099/2099/2099
f 2101/2101/2101 2102/2102/2102 2099/2099/2099
f 2105/2105/2105 2104/2104/2104 2103/2103/2103
f 2104/2104/2104 2106/2106/2106 2103/2103/2103
f 2106/2106/2106 2104/2104/2104 2107/2107/2107
f 2104/2104/2104 2108/2108/2108 2107/2107/2107
f 2107/2107/2107 2108/2108/2108 2109/2109/2109
f 2108/2108/2108 2110/2110/2110 2109/2109/2109
f 2111/2111/2111 2109/2109/2109 2110/2110/2110
f 2112/2112/2112 2111/2111/2111 2110/2110/2110
f 2113/2113/2113 2111/2111/2111 2112/2112/2112
f 2114/2114/2114 2113/2113/2113 2112/2112/2112
f 2115/2115/2115 2113/2113/2113 2114/2114/2114
f 2116/2116/2116 2115/2115/2115 2114/2114/2114
f 2116/2116/2116 2117/2117/2117 2115/2115/2115
f 2120/2120/2120 2119/2119/2119 2118/2118/2118
f 2121/2121/2121 2120/2120/2120 2118/2118/2118
f 2120/2120/2120 2121/2121/2121 2122/2122/2122
f 2123/2123/2123 2120/2120/2120 2122/2122/2122
f 2124/2124/2124 2123/2123/2123 2122/2122/2122
f 2124/2124/2124 2122/2122/2122 2125/2125/2125
f 2126/2126/2126 2124/2124/2124 2125/2125/2125
f 2127/2127/2127 2126/2126/2126 2125/2125/2125
f 2126/2126/2126 2127/2127/2127 2128/2128/2128
f 2129/2129/2129 2126/2126/2126 2128/2128/2128
f 2129/2129/2129 2128/2128/2128 2130/2130/2130
f 2128/2128/2128 2131/2131/2131 2130/2130/2130
f 2118/2118/2118 2133/2133/2133 2132/2132/2132
f 2134/2134/2134 2118/2118/2118 2132/2132/2132
f 2134/2134/2134 2132/2132/2132 2135/2135/2135
f 2136/2136/2136 2134/2134/2134 2135/2135/2135
f 2139/2139/2139 2138/2138/2138 2137/2137/2137
f 2138/2138/2138 2140/2140/2140 2137/2137/2137
f 2140/2140/2140 2138/2138/2138 2141/2141/2141
f 2138/2138/2138 2142/2142/2142 2141/2141/2141
f 2141/2141/2141 2142/2142/2142 2143/2143/2143
f 2142/2142/2142 2144/2144/2144 2143/2143/2143
f 2143/2143/2143 2144/2144/2144 2145/2145/2145
f 2144/2144/2144 2146/2146/2146 2145/2145/2145
f 2145/2145/2145 2146/2146/2146 2147/2147/2147
f 2146/2146/2146 2148/2148/2148 2147/2147/2147
f 2148/2148/2148 2149/2149/2149 2147/2147/2147
f 2149/2149/2149 2150/2150/2150 2147/2147/2147
f 2150/2150/2150 2149/2149/2149 2151/2151/2151
f 2154/2154/2154 2153/2153/2153 2152/2152/2152
f 2154/2154/2154 2152/2152/2152 2155/2155/2155
f 2152/2152/2152 2156/2156/2156 2155/2155/2155
f 2155/2155/2155 2156/2156/2156 2157/2157/2157
f 2156/2156/2156 2158/2158/2158 2157/2157/2157
f 2157/2157/2157 2158/2158/2158 2159/2159/2159
f 2158/2158/2158 2160/2160/2160 2159/2159/2159
f 2159/2159/2159 2160/2160/2160 2161/2161/2161
f 2160/2160/2160 2162/2162/2162 2161/2161/2161
f 2161/2161/2161 2162/2162/2162 2163/2163/2163
f 2162/2162/2162 2164/2164/2164 2163/2163/2163
f 2163/2163/2163 2164/2164/2164 2165/2165/2165
f 2164/2164/2164 2166/2166/2166 2165/2165/2165
f 2165/2165/2165 2166/2166/2166 2167/2167/2167
f 2166/2166/2166 2168/2168/2168 2167/2167/2167
f 2171/2171/2171 2170/2170/2170 2169/2169/2169
f 2171/2171/2171 2172/2172/2172 2170/2170/2170
f 2172/2172/2172 2174/2174/2174 2173/2173/2173
f 2173/2173/2173 2174/2174/2174 2175/2175/2175
f 2176/2176/2176 2173/2173/2173 2175/2175/2175
f 2176/2176/2176 2175/2175/2175 2177/2177/2177
f 2172/2172/2172 2178/2178/2178 2174/2174/2174
f 2175/2175/2175 2174/2174/2174 2178/2178/2178
f 2179/2179/2179 2175/2175/2175 2178/2178/2178
f 2179/2179/2179 2180/2180/2180 2175/2175/2175
f 2175/2175/2175 2181/2181/2181 2177/2177/2177
f 2180/2180/2180 2181/2181/2181 2175/2175/2175
f 2177/2177/2177 2181/2181/2181 2182/2182/2182
f 2183/2183/2183 2181/2181/2181 2180/2180/2180
f 2181/2181/2181 2183/2183/2183 2182/2182/2182
f 2184/2184/2184 2183/2183/2183 2180/2180/2180
f 2182/2182/2182 2183/2183/2183 2185/2185/2185
f 2186/2186/2186 2183/2183/2183 2184/2184/2184
f 2183/2183/2183 2186/2186/2186 2185/2185/2185
f 2187/2187/2187 2186/2186/2186 2184/2184/2184
f 2185/2185/2185 2186/2186/2186 2188/2188/2188
f 2186/2186/2186 2187/2187/2187 2189/2189/2189
f 2186/2186/2186 2189/2189/2189 2188/2188/2188
f 2187/2187/2187 2190/2190/2190 2189/2189/2189
f 2188/2188/2188 2189/2189/2189 2191/2191/2191
f 2189/2189/2189 2190/2190/2190 2192/2192/2192
f 2189/2189/2189 2192/2192/2192 2191/2191/2191
f 2190/2190/2190 2193/2193/2193 2192/2192/2192
f 2191/2191/2191 2192/2192/2192 2194/2194/2194
f 2192/2192/2192 2193/2193/2193 2195/2195/2195
f 2192/2192/2192 2195/2195/2195 2194/2194/2194
f 2193/2193/2193 2196/2196/2196 2195/2195/2195
f 2197/2197/2197 2194/2194/2194 2195/2195/2195
f 2198/2198/2198 2195/2195/2195 2196/2196/2196
f 2198/2198/2198 2197/2197/2197 2195/2195/2195
f 2199/2199/2199 2198/2198/2198 2196/2196/2196
f 2200/2200/2200 2197/2197/2197 2198/2198/2198
f 2201/2201/2201 2198/2198/2198 2199/2199/2199
f 2201/2201/2201 2200/2200/2200 2198/2198/2198
f 2202/2202/2202 2201/2201/2201 2199/2199/2199
f 2200/2200/2200 2201/2201/2201 2203/2203/2203
f 2201/2201/2201 2202/2202/2202 2203/2203/2203
f 2206/2206/2206 2205/2205/2205 2204/2204/2204
f 2205/2205/2205 2207/2207/2207 2204/2204/2204
f 2207/2207/2207 2208/2208/2208 2204/2204/2204
f 2209/2209/2209 2204/2204/2204 2208/2208/2208
f 2207/2207/2207 2210/2210/2210 2208/2208/2208
f 2209/2209/2209 2208/2208/2208 2211/2211/2211
f 2208/2208/2208 2210/2210/2210 2212/2212/2212
f 2208/2208/2208 2212/2212/2212 2211/2211/2211
f 2210/2210/2210 2213/2213/2213 2212/2212/2212
f 2212/2212/2212 2214/2214/2214 2211/2211/2211
f 2212/2212/2212 2213/2213/2213 2214/2214/2214
f 2214/2214/2214 2215/2215/2215 2211/2211/2211
f 2213/2213/2213 2216/2216/2216 2214/2214/2214
f 2214/2214/2214 2217/2217/2217 2215/2215/2215
f 2214/2214/2214 2216/2216/2216 2217/2217/2217
f 2217/2217/2217 2218/2218/2218 2215/2215/2215
f 2216/2216/2216 2219/2219/2219 2217/2217/2217
f 2218/2218/2218 2217/2217/2217 2220/2220/2220
f 2217/2217/2217 2219/2219/2219 2221/2221/2221
f 2217/2217/2217 2221/2221/2221 2220/2220/2220
f 2219/2219/2219 2222/2222/2222 2221/2221/2221
f 2220/2220/2220 2221/2221/2221 2223/2223/2223
f 2221/2221/2221 2222/2222/2222 2224/2224/2224
f 2221/2221/2221 2224/2224/2224 2223/2223/2223
f 2222/2222/2222 2225/2225/2225 2224/2224/2224
f 2223/2223/2223 2224/2224/2224 2226/2226/2226
f 2224/2224/2224 2225/2225/2225 2227/2227/2227
f 2224/2224/2224 2227/2227/2227 2226/2226/2226
f 2225/2225/2225 2228/2228/2228 2227/2227/2227
f 2226/2226/2226 2227/2227/2227 2229/2229/2229
f 2227/2227/2227 2228/2228/2228 2230/2230/2230
f 2227/2227/2227 2230/2230/2230 2229/2229/2229
f 2228/2228/2228 2231/2231/2231 2230/2230/2230
f 2232/2232/2232 2229/2229/2229 2230/2230/2230
f 2232/2232/2232 2230/2230/2230 2231/2231/2231
f 2235/2235/2235 2234/2234/2234 2233/2233/2233
f 2236/2236/2236 2235/2235/2235 2233/2233/2233
f 2237/2237/2237 2235/2235/2235 2236/2236/2236
f 2238/2238/2238 2237/2237/2237 2236/2236/2236
f 2237/2237/2237 2238/2238/2238 2239/2239/2239
f 2238/2238/2238 2240/2240/2240 2239/2239/2239
f 2241/2241/2241 2239/2239/2239 2240/2240/2240
f 2242/2242/2242 2241/2241/2241 2240/2240/2240
f 2242/2242/2242 2243/2243/2243 2241/2241/2241
f 2243/2243/2243 2244/2244/2244 2241/2241/2241
f 2243/2243/2243 2245/2245/2245 2244/2244/2244
f 2248/2248/2248 2247/2247/2247 2246/2246/2246
f 2246/2246/2246 2247/2247/2247 2249/2249/2249
f 2247/2247/2247 2250/2250/2250 2249/2249/2249
f 2249/2249/2249 2250/2250/2250 2251/2251/2251
f 2252/2252/2252 2249/2249/2249 2251/2251/2251
f 2252/2252/2252 2251/2251/2251 2253/2253/2253
f 2254/2254/2254 2252/2252/2252 2253/2253/2253
f 2254/2254/2254 2253/2253/2253 2255/2255/2255
f 2253/2253/2253 2256/2256/2256 2255/2255/2255
f 2259/2259/2259 2258/2258/2258 2257/2257/2257
f 2260/2260/2260 2258/2258/2258 2259/2259/2259
f 2261/2261/2261 2260/2260/2260 2259/2259/2259
f 2260/2260/2260 2261/2261/2261 2262/2262/2262
f 2261/2261/2261 2263/2263/2263 2262/2262/2262
f 2262/2262/2262 2263/2263/2263 2264/2264/2264
f 2263/2263/2263 2265/2265/2265 2264/2264/2264
f 2264/2264/2264 2265/2265/2265 2266/2266/2266
f 2265/2265/2265 2267/2267/2267 2266/2266/2266
f 2268/2268/2268 2266/2266/2266 2267/2267/2267
f 2269/2269/2269 2268/2268/2268 2267/2267/2267
f 2268/2268/2268 2269/2269/2269 2270/2270/2270
f 2269/2269/2269 2271/2271/2271 2270/2270/2270
f 2270/2270/2270 2271/2271/2271 2272/2272/2272
f 2273/2273/2273 2270/2270/2270 2272/2272/2272
f 2276/2276/2276 2275/2275/2275 2274/2274/2274
f 2275/2275/2275 2277/2277/2277 2274/2274/2274
f 2278/2278/2278 2274/2274/2274 2277/2277/2277
f 2279/2279/2279 2278/2278/2278 2277/2277/2277
f 2279/2279/2279 2280/2280/2280 2278/2278/2278
f 2280/2280/2280 2281/2281/2281 2278/2278/2278
f 2281/2281/2281 2280/2280/2280 2282/2282/2282
f 2283/2283/2283 2281/2281/2281 2282/2282/2282
f 2283/2283/2283 2282/2282/2282 2284/2284/2284
f 2282/2282/2282 2285/2285/2285 2284/2284/2284
f 2286/2286/2286 2284/2284/2284 2285/2285/2285
f 2289/2289/2289 2288/2288/2288 2287/2287/2287
f 2288/2288/2288 2290/2290/2290 2287/2287/2287
f 2287/2287/2287 2290/2290/2290 2291/2291/2291
f 2292/2292/2292 2287/2287/2287 2291/2291/2291
f 2292/2292/2292 2291/2291/2291 2293/2293/2293
f 2293/2293/2293 2291/2291/2291 2294/2294/2294
f 2294/2294/2294 2295/2295/2295 2293/2293/2293
f 2296/2296/2296 2293/2293/2293 2295/2295/2295
f 2297/2297/2297 2296/2296/2296 2295/2295/2295
f 2296/2296/2296 2297/2297/2297 2298/2298/2298
f 2299/2299/2299 2296/2296/2296 2298/2298/2298
f 2299/2299/2299 2298/2298/2298 2300/2300/2300
f 2298/2298/2298 2301/2301/2301 2300/2300/2300
f 2301/2301/2301 2302/2302/2302 2300/2300/2300
f 2302/2302/2302 2303/2303/2303 2300/2300/2300
f 2304/2304/2304 2303/2303/2303 2302/2302/2302
f 2307/2307/2307 2306/2306/2306 2305/2305/2305
f 2306/2306/2306 2307/2307/2307 2308/2308/2308
f 2307/2307/2307 2309/2309/2309 2308/2308/2308
f 2308/2308/2308 2309/2309/2309 2310/2310/2310
f 2309/2309/2309 2311/2311/2311 2310/2310/2310
f 2310/2310/2310 2311/2311/2311 2312/2312/2312
f 2313/2313/2313 2310/2310/2310 2312/2312/2312
f 2316/2316/2316 2315/2315/2315 2314/2314/2314
f 2316/2316/2316 2317/2317/2317 2315/2315/2315
f 2317/2317/2317 2316/2316/2316 2318/2318/2318
f 2319/2319/2319 2317/2317/2317 2318/2318/2318
f 2319/2319/2319 2318/2318/2318 2320/2320/2320
f 2318/2318/2318 2321/2321/2321 2320/2320/2320
f 2320/2320/2320 2321/2321/2321 2322/2322/2322
f 2321/2321/2321 2323/2323/2323 2322/2322/2322
f 2322/2322/2322 2323/2323/2323 2324/2324/2324
f 2323/2323/2323 2325/2325/2325 2324/2324/2324
f 2324/2324/2324 2325/2325/2325 2326/2326/2326
f 2325/2325/2325 2327/2327/2327 2326/2326/2326
f 2327/2327/2327 2328/2328/2328 2326/2326/2326
f 2328/2328/2328 2329/2329/2329 2326/2326/2326
f 2330/2330/2330 2329/2329/2329 2328/2328/2328
f 2333/2333/2333 2332/2332/2332 2331/2331/2331
f 2333/2333/2333 2334/2334/2334 2332/2332/2332
f 2334/2334/2334 2335/2335/2335 2332/2332/2332
f 2336/2336/2336 2335/2335/2335 2334/2334/2334
f 2337/2337/2337 2336/2336/2336 2334/2334/2334
f 2338/2338/2338 2336/2336/2336 2337/2337/2337
f 2339/2339/2339 2338/2338/2338 2337/2337/2337
f 2340/2340/2340 2338/2338/2338 2339/2339/2339
f 2341/2341/2341 2340/2340/2340 2339/2339/2339
f 2341/2341/2341 2342/2342/2342 2340/2340/2340
f 2342/2342/2342 2343/2343/2343 2340/2340/2340
f 2343/2343/2343 2342/2342/2342 2344/2344/2344
f 2345/2345/2345 2343/2343/2343 2344/2344/2344
f 2345/2345/2345 2344/2344/2344 2346/2346/2346
f 2344/2344/2344 2347/2347/2347 2346/2346/2346
f 2347/2347/2347 2348/2348/2348 2346/2346/2346
f 2348/2348/2348 2349/2349/2349 2346/2346/2346
f 2348/2348/2348 2350/2350/2350 2349/2349/2349
f 2350/2350/2350 2351/2351/2351 2349/2349/2349
f 2351/2351/2351 2350/2350/2350 2352/2352/2352
f 2350/2350/2350 2353/2353/2353 2352/2352/2352
f 2354/2354/2354 2352/2352/2352 2353/2353/2353
f 2357/2357/2357 2356/2356/2356 2355/2355/2355
f 2355/2355/2355 2358/2358/2358 2357/2357/2357
f 2358/2358/2358 2359/2359/2359 2357/2357/2357
f 2359/2359/2359 2358/2358/2358 2360/2360/2360
f 2358/2358/2358 2361/2361/2361 2360/2360/2360
f 2361/2361/2361 2362/2362/2362 2360/2360/2360
f 2362/2362/2362 2363/2363/2363 2360/2360/2360
f 2363/2363/2363 2362/2362/2362 2364/2364/2364
f 2365/2365/2365 2363/2363/2363 2364/2364/2364
f 2365/2365/2365 2364/2364/2364 2366/2366/2366
f 2367/2367/2367 2365/2365/2365 2366/2366/2366
f 2368/2368/2368 2367/2367/2367 2366/2366/2366
f 2369/2369/2369 2368/2368/2368 2366/2366/2366
f 2369/2369/2369 2370/2370/2370 2368/2368/2368
f 2371/2371/2371 2370/2370/2370 2369/2369/2369
f 2371/2371/2371 2372/2372/2372 2370/2370/2370
f 2373/2373/2373 2372/2372/2372 2371/2371/2371
f 2373/2373/2373 2371/2371/2371 2374/2374/2374
f 2373/2373/2373 2374/2374/2374 2375/2375/2375
f 2373/2373/2373 2375/2375/2375 2376/2376/2376
f 2377/2377/2377 2376/2376/2376 2375/2375/2375
f 2377/2377/2377 2378/2378/2378 2376/2376/2376
f 2379/2379/2379 2378/2378/2378 2377/2377/2377
f 2378/2378/2378 2379/2379/2379 2380/2380/2380
f 2379/2379/2379 2381/2381/2381 2380/2380/2380
f 2382/2382/2382 2380/2380/2380 2381/2381/2381
f 2383/2383/2383 2382/2382/2382 2381/2381/2381
f 2382/2382/2382 2383/2383/2383 2384/2384/2384
f 2387/2387/2387 2386/2386/2386 2385/2385/2385
f 2387/2387/2387 2388/2388/2388 2386/2386/2386
f 2388/2388/2388 2389/2389/2389 2386/2386/2386
f 2388/2388/2388 2390/2390/2390 2389/2389/2389
f 2390/2390/2390 2391/2391/2391 2389/2389/2389
f 2392/2392/2392 2391/2391/2391 2390/2390/2390
f 2393/2393/2393 2392/2392/2392 2390/2390/2390
f 2394/2394/2394 2392/2392/2392 2393/2393/2393
f 2395/2395/2395 2394/2394/2394 2393/2393/2393
f 2396/2396/2396 2394/2394/2394 2395/2395/2395
f 2397/2397/2397 2396/2396/2396 2395/2395/2395
f 2396/2396/2396 2398/2398/2398 2394/2394/2394
f 2396/2396/2396 2397/2397/2397 2399/2399/2399
f 2396/2396/2396 2399/2399/2399 2398/2398/2398
f 2402/2402/2402 2401/2401/2401 2400/2400/2400
f 2402/2402/2402 2400/2400/2400 2403/2403/2403
f 2404/2404/2404 2402/2402/2402 2403/2403/2403
f 2404/2404/2404 2403/2403/2403 2405/2405/2405
f 2406/2406/2406 2404/2404/2404 2405/2405/2405
f 2406/2406/2406 2405/2405/2405 2407/2407/2407
f 2408/2408/2408 2406/2406/2406 2407/2407/2407
f 2409/2409/2409 2408/2408/2408 2407/2407/2407
f 2409/2409/2409 2407/2407/2407 2410/2410/2410
f 2409/2409/2409 2411/2411/2411 2408/2408/2408
f 2412/2412/2412 2411/2411/2411 2409/2409/2409
f 2409/2409/2409 2410/2410/2410 2413/2413/2413
f 2414/2414/2414 2412/2412/2412 2409/2409/2409
f 2414/2414/2414 2409/2409/2409 2413/2413/2413
f 2412/2412/2412 2414/2414/2414 2415/2415/2415
f 2414/2414/2414 2416/2416/2416 2415/2415/2415
f 2417/2417/2417 2415/2415/2415 2416/2416/2416
f 2416/2416/2416 2414/2414/2414 2418/2418/2418
f 2414/2414/2414 2413/2413/2413 2418/2418/2418
f 2419/2419/2419 2417/2417/2417 2416/2416/2416
f 2416/2416/2416 2418/2418/2418 2419/2419/2419
f 2417/2417/2417 2419/2419/2419 2420/2420/2420
f 2421/2421/2421 2417/2417/2417 2420/2420/2420
f 2421/2421/2421 2420/2420/2420 2422/2422/2422
f 2420/2420/2420 2423/2423/2423 2422/2422/2422
f 2424/2424/2424 2422/2422/2422 2423/2423/2423
f 2420/2420/2420 2419/2419/2419 2425/2425/2425
f 2420/2420/2420 2425/2425/2425 2423/2423/2423
f 2426/2426/2426 2424/2424/2424 2423/2423/2423
f 2427/2427/2427 2424/2424/2424 2426/2426/2426
f 2418/2418/2418 2428/2428/2428 2419/2419/2419
f 2419/2419/2419 2428/2428/2428 2425/2425/2425
f 2423/2423/2423 2429/2429/2429 2426/2426/2426
f 2425/2425/2425 2429/2429/2429 2423/2423/2423
f 2430/2430/2430 2425/2425/2425 2428/2428/2428
f 2430/2430/2430 2428/2428/2428 2431/2431/2431
f 2431/2431/2431 2428/2428/2428 2418/2418/2418
f 2430/2430/2430 2432/2432/2432 2425/2425/2425
f 2432/2432/2432 2429/2429/2429 2425/2425/2425
f 2431/2431/2431 2418/2418/2418 2433/2433/2433
f 2434/2434/2434 2431/2431/2431 2433/2433/2433
f 2434/2434/2434 2433/2433/2433 2435/2435/2435
f 2433/2433/2433 2418/2418/2418 2413/2413/2413
f 2436/2436/2436 2429/2429/2429 2432/2432/2432
f 2429/2429/2429 2436/2436/2436 2426/2426/2426
f 2437/2437/2437 2436/2436/2436 2432/2432/2432
f 2435/2435/2435 2433/2433/2433 2438/2438/2438
f 2433/2433/2433 2413/2413/2413 2438/2438/2438
f 2439/2439/2439 2435/2435/2435 2438/2438/2438
f 2439/2439/2439 2438/2438/2438 2413/2413/2413
f 2439/2439/2439 2413/2413/2413 2440/2440/2440
f 2439/2439/2439 2440/2440/2440 2441/2441/2441
f 2442/2442/2442 2439/2439/2439 2441/2441/2441
f 2442/2442/2442 2441/2441/2441 2443/2443/2443
f 2444/2444/2444 2442/2442/2442 2443/2443/2443
f 2443/2443/2443 2445/2445/2445 2444/2444/2444
f 2445/2445/2445 2446/2446/2446 2444/2444/2444
f 2446/2446/2446 2445/2445/2445 2447/2447/2447
f 2448/2448/2448 2446/2446/2446 2447/2447/2447
f 2449/2449/2449 2448/2448/2448 2447/2447/2447
f 2437/2437/2437 2450/2450/2450 2436/2436/2436
f 2450/2450/2450 2451/2451/2451 2436/2436/2436
f 2426/2426/2426 2436/2436/2436 2451/2451/2451
f 2427/2427/2427 2426/2426/2426 2451/2451/2451
f 2451/2451/2451 2450/2450/2450 2452/2452/2452
f 2453/2453/2453 2450/2450/2450 2437/2437/2437
f 2450/2450/2450 2453/2453/2453 2452/2452/2452
f 2454/2454/2454 2427/2427/2427 2451/2451/2451
f 2452/2452/2452 2454/2454/2454 2451/2451/2451
f 2427/2427/2427 2454/2454/2454 2455/2455/2455
f 2456/2456/2456 2427/2427/2427 2455/2455/2455
f 2457/2457/2457 2427/2427/2427 2456/2456/2456
f 2458/2458/2458 2457/2457/2457 2456/2456/2456
f 2458/2458/2458 2459/2459/2459 2457/2457/2457
f 2459/2459/2459 2460/2460/2460 2457/2457/2457
f 2461/2461/2461 2460/2460/2460 2459/2459/2459
f 2462/2462/2462 2461/2461/2461 2459/2459/2459
f 2463/2463/2463 2461/2461/2461 2462/2462/2462
f 2464/2464/2464 2463/2463/2463 2462/2462/2462
f 2463/2463/2463 2464/2464/2464 2465/2465/2465
f 2464/2464/2464 2466/2466/2466 2465/2465/2465
f 2465/2465/2465 2466/2466/2466 2467/2467/2467
f 2468/2468/2468 2465/2465/2465 2467/2467/2467
f 2469/2469/2469 2468/2468/2468 2467/2467/2467
f 2470/2470/2470 2469/2469/2469 2467/2467/2467
f 2469/2469/2469 2470/2470/2470 2471/2471/2471
f 2474/2474/2474 2473/2473/2473 2472/2472/2472
f 2473/2473/2473 2475/2475/2475 2472/2472/2472
f 2475/2475/2475 2473/2473/2473 2476/2476/2476
f 2473/2473/2473 2477/2477/2477 2476/2476/2476
f 2477/2477/2477 2478/2478/2478 2476/2476/2476
f 2479/2479/2479 2476/2476/2476 2478/2478/2478
f 2480/2480/2480 2479/2479/2479 2478/2478/2478
f 2480/2480/2480 2481/2481/2481 2479/2479/2479
f 2482/2482/2482 2475/2475/2475 2476/2476/2476
f 2479/2479/2479 2482/2482/2482 2476/2476/2476
f 2481/2481/2481 2483/2483/2483 2479/2479/2479
f 2482/2482/2482 2479/2479/2479 2483/2483/2483
f 2483/2483/2483 2481/2481/2481 2484/2484/2484
f 2475/2475/2475 2482/2482/2482 2485/2485/2485
f 2472/2472/2472 2475/2475/2475 2485/2485/2485
f 2482/2482/2482 2483/2483/2483 2485/2485/2485
f 2486/2486/2486 2483/2483/2483 2484/2484/2484
f 2483/2483/2483 2486/2486/2486 2485/2485/2485
f 2486/2486/2486 2484/2484/2484 2487/2487/2487
f 2486/2486/2486 2487/2487/2487 2485/2485/2485
f 2484/2484/2484 2488/2488/2488 2487/2487/2487
f 2488/2488/2488 2489/2489/2489 2487/2487/2487
f 2472/2472/2472 2485/2485/2485 2490/2490/2490
f 2487/2487/2487 2490/2490/2490 2485/2485/2485
f 2491/2491/2491 2472/2472/2472 2490/2490/2490
f 2492/2492/2492 2491/2491/2491 2490/2490/2490
f 2489/2489/2489 2493/2493/2493 2487/2487/2487
f 2487/2487/2487 2493/2493/2493 2490/2490/2490
f 2494/2494/2494 2492/2492/2492 2490/2490/2490
f 2493/2493/2493 2494/2494/2494 2490/2490/2490
f 2489/2489/2489 2495/2495/2495 2493/2493/2493
f 2493/2493/2493 2495/2495/2495 2494/2494/2494
f 2489/2489/2489 2496/2496/2496 2495/2495/2495
f 2494/2494/2494 2497/2497/2497 2492/2492/2492
f 2495/2495/2495 2497/2497/2497 2494/2494/2494
f 2497/2497/2497 2498/2498/2498 2492/2492/2492
f 2499/2499/2499 2495/2495/2495 2496/2496/2496
f 2495/2495/2495 2499/2499/2499 2497/2497/2497
f 2497/2497/2497 2500/2500/2500 2498/2498/2498
f 2499/2499/2499 2500/2500/2500 2497/2497/2497
f 2500/2500/2500 2501/2501/2501 2498/2498/2498
f 2501/2501/2501 2500/2500/2500 2502/2502/2502
f 2502/2502/2502 2500/2500/2500 2499/2499/2499
f 2503/2503/2503 2501/2501/2501 2502/2502/2502
f 2499/2499/2499 2496/2496/2496 2504/2504/2504
f 2504/2504/2504 2502/2502/2502 2499/2499/2499
f 2496/2496/2496 2505/2505/2505 2504/2504/2504
f 2505/2505/2505 2506/2506/2506 2504/2504/2504
f 2506/2506/2506 2507/2507/2507 2504/2504/2504
f 2506/2506/2506 2508/2508/2508 2507/2507/2507
f 2508/2508/2508 2509/2509/2509 2507/2507/2507
f 2508/2508/2508 2510/2510/2510 2509/2509/2509
f 2510/2510/2510 2511/2511/2511 2509/2509/2509
f 2504/2504/2504 2512/2512/2512 2502/2502/2502
f 2503/2503/2503 2502/2502/2502 2513/2513/2513
f 2512/2512/2512 2513/2513/2513 2502/2502/2502
f 2514/2514/2514 2503/2503/2503 2513/2513/2513
f 2515/2515/2515 2513/2513/2513 2512/2512/2512
f 2514/2514/2514 2513/2513/2513 2515/2515/2515
f 2516/2516/2516 2515/2515/2515 2512/2512/2512
f 2517/2517/2517 2514/2514/2514 2515/2515/2515
f 2516/2516/2516 2518/2518/2518 2515/2515/2515
f 2517/2517/2517 2515/2515/2515 2519/2519/2519
f 2518/2518/2518 2519/2519/2519 2515/2515/2515
f 2520/2520/2520 2517/2517/2517 2519/2519/2519
f 2521/2521/2521 2519/2519/2519 2518/2518/2518
f 2519/2519/2519 2521/2521/2521 2520/2520/2520
f 2522/2522/2522 2521/2521/2521 2518/2518/2518
f 2523/2523/2523 2521/2521/2521 2522/2522/2522
f 2521/2521/2521 2524/2524/2524 2520/2520/2520
f 2524/2524/2524 2521/2521/2521 2523/2523/2523
f 2525/2525/2525 2523/2523/2523 2522/2522/2522
f 2525/2525/2525 2526/2526/2526 2523/2523/2523
f 2524/2524/2524 2523/2523/2523 2527/2527/2527
f 2528/2528/2528 2524/2524/2524 2527/2527/2527
f 2524/2524/2524 2528/2528/2528 2529/2529/2529
f 2528/2528/2528 2530/2530/2530 2529/2529/2529
f 2529/2529/2529 2530/2530/2530 2531/2531/2531
f 2530/2530/2530 2532/2532/2532 2531/2531/2531
f 2531/2531/2531 2532/2532/2532 2533/2533/2533
f 2526/2526/2526 2534/2534/2534 2523/2523/2523
f 2527/2527/2527 2523/2523/2523 2535/2535/2535
f 2523/2523/2523 2534/2534/2534 2535/2535/2535
f 2526/2526/2526 2536/2536/2536 2534/2534/2534
f 2526/2526/2526 2537/2537/2537 2536/2536/2536
f 2535/2535/2535 2534/2534/2534 2538/2538/2538
f 2536/2536/2536 2538/2538/2538 2534/2534/2534
f 2539/2539/2539 2536/2536/2536 2537/2537/2537
f 2540/2540/2540 2539/2539/2539 2537/2537/2537
f 2540/2540/2540 2541/2541/2541 2539/2539/2539
f 2539/2539/2539 2542/2542/2542 2536/2536/2536
f 2542/2542/2542 2538/2538/2538 2536/2536/2536
f 2541/2541/2541 2543/2543/2543 2539/2539/2539
f 2539/2539/2539 2543/2543/2543 2542/2542/2542
f 2543/2543/2543 2541/2541/2541 2544/2544/2544
f 2541/2541/2541 2545/2545/2545 2544/2544/2544
f 2544/2544/2544 2545/2545/2545 2546/2546/2546
f 2545/2545/2545 2547/2547/2547 2546/2546/2546
f 2546/2546/2546 2547/2547/2547 2548/2548/2548
f 2547/2547/2547 2549/2549/2549 2548/2548/2548
f 2548/2548/2548 2549/2549/2549 2550/2550/2550
f 2548/2548/2548 2550/2550/2550 2551/2551/2551
f 2550/2550/2550 2552/2552/2552 2551/2551/2551
f 2549/2549/2549 2553/2553/2553 2550/2550/2550
f 2552/2552/2552 2550/2550/2550 2553/2553/2553
f 2554/2554/2554 2552/2552/2552 2553/2553/2553
f 2554/2554/2554 2555/2555/2555 2552/2552/2552
f 2546/2546/2546 2548/2548/2548 2556/2556/2556
f 2556/2556/2556 2548/2548/2548 2551/2551/2551
f 2544/2544/2544 2546/2546/2546 2557/2557/2557
f 2557/2557/2557 2546/2546/2546 2556/2556/2556
f 2544/2544/2544 2558/2558/2558 2543/2543/2543
f 2559/2559/2559 2544/2544/2544 2557/2557/2557
f 2558/2558/2558 2544/2544/2544 2559/2559/2559
f 2543/2543/2543 2558/2558/2558 2560/2560/2560
f 2543/2543/2543 2560/2560/2560 2542/2542/2542
f 2542/2542/2542 2560/2560/2560 2561/2561/2561
f 2542/2542/2542 2561/2561/2561 2538/2538/2538
f 2562/2562/2562 2560/2560/2560 2558/2558/2558
f 2560/2560/2560 2562/2562/2562 2561/2561/2561
f 2562/2562/2562 2558/2558/2558 2563/2563/2563
f 2561/2561/2561 2562/2562/2562 2563/2563/2563
f 2558/2558/2558 2559/2559/2559 2564/2564/2564
f 2558/2558/2558 2564/2564/2564 2563/2563/2563
f 2559/2559/2559 2557/2557/2557 2565/2565/2565
f 2559/2559/2559 2565/2565/2565 2564/2564/2564
f 2564/2564/2564 2565/2565/2565 2566/2566/2566
f 2557/2557/2557 2567/2567/2567 2565/2565/2565
f 2565/2565/2565 2567/2567/2567 2566/2566/2566
f 2557/2557/2557 2556/2556/2556 2567/2567/2567
f 2561/2561/2561 2568/2568/2568 2538/2538/2538
f 2535/2535/2535 2538/2538/2538 2568/2568/2568
f 2561/2561/2561 2563/2563/2563 2569/2569/2569
f 2561/2561/2561 2569/2569/2569 2568/2568/2568
f 2570/2570/2570 2563/2563/2563 2564/2564/2564
f 2569/2569/2569 2563/2563/2563 2570/2570/2570
f 2571/2571/2571 2535/2535/2535 2568/2568/2568
f 2527/2527/2527 2535/2535/2535 2571/2571/2571
f 2572/2572/2572 2564/2564/2564 2566/2566/2566
f 2572/2572/2572 2570/2570/2570 2564/2564/2564
f 2573/2573/2573 2570/2570/2570 2572/2572/2572
f 2556/2556/2556 2574/2574/2574 2567/2567/2567
f 2574/2574/2574 2556/2556/2556 2551/2551/2551
f 2568/2568/2568 2569/2569/2569 2575/2575/2575
f 2571/2571/2571 2568/2568/2568 2575/2575/2575
f 2576/2576/2576 2527/2527/2527 2571/2571/2571
f 2528/2528/2528 2527/2527/2527 2576/2576/2576
f 2577/2577/2577 2571/2571/2571 2575/2575/2575
f 2577/2577/2577 2576/2576/2576 2571/2571/2571
f 2578/2578/2578 2577/2577/2577 2575/2575/2575
f 2579/2579/2579 2528/2528/2528 2576/2576/2576
f 2579/2579/2579 2576/2576/2576 2577/2577/2577
f 2528/2528/2528 2579/2579/2579 2530/2530/2530
f 2577/2577/2577 2578/2578/2578 2580/2580/2580
f 2580/2580/2580 2579/2579/2579 2577/2577/2577
f 2578/2578/2578 2581/2581/2581 2580/2580/2580
f 2579/2579/2579 2582/2582/2582 2530/2530/2530
f 2579/2579/2579 2580/2580/2580 2582/2582/2582
f 2530/2530/2530 2582/2582/2582 2532/2532/2532
f 2580/2580/2580 2581/2581/2581 2583/2583/2583
f 2580/2580/2580 2583/2583/2583 2582/2582/2582
f 2581/2581/2581 2584/2584/2584 2583/2583/2583
f 2582/2582/2582 2585/2585/2585 2532/2532/2532
f 2582/2582/2582 2583/2583/2583 2585/2585/2585
f 2583/2583/2583 2584/2584/2584 2586/2586/2586
f 2583/2583/2583 2586/2586/2586 2585/2585/2585
f 2584/2584/2584 2587/2587/2587 2586/2586/2586
f 2586/2586/2586 2587/2587/2587 2588/2588/2588
f 2532/2532/2532 2585/2585/2585 2589/2589/2589
f 2532/2532/2532 2589/2589/2589 2533/2533/2533
f 2590/2590/2590 2586/2586/2586 2588/2588/2588
f 2590/2590/2590 2588/2588/2588 2591/2591/2591
f 2585/2585/2585 2586/2586/2586 2592/2592/2592
f 2585/2585/2585 2592/2592/2592 2589/2589/2589
f 2586/2586/2586 2590/2590/2590 2592/2592/2592
f 2533/2533/2533 2589/2589/2589 2593/2593/2593
f 2593/2593/2593 2589/2589/2589 2592/2592/2592
f 2594/2594/2594 2533/2533/2533 2593/2593/2593
f 2594/2594/2594 2593/2593/2593 2595/2595/2595
f 2596/2596/2596 2590/2590/2590 2591/2591/2591
f 2596/2596/2596 2591/2591/2591 2597/2597/2597
f 2592/2592/2592 2590/2590/2590 2598/2598/2598
f 2598/2598/2598 2593/2593/2593 2592/2592/2592
f 2590/2590/2590 2596/2596/2596 2598/2598/2598
f 2593/2593/2593 2599/2599/2599 2595/2595/2595
f 2599/2599/2599 2593/2593/2593 2598/2598/2598
f 2600/2600/2600 2595/2595/2595 2599/2599/2599
f 2601/2601/2601 2596/2596/2596 2597/2597/2597
f 2601/2601/2601 2597/2597/2597 2602/2602/2602
f 2603/2603/2603 2598/2598/2598 2596/2596/2596
f 2603/2603/2603 2599/2599/2599 2598/2598/2598
f 2601/2601/2601 2603/2603/2603 2596/2596/2596
f 2604/2604/2604 2601/2601/2601 2602/2602/2602
f 2604/2604/2604 2602/2602/2602 2605/2605/2605
f 2606/2606/2606 2603/2603/2603 2601/2601/2601
f 2604/2604/2604 2606/2606/2606 2601/2601/2601
f 2599/2599/2599 2603/2603/2603 2607/2607/2607
f 2608/2608/2608 2604/2604/2604 2605/2605/2605
f 2604/2604/2604 2608/2608/2608 2606/2606/2606
f 2608/2608/2608 2609/2609/2609 2606/2606/2606
f 2609/2609/2609 2608/2608/2608 2610/2610/2610
f 2608/2608/2608 2605/2605/2605 2611/2611/2611
f 2608/2608/2608 2612/2612/2612 2610/2610/2610
f 2612/2612/2612 2608/2608/2608 2611/2611/2611
f 2610/2610/2610 2612/2612/2612 2613/2613/2613
f 2614/2614/2614 2599/2599/2599 2607/2607/2607
f 2614/2614/2614 2607/2607/2607 2615/2615/2615
f 2614/2614/2614 2600/2600/2600 2599/2599/2599
f 2600/2600/2600 2614/2614/2614 2615/2615/2615
f 2607/2607/2607 2616/2616/2616 2615/2615/2615
f 2617/2617/2617 2600/2600/2600 2615/2615/2615
f 2615/2615/2615 2616/2616/2616 2618/2618/2618
f 2619/2619/2619 2612/2612/2612 2611/2611/2611
f 2612/2612/2612 2619/2619/2619 2613/2613/2613
f 2620/2620/2620 2617/2617/2617 2615/2615/2615
f 2621/2621/2621 2617/2617/2617 2620/2620/2620
f 2621/2621/2621 2620/2620/2620 2622/2622/2622
f 2623/2623/2623 2615/2615/2615 2618/2618/2618
f 2620/2620/2620 2615/2615/2615 2623/2623/2623
f 2618/2618/2618 2624/2624/2624 2623/2623/2623
f 2624/2624/2624 2625/2625/2625 2623/2623/2623
f 2625/2625/2625 2620/2620/2620 2623/2623/2623
f 2625/2625/2625 2624/2624/2624 2626/2626/2626
f 2622/2622/2622 2620/2620/2620 2627/2627/2627
f 2625/2625/2625 2627/2627/2627 2620/2620/2620
f 2628/2628/2628 2622/2622/2622 2627/2627/2627
f 2629/2629/2629 2625/2625/2625 2626/2626/2626
f 2625/2625/2625 2629/2629/2629 2627/2627/2627
f 2629/2629/2629 2626/2626/2626 2630/2630/2630
f 2628/2628/2628 2627/2627/2627 2631/2631/2631
f 2629/2629/2629 2631/2631/2631 2627/2627/2627
f 2632/2632/2632 2628/2628/2628 2631/2631/2631
f 2632/2632/2632 2631/2631/2631 2633/2633/2633
f 2629/2629/2629 2634/2634/2634 2631/2631/2631
f 2634/2634/2634 2629/2629/2629 2630/2630/2630
f 2631/2631/2631 2635/2635/2635 2633/2633/2633
f 2634/2634/2634 2635/2635/2635 2631/2631/2631
f 2633/2633/2633 2635/2635/2635 2636/2636/2636
f 2633/2633/2633 2636/2636/2636 2637/2637/2637
f 2637/2637/2637 2636/2636/2636 2638/2638/2638
f 2635/2635/2635 2634/2634/2634 2639/2639/2639
f 2634/2634/2634 2630/2630/2630 2639/2639/2639
f 2636/2636/2636 2635/2635/2635 2639/2639/2639
f 2639/2639/2639 2640/2640/2640 2636/2636/2636
f 2636/2636/2636 2641/2641/2641 2638/2638/2638
f 2640/2640/2640 2641/2641/2641 2636/2636/2636
f 2641/2641/2641 2642/2642/2642 2638/2638/2638
f 2641/2641/2641 2640/2640/2640 2642/2642/2642
f 2642/2642/2642 2643/2643/2643 2638/2638/2638
f 2642/2642/2642 2644/2644/2644 2643/2643/2643
f 2642/2642/2642 2645/2645/2645 2644/2644/2644
f 2640/2640/2640 2645/2645/2645 2642/2642/2642
f 2645/2645/2645 2646/2646/2646 2644/2644/2644
f 2645/2645/2645 2640/2640/2640 2646/2646/2646
f 2646/2646/2646 2647/2647/2647 2644/2644/2644
f 2647/2647/2647 2646/2646/2646 2648/2648/2648
f 2646/2646/2646 2649/2649/2649 2648/2648/2648
f 2640/2640/2640 2649/2649/2649 2646/2646/2646
f 2650/2650/2650 2648/2648/2648 2649/2649/2649
f 2639/2639/2639 2651/2651/2651 2640/2640/2640
f 2651/2651/2651 2649/2649/2649 2640/2640/2640
f 2630/2630/2630 2651/2651/2651 2639/2639/2639
f 2649/2649/2649 2652/2652/2652 2650/2650/2650
f 2651/2651/2651 2652/2652/2652 2649/2649/2649
f 2650/2650/2650 2652/2652/2652 2653/2653/2653
f 2653/2653/2653 2652/2652/2652 2651/2651/2651
f 2630/2630/2630 2653/2653/2653 2651/2651/2651
f 2653/2653/2653 2654/2654/2654 2650/2650/2650
f 2655/2655/2655 2653/2653/2653 2630/2630/2630
f 2654/2654/2654 2653/2653/2653 2655/2655/2655
f 2655/2655/2655 2630/2630/2630 2656/2656/2656
f 2656/2656/2656 2613/2613/2613 2655/2655/2655
f 2657/2657/2657 2654/2654/2654 2655/2655/2655
f 2613/2613/2613 2619/2619/2619 2655/2655/2655
f 2655/2655/2655 2619/2619/2619 2657/2657/2657
f 2619/2619/2619 2658/2658/2658 2657/2657/2657
f 2659/2659/2659 2657/2657/2657 2658/2658/2658
f 2658/2658/2658 2619/2619/2619 2611/2611/2611
f 2660/2660/2660 2659/2659/2659 2658/2658/2658
f 2611/2611/2611 2660/2660/2660 2658/2658/2658
f 2663/2663/2663 2662/2662/2662 2661/2661/2661
f 2661/2661/2661 2664/2664/2664 2663/2663/2663
f 2663/2663/2663 2664/2664/2664 2665/2665/2665
f 2665/2665/2665 2664/2664/2664 2666/2666/2666
f 2665/2665/2665 2666/2666/2666 2667/2667/2667
f 2668/2668/2668 2665/2665/2665 2667/2667/2667
f 2669/2669/2669 2668/2668/2668 2667/2667/2667
f 2670/2670/2670 2669/2669/2669 2667/2667/2667
f 2669/2669/2669 2670/2670/2670 2671/2671/2671
f 2670/2670/2670 2672/2672/2672 2671/2671/2671
f 2672/2672/2672 2673/2673/2673 2671/2671/2671
f 2673/2673/2673 2674/2674/2674 2671/2671/2671
f 2675/2675/2675 2671/2671/2671 2674/2674/2674
f 2669/2669/2669 2671/2671/2671 2675/2675/2675
f 2676/2676/2676 2675/2675/2675 2674/2674/2674
f 2677/2677/2677 2669/2669/2669 2675/2675/2675
f 2677/2677/2677 2675/2675/2675 2676/2676/2676
f 2669/2669/2669 2677/2677/2677 2668/2668/2668
f 2678/2678/2678 2677/2677/2677 2676/2676/2676
f 2677/2677/2677 2679/2679/2679 2668/2668/2668
f 2677/2677/2677 2678/2678/2678 2679/2679/2679
f 2668/2668/2668 2679/2679/2679 2680/2680/2680
f 2678/2678/2678 2681/2681/2681 2679/2679/2679
f 2681/2681/2681 2678/2678/2678 2682/2682/2682
f 2681/2681/2681 2683/2683/2683 2679/2679/2679
f 2681/2681/2681 2682/2682/2682 2683/2683/2683
f 2679/2679/2679 2684/2684/2684 2680/2680/2680
f 2683/2683/2683 2684/2684/2684 2679/2679/2679
f 2680/2680/2680 2684/2684/2684 2685/2685/2685
f 2685/2685/2685 2684/2684/2684 2683/2683/2683
f 2686/2686/2686 2680/2680/2680 2685/2685/2685
f 2686/2686/2686 2685/2685/2685 2687/2687/2687
f 2682/2682/2682 2688/2688/2688 2683/2683/2683
f 2689/2689/2689 2688/2688/2688 2682/2682/2682
f 2690/2690/2690 2688/2688/2688 2689/2689/2689
f 2690/2690/2690 2455/2455/2455 2688/2688/2688
f 2455/2455/2455 2454/2454/2454 2688/2688/2688
f 2688/2688/2688 2454/2454/2454 2452/2452/2452
f 2683/2683/2683 2688/2688/2688 2452/2452/2452
f 2452/2452/2452 2685/2685/2685 2683/2683/2683
f 2453/2453/2453 2685/2685/2685 2452/2452/2452
f 2685/2685/2685 2453/2453/2453 2687/2687/2687
f 2691/2691/2691 2687/2687/2687 2453/2453/2453
f 2692/2692/2692 2691/2691/2691 2453/2453/2453
f 2692/2692/2692 2453/2453/2453 2437/2437/2437
f 2693/2693/2693 2691/2691/2691 2692/2692/2692
f 2692/2692/2692 2437/2437/2437 2694/2694/2694
f 2694/2694/2694 2693/2693/2693 2692/2692/2692
f 2437/2437/2437 2695/2695/2695 2694/2694/2694
f 2696/2696/2696 2693/2693/2693 2694/2694/2694
f 2694/2694/2694 2695/2695/2695 2697/2697/2697
f 2697/2697/2697 2696/2696/2696 2694/2694/2694
f 2695/2695/2695 2698/2698/2698 2697/2697/2697
f 2696/2696/2696 2697/2697/2697 2699/2699/2699
f 2700/2700/2700 2697/2697/2697 2698/2698/2698
f 2697/2697/2697 2700/2700/2700 2699/2699/2699
f 2701/2701/2701 2700/2700/2700 2698/2698/2698
f 2700/2700/2700 2701/2701/2701 2702/2702/2702
f 2703/2703/2703 2699/2699/2699 2700/2700/2700
f 2704/2704/2704 2700/2700/2700 2702/2702/2702
f 2704/2704/2704 2703/2703/2703 2700/2700/2700
f 2704/2704/2704 2702/2702/2702 2705/2705/2705
f 2704/2704/2704 2706/2706/2706 2703/2703/2703
f 2706/2706/2706 2704/2704/2704 2705/2705/2705
f 2706/2706/2706 2707/2707/2707 2703/2703/2703
f 2706/2706/2706 2705/2705/2705 2708/2708/2708
f 2706/2706/2706 2709/2709/2709 2707/2707/2707
f 2709/2709/2709 2706/2706/2706 2708/2708/2708
f 2709/2709/2709 2710/2710/2710 2707/2707/2707
f 2709/2709/2709 2708/2708/2708 2711/2711/2711
f 2709/2709/2709 2711/2711/2711 2710/2710/2710
f 2714/2714/2714 2713/2713/2713 2712/2712/2712
f 2714/2714/2714 2712/2712/2712 2715/2715/2715
f 2716/2716/2716 2714/2714/2714 2715/2715/2715
f 2715/2715/2715 2712/2712/2712 2717/2717/2717
f 2718/2718/2718 2716/2716/2716 2715/2715/2715
f 2715/2715/2715 2717/2717/2717 2718/2718/2718
f 2719/2719/2719 2716/2716/2716 2718/2718/2718
f 2719/2719/2719 2718/2718/2718 2720/2720/2720
f 2717/2717/2717 2721/2721/2721 2718/2718/2718
f 2722/2722/2722 2720/2720/2720 2718/2718/2718
f 2722/2722/2722 2718/2718/2718 2721/2721/2721
f 2721/2721/2721 2717/2717/2717 2723/2723/2723
f 2717/2717/2717 2724/2724/2724 2723/2723/2723
f 2720/2720/2720 2722/2722/2722 2725/2725/2725
f 2725/2725/2725 2555/2555/2555 2720/2720/2720
f 2726/2726/2726 2722/2722/2722 2721/2721/2721
f 2726/2726/2726 2721/2721/2721 2723/2723/2723
f 2725/2725/2725 2722/2722/2722 2726/2726/2726
f 2725/2725/2725 2727/2727/2727 2555/2555/2555
f 2555/2555/2555 2727/2727/2727 2552/2552/2552
f 2552/2552/2552 2727/2727/2727 2725/2725/2725
f 2728/2728/2728 2552/2552/2552 2725/2725/2725
f 2728/2728/2728 2725/2725/2725 2726/2726/2726
f 2552/2552/2552 2728/2728/2728 2551/2551/2551
f 2728/2728/2728 2726/2726/2726 2551/2551/2551
f 2726/2726/2726 2729/2729/2729 2551/2551/2551
f 2729/2729/2729 2726/2726/2726 2723/2723/2723
f 2574/2574/2574 2551/2551/2551 2729/2729/2729
f 2730/2730/2730 2723/2723/2723 2724/2724/2724
f 2731/2731/2731 2730/2730/2730 2724/2724/2724
f 2731/2731/2731 2732/2732/2732 2730/2730/2730
f 2733/2733/2733 2729/2729/2729 2723/2723/2723
f 2723/2723/2723 2730/2730/2730 2733/2733/2733
f 2729/2729/2729 2734/2734/2734 2574/2574/2574
f 2729/2729/2729 2733/2733/2733 2734/2734/2734
f 2567/2567/2567 2574/2574/2574 2734/2734/2734
f 2735/2735/2735 2567/2567/2567 2734/2734/2734
f 2735/2735/2735 2734/2734/2734 2733/2733/2733
f 2567/2567/2567 2735/2735/2735 2566/2566/2566
f 2736/2736/2736 2735/2735/2735 2733/2733/2733
f 2736/2736/2736 2733/2733/2733 2730/2730/2730
f 2566/2566/2566 2735/2735/2735 2736/2736/2736
f 2732/2732/2732 2737/2737/2737 2730/2730/2730
f 2737/2737/2737 2736/2736/2736 2730/2730/2730
f 2737/2737/2737 2732/2732/2732 2738/2738/2738
f 2739/2739/2739 2566/2566/2566 2736/2736/2736
f 2739/2739/2739 2736/2736/2736 2737/2737/2737
f 2740/2740/2740 2737/2737/2737 2738/2738/2738
f 2740/2740/2740 2739/2739/2739 2737/2737/2737
f 2738/2738/2738 2741/2741/2741 2740/2740/2740
f 2739/2739/2739 2740/2740/2740 2741/2741/2741
f 2738/2738/2738 2742/2742/2742 2741/2741/2741
f 2739/2739/2739 2743/2743/2743 2566/2566/2566
f 2743/2743/2743 2739/2739/2739 2741/2741/2741
f 2743/2743/2743 2572/2572/2572 2566/2566/2566
f 2743/2743/2743 2573/2573/2573 2572/2572/2572
f 2743/2743/2743 2741/2741/2741 2573/2573/2573
f 2744/2744/2744 2741/2741/2741 2742/2742/2742
f 2741/2741/2741 2744/2744/2744 2573/2573/2573
f 2744/2744/2744 2742/2742/2742 2745/2745/2745
f 2742/2742/2742 2746/2746/2746 2745/2745/2745
f 2573/2573/2573 2744/2744/2744 2747/2747/2747
f 2744/2744/2744 2745/2745/2745 2747/2747/2747
f 2747/2747/2747 2745/2745/2745 2748/2748/2748
f 2745/2745/2745 2746/2746/2746 2749/2749/2749
f 2745/2745/2745 2749/2749/2749 2748/2748/2748
f 2746/2746/2746 2750/2750/2750 2749/2749/2749
f 2748/2748/2748 2749/2749/2749 2751/2751/2751
f 2749/2749/2749 2750/2750/2750 2752/2752/2752
f 2749/2749/2749 2752/2752/2752 2751/2751/2751
f 2750/2750/2750 2753/2753/2753 2752/2752/2752
f 2751/2751/2751 2752/2752/2752 2754/2754/2754
f 2752/2752/2752 2753/2753/2753 2754/2754/2754
f 2755/2755/2755 2751/2751/2751 2754/2754/2754
f 2753/2753/2753 2756/2756/2756 2754/2754/2754
f 2757/2757/2757 2755/2755/2755 2754/2754/2754
f 2754/2754/2754 2756/2756/2756 2758/2758/2758
f 2758/2758/2758 2757/2757/2757 2754/2754/2754
f 2756/2756/2756 2759/2759/2759 2758/2758/2758
f 2759/2759/2759 2760/2760/2760 2758/2758/2758
f 2757/2757/2757 2758/2758/2758 2761/2761/2761
f 2760/2760/2760 2761/2761/2761 2758/2758/2758
f 2762/2762/2762 2757/2757/2757 2761/2761/2761
f 2760/2760/2760 2763/2763/2763 2761/2761/2761
f 2762/2762/2762 2761/2761/2761 2764/2764/2764
f 2763/2763/2763 2765/2765/2765 2761/2761/2761
f 2761/2761/2761 2765/2765/2765 2764/2764/2764
f 2765/2765/2765 2763/2763/2763 2766/2766/2766
f 2766/2766/2766 2764/2764/2764 2765/2765/2765
f 2769/2769/2769 2768/2768/2768 2767/2767/2767
f 2769/2769/2769 2767/2767/2767 2770/2770/2770
f 2771/2771/2771 2769/2769/2769 2770/2770/2770
f 2771/2771/2771 2770/2770/2770 2772/2772/2772
f 2773/2773/2773 2771/2771/2771 2772/2772/2772
f 2773/2773/2773 2772/2772/2772 2774/2774/2774
f 2775/2775/2775 2773/2773/2773 2774/2774/2774
f 2775/2775/2775 2774/2774/2774 2776/2776/2776
f 2777/2777/2777 2775/2775/2775 2776/2776/2776
f 2777/2777/2777 2776/2776/2776 2778/2778/2778
f 2781/2781/2781 2780/2780/2780 2779/2779/2779
f 2780/2780/2780 2781/2781/2781 2782/2782/2782
f 2783/2783/2783 2780/2780/2780 2782/2782/2782
f 2783/2783/2783 2782/2782/2782 2784/2784/2784
f 2785/2785/2785 2783/2783/2783 2784/2784/2784
f 2785/2785/2785 2784/2784/2784 2786/2786/2786
f 2787/2787/2787 2785/2785/2785 2786/2786/2786
f 2787/2787/2787 2786/2786/2786 2788/2788/2788
f 2789/2789/2789 2787/2787/2787 2788/2788/2788
f 2789/2789/2789 2788/2788/2788 2790/2790/2790
f 2788/2788/2788 2791/2791/2791 2790/2790/2790
f 2790/2790/2790 2791/2791/2791 2792/2792/2792
f 2793/2793/2793 2790/2790/2790 2792/2792/2792
f 2793/2793/2793 2792/2792/2792 2794/2794/2794
f 2797/2797/2797 2796/2796/2796 2795/2795/2795
f 2798/2798/2798 2797/2797/2797 2795/2795/2795
f 2799/2799/2799 2798/2798/2798 2795/2795/2795
f 2802/2802/2802 2801/2801/2801 2800/2800/2800
f 2803/2803/2803 2801/2801/2801 2802/2802/2802
f 2803/2803/2803 2804/2804/2804 2801/2801/2801
f 2805/2805/2805 2801/2801/2801 2804/2804/2804
f 2805/2805/2805 2804/2804/2804 2806/2806/2806
f 2807/2807/2807 2805/2805/2805 2806/2806/2806
f 2807/2807/2807 2806/2806/2806 2808/2808/2808
f 2809/2809/2809 2807/2807/2807 2808/2808/2808
f 2809/2809/2809 2808/2808/2808 2810/2810/2810
f 2810/2810/2810 2811/2811/2811 2809/2809/2809
f 2810/2810/2810 2812/2812/2812 2811/2811/2811
f 2815/2815/2815 2814/2814/2814 2813/2813/2813
f 2816/2816/2816 2815/2815/2815 2813/2813/2813
f 2813/2813/2813 2817/2817/2817 2816/2816/2816
f 2817/2817/2817 2813/2813/2813 2818/2818/2818
f 2819/2819/2819 2818/2818/2818 2813/2813/2813
f 2820/2820/2820 2817/2817/2817 2818/2818/2818
f 2818/2818/2818 2819/2819/2819 2821/2821/2821
f 2821/2821/2821 2819/2819/2819 2822/2822/2822
f 2818/2818/2818 2823/2823/2823 2820/2820/2820
f 2823/2823/2823 2818/2818/2818 2821/2821/2821
f 2823/2823/2823 2824/2824/2824 2820/2820/2820
f 2822/2822/2822 2825/2825/2825 2821/2821/2821
f 2826/2826/2826 2825/2825/2825 2822/2822/2822
f 2823/2823/2823 2827/2827/2827 2824/2824/2824
f 2827/2827/2827 2828/2828/2828 2824/2824/2824
f 2828/2828/2828 2827/2827/2827 2829/2829/2829
f 2830/2830/2830 2828/2828/2828 2829/2829/2829
f 2831/2831/2831 2830/2830/2830 2829/2829/2829
f 2821/2821/2821 2832/2832/2832 2823/2823/2823
f 2832/2832/2832 2827/2827/2827 2823/2823/2823
f 2825/2825/2825 2832/2832/2832 2821/2821/2821
f 2829/2829/2829 2827/2827/2827 2832/2832/2832
f 2825/2825/2825 2833/2833/2833 2832/2832/2832
f 2825/2825/2825 2826/2826/2826 2834/2834/2834
f 2825/2825/2825 2834/2834/2834 2833/2833/2833
f 2834/2834/2834 2826/2826/2826 2835/2835/2835
f 2836/2836/2836 2834/2834/2834 2835/2835/2835
f 2834/2834/2834 2836/2836/2836 2837/2837/2837
f 2834/2834/2834 2837/2837/2837 2833/2833/2833
f 2838/2838/2838 2837/2837/2837 2836/2836/2836
f 2837/2837/2837 2839/2839/2839 2833/2833/2833
f 2839/2839/2839 2837/2837/2837 2838/2838/2838
f 2838/2838/2838 2836/2836/2836 2840/2840/2840
f 2841/2841/2841 2838/2838/2838 2840/2840/2840
f 2842/2842/2842 2829/2829/2829 2832/2832/2832
f 2833/2833/2833 2842/2842/2842 2832/2832/2832
f 2829/2829/2829 2842/2842/2842 2843/2843/2843
f 2842/2842/2842 2833/2833/2833 2843/2843/2843
f 2839/2839/2839 2844/2844/2844 2833/2833/2833
f 2833/2833/2833 2844/2844/2844 2843/2843/2843
f 2841/2841/2841 2845/2845/2845 2838/2838/2838
f 2845/2845/2845 2841/2841/2841 2846/2846/2846
f 2847/2847/2847 2829/2829/2829 2843/2843/2843
f 2847/2847/2847 2831/2831/2831 2829/2829/2829
f 2831/2831/2831 2847/2847/2847 2848/2848/2848
f 2847/2847/2847 2849/2849/2849 2848/2848/2848
f 2847/2847/2847 2843/2843/2843 2849/2849/2849
f 2848/2848/2848 2849/2849/2849 2850/2850/2850
f 2843/2843/2843 2844/2844/2844 2851/2851/2851
f 2843/2843/2843 2851/2851/2851 2849/2849/2849
f 2849/2849/2849 2852/2852/2852 2850/2850/2850
f 2852/2852/2852 2849/2849/2849 2851/2851/2851
f 2853/2853/2853 2850/2850/2850 2852/2852/2852
f 2844/2844/2844 2854/2854/2854 2851/2851/2851
f 2844/2844/2844 2839/2839/2839 2854/2854/2854
f 2855/2855/2855 2851/2851/2851 2854/2854/2854
f 2855/2855/2855 2852/2852/2852 2851/2851/2851
f 2839/2839/2839 2856/2856/2856 2854/2854/2854
f 2857/2857/2857 2856/2856/2856 2839/2839/2839
f 2857/2857/2857 2839/2839/2839 2858/2858/2858
f 2858/2858/2858 2839/2839/2839 2838/2838/2838
f 2852/2852/2852 2855/2855/2855 2859/2859/2859
f 2859/2859/2859 2853/2853/2853 2852/2852/2852
f 2853/2853/2853 2859/2859/2859 2860/2860/2860
f 2861/2861/2861 2860/2860/2860 2859/2859/2859
f 2862/2862/2862 2861/2861/2861 2859/2859/2859
f 2838/2838/2838 2863/2863/2863 2858/2858/2858
f 2845/2845/2845 2863/2863/2863 2838/2838/2838
f 2845/2845/2845 2864/2864/2864 2863/2863/2863
f 2865/2865/2865 2864/2864/2864 2845/2845/2845
f 2863/2863/2863 2864/2864/2864 2866/2866/2866
f 2866/2866/2866 2864/2864/2864 2867/2867/2867
f 2867/2867/2867 2864/2864/2864 2868/2868/2868
f 2865/2865/2865 2868/2868/2868 2864/2864/2864
f 2868/2868/2868 2865/2865/2865 2869/2869/2869
f 2863/2863/2863 2866/2866/2866 2870/2870/2870
f 2868/2868/2868 2869/2869/2869 2871/2871/2871
f 2871/2871/2871 2867/2867/2867 2868/2868/2868
f 2872/2872/2872 2871/2871/2871 2869/2869/2869
f 2866/2866/2866 2873/2873/2873 2870/2870/2870
f 2867/2867/2867 2873/2873/2873 2866/2866/2866
f 2872/2872/2872 2874/2874/2874 2871/2871/2871
f 2874/2874/2874 2872/2872/2872 2875/2875/2875
f 2870/2870/2870 2873/2873/2873 2876/2876/2876
f 2877/2877/2877 2870/2870/2870 2876/2876/2876
f 2877/2877/2877 2876/2876/2876 2878/2878/2878
f 2871/2871/2871 2879/2879/2879 2867/2867/2867
f 2874/2874/2874 2879/2879/2879 2871/2871/2871
f 2874/2874/2874 2875/2875/2875 2880/2880/2880
f 2881/2881/2881 2880/2880/2880 2875/2875/2875
f 2881/2881/2881 2882/2882/2882 2880/2880/2880
f 2880/2880/2880 2882/2882/2882 2883/2883/2883
f 2884/2884/2884 2874/2874/2874 2880/2880/2880
f 2874/2874/2874 2884/2884/2884 2879/2879/2879
f 2885/2885/2885 2880/2880/2880 2883/2883/2883
f 2884/2884/2884 2880/2880/2880 2885/2885/2885
f 2883/2883/2883 2886/2886/2886 2885/2885/2885
f 2886/2886/2886 2887/2887/2887 2885/2885/2885
f 2885/2885/2885 2887/2887/2887 2884/2884/2884
f 2884/2884/2884 2887/2887/2887 2888/2888/2888
f 2889/2889/2889 2884/2884/2884 2888/2888/2888
f 2884/2884/2884 2889/2889/2889 2879/2879/2879
f 2879/2879/2879 2889/2889/2889 2890/2890/2890
f 2879/2879/2879 2890/2890/2890 2867/2867/2867
f 2890/2890/2890 2891/2891/2891 2867/2867/2867
f 2890/2890/2890 2892/2892/2892 2891/2891/2891
f 2893/2893/2893 2891/2891/2891 2892/2892/2892
f 2891/2891/2891 2894/2894/2894 2867/2867/2867
f 2894/2894/2894 2873/2873/2873 2867/2867/2867
f 2893/2893/2893 2895/2895/2895 2891/2891/2891
f 2896/2896/2896 2895/2895/2895 2893/2893/2893
f 2896/2896/2896 2897/2897/2897 2895/2895/2895
f 2891/2891/2891 2895/2895/2895 2898/2898/2898
f 2898/2898/2898 2895/2895/2895 2897/2897/2897
f 2891/2891/2891 2899/2899/2899 2894/2894/2894
f 2899/2899/2899 2891/2891/2891 2898/2898/2898
f 2900/2900/2900 2898/2898/2898 2897/2897/2897
f 2899/2899/2899 2898/2898/2898 2900/2900/2900
f 2901/2901/2901 2899/2899/2899 2900/2900/2900
f 2900/2900/2900 2897/2897/2897 2902/2902/2902
f 2900/2900/2900 2902/2902/2902 2901/2901/2901
f 2901/2901/2901 2902/2902/2902 2903/2903/2903
f 2901/2901/2901 2903/2903/2903 2904/2904/2904
f 2901/2901/2901 2904/2904/2904 2905/2905/2905
f 2904/2904/2904 2906/2906/2906 2905/2905/2905
f 2906/2906/2906 2907/2907/2907 2905/2905/2905
f 2899/2899/2899 2908/2908/2908 2894/2894/2894
f 2899/2899/2899 2901/2901/2901 2908/2908/2908
f 2894/2894/2894 2908/2908/2908 2873/2873/2873
f 2901/2901/2901 2909/2909/2909 2908/2908/2908
f 2901/2901/2901 2905/2905/2905 2909/2909/2909
f 2908/2908/2908 2910/2910/2910 2873/2873/2873
f 2908/2908/2908 2909/2909/2909 2910/2910/2910
f 2873/2873/2873 2910/2910/2910 2876/2876/2876
f 2909/2909/2909 2911/2911/2911 2910/2910/2910
f 2876/2876/2876 2910/2910/2910 2911/2911/2911
f 2909/2909/2909 2905/2905/2905 2911/2911/2911
f 2912/2912/2912 2876/2876/2876 2911/2911/2911
f 2878/2878/2878 2876/2876/2876 2912/2912/2912
f 2907/2907/2907 2913/2913/2913 2905/2905/2905
f 2913/2913/2913 2914/2914/2914 2905/2905/2905
f 2907/2907/2907 2915/2915/2915 2913/2913/2913
f 2905/2905/2905 2916/2916/2916 2911/2911/2911
f 2912/2912/2912 2911/2911/2911 2916/2916/2916
f 2916/2916/2916 2905/2905/2905 2914/2914/2914
f 2878/2878/2878 2912/2912/2912 2917/2917/2917
f 2878/2878/2878 2917/2917/2917 2918/2918/2918
f 2917/2917/2917 2919/2919/2919 2918/2918/2918
f 2918/2918/2918 2919/2919/2919 2920/2920/2920
f 2917/2917/2917 2912/2912/2912 2921/2921/2921
f 2921/2921/2921 2912/2912/2912 2922/2922/2922
f 2916/2916/2916 2922/2922/2922 2912/2912/2912
f 2922/2922/2922 2916/2916/2916 2923/2923/2923
f 2922/2922/2922 2923/2923/2923 2924/2924/2924
f 2924/2924/2924 2923/2923/2923 2925/2925/2925
f 2916/2916/2916 2914/2914/2914 2926/2926/2926
f 2916/2916/2916 2926/2926/2926 2923/2923/2923
f 2914/2914/2914 2927/2927/2927 2926/2926/2926
f 2927/2927/2927 2923/2923/2923 2926/2926/2926
f 2927/2927/2927 2928/2928/2928 2923/2923/2923
f 2923/2923/2923 2928/2928/2928 2929/2929/2929
f 2923/2923/2923 2929/2929/2929 2925/2925/2925
f 2925/2925/2925 2929/2929/2929 2930/2930/2930
f 2931/2931/2931 2925/2925/2925 2930/2930/2930
f 2932/2932/2932 2931/2931/2931 2930/2930/2930
f 2933/2933/2933 2931/2931/2931 2932/2932/2932
f 2914/2914/2914 2934/2934/2934 2927/2927/2927
f 2934/2934/2934 2935/2935/2935 2927/2927/2927
f 2935/2935/2935 2936/2936/2936 2927/2927/2927
f 2936/2936/2936 2935/2935/2935 2937/2937/2937
f 2935/2935/2935 2938/2938/2938 2937/2937/2937
f 2935/2935/2935 2934/2934/2934 2938/2938/2938
f 2934/2934/2934 2939/2939/2939 2938/2938/2938
f 2914/2914/2914 2939/2939/2939 2934/2934/2934
f 2939/2939/2939 2940/2940/2940 2938/2938/2938
f 2940/2940/2940 2939/2939/2939 2941/2941/2941
f 2942/2942/2942 2940/2940/2940 2941/2941/2941
f 2942/2942/2942 2941/2941/2941 2943/2943/2943
f 2914/2914/2914 2944/2944/2944 2939/2939/2939
f 2941/2941/2941 2939/2939/2939 2944/2944/2944
f 2913/2913/2913 2944/2944/2944 2914/2914/2914
f 2945/2945/2945 2944/2944/2944 2913/2913/2913
f 2945/2945/2945 2913/2913/2913 2915/2915/2915
f 2941/2941/2941 2946/2946/2946 2943/2943/2943
f 2943/2943/2943 2946/2946/2946 2947/2947/2947
f 2944/2944/2944 2948/2948/2948 2941/2941/2941
f 2944/2944/2944 2945/2945/2945 2948/2948/2948
f 2946/2946/2946 2941/2941/2941 2949/2949/2949
f 2948/2948/2948 2949/2949/2949 2941/2941/2941
f 2949/2949/2949 2947/2947/2947 2946/2946/2946
f 2948/2948/2948 2945/2945/2945 2949/2949/2949
f 2945/2945/2945 2915/2915/2915 2950/2950/2950
f 2945/2945/2945 2950/2950/2950 2949/2949/2949
f 2947/2947/2947 2949/2949/2949 2950/2950/2950
f 2951/2951/2951 2950/2950/2950 2915/2915/2915
f 2952/2952/2952 2947/2947/2947 2950/2950/2950
f 2952/2952/2952 2950/2950/2950 2951/2951/2951
f 2955/2955/2955 2954/2954/2954 2953/2953/2953
f 2953/2953/2953 2956/2956/2956 2955/2955/2955
f 2957/2957/2957 2956/2956/2956 2953/2953/2953
f 2956/2956/2956 2957/2957/2957 2958/2958/2958
f 2958/2958/2958 2957/2957/2957 2959/2959/2959
f 2958/2958/2958 2959/2959/2959 2960/2960/2960
f 2961/2961/2961 2958/2958/2958 2960/2960/2960
f 2961/2961/2961 2960/2960/2960 2962/2962/2962
f 2963/2963/2963 2961/2961/2961 2962/2962/2962
f 2963/2963/2963 2962/2962/2962 2964/2964/2964
f 2965/2965/2965 2963/2963/2963 2964/2964/2964
f 2965/2965/2965 2964/2964/2964 2966/2966/2966
f 2969/2969/2969 2968/2968/2968 2967/2967/2967
f 2970/2970/2970 2968/2968/2968 2969/2969/2969
f 2970/2970/2970 2969/2969/2969 2971/2971/2971
f 2972/2972/2972 2970/2970/2970 2971/2971/2971
f 2973/2973/2973 2972/2972/2972 2971/2971/2971
f 2973/2973/2973 2974/2974/2974 2972/2972/2972
f 2974/2974/2974 2975/2975/2975 2972/2972/2972
f 2976/2976/2976 2975/2975/2975 2974/2974/2974
f 2977/2977/2977 2976/2976/2976 2974/2974/2974
f 2977/2977/2977 2978/2978/2978 2976/2976/2976
f 2981/2981/2981 2980/2980/2980 2979/2979/2979
f 2981/2981/2981 2982/2982/2982 2980/2980/2980
f 2982/2982/2982 2981/2981/2981 2983/2983/2983
f 2984/2984/2984 2982/2982/2982 2983/2983/2983
f 2984/2984/2984 2983/2983/2983 2985/2985/2985
f 2986/2986/2986 2984/2984/2984 2985/2985/2985
f 2986/2986/2986 2985/2985/2985 2987/2987/2987
f 2988/2988/2988 2986/2986/2986 2987/2987/2987
f 2988/2988/2988 2987/2987/2987 2989/2989/2989
f 2990/2990/2990 2988/2988/2988 2989/2989/2989
f 2990/2990/2990 2989/2989/2989 2991/2991/2991
f 2992/2992/2992 2990/2990/2990 2991/2991/2991
f 2991/2991/2991 2993/2993/2993 2992/2992/2992
f 2993/2993/2993 2994/2994/2994 2992/2992/2992
f 2993/2993/2993 2995/2995/2995 2994/2994/2994
f 2998/2998/2998 2997/2997/2997 2996/2996/2996
f 2999/2999/2999 2997/2997/2997 2998/2998/2998
f 2999/2999/2999 3000/3000/3000 2997/2997/2997
f 2999/2999/2999 3001/3001/3001 3000/3000/3000
f 3002/3002/3002 3001/3001/3001 2999/2999/2999
f 3002/3002/3002 2999/2999/2999 3003/3003/3003
f 3002/3002/3002 3003/3003/3003 3004/3004/3004
f 3005/3005/3005 3001/3001/3001 3002/3002/3002
f 3005/3005/3005 3006/3006/3006 3001/3001/3001
f 3005/3005/3005 3007/3007/3007 3006/3006/3006
f 3002/3002/3002 3004/3004/3004 3008/3008/3008
f 3009/3009/3009 3008/3008/3008 3004/3004/3004
f 3009/3009/3009 3004/3004/3004 3010/3010/3010
f 3009/3009/3009 3010/3010/3010 3011/3011/3011
f 3008/3008/3008 3012/3012/3012 3002/3002/3002
f 3012/3012/3012 3008/3008/3008 3009/3009/3009
f 3005/3005/3005 3002/3002/3002 3013/3013/3013
f 3013/3013/3013 3002/3002/3002 3012/3012/3012
f 3012/3012/3012 3014/3014/3014 3013/3013/3013
f 3014/3014/3014 3015/3015/3015 3013/3013/3013
f 3014/3014/3014 3016/3016/3016 3015/3015/3015
f 3017/3017/3017 3005/3005/3005 3013/3013/3013
f 3013/3013/3013 3015/3015/3015 3017/3017/3017
f 3018/3018/3018 3007/3007/3007 3005/3005/3005
f 3017/3017/3017 3018/3018/3018 3005/3005/3005
f 3015/3015/3015 3019/3019/3019 3017/3017/3017
f 3015/3015/3015 3016/3016/3016 3019/3019/3019
f 3017/3017/3017 3019/3019/3019 3018/3018/3018
f 3018/3018/3018 3020/3020/3020 3007/3007/3007
f 3021/3021/3021 3007/3007/3007 3020/3020/3020
f 3018/3018/3018 3022/3022/3022 3020/3020/3020
f 2846/2846/2846 3020/3020/3020 3022/3022/3022
f 3021/3021/3021 3020/3020/3020 2846/2846/2846
f 2846/2846/2846 3022/3022/3022 3023/3023/3023
f 3024/3024/3024 3023/3023/3023 3022/3022/3022
f 3019/3019/3019 3025/3025/3025 3018/3018/3018
f 3018/3018/3018 3025/3025/3025 3022/3022/3022
f 3025/3025/3025 3026/3026/3026 3022/3022/3022
f 3019/3019/3019 3027/3027/3027 3025/3025/3025
f 3016/3016/3016 3027/3027/3027 3019/3019/3019
f 3027/3027/3027 3026/3026/3026 3025/3025/3025
f 3024/3024/3024 3022/3022/3022 3028/3028/3028
f 3028/3028/3028 3029/3029/3029 3024/3024/3024
f 3026/3026/3026 3030/3030/3030 3022/3022/3022
f 3030/3030/3030 3028/3028/3028 3022/3022/3022
f 3026/3026/3026 3031/3031/3031 3030/3030/3030
f 3028/3028/3028 3030/3030/3030 3032/3032/3032
f 3026/3026/3026 3033/3033/3033 3031/3031/3031
f 3028/3028/3028 3034/3034/3034 3029/3029/3029
f 3028/3028/3028 3032/3032/3032 3034/3034/3034
f 3034/3034/3034 3032/3032/3032 3035/3035/3035
f 3036/3036/3036 3029/3029/3029 3034/3034/3034
f 3037/3037/3037 3034/3034/3034 3035/3035/3035
f 3036/3036/3036 3034/3034/3034 3038/3038/3038
f 3037/3037/3037 3038/3038/3038 3034/3034/3034
f 3036/3036/3036 3038/3038/3038 3039/3039/3039
f 3040/3040/3040 3038/3038/3038 3037/3037/3037
f 3040/3040/3040 3039/3039/3039 3038/3038/3038
f 3041/3041/3041 3033/3033/3033 3026/3026/3026
f 3041/3041/3041 3042/3042/3042 3033/3033/3033
f 3043/3043/3043 3042/3042/3042 3041/3041/3041
f 3041/3041/3041 3026/3026/3026 3044/3044/3044
f 3041/3041/3041 3044/3044/3044 3043/3043/3043
f 3026/3026/3026 3027/3027/3027 3044/3044/3044
f 3044/3044/3044 3045/3045/3045 3043/3043/3043
f 3044/3044/3044 3027/3027/3027 3045/3045/3045
f 3043/3043/3043 3045/3045/3045 3046/3046/3046
f 3027/3027/3027 3016/3016/3016 3045/3045/3045
f 3046/3046/3046 3045/3045/3045 3016/3016/3016
f 3047/3047/3047 3046/3046/3046 3016/3016/3016
f 3047/3047/3047 3016/3016/3016 3048/3048/3048
f 3048/3048/3048 3016/3016/3016 3014/3014/3014
f 3049/3049/3049 3048/3048/3048 3014/3014/3014
f 3050/3050/3050 3049/3049/3049 3014/3014/3014
f 3051/3051/3051 3050/3050/3050 3014/3014/3014
f 3052/3052/3052 3051/3051/3051 3014/3014/3014
f 3051/3051/3051 3053/3053/3053 3050/3050/3050
f 3054/3054/3054 3053/3053/3053 3051/3051/3051
f 3052/3052/3052 3054/3054/3054 3051/3051/3051
f 3055/3055/3055 3052/3052/3052 3014/3014/3014
f 3014/3014/3014 3012/3012/3012 3055/3055/3055
f 3056/3056/3056 3053/3053/3053 3054/3054/3054
f 3056/3056/3056 3057/3057/3057 3053/3053/3053
f 3056/3056/3056 3058/3058/3058 3057/3057/3057
f 3056/3056/3056 3059/3059/3059 3058/3058/3058
f 3056/3056/3056 3054/3054/3054 3060/3060/3060
f 3060/3060/3060 3059/3059/3059 3056/3056/3056
f 3061/3061/3061 3054/3054/3054 3052/3052/3052
f 3061/3061/3061 3060/3060/3060 3054/3054/3054
f 3061/3061/3061 3062/3062/3062 3060/3060/3060
f 3061/3061/3061 3052/3052/3052 3062/3062/3062
f 3059/3059/3059 3060/3060/3060 3063/3063/3063
f 3060/3060/3060 3062/3062/3062 3063/3063/3063
f 3063/3063/3063 3064/3064/3064 3059/3059/3059
f 3063/3063/3063 3062/3062/3062 3064/3064/3064
f 3062/3062/3062 3065/3065/3065 3064/3064/3064
f 3065/3065/3065 3062/3062/3062 3066/3066/3066
f 3062/3062/3062 3067/3067/3067 3066/3066/3066
f 3067/3067/3067 3062/3062/3062 3052/3052/3052
f 3066/3066/3066 3067/3067/3067 3068/3068/3068
f 3067/3067/3067 3052/3052/3052 3069/3069/3069
f 3067/3067/3067 3069/3069/3069 3068/3068/3068
f 3052/3052/3052 3055/3055/3055 3069/3069/3069
f 3069/3069/3069 3070/3070/3070 3068/3068/3068
f 3068/3068/3068 3070/3070/3070 3071/3071/3071
f 3070/3070/3070 3072/3072/3072 3071/3071/3071
f 3072/3072/3072 3070/3070/3070 3073/3073/3073
f 3070/3070/3070 3069/3069/3069 3073/3073/3073
f 3055/3055/3055 3073/3073/3073 3069/3069/3069
f 3055/3055/3055 3074/3074/3074 3073/3073/3073
f 3055/3055/3055 3012/3012/3012 3074/3074/3074
f 3074/3074/3074 3012/3012/3012 3009/3009/3009
f 3073/3073/3073 3074/3074/3074 3009/3009/3009
f 3073/3073/3073 3009/3009/3009 3075/3075/3075
f 3076/3076/3076 3075/3075/3075 3009/3009/3009
f 3076/3076/3076 3009/3009/3009 3011/3011/3011
f 3076/3076/3076 3011/3011/3011 3077/3077/3077
f 3011/3011/3011 3078/3078/3078 3077/3077/3077
f 3078/3078/3078 3079/3079/3079 3077/3077/3077
f 3078/3078/3078 3080/3080/3080 3079/3079/3079
f 3083/3083/3083 3082/3082/3082 3081/3081/3081
f 3082/3082/3082 3083/3083/3083 3084/3084/3084
f 3083/3083/3083 3085/3085/3085 3084/3084/3084
f 3084/3084/3084 3085/3085/3085 3086/3086/3086
f 3085/3085/3085 3087/3087/3087 3086/3086/3086
f 3086/3086/3086 3087/3087/3087 3088/3088/3088
f 3089/3089/3089 3086/3086/3086 3088/3088/3088
f 3089/3089/3089 3088/3088/3088 3090/3090/3090
f 3091/3091/3091 3089/3089/3089 3090/3090/3090
f 3091/3091/3091 3090/3090/3090 3092/3092/3092
f 3095/3095/3095 3094/3094/3094 3093/3093/3093
f 3094/3094/3094 3096/3096/3096 3093/3093/3093
f 3096/3096/3096 3097/3097/3097 3093/3093/3093
f 3100/3100/3100 3099/3099/3099 3098/3098/3098
f 3101/3101/3101 3098/3098/3098 3099/3099/3099
f 3101/3101/3101 3102/3102/3102 3098/3098/3098
f 3102/3102/3102 3101/3101/3101 3103/3103/3103
f 3102/3102/3102 3103/3103/3103 3104/3104/3104
f 3104/3104/3104 3103/3103/3103 3105/3105/3105
f 3103/3103/3103 3106/3106/3106 3105/3105/3105
f 3105/3105/3105 3106/3106/3106 3107/3107/3107
f 3106/3106/3106 3108/3108/3108 3107/3107/3107
f 3107/3107/3107 3108/3108/3108 3109/3109/3109
f 3108/3108/3108 3110/3110/3110 3109/3109/3109
f 3109/3109/3109 3110/3110/3110 3111/3111/3111
f 3114/3114/3114 3113/3113/3113 3112/3112/3112
f 3114/3114/3114 3115/3115/3115 3113/3113/3113
f 3113/3113/3113 3115/3115/3115 3116/3116/3116
f 3115/3115/3115 3117/3117/3117 3116/3116/3116
f 3117/3117/3117 3118/3118/3118 3116/3116/3116
f 3119/3119/3119 3118/3118/3118 3117/3117/3117
f 3120/3120/3120 3119/3119/3119 3117/3117/3117
f 3120/3120/3120 3121/3121/3121 3119/3119/3119
f 3121/3121/3121 3122/3122/3122 3119/3119/3119
f 3123/3123/3123 3122/3122/3122 3121/3121/3121
f 3126/3126/3126 3125/3125/3125 3124/3124/3124
f 3127/3127/3127 3125/3125/3125 3126/3126/3126
f 3125/3125/3125 3127/3127/3127 3128/3128/3128
f 3127/3127/3127 3129/3129/3129 3128/3128/3128
f 3128/3128/3128 3129/3129/3129 3130/3130/3130
f 3129/3129/3129 3131/3131/3131 3130/3130/3130
f 3130/3130/3130 3131/3131/3131 3132/3132/3132
f 3133/3133/3133 3130/3130/3130 3132/3132/3132
f 3133/3133/3133 3132/3132/3132 3134/3134/3134
f 3132/3132/3132 3135/3135/3135 3134/3134/3134
f 3136/3136/3136 3134/3134/3134 3135/3135/3135
f 3139/3139/3139 3138/3138/3138 3137/3137/3137
f 3139/3139/3139 3137/3137/3137 3140/3140/3140
f 3139/3139/3139 3140/3140/3140 3141/3141/3141
f 3141/3141/3141 3140/3140/3140 3142/3142/3142
f 3143/3143/3143 3141/3141/3141 3142/3142/3142
f 3146/3146/3146 3145/3145/3145 3144/3144/3144
f 3146/3146/3146 3147/3147/3147 3145/3145/3145
f 3147/3147/3147 3148/3148/3148 3145/3145/3145
f 3149/3149/3149 3148/3148/3148 3147/3147/3147
f 3152/3152/3152 3151/3151/3151 3150/3150/3150
f 3152/3152/3152 3153/3153/3153 3151/3151/3151
f 3153/3153/3153 3154/3154/3154 3151/3151/3151
f 3153/3153/3153 3155/3155/3155 3154/3154/3154
f 3155/3155/3155 3156/3156/3156 3154/3154/3154
f 3155/3155/3155 3157/3157/3157 3156/3156/3156
f 3157/3157/3157 3158/3158/3158 3156/3156/3156
f 3156/3156/3156 3158/3158/3158 3159/3159/3159
f 3156/3156/3156 3159/3159/3159 3160/3160/3160
f 3160/3160/3160 3159/3159/3159 3161/3161/3161
f 3160/3160/3160 3161/3161/3161 3162/3162/3162
f 3161/3161/3161 3163/3163/3163 3162/3162/3162
f 3164/3164/3164 3163/3163/3163 3161/3161/3161
f 3164/3164/3164 3161/3161/3161 3159/3159/3159
f 3165/3165/3165 3164/3164/3164 3159/3159/3159
f 3165/3165/3165 3159/3159/3159 3166/3166/3166
f 3159/3159/3159 3158/3158/3158 3166/3166/3166
f 3167/3167/3167 3166/3166/3166 3158/3158/3158
f 3168/3168/3168 3167/3167/3167 3158/3158/3158
f 3157/3157/3157 3168/3168/3168 3158/3158/3158
f 3167/3167/3167 3168/3168/3168 3169/3169/3169
f 3168/3168/3168 3170/3170/3170 3169/3169/3169
f 3157/3157/3157 3170/3170/3170 3168/3168/3168
f 3169/3169/3169 3170/3170/3170 3171/3171/3171
f 3170/3170/3170 3172/3172/3172 3171/3171/3171
f 3171/3171/3171 3172/3172/3172 3173/3173/3173
f 3157/3157/3157 3174/3174/3174 3170/3170/3170
f 3172/3172/3172 3170/3170/3170 3174/3174/3174
f 3172/3172/3172 3175/3175/3175 3173/3173/3173
f 3176/3176/3176 3173/3173/3173 3175/3175/3175
f 3172/3172/3172 3174/3174/3174 3177/3177/3177
f 3177/3177/3177 3175/3175/3175 3172/3172/3172
f 3178/3178/3178 3176/3176/3176 3175/3175/3175
f 3176/3176/3176 3178/3178/3178 3179/3179/3179
f 3178/3178/3178 3180/3180/3180 3179/3179/3179
f 3181/3181/3181 3179/3179/3179 3180/3180/3180
f 3182/3182/3182 3180/3180/3180 3178/3178/3178
f 3180/3180/3180 3182/3182/3182 3181/3181/3181
f 3182/3182/3182 3178/3178/3178 3183/3183/3183
f 3183/3183/3183 3178/3178/3178 3175/3175/3175
f 3183/3183/3183 3175/3175/3175 3184/3184/3184
f 3177/3177/3177 3184/3184/3184 3175/3175/3175
f 3177/3177/3177 3185/3185/3185 3184/3184/3184
f 3186/3186/3186 3177/3177/3177 3174/3174/3174
f 3177/3177/3177 3186/3186/3186 3185/3185/3185
f 3186/3186/3186 3174/3174/3174 3187/3187/3187
f 3187/3187/3187 3174/3174/3174 3157/3157/3157
f 3188/3188/3188 3187/3187/3187 3157/3157/3157
f 3155/3155/3155 3188/3188/3188 3157/3157/3157
f 3186/3186/3186 3189/3189/3189 3185/3185/3185
f 3186/3186/3186 3187/3187/3187 3190/3190/3190
f 3189/3189/3189 3186/3186/3186 3190/3190/3190
f 3187/3187/3187 3188/3188/3188 3191/3191/3191
f 3190/3190/3190 3187/3187/3187 3191/3191/3191
f 3155/3155/3155 3192/3192/3192 3188/3188/3188
f 3192/3192/3192 3191/3191/3191 3188/3188/3188
f 3193/3193/3193 3192/3192/3192 3155/3155/3155
f 3194/3194/3194 3193/3193/3193 3155/3155/3155
f 3194/3194/3194 3195/3195/3195 3193/3193/3193
f 3189/3189/3189 3196/3196/3196 3185/3185/3185
f 3185/3185/3185 3196/3196/3196 3197/3197/3197
f 3195/3195/3195 3198/3198/3198 3193/3193/3193
f 3195/3195/3195 3199/3199/3199 3198/3198/3198
f 3198/3198/3198 3199/3199/3199 3200/3200/3200
f 3193/3193/3193 3198/3198/3198 3200/3200/3200
f 3201/3201/3201 3193/3193/3193 3200/3200/3200
f 3201/3201/3201 3200/3200/3200 3202/3202/3202
f 3201/3201/3201 3202/3202/3202 3203/3203/3203
f 3201/3201/3201 3203/3203/3203 3204/3204/3204
f 3193/3193/3193 3201/3201/3201 3204/3204/3204
f 3193/3193/3193 3204/3204/3204 3192/3192/3192
f 3204/3204/3204 3205/3205/3205 3192/3192/3192
f 3192/3192/3192 3205/3205/3205 3191/3191/3191
f 3205/3205/3205 3206/3206/3206 3191/3191/3191
f 3190/3190/3190 3191/3191/3191 3206/3206/3206
f 3207/3207/3207 3190/3190/3190 3206/3206/3206
f 3189/3189/3189 3190/3190/3190 3207/3207/3207
f 3208/3208/3208 3189/3189/3189 3207/3207/3207
f 3189/3189/3189 3208/3208/3208 3196/3196/3196
f 3208/3208/3208 3209/3209/3209 3196/3196/3196
f 3196/3196/3196 3209/3209/3209 3210/3210/3210
f 3196/3196/3196 3210/3210/3210 3197/3197/3197
f 3209/3209/3209 3211/3211/3211 3210/3210/3210
f 3212/3212/3212 3197/3197/3197 3210/3210/3210
f 3213/3213/3213 3210/3210/3210 3211/3211/3211
f 3213/3213/3213 3212/3212/3212 3210/3210/3210
f 3214/3214/3214 3213/3213/3213 3211/3211/3211
f 3181/3181/3181 3212/3212/3212 3213/3213/3213
f 3181/3181/3181 3213/3213/3213 3214/3214/3214
f 3217/3217/3217 3216/3216/3216 3215/3215/3215
f 3216/3216/3216 3218/3218/3218 3215/3215/3215
f 3218/3218/3218 3219/3219/3219 3215/3215/3215
f 3219/3219/3219 3220/3220/3220 3215/3215/3215
f 3223/3223/3223 3222/3222/3222 3221/3221/3221
f 3224/3224/3224 3223/3223/3223 3221/3221/3221
f 3225/3225/3225 3223/3223/3223 3224/3224/3224
f 3224/3224/3224 3221/3221/3221 3226/3226/3226
f 3221/3221/3221 3227/3227/3227 3226/3226/3226
f 3226/3226/3226 3227/3227/3227 3228/3228/3228
f 3229/3229/3229 3225/3225/3225 3224/3224/3224
f 3224/3224/3224 3226/3226/3226 3230/3230/3230
f 3229/3229/3229 3224/3224/3224 3230/3230/3230
f 3231/3231/3231 3226/3226/3226 3228/3228/3228
f 3230/3230/3230 3226/3226/3226 3231/3231/3231
f 3225/3225/3225 3229/3229/3229 3232/3232/3232
f 3233/3233/3233 3225/3225/3225 3232/3232/3232
f 3231/3231/3231 3228/3228/3228 3234/3234/3234
f 3228/3228/3228 3235/3235/3235 3234/3234/3234
f 3234/3234/3234 3235/3235/3235 3236/3236/3236
f 3230/3230/3230 3237/3237/3237 3229/3229/3229
f 3229/3229/3229 3237/3237/3237 3232/3232/3232
f 3232/3232/3232 3238/3238/3238 3233/3233/3233
f 3238/3238/3238 3239/3239/3239 3233/3233/3233
f 3240/3240/3240 3239/3239/3239 3238/3238/3238
f 3241/3241/3241 3240/3240/3240 3238/3238/3238
f 3232/3232/3232 3242/3242/3242 3238/3238/3238
f 3232/3232/3232 3237/3237/3237 3242/3242/3242
f 3238/3238/3238 3243/3243/3243 3241/3241/3241
f 3242/3242/3242 3243/3243/3243 3238/3238/3238
f 3243/3243/3243 3244/3244/3244 3241/3241/3241
f 3236/3236/3236 3244/3244/3244 3243/3243/3243
f 3245/3245/3245 3236/3236/3236 3243/3243/3243
f 3245/3245/3245 3234/3234/3234 3236/3236/3236
f 3245/3245/3245 3243/3243/3243 3242/3242/3242
f 3242/3242/3242 3237/3237/3237 3246/3246/3246
f 3246/3246/3246 3245/3245/3245 3242/3242/3242
f 3247/3247/3247 3234/3234/3234 3245/3245/3245
f 3246/3246/3246 3247/3247/3247 3245/3245/3245
f 3237/3237/3237 3247/3247/3247 3246/3246/3246
f 3231/3231/3231 3234/3234/3234 3247/3247/3247
f 3247/3247/3247 3237/3237/3237 3230/3230/3230
f 3248/3248/3248 3231/3231/3231 3247/3247/3247
f 3248/3248/3248 3247/3247/3247 3230/3230/3230
f 3248/3248/3248 3230/3230/3230 3231/3231/3231
f 3251/3251/3251 3250/3250/3250 3249/3249/3249
f 3250/3250/3250 3252/3252/3252 3249/3249/3249
f 3249/3249/3249 3252/3252/3252 3253/3253/3253
f 3254/3254/3254 3249/3249/3249 3253/3253/3253
f 3252/3252/3252 3250/3250/3250 3255/3255/3255
f 3252/3252/3252 3255/3255/3255 3253/3253/3253
f 3250/3250/3250 3256/3256/3256 3255/3255/3255
f 3255/3255/3255 3257/3257/3257 3253/3253/3253
f 3253/3253/3253 3258/3258/3258 3254/3254/3254
f 3258/3258/3258 3253/3253/3253 3257/3257/3257
f 3258/3258/3258 3259/3259/3259 3254/3254/3254
f 3258/3258/3258 3260/3260/3260 3259/3259/3259
f 3261/3261/3261 3258/3258/3258 3257/3257/3257
f 3260/3260/3260 3258/3258/3258 3261/3261/3261
f 3260/3260/3260 3262/3262/3262 3259/3259/3259
f 3263/3263/3263 3260/3260/3260 3261/3261/3261
f 3264/3264/3264 3262/3262/3262 3260/3260/3260
f 3263/3263/3263 3265/3265/3265 3260/3260/3260
f 3266/3266/3266 3264/3264/3264 3260/3260/3260
f 3265/3265/3265 3266/3266/3266 3260/3260/3260
f 3269/3269/3269 3268/3268/3268 3267/3267/3267
f 3270/3270/3270 3269/3269/3269 3267/3267/3267
f 3270/3270/3270 3267/3267/3267 3271/3271/3271
f 3267/3267/3267 3272/3272/3272 3271/3271/3271
f 3271/3271/3271 3272/3272/3272 3273/3273/3273
f 3270/3270/3270 3271/3271/3271 3274/3274/3274
f 3275/3275/3275 3271/3271/3271 3273/3273/3273
f 3274/3274/3274 3271/3271/3271 3275/3275/3275
f 3276/3276/3276 3274/3274/3274 3275/3275/3275
f 3279/3279/3279 3278/3278/3278 3277/3277/3277
f 3278/3278/3278 3280/3280/3280 3277/3277/3277
f 3278/3278/3278 3281/3281/3281 3280/3280/3280
f 3277/3277/3277 3280/3280/3280 3282/3282/3282
f 3283/3283/3283 3277/3277/3277 3282/3282/3282
f 3283/3283/3283 3282/3282/3282 3284/3284/3284
f 3281/3281/3281 3285/3285/3285 3280/3280/3280
f 3282/3282/3282 3280/3280/3280 3286/3286/3286
f 3280/3280/3280 3285/3285/3285 3286/3286/3286
f 3282/3282/3282 3287/3287/3287 3284/3284/3284
f 3282/3282/3282 3286/3286/3286 3287/3287/3287
f 3285/3285/3285 3281/3281/3281 3288/3288/3288
f 3281/3281/3281 3289/3289/3289 3288/3288/3288
f 3284/3284/3284 3287/3287/3287 3290/3290/3290
f 3291/3291/3291 3284/3284/3284 3290/3290/3290
f 3291/3291/3291 3290/3290/3290 3292/3292/3292
f 3293/3293/3293 3286/3286/3286 3285/3285/3285
f 3293/3293/3293 3285/3285/3285 3288/3288/3288
f 3294/3294/3294 3288/3288/3288 3289/3289/3289
f 3295/3295/3295 3294/3294/3294 3289/3289/3289
f 3295/3295/3295 3296/3296/3296 3294/3294/3294
f 3296/3296/3296 3297/3297/3297 3294/3294/3294
f 3298/3298/3298 3288/3288/3288 3294/3294/3294
f 3293/3293/3293 3288/3288/3288 3298/3298/3298
f 3299/3299/3299 3294/3294/3294 3297/3297/3297
f 3299/3299/3299 3298/3298/3298 3294/3294/3294
f 3300/3300/3300 3299/3299/3299 3297/3297/3297
f 3300/3300/3300 3292/3292/3292 3299/3299/3299
f 3292/3292/3292 3301/3301/3301 3299/3299/3299
f 3290/3290/3290 3301/3301/3301 3292/3292/3292
f 3299/3299/3299 3301/3301/3301 3298/3298/3298
f 3293/3293/3293 3298/3298/3298 3302/3302/3302
f 3301/3301/3301 3302/3302/3302 3298/3298/3298
f 3290/3290/3290 3303/3303/3303 3301/3301/3301
f 3303/3303/3303 3302/3302/3302 3301/3301/3301
f 3303/3303/3303 3293/3293/3293 3302/3302/3302
f 3290/3290/3290 3287/3287/3287 3303/3303/3303
f 3293/3293/3293 3303/3303/3303 3286/3286/3286
f 3287/3287/3287 3304/3304/3304 3303/3303/3303
f 3303/3303/3303 3304/3304/3304 3286/3286/3286
f 3286/3286/3286 3304/3304/3304 3287/3287/3287
f 3307/3307/3307 3306/3306/3306 3305/3305/3305
f 3306/3306/3306 3308/3308/3308 3305/3305/3305
f 3305/3305/3305 3308/3308/3308 3309/3309/3309
f 3310/3310/3310 3305/3305/3305 3309/3309/3309
f 3310/3310/3310 3309/3309/3309 3311/3311/3311
f 3309/3309/3309 3308/3308/3308 3312/3312/3312
f 3309/3309/3309 3313/3313/3313 3311/3311/3311
f 3309/3309/3309 3312/3312/3312 3313/3313/3313
f 3312/3312/3312 3314/3314/3314 3313/3313/3313
f 3317/3317/3317 3316/3316/3316 3315/3315/3315
f 3317/3317/3317 3318/3318/3318 3316/3316/3316
f 3319/3319/3319 3318/3318/3318 3317/3317/3317
f 3317/3317/3317 3320/3320/3320 3319/3319/3319
f 3319/3319/3319 3321/3321/3321 3318/3318/3318
f 3320/3320/3320 3322/3322/3322 3319/3319/3319
f 3323/3323/3323 3321/3321/3321 3319/3319/3319
f 3319/3319/3319 3322/3322/3322 3323/3323/3323
f 3323/3323/3323 3324/3324/3324 3321/3321/3321
f 3325/3325/3325 3324/3324/3324 3323/3323/3323
f 3322/3322/3322 3326/3326/3326 3323/3323/3323
f 3325/3325/3325 3323/3323/3323 3326/3326/3326
f 3322/3322/3322 3327/3327/3327 3326/3326/3326
f 3326/3326/3326 3327/3327/3327 3328/3328/3328
f 3327/3327/3327 3329/3329/3329 3328/3328/3328
f 3328/3328/3328 3329/3329/3329 3330/3330/3330
f 3329/3329/3329 3331/3331/3331 3330/3330/3330
f 3332/3332/3332 3330/3330/3330 3331/3331/3331
f 3330/3330/3330 3333/3333/3333 3328/3328/3328
f 3330/3330/3330 3334/3334/3334 3333/3333/3333
f 3330/3330/3330 3332/3332/3332 3334/3334/3334
f 3328/3328/3328 3333/3333/3333 3335/3335/3335
f 3328/3328/3328 3335/3335/3335 3326/3326/3326
f 3334/3334/3334 3332/3332/3332 3336/3336/3336
f 3332/3332/3332 3337/3337/3337 3336/3336/3336
f 3337/3337/3337 3338/3338/3338 3336/3336/3336
f 3337/3337/3337 3332/3332/3332 3339/3339/3339
f 3340/3340/3340 3326/3326/3326 3335/3335/3335
f 3340/3340/3340 3335/3335/3335 3341/3341/3341
f 3326/3326/3326 3340/3340/3340 3325/3325/3325
f 3340/3340/3340 3341/3341/3341 3342/3342/3342
f 3340/3340/3340 3342/3342/3342 3325/3325/3325
f 3342/3342/3342 3343/3343/3343 3325/3325/3325
f 3342/3342/3342 3341/3341/3341 3344/3344/3344
f 3342/3342/3342 3344/3344/3344 3343/3343/3343
f 3343/3343/3343 3344/3344/3344 3345/3345/3345
f 3346/3346/3346 3343/3343/3343 3345/3345/3345
f 3346/3346/3346 3345/3345/3345 3347/3347/3347
f 3345/3345/3345 3348/3348/3348 3347/3347/3347
f 3325/3325/3325 3343/3343/3343 3349/3349/3349
f 3350/3350/3350 3325/3325/3325 3349/3349/3349
f 3351/3351/3351 3347/3347/3347 3348/3348/3348
f 3351/3351/3351 3348/3348/3348 3352/3352/3352
f 3352/3352/3352 3353/3353/3353 3351/3351/3351
f 3354/3354/3354 3353/3353/3353 3352/3352/3352
f 3351/3351/3351 3353/3353/3353 3355/3355/3355
f 3355/3355/3355 3347/3347/3347 3351/3351/3351
f 3354/3354/3354 3356/3356/3356 3353/3353/3353
f 3353/3353/3353 3356/3356/3356 3355/3355/3355
f 3350/3350/3350 3349/3349/3349 3357/3357/3357
f 3357/3357/3357 3358/3358/3358 3350/3350/3350
f 3354/3354/3354 3359/3359/3359 3356/3356/3356
f 3359/3359/3359 3354/3354/3354 3360/3360/3360
f 3357/3357/3357 3361/3361/3361 3358/3358/3358
f 3361/3361/3361 3362/3362/3362 3358/3358/3358
f 3360/3360/3360 3363/3363/3363 3359/3359/3359
f 3363/3363/3363 3360/3360/3360 3364/3364/3364
f 3363/3363/3363 3364/3364/3364 3365/3365/3365
f 3364/3364/3364 3366/3366/3366 3365/3365/3365
f 3367/3367/3367 3365/3365/3365 3366/3366/3366
f 3368/3368/3368 3367/3367/3367 3366/3366/3366
f 3365/3365/3365 3367/3367/3367 3369/3369/3369
f 3359/3359/3359 3363/3363/3363 3370/3370/3370
f 3363/3363/3363 3371/3371/3371 3370/3370/3370
f 3359/3359/3359 3370/3370/3370 3372/3372/3372
f 3356/3356/3356 3359/3359/3359 3372/3372/3372
f 3356/3356/3356 3372/3372/3372 3373/3373/3373
f 3356/3356/3356 3373/3373/3373 3374/3374/3374
f 3355/3355/3355 3356/3356/3356 3374/3374/3374
f 3355/3355/3355 3374/3374/3374 3375/3375/3375
f 3376/3376/3376 3375/3375/3375 3374/3374/3374
f 3373/3373/3373 3377/3377/3377 3374/3374/3374
f 3376/3376/3376 3374/3374/3374 3377/3377/3377
f 3373/3373/3373 3378/3378/3378 3377/3377/3377
f 3379/3379/3379 3376/3376/3376 3377/3377/3377
f 3378/3378/3378 3380/3380/3380 3377/3377/3377
f 3379/3379/3379 3377/3377/3377 3380/3380/3380
f 3381/3381/3381 3379/3379/3379 3380/3380/3380
f 3381/3381/3381 3380/3380/3380 3382/3382/3382
f 3384/3384/3384 3355/3355/3355 3383/3383/3383
f 3355/3355/3355 3384/3384/3384 3347/3347/3347
f 3384/3384/3384 3383/3383/3383 3385/3385/3385
f 3386/3386/3386 3385/3385/3385 3383/3383/3383
f 3386/3386/3386 3387/3387/3387 3385/3385/3385
f 3386/3386/3386 3388/3388/3388 3387/3387/3387
f 3384/3384/3384 3385/3385/3385 3389/3389/3389
f 3390/3390/3390 3384/3384/3384 3389/3389/3389
f 3390/3390/3390 3347/3347/3347 3384/3384/3384
f 3391/3391/3391 3389/3389/3389 3385/3385/3385
f 3387/3387/3387 3391/3391/3391 3385/3385/3385
f 3347/3347/3347 3390/3390/3390 3392/3392/3392
f 3393/3393/3393 3392/3392/3392 3390/3390/3390
f 3346/3346/3346 3347/3347/3347 3392/3392/3392
f 3387/3387/3387 3394/3394/3394 3391/3391/3391
f 3388/3388/3388 3394/3394/3394 3387/3387/3387
f 3394/3394/3394 3395/3395/3395 3391/3391/3391
f 3396/3396/3396 3394/3394/3394 3388/3388/3388
f 3396/3396/3396 3395/3395/3395 3394/3394/3394
f 3396/3396/3396 3388/3388/3388 3397/3397/3397
f 3396/3396/3396 3397/3397/3397 3395/3395/3395
f 3393/3393/3393 3398/3398/3398 3392/3392/3392
f 3399/3399/3399 3398/3398/3398 3393/3393/3393
f 3399/3399/3399 3400/3400/3400 3398/3398/3398
f 3401/3401/3401 3400/3400/3400 3399/3399/3399
f 3401/3401/3401 3402/3402/3402 3400/3400/3400
f 3403/3403/3403 3402/3402/3402 3401/3401/3401
f 3403/3403/3403 3404/3404/3404 3402/3402/3402
f 3405/3405/3405 3404/3404/3404 3403/3403/3403
f 3405/3405/3405 3406/3406/3406 3404/3404/3404
f 3402/3402/3402 3404/3404/3404 3406/3406/3406
f 3407/3407/3407 3406/3406/3406 3405/3405/3405
f 3402/3402/3402 3406/3406/3406 3408/3408/3408
f 3408/3408/3408 3406/3406/3406 3407/3407/3407
f 3408/3408/3408 3400/3400/3400 3402/3402/3402
f 3408/3408/3408 3407/3407/3407 3409/3409/3409
f 3408/3408/3408 3410/3410/3410 3400/3400/3400
f 3409/3409/3409 3410/3410/3410 3408/3408/3408
f 3398/3398/3398 3400/3400/3400 3410/3410/3410
f 3409/3409/3409 3411/3411/3411 3410/3410/3410
f 3398/3398/3398 3410/3410/3410 3412/3412/3412
f 3410/3410/3410 3411/3411/3411 3412/3412/3412
f 3392/3392/3392 3398/3398/3398 3412/3412/3412
f 3413/3413/3413 3412/3412/3412 3411/3411/3411
f 3392/3392/3392 3412/3412/3412 3414/3414/3414
f 3414/3414/3414 3412/3412/3412 3413/3413/3413
f 3413/3413/3413 3415/3415/3415 3414/3414/3414
f 3392/3392/3392 3414/3414/3414 3346/3346/3346
f 3416/3416/3416 3414/3414/3414 3415/3415/3415
f 3414/3414/3414 3416/3416/3416 3346/3346/3346
f 3415/3415/3415 3417/3417/3417 3416/3416/3416
f 3418/3418/3418 3416/3416/3416 3417/3417/3417
f 3416/3416/3416 3418/3418/3418 3419/3419/3419
f 3416/3416/3416 3419/3419/3419 3346/3346/3346
f 3420/3420/3420 3419/3419/3419 3418/3418/3418
f 3421/3421/3421 3346/3346/3346 3419/3419/3419
f 3346/3346/3346 3421/3421/3421 3343/3343/3343
f 3420/3420/3420 3422/3422/3422 3419/3419/3419
f 3421/3421/3421 3419/3419/3419 3422/3422/3422
f 3420/3420/3420 3423/3423/3423 3422/3422/3422
f 3422/3422/3422 3423/3423/3423 3424/3424/3424
f 3424/3424/3424 3423/3423/3423 3425/3425/3425
f 3421/3421/3421 3426/3426/3426 3343/3343/3343
f 3343/3343/3343 3426/3426/3426 3349/3349/3349
f 3349/3349/3349 3426/3426/3426 3427/3427/3427
f 3357/3357/3357 3349/3349/3349 3427/3427/3427
f 3427/3427/3427 3428/3428/3428 3357/3357/3357
f 3428/3428/3428 3361/3361/3361 3357/3357/3357
f 3421/3421/3421 3429/3429/3429 3426/3426/3426
f 3428/3428/3428 3430/3430/3430 3361/3361/3361
f 3421/3421/3421 3422/3422/3422 3431/3431/3431
f 3421/3421/3421 3431/3431/3431 3429/3429/3429
f 3431/3431/3431 3422/3422/3422 3424/3424/3424
f 3431/3431/3431 3432/3432/3432 3429/3429/3429
f 3431/3431/3431 3433/3433/3433 3432/3432/3432
f 3431/3431/3431 3424/3424/3424 3433/3433/3433
f 3433/3433/3433 3434/3434/3434 3432/3432/3432
f 3430/3430/3430 3435/3435/3435 3361/3361/3361
f 3361/3361/3361 3435/3435/3435 3362/3362/3362
f 3436/3436/3436 3435/3435/3435 3430/3430/3430
f 3362/3362/3362 3435/3435/3435 3436/3436/3436
f 3436/3436/3436 3430/3430/3430 3437/3437/3437
f 3362/3362/3362 3436/3436/3436 3437/3437/3437
f 3438/3438/3438 3433/3433/3433 3424/3424/3424
f 3424/3424/3424 3425/3425/3425 3438/3438/3438
f 3438/3438/3438 3425/3425/3425 3439/3439/3439
f 3433/3433/3433 3440/3440/3440 3434/3434/3434
f 3438/3438/3438 3440/3440/3440 3433/3433/3433
f 3440/3440/3440 3441/3441/3441 3434/3434/3434
f 3438/3438/3438 3439/3439/3439 3442/3442/3442
f 3442/3442/3442 3440/3440/3440 3438/3438/3438
f 3439/3439/3439 3443/3443/3443 3442/3442/3442
f 3444/3444/3444 3443/3443/3443 3441/3441/3441
f 3440/3440/3440 3444/3444/3444 3441/3441/3441
f 3442/3442/3442 3443/3443/3443 3444/3444/3444
f 3442/3442/3442 3444/3444/3444 3440/3440/3440
f 3447/3447/3447 3446/3446/3446 3445/3445/3445
f 3446/3446/3446 3448/3448/3448 3445/3445/3445
f 3449/3449/3449 3445/3445/3445 3448/3448/3448
f 3450/3450/3450 3449/3449/3449 3448/3448/3448
f 3451/3451/3451 3450/3450/3450 3448/3448/3448
f 3451/3451/3451 3448/3448/3448 3452/3452/3452
f 3451/3451/3451 3452/3452/3452 3453/3453/3453
f 3451/3451/3451 3453/3453/3453 3454/3454/3454
f 3450/3450/3450 3451/3451/3451 3454/3454/3454
f 3455/3455/3455 3450/3450/3450 3454/3454/3454
f 3456/3456/3456 3455/3455/3455 3454/3454/3454
f 3456/3456/3456 3457/3457/3457 3455/3455/3455
f 3457/3457/3457 3456/3456/3456 3458/3458/3458
f 3457/3457/3457 3458/3458/3458 3459/3459/3459
f 3455/3455/3455 3457/3457/3457 3460/3460/3460
f 3450/3450/3450 3455/3455/3455 3460/3460/3460
f 3457/3457/3457 3461/3461/3461 3460/3460/3460
f 3462/3462/3462 3460/3460/3460 3461/3461/3461
f 3449/3449/3449 3450/3450/3450 3463/3463/3463
f 3450/3450/3450 3460/3460/3460 3463/3463/3463
f 3462/3462/3462 3464/3464/3464 3460/3460/3460
f 3464/3464/3464 3463/3463/3463 3460/3460/3460
f 3462/3462/3462 3465/3465/3465 3464/3464/3464
f 3449/3449/3449 3463/3463/3463 3466/3466/3466
f 3445/3445/3445 3449/3449/3449 3466/3466/3466
f 3467/3467/3467 3463/3463/3463 3464/3464/3464
f 3463/3463/3463 3467/3467/3467 3466/3466/3466
f 3468/3468/3468 3445/3445/3445 3466/3466/3466
f 3468/3468/3468 3466/3466/3466 3469/3469/3469
f 3470/3470/3470 3445/3445/3445 3468/3468/3468
f 3471/3471/3471 3470/3470/3470 3468/3468/3468
f 3471/3471/3471 3468/3468/3468 3469/3469/3469
f 3472/3472/3472 3471/3471/3471 3469/3469/3469
f 3473/3473/3473 3472/3472/3472 3469/3469/3469
f 3466/3466/3466 3474/3474/3474 3469/3469/3469
f 3469/3469/3469 3474/3474/3474 3475/3475/3475
f 3466/3466/3466 3467/3467/3467 3476/3476/3476
f 3477/3477/3477 3473/3473/3473 3469/3469/3469
f 3477/3477/3477 3469/3469/3469 3475/3475/3475
f 3473/3473/3473 3477/3477/3477 3478/3478/3478
f 3478/3478/3478 3477/3477/3477 3475/3475/3475
f 3479/3479/3479 3478/3478/3478 3475/3475/3475
f 3480/3480/3480 3473/3473/3473 3478/3478/3478
f 3478/3478/3478 3479/3479/3479 3481/3481/3481
f 3478/3478/3478 3481/3481/3481 3480/3480/3480
f 3479/3479/3479 3482/3482/3482 3481/3481/3481
f 3481/3481/3481 3483/3483/3483 3480/3480/3480
f 3483/3483/3483 3484/3484/3484 3480/3480/3480
f 3485/3485/3485 3481/3481/3481 3482/3482/3482
f 3481/3481/3481 3485/3485/3485 3483/3483/3483
f 3486/3486/3486 3485/3485/3485 3482/3482/3482
f 3483/3483/3483 3487/3487/3487 3484/3484/3484
f 3485/3485/3485 3487/3487/3487 3483/3483/3483
f 3484/3484/3484 3487/3487/3487 3488/3488/3488
f 3484/3484/3484 3488/3488/3488 3489/3489/3489
f 3486/3486/3486 3490/3490/3490 3485/3485/3485
f 3485/3485/3485 3491/3491/3491 3487/3487/3487
f 3490/3490/3490 3491/3491/3491 3485/3485/3485
f 3492/3492/3492 3490/3490/3490 3486/3486/3486
f 3493/3493/3493 3492/3492/3492 3486/3486/3486
f 3492/3492/3492 3494/3494/3494 3490/3490/3490
f 3494/3494/3494 3495/3495/3495 3490/3490/3490
f 3490/3490/3490 3495/3495/3495 3491/3491/3491
f 3494/3494/3494 3496/3496/3496 3495/3495/3495
f 3491/3491/3491 3497/3497/3497 3487/3487/3487
f 3488/3488/3488 3487/3487/3487 3497/3497/3497
f 3496/3496/3496 3498/3498/3498 3495/3495/3495
f 3496/3496/3496 3499/3499/3499 3498/3498/3498
f 3495/3495/3495 3500/3500/3500 3491/3491/3491
f 3491/3491/3491 3500/3500/3500 3497/3497/3497
f 3495/3495/3495 3498/3498/3498 3500/3500/3500
f 3499/3499/3499 3501/3501/3501 3498/3498/3498
f 3499/3499/3499 3502/3502/3502 3501/3501/3501
f 3498/3498/3498 3503/3503/3503 3500/3500/3500
f 3498/3498/3498 3501/3501/3501 3503/3503/3503
f 3502/3502/3502 3504/3504/3504 3501/3501/3501
f 3502/3502/3502 3505/3505/3505 3504/3504/3504
f 3501/3501/3501 3504/3504/3504 3506/3506/3506
f 3501/3501/3501 3506/3506/3506 3503/3503/3503
f 3500/3500/3500 3503/3503/3503 3507/3507/3507
f 3500/3500/3500 3507/3507/3507 3497/3497/3497
f 3503/3503/3503 3508/3508/3508 3507/3507/3507
f 3503/3503/3503 3506/3506/3506 3508/3508/3508
f 3504/3504/3504 3509/3509/3509 3506/3506/3506
f 3504/3504/3504 3505/3505/3505 3509/3509/3509
f 3507/3507/3507 3510/3510/3510 3497/3497/3497
f 3510/3510/3510 3507/3507/3507 3508/3508/3508
f 3506/3506/3506 3509/3509/3509 3511/3511/3511
f 3506/3506/3506 3511/3511/3511 3508/3508/3508
f 3509/3509/3509 3505/3505/3505 3512/3512/3512
f 3509/3509/3509 3512/3512/3512 3511/3511/3511
f 3513/3513/3513 3508/3508/3508 3511/3511/3511
f 3513/3513/3513 3510/3510/3510 3508/3508/3508
f 3514/3514/3514 3511/3511/3511 3512/3512/3512
f 3514/3514/3514 3513/3513/3513 3511/3511/3511
f 3505/3505/3505 3515/3515/3515 3512/3512/3512
f 3515/3515/3515 3514/3514/3514 3512/3512/3512
f 3505/3505/3505 3516/3516/3516 3515/3515/3515
f 3515/3515/3515 3516/3516/3516 3514/3514/3514
f 3505/3505/3505 3517/3517/3517 3516/3516/3516
f 3516/3516/3516 3518/3518/3518 3514/3514/3514
f 3516/3516/3516 3517/3517/3517 3518/3518/3518
f 3514/3514/3514 3518/3518/3518 3513/3513/3513
f 3517/3517/3517 3519/3519/3519 3518/3518/3518
f 3518/3518/3518 3520/3520/3520 3513/3513/3513
f 3518/3518/3518 3519/3519/3519 3520/3520/3520
f 3513/3513/3513 3520/3520/3520 3510/3510/3510
f 3519/3519/3519 3521/3521/3521 3520/3520/3520
f 3520/3520/3520 3521/3521/3521 3522/3522/3522
f 3520/3520/3520 3522/3522/3522 3510/3510/3510
f 3521/3521/3521 3523/3523/3523 3522/3522/3522
f 3510/3510/3510 3522/3522/3522 3524/3524/3524
f 3510/3510/3510 3524/3524/3524 3497/3497/3497
f 3524/3524/3524 3488/3488/3488 3497/3497/3497
f 3522/3522/3522 3523/3523/3523 3525/3525/3525
f 3522/3522/3522 3525/3525/3525 3524/3524/3524
f 3524/3524/3524 3525/3525/3525 3488/3488/3488
f 3523/3523/3523 3526/3526/3526 3525/3525/3525
f 3525/3525/3525 3489/3489/3489 3488/3488/3488
f 3526/3526/3526 3489/3489/3489 3525/3525/3525
f 3489/3489/3489 3526/3526/3526 3527/3527/3527
f 3530/3530/3530 3529/3529/3529 3528/3528/3528
f 3529/3529/3529 3531/3531/3531 3528/3528/3528
f 3531/3531/3531 3532/3532/3532 3528/3528/3528
f 3533/3533/3533 3532/3532/3532 3531/3531/3531
f 3531/3531/3531 3529/3529/3529 3534/3534/3534
f 3529/3529/3529 3535/3535/3535 3534/3534/3534
f 3531/3531/3531 3534/3534/3534 3536/3536/3536
f 3537/3537/3537 3533/3533/3533 3531/3531/3531
f 3537/3537/3537 3531/3531/3531 3536/3536/3536
f 3537/3537/3537 3536/3536/3536 3538/3538/3538
f 3539/3539/3539 3533/3533/3533 3537/3537/3537
f 3540/3540/3540 3537/3537/3537 3538/3538/3538
f 3540/3540/3540 3539/3539/3539 3537/3537/3537
f 3540/3540/3540 3538/3538/3538 3541/3541/3541
f 3540/3540/3540 3542/3542/3542 3539/3539/3539
f 3542/3542/3542 3540/3540/3540 3541/3541/3541
f 3542/3542/3542 3543/3543/3543 3539/3539/3539
f 3544/3544/3544 3543/3543/3543 3542/3542/3542
f 3545/3545/3545 3542/3542/3542 3541/3541/3541
f 3545/3545/3545 3544/3544/3544 3542/3542/3542
f 3546/3546/3546 3545/3545/3545 3541/3541/3541
f 3544/3544/3544 3545/3545/3545 3547/3547/3547
f 3545/3545/3545 3546/3546/3546 3547/3547/3547
f 3548/3548/3548 3544/3544/3544 3547/3547/3547
f 3546/3546/3546 3549/3549/3549 3547/3547/3547
f 3548/3548/3548 3547/3547/3547 3550/3550/3550
f 3547/3547/3547 3549/3549/3549 3550/3550/3550
f 3553/3553/3553 3552/3552/3552 3551/3551/3551
f 3552/3552/3552 3553/3553/3553 3554/3554/3554
f 3553/3553/3553 3555/3555/3555 3554/3554/3554
f 3556/3556/3556 3554/3554/3554 3555/3555/3555
f 3554/3554/3554 3556/3556/3556 3557/3557/3557
f 3553/3553/3553 3558/3558/3558 3555/3555/3555
f 3558/3558/3558 3553/3553/3553 3559/3559/3559
f 3556/3556/3556 3560/3560/3560 3557/3557/3557
f 3560/3560/3560 3561/3561/3561 3557/3557/3557
f 3560/3560/3560 3562/3562/3562 3561/3561/3561
f 3562/3562/3562 3563/3563/3563 3561/3561/3561
f 3562/3562/3562 3564/3564/3564 3563/3563/3563
f 3564/3564/3564 3565/3565/3565 3563/3563/3563
f 3566/3566/3566 3565/3565/3565 3564/3564/3564
f 3567/3567/3567 3562/3562/3562 3560/3560/3560
f 3564/3564/3564 3562/3562/3562 3567/3567/3567
f 3568/3568/3568 3560/3560/3560 3556/3556/3556
f 3568/3568/3568 3567/3567/3567 3560/3560/3560
f 3569/3569/3569 3566/3566/3566 3564/3564/3564
f 3570/3570/3570 3566/3566/3566 3569/3569/3569
f 3571/3571/3571 3568/3568/3568 3556/3556/3556
f 3571/3571/3571 3556/3556/3556 3555/3555/3555
f 3572/3572/3572 3568/3568/3568 3571/3571/3571
f 3571/3571/3571 3555/3555/3555 3572/3572/3572
f 3568/3568/3568 3573/3573/3573 3567/3567/3567
f 3572/3572/3572 3573/3573/3573 3568/3568/3568
f 3574/3574/3574 3564/3564/3564 3567/3567/3567
f 3569/3569/3569 3564/3564/3564 3574/3574/3574
f 3570/3570/3570 3569/3569/3569 3575/3575/3575
f 3575/3575/3575 3576/3576/3576 3570/3570/3570
f 3575/3575/3575 3577/3577/3577 3576/3576/3576
f 3578/3578/3578 3575/3575/3575 3569/3569/3569
f 3578/3578/3578 3569/3569/3569 3574/3574/3574
f 3578/3578/3578 3574/3574/3574 3579/3579/3579
f 3574/3574/3574 3567/3567/3567 3580/3580/3580
f 3567/3567/3567 3573/3573/3573 3580/3580/3580
f 3574/3574/3574 3580/3580/3580 3579/3579/3579
f 3578/3578/3578 3581/3581/3581 3575/3575/3575
f 3581/3581/3581 3577/3577/3577 3575/3575/3575
f 3578/3578/3578 3579/3579/3579 3581/3581/3581
f 3581/3581/3581 3582/3582/3582 3577/3577/3577
f 3577/3577/3577 3582/3582/3582 3583/3583/3583
f 3584/3584/3584 3580/3580/3580 3573/3573/3573
f 3580/3580/3580 3584/3584/3584 3579/3579/3579
f 3579/3579/3579 3585/3585/3585 3581/3581/3581
f 3581/3581/3581 3585/3585/3585 3582/3582/3582
f 3582/3582/3582 3586/3586/3586 3583/3583/3583
f 3586/3586/3586 3587/3587/3587 3583/3583/3583
f 3588/3588/3588 3587/3587/3587 3586/3586/3586
f 3585/3585/3585 3589/3589/3589 3582/3582/3582
f 3582/3582/3582 3589/3589/3589 3586/3586/3586
f 3585/3585/3585 3579/3579/3579 3590/3590/3590
f 3589/3589/3589 3585/3585/3585 3590/3590/3590
f 3584/3584/3584 3591/3591/3591 3579/3579/3579
f 3579/3579/3579 3591/3591/3591 3590/3590/3590
f 3588/3588/3588 3586/3586/3586 3592/3592/3592
f 3589/3589/3589 3593/3593/3593 3586/3586/3586
f 3586/3586/3586 3593/3593/3593 3592/3592/3592
f 3593/3593/3593 3589/3589/3589 3594/3594/3594
f 3592/3592/3592 3593/3593/3593 3594/3594/3594
f 3595/3595/3595 3589/3589/3589 3590/3590/3590
f 3589/3589/3589 3595/3595/3595 3594/3594/3594
f 3592/3592/3592 3596/3596/3596 3588/3588/3588
f 3596/3596/3596 3597/3597/3597 3588/3588/3588
f 3598/3598/3598 3597/3597/3597 3596/3596/3596
f 3598/3598/3598 3599/3599/3599 3597/3597/3597
f 3598/3598/3598 3600/3600/3600 3599/3599/3599
f 3600/3600/3600 3598/3598/3598 3601/3601/3601
f 3598/3598/3598 3602/3602/3602 3601/3601/3601
f 3601/3601/3601 3602/3602/3602 3603/3603/3603
f 3602/3602/3602 3604/3604/3604 3603/3603/3603
f 3604/3604/3604 3605/3605/3605 3603/3603/3603
f 3605/3605/3605 3604/3604/3604 3606/3606/3606
f 3606/3606/3606 3604/3604/3604 3607/3607/3607
f 3607/3607/3607 3604/3604/3604 3602/3602/3602
f 3608/3608/3608 3602/3602/3602 3598/3598/3598
f 3608/3608/3608 3607/3607/3607 3602/3602/3602
f 3598/3598/3598 3596/3596/3596 3609/3609/3609
f 3609/3609/3609 3608/3608/3608 3598/3598/3598
f 3607/3607/3607 3608/3608/3608 3610/3610/3610
f 3611/3611/3611 3607/3607/3607 3610/3610/3610
f 3610/3610/3610 3612/3612/3612 3611/3611/3611
f 3608/3608/3608 3609/3609/3609 3613/3613/3613
f 3613/3613/3613 3609/3609/3609 3596/3596/3596
f 3610/3610/3610 3608/3608/3608 3613/3613/3613
f 3614/3614/3614 3612/3612/3612 3610/3610/3610
f 3613/3613/3613 3614/3614/3614 3610/3610/3610
f 3615/3615/3615 3612/3612/3612 3614/3614/3614
f 3616/3616/3616 3613/3613/3613 3596/3596/3596
f 3613/3613/3613 3616/3616/3616 3614/3614/3614
f 3616/3616/3616 3596/3596/3596 3592/3592/3592
f 3617/3617/3617 3616/3616/3616 3592/3592/3592
f 3617/3617/3617 3592/3592/3592 3594/3594/3594
f 3616/3616/3616 3618/3618/3618 3614/3614/3614
f 3618/3618/3618 3616/3616/3616 3617/3617/3617
f 3619/3619/3619 3615/3615/3615 3614/3614/3614
f 3619/3619/3619 3614/3614/3614 3618/3618/3618
f 3620/3620/3620 3618/3618/3618 3617/3617/3617
f 3617/3617/3617 3594/3594/3594 3620/3620/3620
f 3619/3619/3619 3621/3621/3621 3615/3615/3615
f 3621/3621/3621 3622/3622/3622 3615/3615/3615
f 3623/3623/3623 3619/3619/3619 3618/3618/3618
f 3621/3621/3621 3619/3619/3619 3623/3623/3623
f 3623/3623/3623 3618/3618/3618 3620/3620/3620
f 3624/3624/3624 3621/3621/3621 3623/3623/3623
f 3624/3624/3624 3623/3623/3623 3625/3625/3625
f 3625/3625/3625 3623/3623/3623 3620/3620/3620
f 3626/3626/3626 3624/3624/3624 3625/3625/3625
f 3594/3594/3594 3627/3627/3627 3620/3620/3620
f 3625/3625/3625 3620/3620/3620 3627/3627/3627
f 3626/3626/3626 3625/3625/3625 3628/3628/3628
f 3628/3628/3628 3625/3625/3625 3627/3627/3627
f 3629/3629/3629 3626/3626/3626 3628/3628/3628
f 3630/3630/3630 3629/3629/3629 3628/3628/3628
f 3628/3628/3628 3631/3631/3631 3630/3630/3630
f 3628/3628/3628 3627/3627/3627 3631/3631/3631
f 3632/3632/3632 3630/3630/3630 3631/3631/3631
f 3633/3633/3633 3632/3632/3632 3631/3631/3631
f 3627/3627/3627 3594/3594/3594 3634/3634/3634
f 3627/3627/3627 3634/3634/3634 3631/3631/3631
f 3594/3594/3594 3595/3595/3595 3634/3634/3634
f 3635/3635/3635 3633/3633/3633 3631/3631/3631
f 3631/3631/3631 3634/3634/3634 3635/3635/3635
f 3634/3634/3634 3595/3595/3595 3636/3636/3636
f 3634/3634/3634 3636/3636/3636 3635/3635/3635
f 3595/3595/3595 3590/3590/3590 3636/3636/3636
f 3637/3637/3637 3636/3636/3636 3590/3590/3590
f 3636/3636/3636 3637/3637/3637 3635/3635/3635
f 3591/3591/3591 3637/3637/3637 3590/3590/3590
f 3638/3638/3638 3633/3633/3633 3635/3635/3635
f 3633/3633/3633 3638/3638/3638 3639/3639/3639
f 3638/3638/3638 3635/3635/3635 3640/3640/3640
f 3637/3637/3637 3640/3640/3640 3635/3635/3635
f 3639/3639/3639 3638/3638/3638 3641/3641/3641
f 3641/3641/3641 3638/3638/3638 3640/3640/3640
f 3642/3642/3642 3639/3639/3639 3641/3641/3641
f 3643/3643/3643 3637/3637/3637 3591/3591/3591
f 3584/3584/3584 3643/3643/3643 3591/3591/3591
f 3644/3644/3644 3640/3640/3640 3637/3637/3637
f 3644/3644/3644 3641/3641/3641 3640/3640/3640
f 3643/3643/3643 3644/3644/3644 3637/3637/3637
f 3642/3642/3642 3641/3641/3641 3645/3645/3645
f 3645/3645/3645 3641/3641/3641 3644/3644/3644
f 3646/3646/3646 3642/3642/3642 3645/3645/3645
f 3647/3647/3647 3644/3644/3644 3643/3643/3643
f 3647/3647/3647 3645/3645/3645 3644/3644/3644
f 3646/3646/3646 3645/3645/3645 3648/3648/3648
f 3645/3645/3645 3647/3647/3647 3648/3648/3648
f 3649/3649/3649 3646/3646/3646 3648/3648/3648
f 3650/3650/3650 3643/3643/3643 3584/3584/3584
f 3650/3650/3650 3647/3647/3647 3643/3643/3643
f 3651/3651/3651 3648/3648/3648 3647/3647/3647
f 3651/3651/3651 3647/3647/3647 3650/3650/3650
f 3649/3649/3649 3648/3648/3648 3652/3652/3652
f 3652/3652/3652 3648/3648/3648 3651/3651/3651
f 3653/3653/3653 3649/3649/3649 3652/3652/3652
f 3654/3654/3654 3650/3650/3650 3584/3584/3584
f 3654/3654/3654 3584/3584/3584 3573/3573/3573
f 3655/3655/3655 3651/3651/3651 3650/3650/3650
f 3655/3655/3655 3650/3650/3650 3654/3654/3654
f 3654/3654/3654 3573/3573/3573 3656/3656/3656
f 3656/3656/3656 3655/3655/3655 3654/3654/3654
f 3573/3573/3573 3572/3572/3572 3656/3656/3656
f 3651/3651/3651 3657/3657/3657 3652/3652/3652
f 3651/3651/3651 3655/3655/3655 3657/3657/3657
f 3652/3652/3652 3658/3658/3658 3653/3653/3653
f 3657/3657/3657 3658/3658/3658 3652/3652/3652
f 3658/3658/3658 3659/3659/3659 3653/3653/3653
f 3659/3659/3659 3658/3658/3658 3660/3660/3660
f 3660/3660/3660 3658/3658/3658 3657/3657/3657
f 3661/3661/3661 3659/3659/3659 3660/3660/3660
f 3661/3661/3661 3660/3660/3660 3559/3559/3559
f 3656/3656/3656 3572/3572/3572 3662/3662/3662
f 3656/3656/3656 3662/3662/3662 3655/3655/3655
f 3663/3663/3663 3660/3660/3660 3657/3657/3657
f 3559/3559/3559 3660/3660/3660 3663/3663/3663
f 3655/3655/3655 3664/3664/3664 3657/3657/3657
f 3657/3657/3657 3664/3664/3664 3663/3663/3663
f 3662/3662/3662 3664/3664/3664 3655/3655/3655
f 3664/3664/3664 3665/3665/3665 3663/3663/3663
f 3663/3663/3663 3665/3665/3665 3559/3559/3559
f 3665/3665/3665 3664/3664/3664 3662/3662/3662
f 3559/3559/3559 3665/3665/3665 3666/3666/3666
f 3666/3666/3666 3665/3665/3665 3662/3662/3662
f 3666/3666/3666 3558/3558/3558 3559/3559/3559
f 3572/3572/3572 3667/3667/3667 3662/3662/3662
f 3662/3662/3662 3667/3667/3667 3666/3666/3666
f 3667/3667/3667 3558/3558/3558 3666/3666/3666
f 3555/3555/3555 3667/3667/3667 3572/3572/3572
f 3558/3558/3558 3667/3667/3667 3555/3555/3555
f 3670/3670/3670 3669/3669/3669 3668/3668/3668
f 3669/3669/3669 3670/3670/3670 3671/3671/3671
f 3672/3672/3672 3669/3669/3669 3671/3671/3671
f 3672/3672/3672 3671/3671/3671 3673/3673/3673
f 3671/3671/3671 3674/3674/3674 3673/3673/3673
f 3673/3673/3673 3674/3674/3674 3675/3675/3675
f 3674/3674/3674 3676/3676/3676 3675/3675/3675
f 3677/3677/3677 3675/3675/3675 3676/3676/3676
f 3671/3671/3671 3670/3670/3670 3678/3678/3678
f 3671/3671/3671 3679/3679/3679 3674/3674/3674
f 3679/3679/3679 3671/3671/3671 3678/3678/3678
f 3679/3679/3679 3680/3680/3680 3674/3674/3674
f 3674/3674/3674 3680/3680/3680 3676/3676/3676
f 3681/3681/3681 3678/3678/3678 3670/3670/3670
f 3682/3682/3682 3681/3681/3681 3670/3670/3670
f 3679/3679/3679 3678/3678/3678 3683/3683/3683
f 3679/3679/3679 3683/3683/3683 3680/3680/3680
f 3678/3678/3678 3681/3681/3681 3684/3684/3684
f 3685/3685/3685 3684/3684/3684 3681/3681/3681
f 3684/3684/3684 3685/3685/3685 3686/3686/3686
f 3678/3678/3678 3687/3687/3687 3683/3683/3683
f 3687/3687/3687 3678/3678/3678 3684/3684/3684
f 3688/3688/3688 3684/3684/3684 3686/3686/3686
f 3688/3688/3688 3686/3686/3686 3689/3689/3689
f 3688/3688/3688 3689/3689/3689 3690/3690/3690
f 3689/3689/3689 3476/3476/3476 3690/3690/3690
f 3684/3684/3684 3688/3688/3688 3691/3691/3691
f 3687/3687/3687 3684/3684/3684 3691/3691/3691
f 3692/3692/3692 3688/3688/3688 3690/3690/3690
f 3688/3688/3688 3692/3692/3692 3691/3691/3691
f 3476/3476/3476 3693/3693/3693 3690/3690/3690
f 3467/3467/3467 3693/3693/3693 3476/3476/3476
f 3467/3467/3467 3694/3694/3694 3693/3693/3693
f 3694/3694/3694 3467/3467/3467 3464/3464/3464
f 3690/3690/3690 3693/3693/3693 3695/3695/3695
f 3694/3694/3694 3695/3695/3695 3693/3693/3693
f 3464/3464/3464 3696/3696/3696 3694/3694/3694
f 3465/3465/3465 3696/3696/3696 3464/3464/3464
f 3696/3696/3696 3697/3697/3697 3694/3694/3694
f 3694/3694/3694 3697/3697/3697 3695/3695/3695
f 3698/3698/3698 3696/3696/3696 3465/3465/3465
f 3696/3696/3696 3698/3698/3698 3697/3697/3697
f 3699/3699/3699 3698/3698/3698 3465/3465/3465
f 3698/3698/3698 3700/3700/3700 3697/3697/3697
f 3697/3697/3697 3700/3700/3700 3701/3701/3701
f 3697/3697/3697 3701/3701/3701 3695/3695/3695
f 3700/3700/3700 3702/3702/3702 3701/3701/3701
f 3703/3703/3703 3690/3690/3690 3695/3695/3695
f 3695/3695/3695 3701/3701/3701 3703/3703/3703
f 3701/3701/3701 3702/3702/3702 3704/3704/3704
f 3701/3701/3701 3704/3704/3704 3703/3703/3703
f 3702/3702/3702 3705/3705/3705 3704/3704/3704
f 3705/3705/3705 3706/3706/3706 3704/3704/3704
f 3690/3690/3690 3703/3703/3703 3707/3707/3707
f 3692/3692/3692 3690/3690/3690 3707/3707/3707
f 3703/3703/3703 3704/3704/3704 3708/3708/3708
f 3708/3708/3708 3704/3704/3704 3706/3706/3706
f 3707/3707/3707 3703/3703/3703 3708/3708/3708
f 3692/3692/3692 3707/3707/3707 3709/3709/3709
f 3691/3691/3691 3692/3692/3692 3709/3709/3709
f 3709/3709/3709 3707/3707/3707 3710/3710/3710
f 3707/3707/3707 3708/3708/3708 3710/3710/3710
f 3711/3711/3711 3708/3708/3708 3706/3706/3706
f 3712/3712/3712 3711/3711/3711 3706/3706/3706
f 3712/3712/3712 3713/3713/3713 3711/3711/3711
f 3711/3711/3711 3714/3714/3714 3708/3708/3708
f 3711/3711/3711 3713/3713/3713 3714/3714/3714
f 3714/3714/3714 3710/3710/3710 3708/3708/3708
f 3714/3714/3714 3713/3713/3713 3715/3715/3715
f 3709/3709/3709 3716/3716/3716 3691/3691/3691
f 3716/3716/3716 3709/3709/3709 3710/3710/3710
f 3710/3710/3710 3714/3714/3714 3717/3717/3717
f 3717/3717/3717 3716/3716/3716 3710/3710/3710
f 3718/3718/3718 3714/3714/3714 3715/3715/3715
f 3714/3714/3714 3718/3718/3718 3717/3717/3717
f 3718/3718/3718 3715/3715/3715 3719/3719/3719
f 3718/3718/3718 3719/3719/3719 3717/3717/3717
f 3715/3715/3715 3720/3720/3720 3719/3719/3719
f 3719/3719/3719 3721/3721/3721 3717/3717/3717
f 3717/3717/3717 3721/3721/3721 3716/3716/3716
f 3719/3719/3719 3720/3720/3720 3722/3722/3722
f 3719/3719/3719 3722/3722/3722 3721/3721/3721
f 3720/3720/3720 3723/3723/3723 3722/3722/3722
f 3716/3716/3716 3724/3724/3724 3691/3691/3691
f 3724/3724/3724 3687/3687/3687 3691/3691/3691
f 3721/3721/3721 3725/3725/3725 3716/3716/3716
f 3716/3716/3716 3725/3725/3725 3724/3724/3724
f 3724/3724/3724 3726/3726/3726 3687/3687/3687
f 3725/3725/3725 3726/3726/3726 3724/3724/3724
f 3726/3726/3726 3683/3683/3683 3687/3687/3687
f 3721/3721/3721 3727/3727/3727 3725/3725/3725
f 3722/3722/3722 3727/3727/3727 3721/3721/3721
f 3722/3722/3722 3723/3723/3723 3728/3728/3728
f 3723/3723/3723 3729/3729/3729 3728/3728/3728
f 3727/3727/3727 3730/3730/3730 3725/3725/3725
f 3725/3725/3725 3730/3730/3730 3726/3726/3726
f 3727/3727/3727 3722/3722/3722 3731/3731/3731
f 3722/3722/3722 3728/3728/3728 3731/3731/3731
f 3727/3727/3727 3731/3731/3731 3730/3730/3730
f 3683/3683/3683 3726/3726/3726 3732/3732/3732
f 3683/3683/3683 3732/3732/3732 3680/3680/3680
f 3733/3733/3733 3728/3728/3728 3729/3729/3729
f 3734/3734/3734 3733/3733/3733 3729/3729/3729
f 3730/3730/3730 3735/3735/3735 3726/3726/3726
f 3726/3726/3726 3735/3735/3735 3732/3732/3732
f 3731/3731/3731 3736/3736/3736 3730/3730/3730
f 3730/3730/3730 3736/3736/3736 3735/3735/3735
f 3737/3737/3737 3731/3731/3731 3728/3728/3728
f 3733/3733/3733 3737/3737/3737 3728/3728/3728
f 3736/3736/3736 3731/3731/3731 3737/3737/3737
f 3733/3733/3733 3734/3734/3734 3738/3738/3738
f 3733/3733/3733 3738/3738/3738 3737/3737/3737
f 3734/3734/3734 3739/3739/3739 3738/3738/3738
f 3738/3738/3738 3739/3739/3739 3740/3740/3740
f 3738/3738/3738 3741/3741/3741 3737/3737/3737
f 3738/3738/3738 3740/3740/3740 3741/3741/3741
f 3742/3742/3742 3737/3737/3737 3741/3741/3741
f 3742/3742/3742 3736/3736/3736 3737/3737/3737
f 3736/3736/3736 3743/3743/3743 3735/3735/3735
f 3732/3732/3732 3735/3735/3735 3743/3743/3743
f 3744/3744/3744 3742/3742/3742 3741/3741/3741
f 3744/3744/3744 3741/3741/3741 3740/3740/3740
f 3742/3742/3742 3745/3745/3745 3736/3736/3736
f 3745/3745/3745 3743/3743/3743 3736/3736/3736
f 3742/3742/3742 3744/3744/3744 3745/3745/3745
f 3746/3746/3746 3732/3732/3732 3743/3743/3743
f 3746/3746/3746 3743/3743/3743 3745/3745/3745
f 3744/3744/3744 3747/3747/3747 3745/3745/3745
f 3744/3744/3744 3740/3740/3740 3747/3747/3747
f 3748/3748/3748 3745/3745/3745 3747/3747/3747
f 3748/3748/3748 3746/3746/3746 3745/3745/3745
f 3732/3732/3732 3746/3746/3746 3749/3749/3749
f 3680/3680/3680 3732/3732/3732 3749/3749/3749
f 3680/3680/3680 3749/3749/3749 3676/3676/3676
f 3750/3750/3750 3747/3747/3747 3740/3740/3740
f 3750/3750/3750 3748/3748/3748 3747/3747/3747
f 3751/3751/3751 3750/3750/3750 3740/3740/3740
f 3748/3748/3748 3750/3750/3750 3751/3751/3751
f 3752/3752/3752 3751/3751/3751 3740/3740/3740
f 3748/3748/3748 3753/3753/3753 3746/3746/3746
f 3753/3753/3753 3748/3748/3748 3751/3751/3751
f 3753/3753/3753 3749/3749/3749 3746/3746/3746
f 3753/3753/3753 3751/3751/3751 3752/3752/3752
f 3754/3754/3754 3676/3676/3676 3749/3749/3749
f 3753/3753/3753 3754/3754/3754 3749/3749/3749
f 3754/3754/3754 3753/3753/3753 3752/3752/3752
f 3754/3754/3754 3677/3677/3677 3676/3676/3676
f 3754/3754/3754 3752/3752/3752 3677/3677/3677
f 3752/3752/3752 3755/3755/3755 3677/3677/3677
f 3755/3755/3755 3752/3752/3752 3756/3756/3756
f 3759/3759/3759 3758/3758/3758 3757/3757/3757
f 3757/3757/3757 3760/3760/3760 3759/3759/3759
f 3763/3763/3763 3762/3762/3762 3761/3761/3761
f 3761/3761/3761 3762/3762/3762 3764/3764/3764
f 3765/3765/3765 3761/3761/3761 3764/3764/3764
f 3766/3766/3766 3765/3765/3765 3764/3764/3764
f 3766/3766/3766 3764/3764/3764 3767/3767/3767
f 3766/3766/3766 3767/3767/3767 3768/3768/3768
f 3771/3771/3771 3770/3770/3770 3769/3769/3769
f 3771/3771/3771 3769/3769/3769 3772/3772/3772
f 3769/3769/3769 3773/3773/3773 3772/3772/3772
f 3772/3772/3772 3773/3773/3773 3774/3774/3774
f 3777/3777/3777 3776/3776/3776 3775/3775/3775
f 3778/3778/3778 3776/3776/3776 3777/3777/3777
f 3778/3778/3778 3779/3779/3779 3776/3776/3776
f 3778/3778/3778 3780/3780/3780 3779/3779/3779
f 3781/3781/3781 3780/3780/3780 3778/3778/3778
f 3781/3781/3781 3782/3782/3782 3780/3780/3780
f 3785/3785/3785 3784/3784/3784 3783/3783/3783
f 3786/3786/3786 3783/3783/3783 3784/3784/3784
f 3786/3786/3786 3787/3787/3787 3783/3783/3783
f 3786/3786/3786 3788/3788/3788 3787/3787/3787
f 3788/3788/3788 3789/3789/3789 3787/3787/3787
f 3789/3789/3789 3790/3790/3790 3787/3787/3787
f 3789/3789/3789 3791/3791/3791 3790/3790/3790
f 3791/3791/3791 3792/3792/3792 3790/3790/3790
f 3793/3793/3793 3792/3792/3792 3791/3791/3791
f 3793/3793/3793 3794/3794/3794 3792/3792/3792
f 3795/3795/3795 3794/3794/3794 3793/3793/3793
f 3795/3795/3795 3796/3796/3796 3794/3794/3794
f 3799/3799/3799 3798/3798/3798 3797/3797/3797
f 3799/3799/3799 3797/3797/3797 3800/3800/3800
f 3801/3801/3801 3800/3800/3800 3797/3797/3797
f 3801/3801/3801 3802/3802/3802 3800/3800/3800
f 3801/3801/3801 3803/3803/3803 3802/3802/3802
f 3801/3801/3801 3804/3804/3804 3803/3803/3803
f 3805/3805/3805 3803/3803/3803 3804/3804/3804
f 3806/3806/3806 3805/3805/3805 3804/3804/3804
f 3806/3806/3806 3804/3804/3804 3807/3807/3807
f 3808/3808/3808 3806/3806/3806 3807/3807/3807
f 3809/3809/3809 3808/3808/3808 3807/3807/3807
f 3812/3812/3812 3811/3811/3811 3810/3810/3810
f 3812/3812/3812 3810/3810/3810 3813/3813/3813
f 3814/3814/3814 3812/3812/3812 3813/3813/3813
f 3814/3814/3814 3815/3815/3815 3812/3812/3812
f 3814/3814/3814 3816/3816/3816 3815/3815/3815
f 3814/3814/3814 3817/3817/3817 3816/3816/3816
f 3816/3816/3816 3817/3817/3817 3818/3818/3818
f 3816/3816/3816 3818/3818/3818 3819/3819/3819
f 3822/3822/3822 3821/3821/3821 3820/3820/3820
f 3822/3822/3822 3820/3820/3820 3823/3823/3823
f 3824/3824/3824 3823/3823/3823 3820/3820/3820
f 3824/3824/3824 3825/3825/3825 3823/3823/3823
f 3824/3824/3824 3826/3826/3826 3825/3825/3825
f 3824/3824/3824 3827/3827/3827 3826/3826/3826
f 3826/3826/3826 3827/3827/3827 3828/3828/3828
f 3826/3826/3826 3828/3828/3828 3829/3829/3829
f 3829/3829/3829 3828/3828/3828 3830/3830/3830
f 3833/3833/3833 3832/3832/3832 3831/3831/3831
f 3834/3834/3834 3831/3831/3831 3832/3832/3832
f 3835/3835/3835 3834/3834/3834 3832/3832/3832
f 3835/3835/3835 3836/3836/3836 3834/3834/3834
f 3835/3835/3835 3837/3837/3837 3836/3836/3836
f 3837/3837/3837 3838/3838/3838 3836/3836/3836
f 3841/3841/3841 3840/3840/3840 3839/3839/3839
f 3841/3841/3841 3839/3839/3839 3842/3842/3842
f 3843/3843/3843 3841/3841/3841 3842/3842/3842
f 3843/3843/3843 3842/3842/3842 3844/3844/3844
f 3843/3843/3843 3844/3844/3844 3845/3845/3845
f 3845/3845/3845 3844/3844/3844 3846/3846/3846
f 3845/3845/3845 3846/3846/3846 3847/3847/3847
f 3847/3847/3847 3846/3846/3846 3848/3848/3848
f 3851/3851/3851 3850/3850/3850 3849/3849/3849
f 3852/3852/3852 3849/3849/3849 3850/3850/3850
f 3852/3852/3852 3853/3853/3853 3849/3849/3849
f 3853/3853/3853 3852/3852/3852 3854/3854/3854
f 3853/3853/3853 3854/3854/3854 3855/3855/3855
f 3856/3856/3856 3855/3855/3855 3854/3854/3854
f 3856/3856/3856 3854/3854/3854 3857/3857/3857
f 3860/3860/3860 3859/3859/3859 3858/3858/3858
f 3861/3861/3861 3858/3858/3858 3859/3859/3859
f 3861/3861/3861 3862/3862/3862 3858/3858/3858
f 3862/3862/3862 3861/3861/3861 3863/3863/3863
f 3862/3862/3862 3863/3863/3863 3864/3864/3864
f 3865/3865/3865 3864/3864/3864 3863/3863/3863
f 3865/3865/3865 3866/3866/3866 3864/3864/3864
f 3869/3869/3869 3868/3868/3868 3867/3867/3867
f 3869/3869/3869 3870/3870/3870 3868/3868/3868
f 3870/3870/3870 3871/3871/3871 3868/3868/3868
f 3872/3872/3872 3871/3871/3871 3870/3870/3870
f 3872/3872/3872 3873/3873/3873 3871/3871/3871
f 3872/3872/3872 3874/3874/3874 3873/3873/3873
f 3875/3875/3875 3873/3873/3873 3874/3874/3874
f 3878/3878/3878 3877/3877/3877 3876/3876/3876
f 3878/3878/3878 3876/3876/3876 3879/3879/3879
f 3876/3876/3876 3880/3880/3880 3879/3879/3879
f 3883/3883/3883 3882/3882/3882 3881/3881/3881
f 3881/3881/3881 3884/3884/3884 3883/3883/3883
f 3881/3881/3881 3885/3885/3885 3884/3884/3884
f 3884/3884/3884 3885/3885/3885 3886/3886/3886
f 3887/3887/3887 3884/3884/3884 3886/3886/3886
f 3887/3887/3887 3888/3888/3888 3884/3884/3884
f 3891/3891/3891 3890/3890/3890 3889/3889/3889
f 3891/3891/3891 3892/3892/3892 3890/3890/3890
f 3891/3891/3891 3893/3893/3893 3892/3892/3892
f 3892/3892/3892 3893/3893/3893 3894/3894/3894
f 3895/3895/3895 3894/3894/3894 3893/3893/3893
f 3896/3896/3896 3895/3895/3895 3893/3893/3893
f 3899/3899/3899 3898/3898/3898 3897/3897/3897
f 3899/3899/3899 3897/3897/3897 3900/3900/3900
f 3901/3901/3901 3900/3900/3900 3897/3897/3897
f 3901/3901/3901 3902/3902/3902 3900/3900/3900
f 3901/3901/3901 3903/3903/3903 3902/3902/3902
f 3901/3901/3901 3904/3904/3904 3903/3903/3903
f 3903/3903/3903 3904/3904/3904 3905/3905/3905
f 3904/3904/3904 3906/3906/3906 3905/3905/3905
f 3909/3909/3909 3908/3908/3908 3907/3907/3907
f 3910/3910/3910 3909/3909/3909 3907/3907/3907
f 3910/3910/3910 3911/3911/3911 3909/3909/3909
f 3911/3911/3911 3910/3910/3910 3912/3912/3912
f 3913/3913/3913 3911/3911/3911 3912/3912/3912
f 3914/3914/3914 3911/3911/3911 3913/3913/3913
f 3914/3914/3914 3913/3913/3913 3915/3915/3915
f 3918/3918/3918 3917/3917/3917 3916/3916/3916
f 3918/3918/3918 3919/3919/3919 3917/3917/3917
f 3919/3919/3919 3920/3920/3920 3917/3917/3917
f 3919/3919/3919 3921/3921/3921 3920/3920/3920
f 3921/3921/3921 3922/3922/3922 3920/3920/3920
f 3923/3923/3923 3922/3922/3922 3921/3921/3921
f 3923/3923/3923 3924/3924/3924 3922/3922/3922
f 3923/3923/3923 3925/3925/3925 3924/3924/3924
f 3925/3925/3925 3926/3926/3926 3924/3924/3924
f 3925/3925/3925 3927/3927/3927 3926/3926/3926
f 3925/3925/3925 3928/3928/3928 3927/3927/3927
f 3928/3928/3928 3929/3929/3929 3927/3927/3927
f 3928/3928/3928 3930/3930/3930 3929/3929/3929
f 3931/3931/3931 3929/3929/3929 3930/3930/3930
f 3930/3930/3930 3932/3932/3932 3931/3931/3931
f 3930/3930/3930 3933/3933/3933 3932/3932/3932
f 3934/3934/3934 3932/3932/3932 3933/3933/3933
f 3935/3935/3935 3934/3934/3934 3933/3933/3933
f 3935/3935/3935 3936/3936/3936 3934/3934/3934
f 3939/3939/3939 3938/3938/3938 3937/3937/3937
f 3939/3939/3939 3937/3937/3937 3940/3940/3940
f 3941/3941/3941 3940/3940/3940 3937/3937/3937
f 3940/3940/3940 3942/3942/3942 3939/3939/3939
f 3940/3940/3940 3941/3941/3941 3943/3943/3943
f 3941/3941/3941 3944/3944/3944 3943/3943/3943
f 3943/3943/3943 3944/3944/3944 3945/3945/3945
f 3946/3946/3946 3943/3943/3943 3945/3945/3945
f 3946/3946/3946 3945/3945/3945 3947/3947/3947
f 3940/3940/3940 3948/3948/3948 3942/3942/3942
f 3940/3940/3940 3943/3943/3943 3949/3949/3949
f 3940/3940/3940 3949/3949/3949 3948/3948/3948
f 3943/3943/3943 3950/3950/3950 3949/3949/3949
f 3951/3951/3951 3950/3950/3950 3943/3943/3943
f 3951/3951/3951 3952/3952/3952 3950/3950/3950
f 3952/3952/3952 3953/3953/3953 3950/3950/3950
f 3950/3950/3950 3953/3953/3953 3949/3949/3949
f 3954/3954/3954 3948/3948/3948 3949/3949/3949
f 3954/3954/3954 3955/3955/3955 3948/3948/3948
f 3955/3955/3955 3956/3956/3956 3948/3948/3948
f 3948/3948/3948 3956/3956/3956 3957/3957/3957
f 3942/3942/3942 3948/3948/3948 3957/3957/3957
f 3942/3942/3942 3957/3957/3957 3958/3958/3958
f 3958/3958/3958 3957/3957/3957 3959/3959/3959
f 3960/3960/3960 3959/3959/3959 3957/3957/3957
f 3960/3960/3960 3961/3961/3961 3959/3959/3959
f 3958/3958/3958 3959/3959/3959 3962/3962/3962
f 3962/3962/3962 3959/3959/3959 3963/3963/3963
f 3966/3966/3966 3965/3965/3965 3964/3964/3964
f 3966/3966/3966 3967/3967/3967 3965/3965/3965
f 3968/3968/3968 3965/3965/3965 3967/3967/3967
f 3968/3968/3968 3969/3969/3969 3965/3965/3965
f 3968/3968/3968 3970/3970/3970 3969/3969/3969
f 3970/3970/3970 3971/3971/3971 3969/3969/3969
f 3974/3974/3974 3973/3973/3973 3972/3972/3972
f 3974/3974/3974 3972/3972/3972 3975/3975/3975
f 3976/3976/3976 3974/3974/3974 3975/3975/3975
f 3976/3976/3976 3977/3977/3977 3974/3974/3974
f 3978/3978/3978 3976/3976/3976 3975/3975/3975
f 3978/3978/3978 3975/3975/3975 3979/3979/3979
f 3980/3980/3980 3975/3975/3975 3972/3972/3972
f 3980/3980/3980 3979/3979/3979 3975/3975/3975
f 3980/3980/3980 3981/3981/3981 3979/3979/3979
f 3982/3982/3982 3980/3980/3980 3972/3972/3972
f 3980/3980/3980 3982/3982/3982 3981/3981/3981
f 3981/3981/3981 3983/3983/3983 3979/3979/3979
f 3982/3982/3982 3984/3984/3984 3981/3981/3981
f 3985/3985/3985 3981/3981/3981 3984/3984/3984
f 3986/3986/3986 3983/3983/3983 3981/3981/3981
f 3987/3987/3987 3981/3981/3981 3985/3985/3985
f 3987/3987/3987 3986/3986/3986 3981/3981/3981
f 3985/3985/3985 3988/3988/3988 3987/3987/3987
f 3987/3987/3987 3988/3988/3988 3989/3989/3989
f 3990/3990/3990 3987/3987/3987 3989/3989/3989
f 3990/3990/3990 3986/3986/3986 3987/3987/3987
f 3991/3991/3991 3986/3986/3986 3990/3990/3990
f 3992/3992/3992 3991/3991/3991 3990/3990/3990
f 3992/3992/3992 3990/3990/3990 3993/3993/3993
f 3991/3991/3991 3992/3992/3992 3994/3994/3994
f 3997/3997/3997 3996/3996/3996 3995/3995/3995
f 3996/3996/3996 3998/3998/3998 3995/3995/3995
f 3998/3998/3998 3999/3999/3999 3995/3995/3995
f 4002/4002/4002 4001/4001/4001 4000/4000/4000
f 4003/4003/4003 4002/4002/4002 4000/4000/4000
f 4002/4002/4002 4003/4003/4003 4004/4004/4004
f 4003/4003/4003 4005/4005/4005 4004/4004/4004
f 4006/4006/4006 4004/4004/4004 4005/4005/4005
f 4006/4006/4006 4007/4007/4007 4004/4004/4004
f 4006/4006/4006 4008/4008/4008 4007/4007/4007
f 4007/4007/4007 4010/4010/4010 4009/4009/4009
f 4010/4010/4010 4011/4011/4011 4009/4009/4009
f 4012/4012/4012 4009/4009/4009 4011/4011/4011
f 4013/4013/4013 4012/4012/4012 4011/4011/4011
f 4014/4014/4014 4012/4012/4012 4013/4013/4013
f 4017/4017/4017 4016/4016/4016 4015/4015/4015
f 4017/4017/4017 4018/4018/4018 4016/4016/4016
f 4018/4018/4018 4019/4019/4019 4016/4016/4016
f 4018/4018/4018 4020/4020/4020 4019/4019/4019
f 4020/4020/4020 4021/4021/4021 4019/4019/4019
f 4022/4022/4022 4021/4021/4021 4020/4020/4020
f 4022/4022/4022 4023/4023/4023 4021/4021/4021
f 4023/4023/4023 4022/4022/4022 4024/4024/4024
f 4025/4025/4025 4023/4023/4023 4024/4024/4024
f 4025/4025/4025 4024/4024/4024 4026/4026/4026
f 4027/4027/4027 4026/4026/4026 4024/4024/4024
f 4026/4026/4026 4027/4027/4027 4028/4028/4028
f 4027/4027/4027 4029/4029/4029 4028/4028/4028
f 4030/4030/4030 4028/4028/4028 4029/4029/4029
f 4031/4031/4031 4030/4030/4030 4029/4029/4029
f 4030/4030/4030 4031/4031/4031 4032/4032/4032
f 4035/4035/4035 4034/4034/4034 4033/4033/4033
f 4034/4034/4034 4036/4036/4036 4033/4033/4033
f 4036/4036/4036 4037/4037/4037 4033/4033/4033
f 4033/4033/4033 4037/4037/4037 4038/4038/4038
f 4037/4037/4037 4039/4039/4039 4038/4038/4038
f 4038/4038/4038 4039/4039/4039 4040/4040/4040
f 4041/4041/4041 4038/4038/4038 4040/4040/4040
f 4041/4041/4041 4040/4040/4040 4042/4042/4042
f 4040/4040/4040 4043/4043/4043 4042/4042/4042
f 4042/4042/4042 4043/4043/4043 4044/4044/4044
f 4043/4043/4043 4045/4045/4045 4044/4044/4044
f 4046/4046/4046 4044/4044/4044 4045/4045/4045
f 4049/4049/4049 4048/4048/4048 4047/4047/4047
f 4050/4050/4050 4047/4047/4047 4048/4048/4048
f 4048/4048/4048 4051/4051/4051 4050/4050/4050
f 4048/4048/4048 4052/4052/4052 4051/4051/4051
f 4053/4053/4053 4051/4051/4051 4052/4052/4052
f 4054/4054/4054 4051/4051/4051 4053/4053/4053
f 4053/4053/4053 4055/4055/4055 4054/4054/4054
f 4055/4055/4055 4056/4056/4056 4054/4054/4054
f 4057/4057/4057 4056/4056/4056 4055/4055/4055
f 4060/4060/4060 4059/4059/4059 4058/4058/4058
f 4060/4060/4060 4061/4061/4061 4059/4059/4059
f 4060/4060/4060 4062/4062/4062 4061/4061/4061
f 4060/4060/4060 4063/4063/4063 4062/4062/4062
f 4060/4060/4060 4064/4064/4064 4063/4063/4063
f 4060/4060/4060 4065/4065/4065 4064/4064/4064
f 4066/4066/4066 4065/4065/4065 4060/4060/4060
f 4069/4069/4069 4068/4068/4068 4067/4067/4067
f 4068/4068/4068 4070/4070/4070 4067/4067/4067
f 4070/4070/4070 4071/4071/4071 4067/4067/4067
f 4070/4070/4070 4072/4072/4072 4071/4071/4071
f 4075/4075/4075 4074/4074/4074 4073/4073/4073
f 4074/4074/4074 4076/4076/4076 4073/4073/4073
f 4074/4074/4074 4077/4077/4077 4076/4076/4076
f 4077/4077/4077 4078/4078/4078 4076/4076/4076
f 4081/4081/4081 4080/4080/4080 4079/4079/4079
f 4079/4079/4079 4080/4080/4080 4082/4082/4082
f 4085/4085/4085 4084/4084/4084 4083/4083/4083
f 4085/4085/4085 4086/4086/4086 4084/4084/4084
f 4089/4089/4089 4088/4088/4088 4087/4087/4087
f 4090/4090/4090 4089/4089/4089 4087/4087/4087
f 4091/4091/4091 4090/4090/4090 4087/4087/4087
f 4092/4092/4092 4090/4090/4090 4091/4091/4091
f 4095/4095/4095 4094/4094/4094 4093/4093/4093
f 4096/4096/4096 4095/4095/4095 4093/4093/4093
f 4097/4097/4097 4095/4095/4095 4096/4096/4096
f 4098/4098/4098 4097/4097/4097 4096/4096/4096
f 4101/4101/4101 4100/4100/4100 4099/4099/4099
f 4101/4101/4101 4099/4099/4099 4102/4102/4102
f 4105/4105/4105 4104/4104/4104 4103/4103/4103
f 4106/4106/4106 4105/4105/4105 4103/4103/4103
f 4103/4103/4103 4107/4107/4107 4106/4106/4106
f 4107/4107/4107 4108/4108/4108 4106/4106/4106
f 4107/4107/4107 4109/4109/4109 4108/4108/4108
f 4112/4112/4112 4111/4111/4111 4110/4110/4110
f 4113/4113/4113 4111/4111/4111 4112/4112/4112
f 4116/4116/4116 4115/4115/4115 4114/4114/4114
f 4117/4117/4117 4116/4116/4116 4114/4114/4114
f 4114/4114/4114 4118/4118/4118 4117/4117/4117
f 4118/4118/4118 4119/4119/4119 4117/4117/4117
f 4119/4119/4119 4118/4118/4118 4120/4120/4120
f 2569/2569/2569 2570/2570/2570 4121/4121/4121
f 2573/2573/2573 4121/4121/4121 2570/2570/2570
f 2569/2569/2569 4121/4121/4121 4122/4122/4122
f 4123/4123/4123 2569/2569/2569 4122/4122/4122
f 2573/2573/2573 4124/4124/4124 4121/4121/4121
f 2573/2573/2573 4125/4125/4125 4124/4124/4124
f 4121/4121/4121 4124/4124/4124 4126/4126/4126
f 4124/4124/4124 4125/4125/4125 4126/4126/4126
f 4122/4122/4122 4121/4121/4121 4126/4126/4126
f 4125/4125/4125 4127/4127/4127 4126/4126/4126
f 4127/4127/4127 4128/4128/4128 4126/4126/4126
f 4123/4123/4123 4122/4122/4122 4129/4129/4129
f 4130/4130/4130 4123/4123/4123 4129/4129/4129
f 4130/4130/4130 4129/4129/4129 4131/4131/4131
f 4126/4126/4126 4132/4132/4132 4122/4122/4122
f 4128/4128/4128 4132/4132/4132 4126/4126/4126
f 4132/4132/4132 4129/4129/4129 4122/4122/4122
f 4129/4129/4129 4133/4133/4133 4131/4131/4131
f 4133/4133/4133 4129/4129/4129 4132/4132/4132
f 4131/4131/4131 4133/4133/4133 4134/4134/4134
f 4132/4132/4132 4128/4128/4128 4135/4135/4135
f 4135/4135/4135 4133/4133/4133 4132/4132/4132
f 4128/4128/4128 4136/4136/4136 4135/4135/4135
f 4133/4133/4133 4137/4137/4137 4134/4134/4134
f 4137/4137/4137 4133/4133/4133 4135/4135/4135
f 4135/4135/4135 4136/4136/4136 4138/4138/4138
f 4138/4138/4138 4137/4137/4137 4135/4135/4135
f 4136/4136/4136 4139/4139/4139 4138/4138/4138
f 4139/4139/4139 4140/4140/4140 4138/4138/4138
f 4134/4134/4134 4137/4137/4137 4141/4141/4141
f 4141/4141/4141 4137/4137/4137 4138/4138/4138
f 4142/4142/4142 4134/4134/4134 4141/4141/4141
f 4143/4143/4143 4138/4138/4138 4140/4140/4140
f 4143/4143/4143 4141/4141/4141 4138/4138/4138
f 4140/4140/4140 4144/4144/4144 4143/4143/4143
f 4143/4143/4143 4144/4144/4144 4145/4145/4145
f 4141/4141/4141 4143/4143/4143 4145/4145/4145
f 4144/4144/4144 4146/4146/4146 4145/4145/4145
f 4142/4142/4142 4141/4141/4141 4147/4147/4147
f 4147/4147/4147 4141/4141/4141 4145/4145/4145
f 4148/4148/4148 4142/4142/4142 4147/4147/4147
f 4148/4148/4148 4147/4147/4147 4149/4149/4149
f 4147/4147/4147 4150/4150/4150 4149/4149/4149
f 4147/4147/4147 4145/4145/4145 4150/4150/4150
f 4149/4149/4149 4150/4150/4150 4151/4151/4151
f 4145/4145/4145 4146/4146/4146 4152/4152/4152
f 4145/4145/4145 4152/4152/4152 4150/4150/4150
f 4146/4146/4146 4153/4153/4153 4152/4152/4152
f 4152/4152/4152 4153/4153/4153 4154/4154/4154
f 4152/4152/4152 4154/4154/4154 4150/4150/4150
f 4153/4153/4153 4155/4155/4155 4154/4154/4154
f 4150/4150/4150 4156/4156/4156 4151/4151/4151
f 4154/4154/4154 4156/4156/4156 4150/4150/4150
f 4157/4157/4157 4151/4151/4151 4156/4156/4156
f 4158/4158/4158 4154/4154/4154 4155/4155/4155
f 4154/4154/4154 4158/4158/4158 4156/4156/4156
f 4158/4158/4158 4157/4157/4157 4156/4156/4156
f 4159/4159/4159 4158/4158/4158 4155/4155/4155
f 4160/4160/4160 4157/4157/4157 4158/4158/4158
f 4158/4158/4158 4159/4159/4159 4161/4161/4161
f 4161/4161/4161 4160/4160/4160 4158/4158/4158
f 4159/4159/4159 4162/4162/4162 4161/4161/4161
f 4162/4162/4162 4163/4163/4163 4161/4161/4161
f 4161/4161/4161 4164/4164/4164 4160/4160/4160
f 4163/4163/4163 4164/4164/4164 4161/4161/4161
f 4165/4165/4165 4164/4164/4164 4163/4163/4163
f 4166/4166/4166 4165/4165/4165 4163/4163/4163
f 4166/4166/4166 4167/4167/4167 4165/4165/4165
f 4164/4164/4164 4168/4168/4168 4160/4160/4160
f 4168/4168/4168 4164/4164/4164 4165/4165/4165
f 4160/4160/4160 4168/4168/4168 4169/4169/4169
f 4168/4168/4168 4170/4170/4170 4169/4169/4169
f 4168/4168/4168 4171/4171/4171 4170/4170/4170
f 4171/4171/4171 4168/4168/4168 4165/4165/4165
f 4171/4171/4171 4172/4172/4172 4170/4170/4170
f 4171/4171/4171 4173/4173/4173 4172/4172/4172
f 4171/4171/4171 4165/4165/4165 4173/4173/4173
f 4173/4173/4173 4174/4174/4174 4172/4172/4172
f 4174/4174/4174 4173/4173/4173 4175/4175/4175
f 4167/4167/4167 4175/4175/4175 4176/4176/4176
f 4167/4167/4167 4176/4176/4176 4165/4165/4165
f 4175/4175/4175 4173/4173/4173 4176/4176/4176
f 4165/4165/4165 4176/4176/4176 4173/4173/4173
f 4178/4178/4178 2172/2172/2172 4177/4177/4177
f 4177/4177/4177 2172/2172/2172 4179/4179/4179
f 4177/4177/4177 4179/4179/4179 4180/4180/4180
f 4179/4179/4179 4181/4181/4181 4180/4180/4180
f 4180/4180/4180 4181/4181/4181 1887/1887/1887
f 4182/4182/4182 4178/4178/4178 4177/4177/4177
f 4182/4182/4182 4177/4177/4177 4180/4180/4180
f 4183/4183/4183 4178/4178/4178 4182/4182/4182
f 4184/4184/4184 4183/4183/4183 4182/4182/4182
f 4185/4185/4185 4183/4183/4183 4184/4184/4184
f 4186/4186/4186 4180/4180/4180 1887/1887/1887
f 4186/4186/4186 1887/1887/1887 1883/1883/1883
f 4186/4186/4186 1883/1883/1883 1882/1882/1882
f 4187/4187/4187 4186/4186/4186 1882/1882/1882
f 4187/4187/4187 4180/4180/4180 4186/4186/4186
f 4188/4188/4188 4182/4182/4182 4180/4180/4180
f 4184/4184/4184 4182/4182/4182 4188/4188/4188
f 4187/4187/4187 1882/1882/1882 4189/4189/4189
f 4189/4189/4189 1882/1882/1882 1878/1878/1878
f 4190/4190/4190 4180/4180/4180 4187/4187/4187
f 4190/4190/4190 4188/4188/4188 4180/4180/4180
f 4190/4190/4190 4187/4187/4187 4189/4189/4189
f 4188/4188/4188 4190/4190/4190 4191/4191/4191
f 4190/4190/4190 4189/4189/4189 4191/4191/4191
f 4192/4192/4192 4185/4185/4185 4184/4184/4184
f 4192/4192/4192 4184/4184/4184 4193/4193/4193
f 4185/4185/4185 4192/4192/4192 4194/4194/4194
f 4195/4195/4195 4184/4184/4184 4188/4188/4188
f 4188/4188/4188 4191/4191/4191 4195/4195/4195
f 4184/4184/4184 4195/4195/4195 4193/4193/4193
f 4192/4192/4192 4196/4196/4196 4194/4194/4194
f 4192/4192/4192 4193/4193/4193 4196/4196/4196
f 4197/4197/4197 4194/4194/4194 4196/4196/4196
f 4197/4197/4197 4196/4196/4196 4198/4198/4198
f 4196/4196/4196 4193/4193/4193 4198/4198/4198
f 4197/4197/4197 4198/4198/4198 4199/4199/4199
f 4191/4191/4191 4200/4200/4200 4195/4195/4195
f 4195/4195/4195 4200/4200/4200 4193/4193/4193
f 4189/4189/4189 4201/4201/4201 4191/4191/4191
f 4191/4191/4191 4201/4201/4201 4200/4200/4200
f 4201/4201/4201 4189/4189/4189 4202/4202/4202
f 4189/4189/4189 1878/1878/1878 4202/4202/4202
f 4203/4203/4203 4202/4202/4202 1878/1878/1878
f 4204/4204/4204 4203/4203/4203 1878/1878/1878
f 4203/4203/4203 4204/4204/4204 4205/4205/4205
f 4204/4204/4204 4206/4206/4206 4205/4205/4205
f 4203/4203/4203 4207/4207/4207 4202/4202/4202
f 4203/4203/4203 4205/4205/4205 4207/4207/4207
f 4201/4201/4201 4202/4202/4202 4208/4208/4208
f 4207/4207/4207 4208/4208/4208 4202/4202/4202
f 4205/4205/4205 4209/4209/4209 4207/4207/4207
f 4209/4209/4209 4205/4205/4205 4210/4210/4210
f 4207/4207/4207 4211/4211/4211 4208/4208/4208
f 4205/4205/4205 4206/4206/4206 4212/4212/4212
f 4205/4205/4205 4212/4212/4212 4210/4210/4210
f 4206/4206/4206 4213/4213/4213 4212/4212/4212
f 4210/4210/4210 4212/4212/4212 4214/4214/4214
f 4212/4212/4212 4213/4213/4213 4215/4215/4215
f 4212/4212/4212 4215/4215/4215 4214/4214/4214
f 4213/4213/4213 4216/4216/4216 4215/4215/4215
f 4214/4214/4214 4215/4215/4215 4217/4217/4217
f 4218/4218/4218 4215/4215/4215 4216/4216/4216
f 4215/4215/4215 4218/4218/4218 4217/4217/4217
f 4219/4219/4219 4218/4218/4218 4216/4216/4216
f 4217/4217/4217 4218/4218/4218 4220/4220/4220
f 4218/4218/4218 4219/4219/4219 4220/4220/4220
f 4217/4217/4217 4220/4220/4220 4221/4221/4221
f 4219/4219/4219 4222/4222/4222 4220/4220/4220
f 4221/4221/4221 4220/4220/4220 4223/4223/4223
f 4223/4223/4223 4220/4220/4220 4222/4222/4222
f 4221/4221/4221 4223/4223/4223 4224/4224/4224
f 4225/4225/4225 4223/4223/4223 4222/4222/4222
f 4224/4224/4224 4223/4223/4223 4226/4226/4226
f 4223/4223/4223 4225/4225/4225 4226/4226/4226
f 4227/4227/4227 4224/4224/4224 4226/4226/4226
f 4225/4225/4225 4228/4228/4228 4226/4226/4226
f 4229/4229/4229 4227/4227/4227 4226/4226/4226
f 4229/4229/4229 4226/4226/4226 4228/4228/4228
f 4230/4230/4230 4201/4201/4201 4208/4208/4208
f 4201/4201/4201 4230/4230/4230 4200/4200/4200
f 4230/4230/4230 4208/4208/4208 4231/4231/4231
f 4200/4200/4200 4230/4230/4230 4232/4232/4232
f 4232/4232/4232 4230/4230/4230 4231/4231/4231
f 4233/4233/4233 4231/4231/4231 4208/4208/4208
f 4211/4211/4211 4233/4233/4233 4208/4208/4208
f 4200/4200/4200 4232/4232/4232 4234/4234/4234
f 4200/4200/4200 4234/4234/4234 4193/4193/4193
f 4235/4235/4235 4193/4193/4193 4234/4234/4234
f 4193/4193/4193 4235/4235/4235 4198/4198/4198
f 4232/4232/4232 4236/4236/4236 4234/4234/4234
f 4235/4235/4235 4234/4234/4234 4236/4236/4236
f 4232/4232/4232 4231/4231/4231 4237/4237/4237
f 4236/4236/4236 4232/4232/4232 4237/4237/4237
f 4235/4235/4235 4238/4238/4238 4198/4198/4198
f 4238/4238/4238 4199/4199/4199 4198/4198/4198
f 4239/4239/4239 4235/4235/4235 4236/4236/4236
f 4235/4235/4235 4239/4239/4239 4238/4238/4238
f 4199/4199/4199 4238/4238/4238 4240/4240/4240
f 4238/4238/4238 4239/4239/4239 4240/4240/4240
f 4199/4199/4199 4240/4240/4240 4241/4241/4241
f 4240/4240/4240 4242/4242/4242 4241/4241/4241
f 4240/4240/4240 4243/4243/4243 4242/4242/4242
f 4244/4244/4244 4239/4239/4239 4236/4236/4236
f 4239/4239/4239 4244/4244/4244 4240/4240/4240
f 4244/4244/4244 4243/4243/4243 4240/4240/4240
f 4237/4237/4237 4244/4244/4244 4236/4236/4236
f 4243/4243/4243 4244/4244/4244 4245/4245/4245
f 4244/4244/4244 4246/4246/4246 4245/4245/4245
f 4246/4246/4246 4244/4244/4244 4237/4237/4237
f 4245/4245/4245 4246/4246/4246 4247/4247/4247
f 4248/4248/4248 4246/4246/4246 4237/4237/4237
f 4248/4248/4248 4237/4237/4237 4231/4231/4231
f 4233/4233/4233 4248/4248/4248 4231/4231/4231
f 4246/4246/4246 4249/4249/4249 4247/4247/4247
f 4246/4246/4246 4248/4248/4248 4249/4249/4249
f 4248/4248/4248 4233/4233/4233 4250/4250/4250
f 4248/4248/4248 4251/4251/4251 4249/4249/4249
f 4247/4247/4247 4249/4249/4249 4252/4252/4252
f 4252/4252/4252 4249/4249/4249 4251/4251/4251
f 4253/4253/4253 4247/4247/4247 4252/4252/4252
f 4254/4254/4254 4252/4252/4252 4251/4251/4251
f 4253/4253/4253 4252/4252/4252 4255/4255/4255
f 4233/4233/4233 4256/4256/4256 4250/4250/4250
f 4233/4233/4233 4211/4211/4211 4256/4256/4256
f 4250/4250/4250 4256/4256/4256 4257/4257/4257
f 4211/4211/4211 4258/4258/4258 4256/4256/4256
f 4259/4259/4259 4252/4252/4252 4254/4254/4254
f 4252/4252/4252 4259/4259/4259 4255/4255/4255
f 4260/4260/4260 4259/4259/4259 4254/4254/4254
f 4261/4261/4261 4255/4255/4255 4259/4259/4259
f 4260/4260/4260 4262/4262/4262 4259/4259/4259
f 4256/4256/4256 4263/4263/4263 4257/4257/4257
f 4256/4256/4256 4258/4258/4258 4263/4263/4263
f 4257/4257/4257 4263/4263/4263 4264/4264/4264
f 4258/4258/4258 4265/4265/4265 4263/4263/4263
f 4263/4263/4263 4266/4266/4266 4264/4264/4264
f 4263/4263/4263 4265/4265/4265 4266/4266/4266
f 4265/4265/4265 4267/4267/4267 4266/4266/4266
f 4264/4264/4264 4266/4266/4266 4268/4268/4268
f 4266/4266/4266 4267/4267/4267 4269/4269/4269
f 4266/4266/4266 4269/4269/4269 4268/4268/4268
f 4267/4267/4267 4270/4270/4270 4269/4269/4269
f 4269/4269/4269 4271/4271/4271 4268/4268/4268
f 4269/4269/4269 4270/4270/4270 4271/4271/4271
f 4271/4271/4271 4272/4272/4272 4268/4268/4268
f 4270/4270/4270 4273/4273/4273 4271/4271/4271
f 4274/4274/4274 4272/4272/4272 4271/4271/4271
f 4275/4275/4275 4271/4271/4271 4273/4273/4273
f 4275/4275/4275 4274/4274/4274 4271/4271/4271
f 4276/4276/4276 4275/4275/4275 4273/4273/4273
f 4277/4277/4277 4274/4274/4274 4275/4275/4275
f 4277/4277/4277 4275/4275/4275 4276/4276/4276
f 4261/4261/4261 4259/4259/4259 4278/4278/4278
f 4262/4262/4262 4278/4278/4278 4259/4259/4259
f 4279/4279/4279 4261/4261/4261 4278/4278/4278
f 4279/4279/4279 4278/4278/4278 4262/4262/4262
f 4279/4279/4279 4280/4280/4280 4261/4261/4261
f 4281/4281/4281 4279/4279/4279 4262/4262/4262
f 4280/4280/4280 4279/4279/4279 4282/4282/4282
f 4282/4282/4282 4279/4279/4279 4281/4281/4281
f 4283/4283/4283 4280/4280/4280 4282/4282/4282
f 4282/4282/4282 4281/4281/4281 4284/4284/4284
f 4282/4282/4282 4285/4285/4285 4283/4283/4283
f 4282/4282/4282 4284/4284/4284 4286/4286/4286
f 4282/4282/4282 4286/4286/4286 4285/4285/4285
f 1222/1222/1222 1237/1237/1237 4287/4287/4287
f 1222/1222/1222 4287/4287/4287 1223/1223/1223
f 1237/1237/1237 4288/4288/4288 4287/4287/4287
f 4288/4288/4288 1237/1237/1237 1238/1238/1238
f 1223/1223/1223 4287/4287/4287 4289/4289/4289
f 4289/4289/4289 4287/4287/4287 4288/4288/4288
f 4290/4290/4290 1223/1223/1223 4289/4289/4289
f 4290/4290/4290 4289/4289/4289 4291/4291/4291
f 4292/4292/4292 4290/4290/4290 4291/4291/4291
f 4292/4292/4292 4291/4291/4291 4293/4293/4293
f 4294/4294/4294 4289/4289/4289 4288/4288/4288
f 4289/4289/4289 4294/4294/4294 4291/4291/4291
f 4295/4295/4295 4288/4288/4288 1238/1238/1238
f 4294/4294/4294 4288/4288/4288 4295/4295/4295
f 4291/4291/4291 4296/4296/4296 4293/4293/4293
f 4294/4294/4294 4297/4297/4297 4291/4291/4291
f 4291/4291/4291 4297/4297/4297 4296/4296/4296
f 4298/4298/4298 4294/4294/4294 4295/4295/4295
f 4297/4297/4297 4294/4294/4294 4298/4298/4298
f 4293/4293/4293 4296/4296/4296 4299/4299/4299
f 4300/4300/4300 4293/4293/4293 4299/4299/4299
f 4295/4295/4295 1238/1238/1238 4301/4301/4301
f 4298/4298/4298 4295/4295/4295 4302/4302/4302
f 4302/4302/4302 4295/4295/4295 4301/4301/4301
f 4301/4301/4301 1238/1238/1238 4303/4303/4303
f 1238/1238/1238 4304/4304/4304 4303/4303/4303
f 4305/4305/4305 4303/4303/4303 4304/4304/4304
f 4306/4306/4306 4305/4305/4305 4304/4304/4304
f 4305/4305/4305 4306/4306/4306 4307/4307/4307
f 4306/4306/4306 4308/4308/4308 4307/4307/4307
f 4309/4309/4309 4307/4307/4307 4308/4308/4308
f 4309/4309/4309 4310/4310/4310 4307/4307/4307
f 4311/4311/4311 4309/4309/4309 4308/4308/4308
f 4312/4312/4312 4309/4309/4309 4311/4311/4311
f 4312/4312/4312 4310/4310/4310 4309/4309/4309
f 4313/4313/4313 4312/4312/4312 4311/4311/4311
f 4313/4313/4313 4314/4314/4314 4312/4312/4312
f 4305/4305/4305 4307/4307/4307 4315/4315/4315
f 4310/4310/4310 4315/4315/4315 4307/4307/4307
f 4305/4305/4305 4316/4316/4316 4303/4303/4303
f 4305/4305/4305 4315/4315/4315 4316/4316/4316
f 4301/4301/4301 4303/4303/4303 4317/4317/4317
f 4316/4316/4316 4317/4317/4317 4303/4303/4303
f 4316/4316/4316 4315/4315/4315 4318/4318/4318
f 4318/4318/4318 4315/4315/4315 4310/4310/4310
f 4319/4319/4319 4301/4301/4301 4317/4317/4317
f 4302/4302/4302 4301/4301/4301 4319/4319/4319
f 4317/4317/4317 4316/4316/4316 4320/4320/4320
f 4320/4320/4320 4316/4316/4316 4318/4318/4318
f 4319/4319/4319 4317/4317/4317 4321/4321/4321
f 4321/4321/4321 4317/4317/4317 4320/4320/4320
f 4321/4321/4321 4320/4320/4320 4322/4322/4322
f 4323/4323/4323 4319/4319/4319 4321/4321/4321
f 4324/4324/4324 4322/4322/4322 4320/4320/4320
f 4324/4324/4324 4320/4320/4320 4318/4318/4318
f 4319/4319/4319 4323/4323/4323 4325/4325/4325
f 4324/4324/4324 4318/4318/4318 4326/4326/4326
f 4326/4326/4326 4318/4318/4318 4310/4310/4310
f 4324/4324/4324 4326/4326/4326 4327/4327/4327
f 4327/4327/4327 4326/4326/4326 4328/4328/4328
f 4329/4329/4329 4327/4327/4327 4328/4328/4328
f 4330/4330/4330 4326/4326/4326 4310/4310/4310
f 4330/4330/4330 4328/4328/4328 4326/4326/4326
f 4329/4329/4329 4328/4328/4328 4331/4331/4331
f 4330/4330/4330 4331/4331/4331 4328/4328/4328
f 4329/4329/4329 4331/4331/4331 4332/4332/4332
f 4330/4330/4330 4310/4310/4310 4333/4333/4333
f 4312/4312/4312 4333/4333/4333 4310/4310/4310
f 4330/4330/4330 4334/4334/4334 4331/4331/4331
f 4330/4330/4330 4333/4333/4333 4335/4335/4335
f 4336/4336/4336 4331/4331/4331 4334/4334/4334
f 4332/4332/4332 4331/4331/4331 4337/4337/4337
f 4336/4336/4336 4337/4337/4337 4331/4331/4331
f 4338/4338/4338 4332/4332/4332 4337/4337/4337
f 4336/4336/4336 4339/4339/4339 4337/4337/4337
f 4338/4338/4338 4337/4337/4337 4339/4339/4339
f 4333/4333/4333 4312/4312/4312 4340/4340/4340
f 4333/4333/4333 4340/4340/4340 4335/4335/4335
f 4314/4314/4314 4340/4340/4340 4312/4312/4312
f 4341/4341/4341 4335/4335/4335 4340/4340/4340
f 4342/4342/4342 4340/4340/4340 4314/4314/4314
f 4342/4342/4342 4341/4341/4341 4340/4340/4340
f 4343/4343/4343 4342/4342/4342 4314/4314/4314
f 4341/4341/4341 4342/4342/4342 4344/4344/4344
f 4344/4344/4344 4342/4342/4342 4343/4343/4343
f 4345/4345/4345 4319/4319/4319 4325/4325/4325
f 4345/4345/4345 4302/4302/4302 4319/4319/4319
f 4302/4302/4302 4345/4345/4345 4346/4346/4346
f 4346/4346/4346 4345/4345/4345 4325/4325/4325
f 4347/4347/4347 4302/4302/4302 4346/4346/4346
f 4347/4347/4347 4298/4298/4298 4302/4302/4302
f 4298/4298/4298 4347/4347/4347 4348/4348/4348
f 4348/4348/4348 4297/4297/4297 4298/4298/4298
f 4297/4297/4297 4348/4348/4348 4349/4349/4349
f 4297/4297/4297 4349/4349/4349 4296/4296/4296
f 4349/4349/4349 4350/4350/4350 4296/4296/4296
f 4350/4350/4350 4299/4299/4299 4296/4296/4296
f 4347/4347/4347 4346/4346/4346 961/961/961
f 960/960/960 4347/4347/4347 961/961/961
f 4347/4347/4347 960/960/960 4348/4348/4348
f 961/961/961 4346/4346/4346 980/980/980
f 980/980/980 4346/4346/4346 4325/4325/4325
f 4348/4348/4348 960/960/960 4351/4351/4351
f 4352/4352/4352 4348/4348/4348 4351/4351/4351
f 4348/4348/4348 4352/4352/4352 4349/4349/4349
f 4351/4351/4351 4353/4353/4353 4352/4352/4352
f 4349/4349/4349 4352/4352/4352 4354/4354/4354
f 4353/4353/4353 4354/4354/4354 4352/4352/4352
f 4349/4349/4349 4354/4354/4354 4350/4350/4350
f 4353/4353/4353 4355/4355/4355 4354/4354/4354
f 4350/4350/4350 4354/4354/4354 4356/4356/4356
f 4299/4299/4299 4350/4350/4350 4356/4356/4356
f 4355/4355/4355 4356/4356/4356 4354/4354/4354
f 4299/4299/4299 4356/4356/4356 4357/4357/4357
f 4299/4299/4299 4357/4357/4357 4300/4300/4300
f 4356/4356/4356 4355/4355/4355 4358/4358/4358
f 4356/4356/4356 4358/4358/4358 4357/4357/4357
f 4355/4355/4355 4359/4359/4359 4358/4358/4358
f 4360/4360/4360 4300/4300/4300 4357/4357/4357
f 4361/4361/4361 4300/4300/4300 4360/4360/4360
f 4357/4357/4357 4358/4358/4358 4362/4362/4362
f 4362/4362/4362 4360/4360/4360 4357/4357/4357
f 4359/4359/4359 4363/4363/4363 4358/4358/4358
f 4363/4363/4363 4362/4362/4362 4358/4358/4358
f 4359/4359/4359 4364/4364/4364 4363/4363/4363
f 4364/4364/4364 4365/4365/4365 4363/4363/4363
f 4363/4363/4363 4365/4365/4365 4366/4366/4366
f 4362/4362/4362 4363/4363/4363 4366/4366/4366
f 4362/4362/4362 4366/4366/4366 4367/4367/4367
f 4360/4360/4360 4362/4362/4362 4367/4367/4367
f 4368/4368/4368 4360/4360/4360 4367/4367/4367
f 4368/4368/4368 4361/4361/4361 4360/4360/4360
f 4369/4369/4369 4368/4368/4368 4367/4367/4367
f 4361/4361/4361 4368/4368/4368 4370/4370/4370
f 4368/4368/4368 4369/4369/4369 4370/4370/4370
f 4371/4371/4371 4361/4361/4361 4370/4370/4370
f 4371/4371/4371 4370/4370/4370 4372/4372/4372
f 4369/4369/4369 4373/4373/4373 4370/4370/4370
f 4369/4369/4369 4374/4374/4374 4373/4373/4373
f 4374/4374/4374 4375/4375/4375 4373/4373/4373
f 4370/4370/4370 4376/4376/4376 4372/4372/4372
f 4370/4370/4370 4373/4373/4373 4376/4376/4376
f 4375/4375/4375 4377/4377/4377 4373/4373/4373
f 4373/4373/4373 4377/4377/4377 4376/4376/4376
f 4378/4378/4378 4372/4372/4372 4376/4376/4376
f 4378/4378/4378 4379/4379/4379 4372/4372/4372
f 4379/4379/4379 4378/4378/4378 4380/4380/4380
f 4381/4381/4381 4377/4377/4377 4375/4375/4375
f 4382/4382/4382 4381/4381/4381 4375/4375/4375
f 4383/4383/4383 4376/4376/4376 4377/4377/4377
f 4383/4383/4383 4378/4378/4378 4376/4376/4376
f 4381/4381/4381 4383/4383/4383 4377/4377/4377
f 4378/4378/4378 4384/4384/4384 4380/4380/4380
f 4378/4378/4378 4383/4383/4383 4384/4384/4384
f 4381/4381/4381 4382/4382/4382 4385/4385/4385
f 4382/4382/4382 4386/4386/4386 4385/4385/4385
f 4385/4385/4385 4386/4386/4386 4387/4387/4387
f 4383/4383/4383 4381/4381/4381 4388/4388/4388
f 4383/4383/4383 4388/4388/4388 4384/4384/4384
f 4381/4381/4381 4385/4385/4385 4388/4388/4388
f 4384/4384/4384 4389/4389/4389 4380/4380/4380
f 4384/4384/4384 4388/4388/4388 4389/4389/4389
f 4389/4389/4389 4390/4390/4390 4380/4380/4380
f 4391/4391/4391 4385/4385/4385 4387/4387/4387
f 4391/4391/4391 4387/4387/4387 4392/4392/4392
f 4393/4393/4393 4388/4388/4388 4385/4385/4385
f 4388/4388/4388 4393/4393/4393 4389/4389/4389
f 4391/4391/4391 4393/4393/4393 4385/4385/4385
f 4389/4389/4389 4394/4394/4394 4390/4390/4390
f 4389/4389/4389 4393/4393/4393 4394/4394/4394
f 4394/4394/4394 4395/4395/4395 4390/4390/4390
f 4396/4396/4396 4391/4391/4391 4392/4392/4392
f 4396/4396/4396 4392/4392/4392 4397/4397/4397
f 4398/4398/4398 4393/4393/4393 4391/4391/4391
f 4393/4393/4393 4398/4398/4398 4394/4394/4394
f 4396/4396/4396 4398/4398/4398 4391/4391/4391
f 4394/4394/4394 4399/4399/4399 4395/4395/4395
f 4394/4394/4394 4398/4398/4398 4399/4399/4399
f 4399/4399/4399 4400/4400/4400 4395/4395/4395
f 4401/4401/4401 4396/4396/4396 4397/4397/4397
f 4401/4401/4401 4397/4397/4397 4402/4402/4402
f 4403/4403/4403 4398/4398/4398 4396/4396/4396
f 4398/4398/4398 4403/4403/4403 4399/4399/4399
f 4401/4401/4401 4403/4403/4403 4396/4396/4396
f 4399/4399/4399 4403/4403/4403 4404/4404/4404
f 4404/4404/4404 4403/4403/4403 4401/4401/4401
f 4399/4399/4399 4405/4405/4405 4400/4400/4400
f 4405/4405/4405 4399/4399/4399 4404/4404/4404
f 4405/4405/4405 4406/4406/4406 4400/4400/4400
f 4407/4407/4407 4401/4401/4401 4402/4402/4402
f 4407/4407/4407 4404/4404/4404 4401/4401/4401
f 4407/4407/4407 4402/4402/4402 4408/4408/4408
f 4405/4405/4405 4409/4409/4409 4406/4406/4406
f 4405/4405/4405 4404/4404/4404 4409/4409/4409
f 4409/4409/4409 4410/4410/4410 4406/4406/4406
f 4411/4411/4411 4407/4407/4407 4408/4408/4408
f 4407/4407/4407 4411/4411/4411 4404/4404/4404
f 4411/4411/4411 4408/4408/4408 4412/4412/4412
f 4409/4409/4409 4413/4413/4413 4410/4410/4410
f 4413/4413/4413 4414/4414/4414 4410/4410/4410
f 4413/4413/4413 4415/4415/4415 4414/4414/4414
f 4404/4404/4404 4416/4416/4416 4409/4409/4409
f 4409/4409/4409 4416/4416/4416 4413/4413/4413
f 4411/4411/4411 4416/4416/4416 4404/4404/4404
f 4416/4416/4416 4417/4417/4417 4413/4413/4413
f 4413/4413/4413 4417/4417/4417 4415/4415/4415
f 4417/4417/4417 4416/4416/4416 4411/4411/4411
f 4418/4418/4418 4411/4411/4411 4412/4412/4412
f 4418/4418/4418 4412/4412/4412 4415/4415/4415
f 4417/4417/4417 4418/4418/4418 4415/4415/4415
f 4418/4418/4418 4417/4417/4417 4411/4411/4411
f 1193/1193/1193 1192/1192/1192 4419/4419/4419
f 1192/1192/1192 1189/1189/1189 4419/4419/4419
f 1189/1189/1189 4420/4420/4420 4419/4419/4419
f 4421/4421/4421 1193/1193/1193 4419/4419/4419
f 4419/4419/4419 4420/4420/4420 4422/4422/4422
f 4421/4421/4421 4419/4419/4419 4423/4423/4423
f 4423/4423/4423 4419/4419/4419 4422/4422/4422
f 4424/4424/4424 4421/4421/4421 4423/4423/4423
f 4423/4423/4423 4422/4422/4422 4425/4425/4425
f 4424/4424/4424 4423/4423/4423 4426/4426/4426
f 4426/4426/4426 4423/4423/4423 4425/4425/4425
f 4427/4427/4427 4424/4424/4424 4426/4426/4426
f 4427/4427/4427 4426/4426/4426 4428/4428/4428
f 4426/4426/4426 4425/4425/4425 4429/4429/4429
f 4426/4426/4426 4429/4429/4429 4428/4428/4428
f 4425/4425/4425 4430/4430/4430 4429/4429/4429
f 4428/4428/4428 4429/4429/4429 4431/4431/4431
f 4431/4431/4431 4429/4429/4429 4430/4430/4430
f 4432/4432/4432 4431/4431/4431 4430/4430/4430
f 4433/4433/4433 4428/4428/4428 4431/4431/4431
f 4432/4432/4432 4434/4434/4434 4431/4431/4431
f 4433/4433/4433 4431/4431/4431 4435/4435/4435
f 4434/4434/4434 4435/4435/4435 4431/4431/4431
f 4436/4436/4436 4433/4433/4433 4435/4435/4435
f 4434/4434/4434 4437/4437/4437 4435/4435/4435
f 4436/4436/4436 4435/4435/4435 4437/4437/4437
f 983/983/983 4438/4438/4438 1008/1008/1008
f 985/985/985 4438/4438/4438 983/983/983
f 4439/4439/4439 4438/4438/4438 985/985/985
f 1008/1008/1008 4438/4438/4438 4439/4439/4439
f 4440/4440/4440 4439/4439/4439 985/985/985
f 4441/4441/4441 1008/1008/1008 4439/4439/4439
f 4440/4440/4440 985/985/985 976/976/976
f 4442/4442/4442 1008/1008/1008 4441/4441/4441
f 4443/4443/4443 4442/4442/4442 4441/4441/4441
f 1008/1008/1008 4442/4442/4442 1007/1007/1007
f 4443/4443/4443 4444/4444/4444 4442/4442/4442
f 4445/4445/4445 4440/4440/4440 976/976/976
f 4446/4446/4446 4440/4440/4440 4445/4445/4445
f 4445/4445/4445 976/976/976 978/978/978
f 4447/4447/4447 4446/4446/4446 4445/4445/4445
f 4447/4447/4447 4445/4445/4445 978/978/978
f 4448/4448/4448 4446/4446/4446 4447/4447/4447
f 1007/1007/1007 4442/4442/4442 4449/4449/4449
f 4444/4444/4444 4449/4449/4449 4442/4442/4442
f 4450/4450/4450 1007/1007/1007 4449/4449/4449
f 1007/1007/1007 4450/4450/4450 1005/1005/1005
f 4451/4451/4451 4449/4449/4449 4444/4444/4444
f 4449/4449/4449 4451/4451/4451 4450/4450/4450
f 4452/4452/4452 4451/4451/4451 4444/4444/4444
f 1005/1005/1005 4450/4450/4450 4453/4453/4453
f 4451/4451/4451 4453/4453/4453 4450/4450/4450
f 4452/4452/4452 4454/4454/4454 4451/4451/4451
f 4451/4451/4451 4454/4454/4454 4453/4453/4453
f 4452/4452/4452 4455/4455/4455 4454/4454/4454
f 4456/4456/4456 1005/1005/1005 4453/4453/4453
f 1006/1006/1006 1005/1005/1005 4456/4456/4456
f 4457/4457/4457 1006/1006/1006 4456/4456/4456
f 4458/4458/4458 4457/4457/4457 4456/4456/4456
f 4454/4454/4454 4459/4459/4459 4453/4453/4453
f 4453/4453/4453 4459/4459/4459 4456/4456/4456
f 4455/4455/4455 4460/4460/4460 4454/4454/4454
f 4459/4459/4459 4454/4454/4454 4460/4460/4460
f 4455/4455/4455 4461/4461/4461 4460/4460/4460
f 4461/4461/4461 4462/4462/4462 4460/4460/4460
f 4461/4461/4461 4463/4463/4463 4462/4462/4462
f 4464/4464/4464 4462/4462/4462 4463/4463/4463
f 4465/4465/4465 4458/4458/4458 4456/4456/4456
f 4459/4459/4459 4465/4465/4465 4456/4456/4456
f 4459/4459/4459 4460/4460/4460 4466/4466/4466
f 4466/4466/4466 4465/4465/4465 4459/4459/4459
f 4466/4466/4466 4460/4460/4460 4462/4462/4462
f 4458/4458/4458 4465/4465/4465 4467/4467/4467
f 4466/4466/4466 4467/4467/4467 4465/4465/4465
f 4458/4458/4458 4467/4467/4467 4468/4468/4468
f 4467/4467/4467 4466/4466/4466 4469/4469/4469
f 4466/4466/4466 4462/4462/4462 4469/4469/4469
f 4470/4470/4470 4468/4468/4468 4467/4467/4467
f 4467/4467/4467 4469/4469/4469 4470/4470/4470
f 4470/4470/4470 4471/4471/4471 4468/4468/4468
f 4471/4471/4471 4470/4470/4470 4472/4472/4472
f 4472/4472/4472 4470/4470/4470 4469/4469/4469
f 4471/4471/4471 4472/4472/4472 4473/4473/4473
f 4474/4474/4474 4473/4473/4473 4472/4472/4472
f 4472/4472/4472 4469/4469/4469 4475/4475/4475
f 4462/4462/4462 4475/4475/4475 4469/4469/4469
f 4472/4472/4472 4475/4475/4475 4474/4474/4474
f 4462/4462/4462 4476/4476/4476 4475/4475/4475
f 4475/4475/4475 4476/4476/4476 4474/4474/4474
f 4464/4464/4464 4476/4476/4476 4462/4462/4462
f 4476/4476/4476 4464/4464/4464 4474/4474/4474
f 980/980/980 4477/4477/4477 978/978/978
f 4477/4477/4477 4447/4447/4447 978/978/978
f 4478/4478/4478 4477/4477/4477 980/980/980
f 4447/4447/4447 4477/4477/4477 4478/4478/4478
f 4325/4325/4325 4478/4478/4478 980/980/980
f 4479/4479/4479 4447/4447/4447 4478/4478/4478
f 4479/4479/4479 4448/4448/4448 4447/4447/4447
f 4448/4448/4448 4479/4479/4479 4480/4480/4480
f 4480/4480/4480 4479/4479/4479 4478/4478/4478
f 4481/4481/4481 4448/4448/4448 4480/4480/4480
f 4481/4481/4481 4480/4480/4480 4482/4482/4482
f 4483/4483/4483 4478/4478/4478 4325/4325/4325
f 4483/4483/4483 4480/4480/4480 4478/4478/4478
f 4484/4484/4484 4483/4483/4483 4325/4325/4325
f 4480/4480/4480 4485/4485/4485 4482/4482/4482
f 4485/4485/4485 4480/4480/4480 4483/4483/4483
f 4482/4482/4482 4485/4485/4485 4486/4486/4486
f 4483/4483/4483 4484/4484/4484 4487/4487/4487
f 4487/4487/4487 4485/4485/4485 4483/4483/4483
f 4485/4485/4485 4488/4488/4488 4486/4486/4486
f 4488/4488/4488 4485/4485/4485 4487/4487/4487
f 4489/4489/4489 4486/4486/4486 4488/4488/4488
f 4489/4489/4489 4490/4490/4490 4486/4486/4486
f 4484/4484/4484 4491/4491/4491 4487/4487/4487
f 4492/4492/4492 4491/4491/4491 4484/4484/4484
f 4491/4491/4491 4492/4492/4492 4493/4493/4493
f 4494/4494/4494 4491/4491/4491 4493/4493/4493
f 4491/4491/4491 4494/4494/4494 4487/4487/4487
f 4495/4495/4495 4494/4494/4494 4493/4493/4493
f 4496/4496/4496 4488/4488/4488 4487/4487/4487
f 4489/4489/4489 4488/4488/4488 4496/4496/4496
f 4494/4494/4494 4496/4496/4496 4487/4487/4487
f 4490/4490/4490 4489/4489/4489 4497/4497/4497
f 4490/4490/4490 4497/4497/4497 4498/4498/4498
f 4499/4499/4499 4489/4489/4489 4496/4496/4496
f 4499/4499/4499 4496/4496/4496 4494/4494/4494
f 4497/4497/4497 4489/4489/4489 4499/4499/4499
f 4495/4495/4495 4500/4500/4500 4494/4494/4494
f 4500/4500/4500 4499/4499/4499 4494/4494/4494
f 4498/4498/4498 4497/4497/4497 4501/4501/4501
f 4498/4498/4498 4501/4501/4501 4502/4502/4502
f 4503/4503/4503 4497/4497/4497 4499/4499/4499
f 4499/4499/4499 4500/4500/4500 4503/4503/4503
f 4501/4501/4501 4497/4497/4497 4503/4503/4503
f 4500/4500/4500 4495/4495/4495 4504/4504/4504
f 4500/4500/4500 4504/4504/4504 4503/4503/4503
f 4495/4495/4495 4505/4505/4505 4504/4504/4504
f 4502/4502/4502 4501/4501/4501 4506/4506/4506
f 4507/4507/4507 4502/4502/4502 4506/4506/4506
f 4508/4508/4508 4501/4501/4501 4503/4503/4503
f 4508/4508/4508 4503/4503/4503 4504/4504/4504
f 4506/4506/4506 4501/4501/4501 4508/4508/4508
f 4504/4504/4504 4505/4505/4505 4509/4509/4509
f 4509/4509/4509 4508/4508/4508 4504/4504/4504
f 4505/4505/4505 4510/4510/4510 4509/4509/4509
f 4509/4509/4509 4510/4510/4510 4511/4511/4511
f 4512/4512/4512 4508/4508/4508 4509/4509/4509
f 4512/4512/4512 4506/4506/4506 4508/4508/4508
f 4513/4513/4513 4509/4509/4509 4511/4511/4511
f 4513/4513/4513 4512/4512/4512 4509/4509/4509
f 4513/4513/4513 4511/4511/4511 4514/4514/4514
f 4515/4515/4515 4513/4513/4513 4514/4514/4514
f 4513/4513/4513 4515/4515/4515 4512/4512/4512
f 4515/4515/4515 4514/4514/4514 4516/4516/4516
f 4515/4515/4515 4517/4517/4517 4512/4512/4512
f 4512/4512/4512 4517/4517/4517 4506/4506/4506
f 4515/4515/4515 4516/4516/4516 4517/4517/4517
f 4507/4507/4507 4506/4506/4506 4518/4518/4518
f 4517/4517/4517 4518/4518/4518 4506/4506/4506
f 4517/4517/4517 4516/4516/4516 4518/4518/4518
f 4519/4519/4519 4507/4507/4507 4518/4518/4518
f 4519/4519/4519 4518/4518/4518 4516/4516/4516
f 4521/4521/4521 4520/4520/4520 671/671/671
f 4520/4520/4520 4521/4521/4521 4522/4522/4522
f 672/672/672 4521/4521/4521 671/671/671
f 4521/4521/4521 4523/4523/4523 4522/4522/4522
f 4524/4524/4524 4522/4522/4522 4523/4523/4523
f 672/672/672 4525/4525/4525 4521/4521/4521
f 4521/4521/4521 4526/4526/4526 4523/4523/4523
f 4525/4525/4525 4526/4526/4526 4521/4521/4521
f 4527/4527/4527 4525/4525/4525 672/672/672
f 670/670/670 4527/4527/4527 672/672/672
f 4527/4527/4527 670/670/670 658/658/658
f 4528/4528/4528 4527/4527/4527 658/658/658
f 4527/4527/4527 4528/4528/4528 4525/4525/4525
f 4529/4529/4529 4528/4528/4528 658/658/658
f 651/651/651 4529/4529/4529 658/658/658
f 4530/4530/4530 4528/4528/4528 4529/4529/4529
f 4531/4531/4531 4530/4530/4530 4529/4529/4529
f 4531/4531/4531 4529/4529/4529 651/651/651
f 4530/4530/4530 4532/4532/4532 4528/4528/4528
f 4533/4533/4533 4531/4531/4531 651/651/651
f 4533/4533/4533 651/651/651 656/656/656
f 4534/4534/4534 4531/4531/4531 4533/4533/4533
f 4528/4528/4528 4535/4535/4535 4525/4525/4525
f 4532/4532/4532 4535/4535/4535 4528/4528/4528
f 4535/4535/4535 4536/4536/4536 4525/4525/4525
f 4535/4535/4535 4532/4532/4532 4536/4536/4536
f 4532/4532/4532 4537/4537/4537 4536/4536/4536
f 4536/4536/4536 4526/4526/4526 4525/4525/4525
f 4536/4536/4536 4537/4537/4537 4538/4538/4538
f 4536/4536/4536 4539/4539/4539 4526/4526/4526
f 4539/4539/4539 4536/4536/4536 4538/4538/4538
f 4539/4539/4539 4540/4540/4540 4526/4526/4526
f 4526/4526/4526 4540/4540/4540 4523/4523/4523
f 4539/4539/4539 4538/4538/4538 4541/4541/4541
f 4541/4541/4541 4538/4538/4538 4542/4542/4542
f 4541/4541/4541 4542/4542/4542 4543/4543/4543
f 4539/4539/4539 4544/4544/4544 4540/4540/4540
f 4544/4544/4544 4539/4539/4539 4541/4541/4541
f 4523/4523/4523 4540/4540/4540 4545/4545/4545
f 4544/4544/4544 4545/4545/4545 4540/4540/4540
f 4546/4546/4546 4541/4541/4541 4543/4543/4543
f 4546/4546/4546 4544/4544/4544 4541/4541/4541
f 4546/4546/4546 4543/4543/4543 4547/4547/4547
f 4543/4543/4543 4548/4548/4548 4547/4547/4547
f 4547/4547/4547 4548/4548/4548 4549/4549/4549
f 4546/4546/4546 4550/4550/4550 4544/4544/4544
f 4544/4544/4544 4550/4550/4550 4545/4545/4545
f 4550/4550/4550 4546/4546/4546 4547/4547/4547
f 4551/4551/4551 4523/4523/4523 4545/4545/4545
f 4551/4551/4551 4524/4524/4524 4523/4523/4523
f 4552/4552/4552 4547/4547/4547 4549/4549/4549
f 4552/4552/4552 4549/4549/4549 4553/4553/4553
f 4550/4550/4550 4554/4554/4554 4545/4545/4545
f 4545/4545/4545 4554/4554/4554 4551/4551/4551
f 4551/4551/4551 4555/4555/4555 4524/4524/4524
f 4554/4554/4554 4555/4555/4555 4551/4551/4551
f 4555/4555/4555 4556/4556/4556 4524/4524/4524
f 4555/4555/4555 4557/4557/4557 4556/4556/4556
f 4550/4550/4550 4547/4547/4547 4558/4558/4558
f 4550/4550/4550 4558/4558/4558 4554/4554/4554
f 4552/4552/4552 4558/4558/4558 4547/4547/4547
f 4559/4559/4559 4552/4552/4552 4553/4553/4553
f 4559/4559/4559 4553/4553/4553 4560/4560/4560
f 4554/4554/4554 4561/4561/4561 4555/4555/4555
f 4558/4558/4558 4561/4561/4561 4554/4554/4554
f 4552/4552/4552 4562/4562/4562 4558/4558/4558
f 4559/4559/4559 4562/4562/4562 4552/4552/4552
f 4561/4561/4561 4558/4558/4558 4562/4562/4562
f 4555/4555/4555 4563/4563/4563 4557/4557/4557
f 4561/4561/4561 4563/4563/4563 4555/4555/4555
f 4559/4559/4559 4564/4564/4564 4562/4562/4562
f 4564/4564/4564 4559/4559/4559 4560/4560/4560
f 4561/4561/4561 4562/4562/4562 4565/4565/4565
f 4563/4563/4563 4561/4561/4561 4565/4565/4565
f 4565/4565/4565 4562/4562/4562 4564/4564/4564
f 4563/4563/4563 4566/4566/4566 4557/4557/4557
f 4563/4563/4563 4565/4565/4565 4566/4566/4566
f 4566/4566/4566 4567/4567/4567 4557/4557/4557
f 4565/4565/4565 4564/4564/4564 4568/4568/4568
f 4564/4564/4564 4560/4560/4560 4568/4568/4568
f 4566/4566/4566 4565/4565/4565 4568/4568/4568
f 4566/4566/4566 4569/4569/4569 4567/4567/4567
f 4566/4566/4566 4568/4568/4568 4569/4569/4569
f 4569/4569/4569 4568/4568/4568 4560/4560/4560
f 4569/4569/4569 4570/4570/4570 4567/4567/4567
f 4570/4570/4570 4569/4569/4569 4560/4560/4560
f 490/490/490 4571/4571/4571 656/656/656
f 492/492/492 4571/4571/4571 490/490/490
f 4571/4571/4571 4572/4572/4572 656/656/656
f 656/656/656 4572/4572/4572 4533/4533/4533
f 4573/4573/4573 4571/4571/4571 492/492/492
f 4572/4572/4572 4571/4571/4571 4573/4573/4573
f 493/493/493 4573/4573/4573 492/492/492
f 4573/4573/4573 493/493/493 4574/4574/4574
f 493/493/493 499/499/499 4574/4574/4574
f 4572/4572/4572 4575/4575/4575 4533/4533/4533
f 4575/4575/4575 4534/4534/4534 4533/4533/4533
f 4575/4575/4575 4576/4576/4576 4534/4534/4534
f 4575/4575/4575 4572/4572/4572 4576/4576/4576
f 4576/4576/4576 4577/4577/4577 4534/4534/4534
f 4578/4578/4578 4572/4572/4572 4573/4573/4573
f 4573/4573/4573 4574/4574/4574 4578/4578/4578
f 4572/4572/4572 4578/4578/4578 4576/4576/4576
f 4579/4579/4579 4574/4574/4574 499/499/499
f 4580/4580/4580 4579/4579/4579 499/499/499
f 4574/4574/4574 4581/4581/4581 4578/4578/4578
f 4576/4576/4576 4578/4578/4578 4581/4581/4581
f 4581/4581/4581 4574/4574/4574 4579/4579/4579
f 4576/4576/4576 4582/4582/4582 4577/4577/4577
f 4582/4582/4582 4576/4576/4576 4581/4581/4581
f 4582/4582/4582 4583/4583/4583 4577/4577/4577
f 4584/4584/4584 4583/4583/4583 4582/4582/4582
f 4585/4585/4585 4584/4584/4584 4582/4582/4582
f 4582/4582/4582 4581/4581/4581 4585/4585/4585
f 4584/4584/4584 4585/4585/4585 4586/4586/4586
f 4581/4581/4581 4587/4587/4587 4585/4585/4585
f 4587/4587/4587 4581/4581/4581 4579/4579/4579
f 4585/4585/4585 4588/4588/4588 4586/4586/4586
f 4588/4588/4588 4585/4585/4585 4587/4587/4587
f 4589/4589/4589 4586/4586/4586 4588/4588/4588
f 4579/4579/4579 4580/4580/4580 4590/4590/4590
f 4580/4580/4580 4591/4591/4591 4590/4590/4590
f 4591/4591/4591 4592/4592/4592 4590/4590/4590
f 4587/4587/4587 4579/4579/4579 4593/4593/4593
f 4593/4593/4593 4588/4588/4588 4587/4587/4587
f 4579/4579/4579 4590/4590/4590 4593/4593/4593
f 4594/4594/4594 4589/4589/4589 4588/4588/4588
f 4594/4594/4594 4588/4588/4588 4593/4593/4593
f 4595/4595/4595 4593/4593/4593 4590/4590/4590
f 4595/4595/4595 4594/4594/4594 4593/4593/4593
f 4592/4592/4592 4596/4596/4596 4590/4590/4590
f 4596/4596/4596 4595/4595/4595 4590/4590/4590
f 4597/4597/4597 4596/4596/4596 4592/4592/4592
f 4595/4595/4595 4596/4596/4596 4597/4597/4597
f 4597/4597/4597 4592/4592/4592 4598/4598/4598
f 4599/4599/4599 4589/4589/4589 4594/4594/4594
f 4599/4599/4599 4600/4600/4600 4589/4589/4589
f 4601/4601/4601 4594/4594/4594 4595/4595/4595
f 4601/4601/4601 4599/4599/4599 4594/4594/4594
f 4595/4595/4595 4597/4597/4597 4601/4601/4601
f 4602/4602/4602 4600/4600/4600 4599/4599/4599
f 4602/4602/4602 4599/4599/4599 4601/4601/4601
f 4602/4602/4602 4603/4603/4603 4600/4600/4600
f 4603/4603/4603 4602/4602/4602 4604/4604/4604
f 4603/4603/4603 4604/4604/4604 4605/4605/4605
f 4605/4605/4605 4604/4604/4604 4606/4606/4606
f 4602/4602/4602 4601/4601/4601 4607/4607/4607
f 4607/4607/4607 4601/4601/4601 4597/4597/4597
f 4604/4604/4604 4602/4602/4602 4607/4607/4607
f 4608/4608/4608 4597/4597/4597 4598/4598/4598
f 4607/4607/4607 4597/4597/4597 4608/4608/4608
f 4608/4608/4608 4598/4598/4598 4609/4609/4609
f 4608/4608/4608 4610/4610/4610 4607/4607/4607
f 4604/4604/4604 4607/4607/4607 4610/4610/4610
f 4609/4609/4609 4611/4611/4611 4608/4608/4608
f 4608/4608/4608 4611/4611/4611 4610/4610/4610
f 4609/4609/4609 4612/4612/4612 4611/4611/4611
f 4604/4604/4604 4613/4613/4613 4606/4606/4606
f 4606/4606/4606 4613/4613/4613 4614/4614/4614
f 4604/4604/4604 4610/4610/4610 4615/4615/4615
f 4604/4604/4604 4615/4615/4615 4613/4613/4613
f 4611/4611/4611 4615/4615/4615 4610/4610/4610
f 4613/4613/4613 4615/4615/4615 4614/4614/4614
f 4612/4612/4612 4616/4616/4616 4611/4611/4611
f 4611/4611/4611 4616/4616/4616 4615/4615/4615
f 4615/4615/4615 4616/4616/4616 4614/4614/4614
f 4612/4612/4612 4617/4617/4617 4616/4616/4616
f 4617/4617/4617 4614/4614/4614 4616/4616/4616
f 4620/4620/4620 4619/4619/4619 4618/4618/4618
f 4620/4620/4620 4618/4618/4618 4621/4621/4621
f 4619/4619/4619 4622/4622/4622 4618/4618/4618
f 4623/4623/4623 4622/4622/4622 4619/4619/4619
f 4618/4618/4618 4624/4624/4624 4621/4621/4621
f 4621/4621/4621 4624/4624/4624 4625/4625/4625
f 4618/4618/4618 4622/4622/4622 4626/4626/4626
f 4624/4624/4624 4618/4618/4618 4626/4626/4626
f 4624/4624/4624 4627/4627/4627 4625/4625/4625
f 4625/4625/4625 4627/4627/4627 4628/4628/4628
f 4623/4623/4623 4629/4629/4629 4622/4622/4622
f 4630/4630/4630 4629/4629/4629 4623/4623/4623
f 4630/4630/4630 4631/4631/4631 4629/4629/4629
f 4629/4629/4629 4632/4632/4632 4622/4622/4622
f 4631/4631/4631 4632/4632/4632 4629/4629/4629
f 4633/4633/4633 4624/4624/4624 4626/4626/4626
f 4624/4624/4624 4633/4633/4633 4627/4627/4627
f 4627/4627/4627 4634/4634/4634 4628/4628/4628
f 4628/4628/4628 4634/4634/4634 4635/4635/4635
f 4633/4633/4633 4636/4636/4636 4627/4627/4627
f 4627/4627/4627 4636/4636/4636 4634/4634/4634
f 4634/4634/4634 4637/4637/4637 4635/4635/4635
f 4635/4635/4635 4637/4637/4637 4638/4638/4638
f 4634/4634/4634 4639/4639/4639 4637/4637/4637
f 4636/4636/4636 4639/4639/4639 4634/4634/4634
f 4637/4637/4637 4640/4640/4640 4638/4638/4638
f 4639/4639/4639 4640/4640/4640 4637/4637/4637
f 4640/4640/4640 4641/4641/4641 4638/4638/4638
f 4642/4642/4642 4641/4641/4641 4640/4640/4640
f 4639/4639/4639 4642/4642/4642 4640/4640/4640
f 4642/4642/4642 4639/4639/4639 4636/4636/4636
f 4643/4643/4643 4642/4642/4642 4636/4636/4636
f 4644/4644/4644 4643/4643/4643 4636/4636/4636
f 4633/4633/4633 4644/4644/4644 4636/4636/4636
f 4633/4633/4633 4626/4626/4626 4644/4644/4644
f 4626/4626/4626 4645/4645/4645 4644/4644/4644
f 4626/4626/4626 4646/4646/4646 4645/4645/4645
f 4646/4646/4646 4647/4647/4647 4645/4645/4645
f 4622/4622/4622 4646/4646/4646 4626/4626/4626
f 4648/4648/4648 4647/4647/4647 4646/4646/4646
f 4632/4632/4632 4646/4646/4646 4622/4622/4622
f 4632/4632/4632 4648/4648/4648 4646/4646/4646
f 4649/4649/4649 4648/4648/4648 4632/4632/4632
f 4650/4650/4650 4649/4649/4649 4632/4632/4632
f 4631/4631/4631 4650/4650/4650 4632/4632/4632
f 4650/4650/4650 4651/4651/4651 4649/4649/4649
f 4651/4651/4651 4650/4650/4650 4631/4631/4631
f 4654/4654/4654 4653/4653/4653 4652/4652/4652
f 4654/4654/4654 4652/4652/4652 4655/4655/4655
f 4652/4652/4652 4656/4656/4656 4655/4655/4655
f 4655/4655/4655 4656/4656/4656 4657/4657/4657
f 4656/4656/4656 4658/4658/4658 4657/4657/4657
f 4658/4658/4658 4659/4659/4659 4657/4657/4657
f 4658/4658/4658 4660/4660/4660 4659/4659/4659
f 4659/4659/4659 4660/4660/4660 4661/4661/4661
f 4662/4662/4662 4661/4661/4661 4660/4660/4660
f 4663/4663/4663 4660/4660/4660 4658/4658/4658
f 4663/4663/4663 4662/4662/4662 4660/4660/4660
f 4656/4656/4656 4663/4663/4663 4658/4658/4658
f 4664/4664/4664 4662/4662/4662 4663/4663/4663
f 4665/4665/4665 4663/4663/4663 4656/4656/4656
f 4652/4652/4652 4665/4665/4665 4656/4656/4656
f 4665/4665/4665 4664/4664/4664 4663/4663/4663
f 4653/4653/4653 4666/4666/4666 4652/4652/4652
f 4652/4652/4652 4666/4666/4666 4665/4665/4665
f 4665/4665/4665 4667/4667/4667 4664/4664/4664
f 4666/4666/4666 4667/4667/4667 4665/4665/4665
f 4667/4667/4667 4668/4668/4668 4664/4664/4664
f 4669/4669/4669 4668/4668/4668 4667/4667/4667
f 4670/4670/4670 4669/4669/4669 4667/4667/4667
f 4670/4670/4670 4667/4667/4667 4666/4666/4666
f 4670/4670/4670 4671/4671/4671 4669/4669/4669
f 4672/4672/4672 4666/4666/4666 4653/4653/4653
f 4672/4672/4672 4670/4670/4670 4666/4666/4666
f 4670/4670/4670 4672/4672/4672 4671/4671/4671
f 4673/4673/4673 4672/4672/4672 4653/4653/4653
f 4671/4671/4671 4672/4672/4672 4673/4673/4673
f 4676/4676/4676 4675/4675/4675 4674/4674/4674
f 4677/4677/4677 4676/4676/4676 4674/4674/4674
f 4674/4674/4674 4675/4675/4675 4678/4678/4678
f 4677/4677/4677 4674/4674/4674 4679/4679/4679
f 4680/4680/4680 4677/4677/4677 4679/4679/4679
f 4680/4680/4680 4679/4679/4679 4681/4681/4681
f 4679/4679/4679 4682/4682/4682 4681/4681/4681
f 4683/4683/4683 4674/4674/4674 4678/4678/4678
f 4679/4679/4679 4674/4674/4674 4683/4683/4683
f 4679/4679/4679 4684/4684/4684 4682/4682/4682
f 4684/4684/4684 4679/4679/4679 4683/4683/4683
f 4684/4684/4684 4685/4685/4685 4682/4682/4682
f 4684/4684/4684 4686/4686/4686 4685/4685/4685
f 4684/4684/4684 4683/4683/4683 4686/4686/4686
f 4686/4686/4686 4687/4687/4687 4685/4685/4685
f 4683/4683/4683 4678/4678/4678 4688/4688/4688
f 4683/4683/4683 4688/4688/4688 4686/4686/4686
f 4678/4678/4678 4689/4689/4689 4688/4688/4688
f 4686/4686/4686 4690/4690/4690 4687/4687/4687
f 4686/4686/4686 4688/4688/4688 4690/4690/4690
f 4690/4690/4690 4691/4691/4691 4687/4687/4687
f 4690/4690/4690 4692/4692/4692 4691/4691/4691
f 4688/4688/4688 4689/4689/4689 4693/4693/4693
f 4688/4688/4688 4693/4693/4693 4690/4690/4690
f 4693/4693/4693 4692/4692/4692 4690/4690/4690
f 4689/4689/4689 4694/4694/4694 4693/4693/4693
f 4694/4694/4694 4692/4692/4692 4693/4693/4693
f 4697/4697/4697 4696/4696/4696 4695/4695/4695
f 4697/4697/4697 4695/4695/4695 4698/4698/4698
f 4697/4697/4697 4699/4699/4699 4696/4696/4696
f 4700/4700/4700 4697/4697/4697 4698/4698/4698
f 4697/4697/4697 4700/4700/4700 4699/4699/4699
f 4700/4700/4700 4701/4701/4701 4699/4699/4699
f 4702/4702/4702 4700/4700/4700 4698/4698/4698
f 4703/4703/4703 4701/4701/4701 4700/4700/4700
f 4704/4704/4704 4700/4700/4700 4702/4702/4702
f 4704/4704/4704 4703/4703/4703 4700/4700/4700
f 4705/4705/4705 4704/4704/4704 4702/4702/4702
f 4706/4706/4706 4703/4703/4703 4704/4704/4704
f 4707/4707/4707 4704/4704/4704 4705/4705/4705
f 4707/4707/4707 4706/4706/4706 4704/4704/4704
f 4708/4708/4708 4707/4707/4707 4705/4705/4705
f 4707/4707/4707 4709/4709/4709 4706/4706/4706
f 4708/4708/4708 4709/4709/4709 4707/4707/4707
f 4712/4712/4712 4711/4711/4711 4710/4710/4710
f 4710/4710/4710 4711/4711/4711 4713/4713/4713
f 4714/4714/4714 4712/4712/4712 4710/4710/4710
f 4714/4714/4714 4710/4710/4710 4715/4715/4715
f 4716/4716/4716 4712/4712/4712 4714/4714/4714
f 4717/4717/4717 4716/4716/4716 4714/4714/4714
f 4717/4717/4717 4714/4714/4714 4715/4715/4715
f 4718/4718/4718 4710/4710/4710 4713/4713/4713
f 4718/4718/4718 4713/4713/4713 4719/4719/4719
f 4720/4720/4720 4718/4718/4718 4719/4719/4719
f 4718/4718/4718 4720/4720/4720 4710/4710/4710
f 4720/4720/4720 4719/4719/4719 4721/4721/4721
f 4722/4722/4722 4720/4720/4720 4721/4721/4721
f 4720/4720/4720 4723/4723/4723 4710/4710/4710
f 4720/4720/4720 4722/4722/4722 4723/4723/4723
f 4710/4710/4710 4723/4723/4723 4715/4715/4715
f 4722/4722/4722 4724/4724/4724 4723/4723/4723
f 4715/4715/4715 4723/4723/4723 4724/4724/4724
f 4725/4725/4725 4715/4715/4715 4724/4724/4724
f 4715/4715/4715 4725/4725/4725 4726/4726/4726
f 4727/4727/4727 4715/4715/4715 4726/4726/4726
f 4727/4727/4727 4717/4717/4717 4715/4715/4715
f 4728/4728/4728 4727/4727/4727 4726/4726/4726
f 4729/4729/4729 4717/4717/4717 4727/4727/4727
f 4728/4728/4728 4729/4729/4729 4727/4727/4727
f 4729/4729/4729 4730/4730/4730 4717/4717/4717
f 4716/4716/4716 4717/4717/4717 4730/4730/4730
f 4731/4731/4731 4716/4716/4716 4730/4730/4730
f 4730/4730/4730 4732/4732/4732 4731/4731/4731
f 4729/4729/4729 4732/4732/4732 4730/4730/4730
f 4732/4732/4732 4733/4733/4733 4731/4731/4731
f 4729/4729/4729 4728/4728/4728 4734/4734/4734
f 4735/4735/4735 4734/4734/4734 4728/4728/4728
f 4734/4734/4734 4735/4735/4735 4736/4736/4736
f 4733/4733/4733 4732/4732/4732 4737/4737/4737
f 4738/4738/4738 4733/4733/4733 4737/4737/4737
f 4738/4738/4738 4737/4737/4737 4739/4739/4739
f 4729/4729/4729 4740/4740/4740 4732/4732/4732
f 4729/4729/4729 4734/4734/4734 4740/4740/4740
f 4732/4732/4732 4740/4740/4740 4741/4741/4741
f 4741/4741/4741 4740/4740/4740 4734/4734/4734
f 4732/4732/4732 4741/4741/4741 4737/4737/4737
f 4742/4742/4742 4734/4734/4734 4736/4736/4736
f 4741/4741/4741 4734/4734/4734 4742/4742/4742
f 4743/4743/4743 4742/4742/4742 4736/4736/4736
f 4741/4741/4741 4742/4742/4742 4743/4743/4743
f 4744/4744/4744 4743/4743/4743 4736/4736/4736
f 4737/4737/4737 4745/4745/4745 4739/4739/4739
f 4739/4739/4739 4745/4745/4745 4746/4746/4746
f 4741/4741/4741 4747/4747/4747 4737/4737/4737
f 4747/4747/4747 4741/4741/4741 4743/4743/4743
f 4747/4747/4747 4745/4745/4745 4737/4737/4737
f 4748/4748/4748 4743/4743/4743 4744/4744/4744
f 4749/4749/4749 4748/4748/4748 4744/4744/4744
f 4750/4750/4750 4747/4747/4747 4743/4743/4743
f 4745/4745/4745 4747/4747/4747 4750/4750/4750
f 4750/4750/4750 4743/4743/4743 4748/4748/4748
f 4745/4745/4745 4751/4751/4751 4746/4746/4746
f 4745/4745/4745 4750/4750/4750 4751/4751/4751
f 4746/4746/4746 4751/4751/4751 4752/4752/4752
f 4753/4753/4753 4748/4748/4748 4749/4749/4749
f 4754/4754/4754 4753/4753/4753 4749/4749/4749
f 4755/4755/4755 4753/4753/4753 4754/4754/4754
f 4756/4756/4756 4755/4755/4755 4754/4754/4754
f 4756/4756/4756 4757/4757/4757 4755/4755/4755
f 4750/4750/4750 4748/4748/4748 4758/4758/4758
f 4748/4748/4748 4753/4753/4753 4758/4758/4758
f 4750/4750/4750 4758/4758/4758 4751/4751/4751
f 4758/4758/4758 4753/4753/4753 4755/4755/4755
f 4751/4751/4751 4759/4759/4759 4752/4752/4752
f 4758/4758/4758 4759/4759/4759 4751/4751/4751
f 4752/4752/4752 4759/4759/4759 4760/4760/4760
f 4761/4761/4761 4752/4752/4752 4760/4760/4760
f 4761/4761/4761 4760/4760/4760 4762/4762/4762
f 4758/4758/4758 4763/4763/4763 4759/4759/4759
f 4763/4763/4763 4758/4758/4758 4755/4755/4755
f 4763/4763/4763 4760/4760/4760 4759/4759/4759
f 4760/4760/4760 4764/4764/4764 4762/4762/4762
f 4762/4762/4762 4764/4764/4764 4765/4765/4765
f 4763/4763/4763 4766/4766/4766 4760/4760/4760
f 4763/4763/4763 4755/4755/4755 4766/4766/4766
f 4766/4766/4766 4764/4764/4764 4760/4760/4760
f 4764/4764/4764 4767/4767/4767 4765/4765/4765
f 4765/4765/4765 4767/4767/4767 4768/4768/4768
f 4769/4769/4769 4767/4767/4767 4764/4764/4764
f 4767/4767/4767 4769/4769/4769 4768/4768/4768
f 4766/4766/4766 4769/4769/4769 4764/4764/4764
f 4769/4769/4769 4770/4770/4770 4768/4768/4768
f 4769/4769/4769 4766/4766/4766 4770/4770/4770
f 4768/4768/4768 4770/4770/4770 4771/4771/4771
f 4771/4771/4771 4770/4770/4770 4757/4757/4757
f 4757/4757/4757 4772/4772/4772 4755/4755/4755
f 4755/4755/4755 4772/4772/4772 4766/4766/4766
f 4770/4770/4770 4772/4772/4772 4757/4757/4757
f 4766/4766/4766 4772/4772/4772 4770/4770/4770
