g Skirt
v -1.65643073E-08 0.553246617 -0.146417812
v -1.67242096E-08 0.552061737 -0.14189066
v 0.0384571701 0.553998768 -0.140202135
v 0.0325366221 0.554233909 -0.14417018
v -1.65009713E-08 0.582926989 -0.145149171
v 0.0367072895 0.557730138 -0.152013794
v 0.0304345284 0.583731234 -0.142922193
v -1.65165002E-08 0.610531807 -0.14219512
v 0.0304912496 0.557891905 -0.158180237
v 0.0679326653 0.556769013 -0.147462413
v 0.0688692629 0.55823189 -0.152715161
v 0.0987770706 0.555659592 -0.139154628
v 0.0283778924 0.586490095 -0.155730143
v 0.0283442754 0.61116606 -0.140593633
v 0.100529231 0.557307601 -0.145440876
v 0.125342086 0.555210888 -0.126423597
v 0.026258938 0.634658933 -0.138308823
v -1.61922333E-08 0.634150743 -0.139295369
v -1.61763936E-08 0.657951772 -0.136281878
v 0.0263287518 0.614590228 -0.152830645
v 0.0660257488 0.587269902 -0.150412515
v 0.127999485 0.556959391 -0.132933542
v 0.155745387 0.554977834 -0.108172521
v 0.0242472254 0.65868026 -0.135524809
v -1.65304428E-08 0.682138324 -0.13294147
v 0.0974911973 0.587065935 -0.142973348
v 0.159865424 0.556908727 -0.114292257
v 0.18141818 0.553896368 -0.0789525732
v 0.0242516268 0.638075113 -0.14995043
v 0.0222406667 0.683097243 -0.132363662
v -1.57590083E-08 0.707058191 -0.128932089
v 0.0631824285 0.614919066 -0.147657111
v 0.124518201 0.586227119 -0.129827008
v 0.186708108 0.555844665 -0.0840097219
v 0.202249289 0.552532315 -0.0498820394
v 0.0601871014 0.638717651 -0.1452512
v 0.0222898051 0.662028432 -0.146332905
v 0.09434928 0.615123451 -0.139857769
v 0.155573636 0.585610509 -0.111021094
v 0.208010018 0.554417551 -0.0537881516
v 0.211848557 0.550873101 -0.0215833448
v 0.0911921859 0.639038444 -0.137088925
v 0.0569895543 0.662688613 -0.142434493
v 0.12111631 0.614604175 -0.127501547
v 0.180803373 0.583823919 -0.0822657645
v 0.218307659 0.552403688 -0.0225585569
v 0.204081953 0.548089147 0.0062997858
v 0.0203319602 0.6862306 -0.142509475
v 0.118291877 0.639582634 -0.124553762
v 0.151580766 0.613449633 -0.108804174
v 0.200860798 0.582496345 -0.0516587831
v 0.210791886 0.54952538 0.00835053343
v 0.184587479 0.545128822 0.0365817808
v 0.148197919 0.638654649 -0.105689906
v 0.17582491 0.611276627 -0.0800339505
v 0.212401018 0.580400646 -0.0210961197
v 0.190723315 0.546215832 0.040608611
v 0.160591975 0.541860759 0.0632131249
v 0.194946662 0.608918071 -0.0506947413
v 0.205463842 0.57779038 0.0100050904
v 0.165473089 0.542411149 0.0688481554
v 0.134291112 0.539745748 0.0771764219
v 0.206648901 0.607019663 -0.02011404
v 0.189201936 0.633556962 -0.0492259152
v 0.185927153 0.573768497 0.0412353799
v 0.171184689 0.636059999 -0.0775104538
v 0.200139135 0.604027092 0.0112391692
v 0.134963304 0.53943187 0.0833750814
v 0.161668569 0.570018649 0.0700104162
v 0.132097527 0.539414227 0.0829062611
v 0.120140426 0.542328119 0.0681381449
v 0.182139486 0.600146949 0.0416163541
v 0.130856812 0.567343712 0.085044533
v 0.118580602 0.541840494 0.0740726888
v 0.0892751366 0.540451109 0.0763246864
v 0.15739125 0.59675926 0.0706534758
v 0.128195211 0.567238271 0.0846166089
v 0.127273485 0.592968702 0.0863469094
v 0.177206352 0.625961721 0.0419456698
v 0.153369889 0.621492267 0.071158275
v 0.124196641 0.616164863 0.0872286484
v 0.124661647 0.592741966 0.0859673694
v 0.115875863 0.568636119 0.0749980658
v 0.0910219178 0.540123224 0.0808171257
v 0.194876343 0.629024386 0.0123817129
v 0.201191589 0.631463408 -0.0182200205
v 0.188751042 0.65563345 0.0136128925
v 0.195165247 0.658515811 -0.0167341027
v 0.0655087531 0.536185503 0.0880869851
v 0.0614230633 0.535757482 0.085520111
v 0.0679962263 0.533188343 0.101758786
v 0.171490133 0.65254724 0.0421303026
v 0.183463633 0.660007715 -0.047439836
v 0.148824513 0.647573769 0.0717344284
v 0.166505367 0.662007153 -0.0751007795
v 0.144420609 0.663633466 -0.102003038
v 0.115359381 0.663778007 -0.121715687
v 0.0880845785 0.662883878 -0.134580106
v 0.0541681238 0.686728299 -0.13919507
v 0.0847541913 0.686971545 -0.13168405
v 0.112109497 0.687916398 -0.118382975
v 0.140256479 0.687620282 -0.0986229852
v 0.162421703 0.685466826 -0.071568504
v 0.177594885 0.684357822 -0.0450598262
v 0.188716203 0.683047295 -0.0145712011
v 0.182810783 0.680681586 0.0146646593
v 0.166413039 0.677359998 0.0423114225
v 0.0812130943 0.711804926 -0.127790049
v 0.108442053 0.712488949 -0.114158817
v 0.136221305 0.711742401 -0.0945562273
v 0.157234251 0.710521698 -0.0685300827
v 0.171495289 0.709933758 -0.0422046669
v 0.182351038 0.708690524 -0.0120348511
v 0.151832104 0.737810791 -0.0644429103
v 0.131333351 0.739453316 -0.0897715241
v 0.051673755 0.711287677 -0.135635138
v 0.104509562 0.740039587 -0.10965059
v 0.176971167 0.706056654 0.0159660745
v 0.165978149 0.736749113 -0.0386241376
v 0.0776023492 0.740484655 -0.123212412
v 0.018656224 0.711089849 -0.138543457
v 0.0202398896 0.708192348 -0.128646165
v 1.29307386E-06 0.73577857 -0.123239979
v 0.0175069999 0.73633492 -0.123399347
v 2.61788318E-06 0.767568886 -0.116726674
v 0.0165653061 0.739081204 -0.132511303
v 0.0148262111 0.767395377 -0.117378972
v 0.0489296466 0.739898264 -0.130768403
v 0.0128613366 0.801584005 -0.110704429
v 5.81531549E-06 0.802031636 -0.109716497
v 1.32506393E-05 0.834778905 -0.10174197
v 0.0146095967 0.770091474 -0.125546783
v 0.0467693396 0.769775152 -0.125150576
v 0.0109202247 0.834529221 -0.102739275
v 2.13365856E-05 0.866576374 -0.0920808688
v 0.0133441482 0.802883744 -0.117953219
v 0.0739862248 0.769533277 -0.118734702
v 0.00786398351 0.866698384 -0.0929661915
v 3.54789154E-06 0.908018172 -0.0723011866
v 0.00268133823 0.907989085 -0.0724999532
v 5.0991946E-07 0.92868191 -0.0614351146
v 1.13582075E-06 0.931078851 -0.0680743083
v 0.0081679076 0.868943095 -0.0988757387
v 0.0442132801 0.802842021 -0.11799562
v 0.100445248 0.768698335 -0.104429655
v 0.0113833379 0.836747587 -0.10931199
v 0.0413468219 0.836443901 -0.109426565
v 0.0706743002 0.802169085 -0.112230316
v 0.00305449171 0.90914315 -0.0798086375
v 0.126212627 0.767784953 -0.0844295323
v 0.0380305648 0.869529068 -0.0990846455
v 0.0960081965 0.80078876 -0.0979791433
v 0.146082848 0.766531229 -0.0599272326
v 0.0668053925 0.835434675 -0.103636108
v 0.0354834385 0.908725917 -0.080817014
v 0.12101718 0.79862988 -0.0779425353
v 0.0910124555 0.833962977 -0.089912869
v 0.114467278 0.831561267 -0.0706230104
v 0.0855669677 0.867450297 -0.0805679038
v 0.0630929396 0.868635893 -0.0937223062
v 0.0575083606 0.907659292 -0.0760048404
v 0.0317305662 0.930873692 -0.0676138625
v 0.0663488433 0.930319965 -0.0549002774
v 0.0298810564 0.940451622 -0.0609054081
v 1.75430637E-06 0.942605495 -0.0538268425
v 0.0776114166 0.905672193 -0.0660699233
v 0.107881173 0.86470592 -0.0613698438
v 0.0235145446 0.956413686 -0.0579218939
v 2.092675E-06 0.955397725 -0.0563833602
v 2.37392055E-06 0.956146419 -0.050551936
v 0.0970197096 0.901651084 -0.0484932549
v 0.0231245849 0.957131803 -0.0514716133
v 2.59543708E-06 0.959837556 -0.0482900515
v 0.0199474134 0.960249484 -0.0468681455
v 0.0527066588 0.960778415 -0.0413548686
v 0.0559754893 0.957434535 -0.0480672009
v 0.0745244175 0.959524453 -0.0286754742
v 0.0610693917 0.946314991 -0.0507294349
v 0.0815897435 0.956409335 -0.0337470956
v 0.0879798084 0.957158267 -0.00280826539
v 0.062053673 0.939877689 -0.0494787619
v 0.0842001289 0.94865483 -0.0342257507
v 0.0846330225 0.938266516 -0.0327805839
v 0.088124834 0.927651942 -0.0374659337
v 0.0980717242 0.9528566 -0.0110755442
v 0.0994947255 0.945555925 -0.0128570385
v 0.0970954299 0.935493886 -0.0117243994
v 0.103792228 0.922774971 -0.0131445741
v 0.116237827 0.89557296 -0.0160343722
v 0.090462558 0.945066631 0.0152833685
v 0.0883580074 0.955269039 0.015933793
v 0.0982559696 0.93607074 0.0125369318
v 0.102472581 0.928608239 0.0110347839
v 0.108026639 0.917216957 0.010400014
v 0.0940232426 0.916008353 0.0401367135
v 0.123307653 0.861537457 -0.0393617861
v 0.13257423 0.828731418 -0.0474885181
v 0.119961396 0.891166985 0.00894076936
v 0.0963678211 0.910756111 0.0405145288
v 0.131008133 0.858742297 -0.020701902
v 0.140240818 0.795984149 -0.0545323603
v 0.142779365 0.825675786 -0.0253789853
v 0.135141358 0.855084181 0.00595526909
v 0.109108001 0.883692026 0.0427562036
v 0.15284881 0.792490304 -0.0294996798
v 0.147584736 0.822137058 0.00194984162
v 0.132133543 0.852353275 0.0256710425
v 0.159743607 0.764396131 -0.0345066413
v 0.144545659 0.818980932 0.0234374404
v 0.158651844 0.789260447 -0.00183879375
v 0.175167024 0.73512733 -0.00883569848
v 0.167140111 0.761997044 -0.00548713561
v 0.17066583 0.732187152 0.0178954471
v 0.155535072 0.785912156 0.0222955197
v 0.163372815 0.758827031 0.0200098883
v 0.123186089 0.849622428 0.0442523435
v 0.162061781 0.70212394 0.042603638
v 0.157349274 0.727937281 0.0432151221
v 0.151880071 0.754626393 0.0440120362
v 0.135308087 0.815715909 0.0442287065
v 0.134230867 0.721415818 0.0723393187
v 0.139718339 0.696100116 0.0720054582
v 0.14518781 0.781855464 0.0443253592
v 0.112491481 0.81161052 0.071747236
v 0.101434588 0.846591651 0.069210425
v 0.144217685 0.671958387 0.0719071552
v 0.128456593 0.748555958 0.0729315057
v 0.111441314 0.689697087 0.0875972137
v 0.120326042 0.640957475 0.0876270086
v 0.090961501 0.880734921 0.0668505952
v 0.121837482 0.776411295 0.0726600587
v 0.106107831 0.715991676 0.0872903392
v 0.100441784 0.743499041 0.0866391435
v 0.0940758809 0.772576869 0.085613966
v 0.121639542 0.615593791 0.0869095623
v 0.082006745 0.908598363 0.0653763562
v 0.0851703659 0.808527589 0.0849523693
v 0.113021925 0.593313217 0.0759568736
v 0.0844417661 0.933142126 0.0372790433
v 0.0778267607 0.923670113 0.0634314865
v 0.0833693072 0.939292789 0.0368271656
v 0.0844962895 0.947146535 0.0361235552
v 0.080523394 0.951963961 0.0435010046
v 0.0783388093 0.938684165 0.0624918528
v 0.062033765 0.949627519 0.065951407
v 0.0540755987 0.948804975 0.0683095902
v 0.062048547 0.939241946 0.0754813105
v 0.0613444895 0.928221047 0.0753851309
v 0.0631603077 0.90666014 0.0775531456
v 0.0690471232 0.879795432 0.0795255154
v 0.076930441 0.844385803 0.0831484944
v 0.0750908032 0.844271064 0.0826826245
v 0.0832089186 0.808408022 0.0843663588
v 0.0682675466 0.879781425 0.0793323293
v 0.0731761381 0.84280616 0.0795159712
v 0.0918800682 0.772438347 0.0850511417
v 0.0672576204 0.879808784 0.0777309686
v 0.0981236324 0.743252754 0.0861927047
v 0.103834376 0.715754807 0.0868519098
v 0.109145321 0.689375281 0.0871832147
v 0.0964203402 0.715585411 0.080759801
v 0.0912556499 0.743639827 0.0808750317
v 0.0859105736 0.77361387 0.080369696
v 0.0760338753 0.773359001 0.0837512538
v 0.0796009973 0.808107376 0.0800759494
v 0.0721372291 0.807640731 0.0824581385
v 0.0787736252 0.743392766 0.0844928622
v 0.0682890937 0.842081487 0.0798478052
v 0.0646611378 0.879637599 0.0784384906
v 0.0632101223 0.841430664 0.081257157
v 0.0638971478 0.807183743 0.0847516581
v 0.0629259348 0.87957418 0.0789167508
v 0.0642496645 0.841741383 0.0839427188
v 0.0634062067 0.879550755 0.0799514502
v 0.0629147366 0.879506588 0.0808514282
v 0.0401982293 0.905057371 0.0814349353
v 0.0633815527 0.841778457 0.0859575272
v 0.0641242787 0.807714343 0.0903453678
v 0.0442010313 0.842366099 0.0893196166
v 0.0655695796 0.807707727 0.0881542638
v 0.0419674963 0.878803492 0.0844073668
v 0.0374189653 0.878673911 0.0845025256
v 0.0676142946 0.773944676 0.0916062891
v 0.065854907 0.773875475 0.0938138142
v 0.064596653 0.773136556 0.0867275968
v 0.0648600832 0.743260503 0.0877310336
v 0.0687618405 0.743893623 0.0938976556
v 0.0669629723 0.74375838 0.0961184874
v 0.0459246188 0.807828724 0.0934241265
v 0.0460498855 0.773248971 0.0968324989
v 0.0336578302 0.842566192 0.0895734504
v 0.0461084247 0.742785096 0.099594906
v 0.0291206073 0.807927132 0.0939529687
v 0.065083921 0.715510368 0.0886581019
v 0.0695056245 0.715816855 0.0954009518
v 0.0675650984 0.715574801 0.097720705
v 0.0459705181 0.714169919 0.101413496
v 0.0679010749 0.688468516 0.0995208174
v 0.0808667615 0.715583324 0.0840649009
v 0.100460239 0.688697815 0.080709435
v 0.0830474049 0.68878752 0.0843473449
v 0.0699341595 0.688771188 0.0973130614
v 0.104247756 0.664019704 0.0794334114
v 0.0646333322 0.688760519 0.088645272
v 0.0643788204 0.662984967 0.0888547674
v 0.113573432 0.664685905 0.0871716514
v 0.0846403688 0.663613975 0.0837523043
v 0.11594981 0.665150106 0.0875742137
v 0.117839888 0.640401065 0.0872569829
v 0.107594498 0.640052557 0.0782412142
v 0.110629767 0.615572393 0.0766092986
v 0.0863779336 0.639261723 0.0829590783
v 0.0642943904 0.637949109 0.088590771
v 0.0871719718 0.614740014 0.0821868703
v 0.0878266618 0.592221558 0.0815701261
v 0.0640245304 0.612860799 0.08862748
v 0.0891662762 0.567213178 0.0812137127
v 0.064217329 0.589592814 0.088447772
v 0.0647341833 0.563805997 0.0883081481
v 0.0723812729 0.611507952 0.102118231
v 0.0713576972 0.636966765 0.100669995
v 0.0752139166 0.533206761 0.104128651
v 0.0739838108 0.561552048 0.103537098
v 0.0730784461 0.533177793 0.106514089
v 0.0475096554 0.532993674 0.105647154
v 0.0730317608 0.587863266 0.102827393
v 0.0722363219 0.561444819 0.105793439
v 0.048719041 0.533085823 0.111517094
v 0.021480469 0.534559011 0.107634
v 0.0712839887 0.587853551 0.105012245
v 0.0488408878 0.561496675 0.109782815
v 0.0226092413 0.534881055 0.113600306
v 2.23403749E-08 0.536295712 0.108151466
v 2.16496758E-08 0.536781371 0.114127338
v -0.0214804355 0.534559369 0.107633978
v 0.0234258212 0.563029826 0.111846343
v -0.0226077214 0.534881413 0.113600291
v -0.0475096181 0.53299439 0.105647117
v 0.0706161857 0.611600816 0.104234368
v 0.0484336503 0.588122606 0.108346023
v 2.09157012E-08 0.565033913 0.112060428
v -0.0487190038 0.533086538 0.111517064
v -0.0679961443 0.533188999 0.101758756
v 0.0481185466 0.611448705 0.106963746
v 0.0234375037 0.589533448 0.110092372
v -0.023425784 0.563030183 0.11184632
v 2.06115818E-08 0.591483831 0.109993525
v 0.0233875457 0.613574207 0.108338408
v 0.0474112518 0.635919988 0.105626911
v 0.0694970116 0.636790156 0.102820002
v 0.0705792159 0.662582815 0.0990827829
v 0.068653293 0.662311971 0.101257764
v 0.0464149043 0.661186814 0.104290098
v 0.0232111346 0.636652052 0.106780738
v 2.00161292E-08 0.614599288 0.107926615
v 0.045609463 0.687026739 0.102963775
v 0.0230639316 0.714078367 0.101990186
v 0.0224007405 0.68686223 0.103665397
v 0.0226953495 0.661183178 0.105223075
v 2.09697095E-08 0.637297213 0.106020927
v -0.0233875103 0.613574564 0.108338393
v 2.10429736E-08 0.661415756 0.104115233
v 0.0234972481 0.742915988 0.100042939
v 2.10304094E-08 0.687086463 0.102209158
v -0.0234374776 0.589535296 0.110092364
v -0.0481185094 0.61144942 0.106963709
v -0.0232111141 0.63665241 0.106780715
v -0.0488408543 0.561497331 0.109782778
v 0.0242959615 0.773455203 0.097358644
v -0.0484336205 0.588123858 0.108345985
v -0.073078379 0.5331738 0.106514059
v -0.0722362623 0.561445475 0.105793409
v -0.0752138421 0.533207357 0.104128629
v -0.0614230037 0.535758138 0.0855200961
v -0.0712839514 0.587854505 0.105012216
v -0.0739837363 0.561552703 0.10353706
v -0.0655086935 0.536186159 0.0880869627
v -0.0892750323 0.540451765 0.076324679
v 8.63726335E-09 0.808282316 0.0934350789
v 2.80385271E-09 0.842714965 0.0910163373
v 6.1987681E-05 0.87757498 0.0870328769
v 0.000213269013 0.905661047 0.0843327045
v 0.0298925042 0.933234155 0.076676406
v -0.0192628168 0.878212273 0.0842767581
v -0.0135321831 0.842038572 0.0877910778
v 1.35883499E-06 0.774104893 0.0948630944
v -0.00725367013 0.808131158 0.091479525
v -0.0250087567 0.807965994 0.0935449675
v -0.0253395792 0.842115521 0.0884108543
v 8.37584196E-07 0.743427813 0.0979697332
v 5.52336246E-07 0.71444273 0.100257598
v -0.0230631661 0.714080274 0.101990163
v -0.0234954301 0.742916107 0.100002766
v -0.0223997682 0.686862469 0.103665382
v -0.0242928993 0.77345556 0.0972720534
v -0.0459707044 0.714170516 0.101413466
v -0.0461088419 0.742785573 0.099604249
v -0.0226953123 0.661183476 0.105223052
v -0.0474125817 0.635920703 0.105626874
v -0.0464162342 0.66118753 0.104290061
v -0.069496952 0.636790812 0.102819972
v -0.0456094332 0.687027395 0.102963753
v -0.0686532259 0.662312627 0.101257741
v -0.0679010078 0.688469172 0.099520795
v -0.0460504964 0.773249328 0.0968570486
v -0.0706161112 0.611601472 0.104234353
v -0.0730312467 0.587889671 0.102827385
v -0.0723811984 0.611508608 0.102118216
v -0.0713595152 0.636967421 0.100666814
v -0.0675656796 0.715575337 0.0977206901
v -0.0705760494 0.66258347 0.0990854874
v -0.0640244633 0.612873256 0.0886274502
v -0.0647348613 0.563805819 0.0883081257
v -0.0699340552 0.688771904 0.0973169953
v -0.0642943159 0.637957454 0.0885907561
v -0.064217262 0.58959347 0.0884477496
v -0.064378731 0.662991643 0.0888547376
v -0.0891661271 0.567213953 0.0812136978
v -0.0878284052 0.592217863 0.0815701187
v -0.0871701911 0.614737093 0.0821868479
v -0.0863778442 0.639262378 0.0829590559
v -0.084640272 0.663620412 0.0837522969
v -0.0910201371 0.54012388 0.0808171034
v -0.118580513 0.54184109 0.0740726814
v -0.120140314 0.542328715 0.0681381375
v -0.134291038 0.539746284 0.0771764219
v -0.115875423 0.568636715 0.0749980509
v -0.132097423 0.539414763 0.0829062611
v -0.113021813 0.593313634 0.075956881
v -0.107594132 0.640053093 0.0782412142
v -0.134963214 0.539432466 0.0833750814
v -0.160592034 0.541860759 0.06321311
v -0.12819685 0.567238808 0.0846166238
v -0.165473133 0.542411089 0.0688481331
v -0.184588462 0.545128226 0.036581751
v -0.130859673 0.567344189 0.0850445479
v -0.190723479 0.546215236 0.0406085849
v -0.204082787 0.548088968 0.00629978534
v -0.110629641 0.615572929 0.0766092837
v -0.124663509 0.592735291 0.0859673843
v -0.121639423 0.615605474 0.0869095623
v -0.161668569 0.570018649 0.0700104013
v -0.127274066 0.592962086 0.0863469318
v -0.210791931 0.549525261 0.00835053436
v -0.211849302 0.550873339 -0.0215833113
v -0.185927346 0.5737679 0.0412353463
v -0.218307585 0.552403867 -0.0225585289
v -0.202249259 0.552532434 -0.0498820022
v -0.15739125 0.59675926 0.0706534609
v -0.205463856 0.577790141 0.0100050922
v -0.208009958 0.55441767 -0.0537881181
v -0.181418017 0.553896487 -0.0789525434
v -0.182138652 0.600133896 0.0416163243
v -0.212400943 0.580400884 -0.0210960917
v -0.186708078 0.555844784 -0.0840096995
v -0.155743048 0.554977834 -0.108172499
v -0.200138047 0.604014277 0.011239171
v -0.200860769 0.582496524 -0.0516587533
v -0.159865409 0.556908786 -0.114292234
v -0.125342086 0.555210888 -0.126423597
v -0.206647769 0.607007504 -0.0201140083
v -0.180803329 0.583824039 -0.0822657496
v -0.127999499 0.556959391 -0.132933542
v -0.098777093 0.555659413 -0.139154658
v -0.194946647 0.608918846 -0.0506947115
v -0.155573606 0.585610569 -0.111021094
v -0.100529246 0.557307482 -0.145440891
v -0.0679327026 0.556768656 -0.147462487
v -0.17582491 0.611276746 -0.0800339207
v -0.189201906 0.633557141 -0.0492258929
v -0.201191485 0.63146317 -0.0182199907
v -0.124518201 0.586227179 -0.129826993
v -0.0688693002 0.558231592 -0.152715236
v -0.0367073193 0.557729959 -0.152013868
v -0.151580736 0.613448262 -0.108804144
v -0.0974898711 0.587067366 -0.142973378
v -0.0304912832 0.557891786 -0.158180282
v -0.0384572037 0.55399859 -0.14020218
v -0.121115327 0.614607394 -0.127501279
v -0.148197904 0.638654709 -0.105689898
v -0.0660257787 0.587269604 -0.150412589
v -0.0325366519 0.554233789 -0.14417021
v -1.67242096E-08 0.552061737 -0.14189066
v -1.65643073E-08 0.553246617 -0.146417812
v -0.0283779241 0.586489916 -0.155730188
v -0.0304345619 0.583731115 -0.142922223
v -1.65009713E-08 0.582926989 -0.145149171
v -0.0943492949 0.615123272 -0.139857814
v -0.0631824657 0.614911914 -0.147657201
v -0.0283443071 0.61115557 -0.140594035
v -1.65165002E-08 0.610531807 -0.14219512
v -0.0262589715 0.634658813 -0.138308868
v -1.61922333E-08 0.634150743 -0.139295369
v -1.61763936E-08 0.657951772 -0.136281878
v -0.0263287816 0.614580572 -0.15283069
v -0.0242516585 0.638073027 -0.14994885
v -0.0601871349 0.638717294 -0.145251274
v -0.0911922082 0.639038086 -0.137088969
v -0.118291877 0.639582753 -0.124553755
v -0.115359381 0.663778007 -0.12171568
v -0.0880846083 0.662883639 -0.13458015
v -0.0569895767 0.662688255 -0.142434567
v -0.0222898386 0.662038922 -0.146336094
v -0.0242472589 0.658679128 -0.135524839
v -0.0222407002 0.683101654 -0.132363692
v -1.65304428E-08 0.682138324 -0.13294147
v -0.0203319918 0.686230481 -0.142509505
v -0.0541681573 0.686727941 -0.139195472
v -0.0847541988 0.686971366 -0.13168408
v -0.0202399231 0.70819217 -0.128646195
v -1.57590083E-08 0.707058191 -0.128932089
v 1.29307386E-06 0.73577857 -0.123239979
v -0.0186562575 0.711089671 -0.138543472
v -0.0516737923 0.71128732 -0.135635212
v -0.11210949 0.687916458 -0.118383422
v -0.0812131017 0.711804688 -0.127790079
v -0.0175071955 0.736334741 -0.123399377
v -0.0165655036 0.739081085 -0.132511333
v -0.0489298441 0.739897966 -0.130768478
v -0.0148265725 0.76738286 -0.117378995
v 2.61788318E-06 0.767568886 -0.116726674
v -0.0146099553 0.770079017 -0.125546798
v -0.0128618563 0.801583946 -0.110704437
v 5.81531549E-06 0.802031636 -0.109716497
v -0.0776025206 0.740484357 -0.123212419
v -0.0467696972 0.769774675 -0.125150666
v -0.0133446669 0.802883685 -0.117953248
v -0.0109208822 0.834528625 -0.102738872
v 1.32506393E-05 0.834778905 -0.10174197
v 2.13365856E-05 0.866576374 -0.0920808688
v -0.073986575 0.769530237 -0.118734747
v -0.0442137942 0.802841723 -0.117995702
v -0.0113808606 0.836747587 -0.109311998
v -0.0078648068 0.866697073 -0.0929652676
v 3.54789154E-06 0.908018172 -0.0723011866
v -0.00817013625 0.868943095 -0.0988757387
v -0.00268053915 0.907992542 -0.0724984407
v 5.0991946E-07 0.92868191 -0.0614351146
v 1.13582075E-06 0.931078851 -0.0680743083
v -0.00305131427 0.909168124 -0.0797976032
v -0.029168155 0.930597663 -0.0675933063
v -0.0380268134 0.869529068 -0.0990846455
v -0.0413516052 0.836443901 -0.109426551
v -0.0706747994 0.802168965 -0.112230353
v -0.0330986232 0.908579528 -0.0800167918
v -0.0668096542 0.835434794 -0.103636101
v -0.0630945489 0.868635893 -0.0937223211
v -0.100445583 0.768698394 -0.104429655
v -0.0575083606 0.907659292 -0.0760048404
v -0.104509734 0.740039647 -0.10965059
v -0.108442053 0.712489009 -0.114158809
v -0.13622129 0.711742461 -0.0945562124
v -0.140257493 0.687620461 -0.0986229703
v -0.144420579 0.663633585 -0.102003038
v -0.171184644 0.636060119 -0.0775104389
v -0.166505337 0.662007272 -0.0751007646
v -0.162421733 0.685467005 -0.0715684816
v -0.157234311 0.710521758 -0.0685300604
v -0.131334126 0.739453435 -0.0897715241
v -0.183465108 0.660007775 -0.0474398062
v -0.177596986 0.684357047 -0.0450598076
v -0.126214176 0.767785013 -0.0844295174
v -0.17149958 0.709933698 -0.0422046557
v -0.188716173 0.683048666 -0.0145709775
v -0.195165157 0.65851599 -0.0167340748
v -0.182350948 0.708690763 -0.0120348213
v -0.151832223 0.737810969 -0.0644428879
v -0.165982202 0.736748934 -0.0386241339
v -0.146083176 0.766531289 -0.0599272139
v -0.175167114 0.735127568 -0.00883567333
v -0.159747392 0.764396012 -0.0345066451
v -0.167140365 0.761997044 -0.00548711885
v -0.152852461 0.792490304 -0.0295071434
v -0.14024131 0.795984268 -0.0545323417
v -0.121019483 0.79862988 -0.0779425278
v -0.0960086882 0.800788879 -0.0979791507
v -0.0910172984 0.833963096 -0.0899128616
v -0.114465244 0.831561208 -0.0706230029
v -0.0855685323 0.867450237 -0.0805679038
v -0.107884891 0.86470592 -0.0613869093
v -0.132571205 0.828731418 -0.0474884883
v -0.0776114166 0.905672193 -0.0660705045
v -0.0970197096 0.901651084 -0.0485773943
v -0.0619894862 0.930217326 -0.0564962365
v -0.142775357 0.825675726 -0.0255811326
v -0.123308703 0.861537457 -0.0394430757
v -0.116237827 0.89557296 -0.0162141994
v -0.088124834 0.927651942 -0.0375114605
v -0.131006494 0.858742297 -0.0208251718
v -0.0564442389 0.941756487 -0.0493005887
v -0.0303449631 0.944307685 -0.0582191311
v -0.135141119 0.855084181 0.00546327746
v -0.147590473 0.822137117 0.00130083866
v -0.0820026845 0.940235317 -0.0329211242
v -0.0566229746 0.952132702 -0.0493465587
v -0.158652306 0.789260626 -0.00208067312
v -0.16336982 0.758827031 0.0200008675
v -0.155530617 0.785926282 0.0218615644
v -0.17066434 0.732187092 0.0178954583
v -0.144549891 0.818981051 0.0225280467
v -0.0526475459 0.960778415 -0.0411849394
v -0.0260758474 0.951079845 -0.0461816005
v -0.016297264 0.956851482 -0.0473086759
v -0.0137324464 0.960249484 -0.047629226
v -0.074344635 0.959524453 -0.0283821877
v -0.0813780129 0.955348194 -0.0316216312
v -0.0881927386 0.957158267 -0.00247462909
v -0.0973262414 0.952168643 -0.0084894523
v -0.0884902254 0.955269039 0.0161929894
v -0.0994397551 0.932232022 -0.00936696399
v -0.102918223 0.94347018 0.0113809193
v -0.103792228 0.922774971 -0.0132266283
v -0.104718037 0.925144374 0.011234575
v -0.0966103524 0.910691917 0.0413135216
v -0.0828090459 0.941974998 0.0384439491
v -0.0805012658 0.951963961 0.0435962901
v -0.108026639 0.917216957 0.0103978897
v -0.119961396 0.891166985 0.0086544808
v -0.070885323 0.944916308 0.0682252645
v -0.0622588582 0.949627519 0.06611076
v -0.132137865 0.852353275 0.0249331333
v -0.0723547265 0.929313183 0.0664610788
v -0.0591186993 0.94103539 0.0752596855
v -0.0573020168 0.949111402 0.0676426068
v -0.0603632852 0.922431171 0.0758434534
v -0.0631609857 0.90666014 0.0782519057
v -0.109093547 0.883714974 0.0431277975
v -0.123183407 0.849622428 0.0432959199
v -0.0804195479 0.907750607 0.0668131337
v -0.0891178995 0.880702257 0.0682683289
v -0.0690221563 0.879877627 0.0795347542
v -0.0682460591 0.87986213 0.0793479607
v -0.135313377 0.815716028 0.0433503911
v -0.101436101 0.846591651 0.0686939433
v -0.0769276544 0.844385803 0.0831484944
v -0.112490162 0.81161052 0.0712165311
v -0.145188823 0.781855047 0.0438194796
v -0.0750897601 0.844271064 0.0826822296
v -0.151880801 0.754625857 0.0439142473
v -0.0851691887 0.808527589 0.0848035291
v -0.0832046494 0.808407187 0.0842523351
v -0.0731730312 0.84280616 0.0795159191
v -0.12182723 0.776409447 0.0722996145
v -0.128450587 0.748555362 0.0728069991
v -0.157349721 0.727936685 0.043215096
v -0.0932934806 0.772439003 0.0862635374
v -0.0996644124 0.743364632 0.0873493552
v -0.0910921097 0.77229917 0.0857273117
v -0.0672384426 0.879885137 0.0777738616
v -0.176971227 0.706056476 0.0159660783
v -0.134230867 0.721415818 0.0723402202
v -0.16206111 0.702123225 0.0426036157
v -0.182811007 0.680680215 0.0146646593
v -0.188751101 0.655633211 0.0136128943
v -0.166413248 0.677364409 0.0423113964
v -0.139718354 0.696109295 0.0720054507
v -0.10602285 0.71598953 0.0873823613
v -0.194876403 0.629024208 0.0123817157
v -0.177206442 0.625960469 0.0419456363
v -0.171490267 0.652546465 0.0421304703
v -0.144217685 0.671966136 0.0719071329
v -0.153369904 0.621492267 0.0711582676
v -0.148824528 0.64758271 0.0717344061
v -0.124196544 0.616175652 0.0872286484
v -0.111439511 0.689709604 0.0875972137
v -0.11595165 0.665159583 0.0875741765
v -0.120325886 0.640966952 0.0876266062
v -0.11783997 0.640414119 0.087256588
v -0.113575496 0.664696872 0.0871715993
v -0.104247078 0.66402024 0.0794334039
v -0.109145179 0.689388096 0.0871832147
v -0.103741854 0.715751171 0.0869504437
v -0.0830494091 0.68880111 0.0843473226
v -0.100460231 0.688702404 0.080709435
v -0.0646332353 0.688764811 0.0886452496
v -0.0963388309 0.715578675 0.0808467641
v -0.0808176771 0.715586543 0.0841164216
v -0.097340174 0.743116796 0.0869213939
v -0.09134195 0.743518114 0.0813728422
v -0.0695053488 0.715817451 0.0954009295
v -0.0650836676 0.715511024 0.0886578187
v -0.0782345682 0.743297935 0.0850430503
v -0.0669603273 0.743758023 0.0961392596
v -0.0687358975 0.74388963 0.0939322263
v -0.0657937229 0.773864627 0.0939064026
v -0.0647425726 0.743240416 0.0878530219
v -0.0754246861 0.773251772 0.0843686014
v -0.067498289 0.77392447 0.0917403102
v -0.0641270131 0.807714343 0.0903941318
v -0.0643540993 0.773094475 0.0869810954
v -0.0859935582 0.773496926 0.0808116794
v -0.0795948058 0.808106542 0.0800326243
v -0.0721378326 0.807640731 0.0824601799
v -0.0655721202 0.807707727 0.0881859288
v -0.0454974063 0.807831705 0.0935109109
v -0.0682891235 0.842081487 0.0798527971
v -0.0638987422 0.807183743 0.0847705901
v -0.0633840561 0.841778457 0.086036846
v -0.0435294099 0.841966629 0.0884228423
v -0.0632143766 0.841430664 0.0812936798
v -0.0646506622 0.879712284 0.0785093978
v -0.0629224256 0.879647195 0.0790191889
v -0.0642542616 0.841741383 0.0839997455
v -0.0634005219 0.879626572 0.0800720975
v -0.0629097819 0.879583716 0.0809899792
v -0.0444146618 0.878985703 0.0833919048
v -0.02485466 0.90605092 0.0821828097
v -0.0253754631 0.878377736 0.0845480785
v 2.03029813E-05 0.937560558 0.0811519697
v -0.0191648472 0.942564189 0.0774771944
v 0.00147550204 0.946627617 0.082855165
v -0.0159639306 0.949029684 0.083537899
v 0.0254280064 0.946670353 0.0811274126
v 1.63428704E-05 0.952267885 0.0835267082
v -0.0173144769 0.956089914 0.0766203925
v 0.0204074793 0.955966413 0.0776107907
v 0.0417326204 0.947529137 0.0720848814
v 0.0540755987 0.948804975 0.0683095902
v 0.062048547 0.939241946 0.0754813105
v 0.0254280064 0.946670353 0.0811274126
v 0.0204074793 0.955966413 0.0776107907
v 0.0298925042 0.933234155 0.076676406
v 0.0613444895 0.928221047 0.0753851309
v 0.0631603077 0.90666014 0.0775531456
v 0.0401982293 0.905057371 0.0814349353
v -0.042104356 0.947529137 0.0724929795
v -0.0173144769 0.956089914 0.0766203925
v -0.0159639306 0.949029684 0.083537899
v -0.0591186993 0.94103539 0.0752596855
v -0.0573020168 0.949111402 0.0676426068
v -0.0191648472 0.942564189 0.0774771944
v -0.0603632852 0.922431171 0.0758434534
v -0.02485466 0.90605092 0.0821828097
v -0.0631609857 0.90666014 0.0782519057
v -0.0303449631 0.944307685 -0.0582191311
v -0.029168155 0.930597663 -0.0675933063
v 1.13582075E-06 0.931078851 -0.0680743083
v 1.75430637E-06 0.942605495 -0.0538268425
v -0.0260758474 0.951079845 -0.0461816005
v -0.016297264 0.956851482 -0.0473086759
v 2.092675E-06 0.955397725 -0.0563833602
v 2.37392055E-06 0.956146419 -0.050551936
v -0.0137324464 0.960249484 -0.047629226
v 2.59543708E-06 0.959837556 -0.0482900515
v 0.000508707133 0.95651859 -0.0422487669
v 0.0176196154 0.955054939 -0.0428611301
v 0.0215703081 0.950653493 -0.0463496372
v 0.0479808114 0.954649389 -0.036685586
v 0.000321318163 0.950155258 -0.0452122055
v -0.0122211128 0.95902282 -0.0407160074
v -0.013988859 0.955967546 -0.0403809398
v -0.0472792983 0.957841992 -0.0346102118
v 0.000710280088 0.93944937 -0.047509212
v 0.0534151532 0.945350826 -0.0413045101
v 0.0679467171 0.952984214 -0.0250237361
v -0.0244860779 0.947659433 -0.0395969003
v -0.0287322253 0.939874113 -0.0484414771
v -1.41347145E-05 0.927145541 -0.0575672388
v 0.0280411374 0.937297404 -0.0539754033
v -0.0503900088 0.948360801 -0.0409939513
v -0.0650957823 0.955849349 -0.0241554976
v -0.0699379742 0.950333297 -0.02459337
v -0.078111954 0.953419924 -0.000359414815
v -0.0824366361 0.947322369 -0.0040488285
v -0.0792429894 0.95208174 0.0172230601
v 0.0719267055 0.947526157 -0.0251480807
v 0.0554199368 0.937931478 -0.0421353057
v 0.0605423786 0.926307678 -0.0484431349
v 0.083439149 0.944391251 -0.00773024047
v 0.0789325684 0.95303899 -4.98115987E-05
v 0.0755935758 0.936461568 -0.0268688276
v 0.0297285486 0.926791966 -0.0609559752
v 0.0809173211 0.942084432 0.0155176371
v 0.0779727623 0.953308105 0.0175920632
v 0.0875644758 0.933438718 -0.00868654624
v 0.0750919357 0.938708007 0.0368984826
v 0.0737206787 0.948743939 0.0423531868
v 0.0693964809 0.936943471 0.0572889633
v 0.0580928065 0.945335269 0.0621540137
v 0.0519645549 0.944135487 0.0636565015
v 0.0577851646 0.937123239 0.0675604194
v 0.0396626443 0.943321049 0.0671224669
v 0.0721931979 0.92223829 0.0601089336
v 0.0771616101 0.93060112 0.03615693
v 0.0240309443 0.945545197 0.0728343055
v 0.029198451 0.93311429 0.0703779981
v 0.0183195639 0.952687144 0.072032176
v 0.00147074624 0.948659241 0.0752403662
v 0.0587973297 0.927565157 0.0694810599
v 0.0606207065 0.905412138 0.0721866786
v 0.0784907192 0.906432986 0.0617350414
v 0.0880595297 0.912777245 0.0369539224
v 0.089232862 0.932935178 0.0120374793
v 0.0938144475 0.925696671 0.0110429125
v 0.090418458 0.907910049 0.0372264199
v 0.100647978 0.913872719 0.0100859702
v 0.0862517506 0.878900349 0.0631108582
v 0.0955487639 0.919168472 -0.0106499465
v 0.103177957 0.8811903 0.0405074917
v 0.114587277 0.888192117 0.00820592232
v 0.080871053 0.923837781 -0.0326314531
v 0.110825479 0.89238739 -0.0136793209
v 0.0927066952 0.898342848 -0.0438623689
v 0.0677838251 0.879095733 0.0718876719
v 0.0961344317 0.8449561 0.0655395612
v 0.125053316 0.850132108 0.0230406951
v 0.129188597 0.852674365 0.00551085174
v 0.116624407 0.847597182 0.0406820811
v 0.136221394 0.816989422 0.0208926704
v 0.124520928 0.85620594 -0.0178823322
v 0.117156491 0.858971357 -0.0378497988
v 0.140108883 0.819902837 0.00195603794
v 0.127504513 0.813952625 0.0405078307
v 0.107410759 0.810281813 0.0665953457
v 0.147011146 0.783783913 0.020248957
v 0.137377441 0.780027688 0.0407741666
v 0.102873124 0.862216949 -0.0564632788
v 0.126746744 0.82655406 -0.0442812257
v 0.135560706 0.823381007 -0.0215992518
v 0.0726869702 0.902347803 -0.0600245744
v 0.0529398322 0.904327691 -0.0677636266
v 0.080857113 0.864990652 -0.0736583546
v 0.109512366 0.829561651 -0.0645798072
v 0.134415179 0.793853521 -0.0484852493
v 0.144898027 0.790151834 -0.0246989243
v 0.0326846056 0.905588448 -0.0724481046
v 0.150035813 0.786878824 -0.000785088225
v 0.141297191 0.764345765 -0.0522205681
v 0.115653582 0.796812117 -0.0699396059
v 0.153544217 0.761860251 -0.0282028001
v 0.0355413556 0.867040098 -0.0893082768
v 0.00730565004 0.9063223 -0.0672982261
v 0.0591381304 0.866164923 -0.0838833526
v 0.062895976 0.833629847 -0.0926834866
v 0.0868376121 0.832106352 -0.0814359561
v 0.0912397429 0.799149334 -0.0875396505
v 0.0661697313 0.800632298 -0.0995748714
v 0.038643349 0.83461833 -0.0990764052
v 0.0116465753 0.865509629 -0.0867163464
v 0.121007189 0.765663803 -0.0744435638
v 0.0953805968 0.766227841 -0.0924313515
v 3.18229604E-06 0.904947996 -0.0653161779
v 0.147107229 0.735660017 -0.0562840551
v 0.126220092 0.736470878 -0.0792041421
v 0.160500616 0.734342575 -0.0319379084
v 0.0700139776 0.767242134 -0.105387725
v 0.0997913331 0.736855388 -0.0974538624
v 0.0404828005 0.80134809 -0.106107108
v 0.0170044713 0.801278651 -0.103051737
v 0.0432292297 0.767633438 -0.112714142
v 0.0737281814 0.737437427 -0.110729605
v 0.0145412609 0.833720684 -0.0958564132
v 8.06922071E-06 0.864099264 -0.0840990394
v 5.93954564E-06 0.833003581 -0.0933305249
v -0.0145416586 0.833720386 -0.0958562866
v -0.0116466796 0.865508854 -0.0867155716
v -0.00730505679 0.906323969 -0.0672972649
v 3.94321978E-06 0.801334381 -0.100653425
v -0.0355413556 0.867040098 -0.0893082768
v -0.027179556 0.927069664 -0.0606314503
v -0.0304727852 0.905460417 -0.0716960356
v -0.0502211004 0.938961089 -0.0422864519
v -0.0731985494 0.937665761 -0.026971437
v -0.0565955788 0.926032245 -0.0500329882
v -0.0529398322 0.904327691 -0.0677661821
v -0.0902369842 0.929674745 -0.00612797122
v -0.0591381304 0.866164923 -0.0838833526
v -0.0809860379 0.923663437 -0.0326514207
v -0.0726869702 0.902347803 -0.0600024872
v -0.0892851502 0.94021374 0.0125296582
v -0.0752993822 0.940015912 0.0374199897
v -0.0908095837 0.908075392 0.0397548005
v -0.0962301716 0.922958434 0.0118073504
v -0.0746480376 0.948562384 0.0430735424
v -0.0955948681 0.919142842 -0.0104659544
v -0.110825337 0.892388523 -0.0134444134
v -0.100529514 0.914054394 0.010460672
v -0.0927066952 0.898342848 -0.043792095
v -0.0808645785 0.864993811 -0.0736529157
v -0.0639419332 0.940605581 0.0622467697
v -0.0602841973 0.944123149 0.0629885197
v -0.0671409741 0.927922368 0.0631022826
v -0.0553857945 0.938312232 0.0663517043
v -0.0560268238 0.944135249 0.0635129362
v -0.0404277779 0.942375302 0.0686814487
v -0.0185944345 0.94432205 0.0710238889
v -0.0157623366 0.951032639 0.0722476095
v -0.0629002079 0.833629906 -0.0926834717
v -0.0580076911 0.921254277 0.0701602921
v -0.0241075885 0.905283928 0.0769137517
v -0.0611408539 0.905412138 0.0728087425
v 0.000170057334 0.937281907 0.0738545954
v 0.000241016896 0.904885471 0.0790211782
v -0.038648095 0.83461833 -0.0990764052
v -0.0758110955 0.905683398 0.0637093037
v 0.0389433689 0.904106498 0.0761977583
v -0.0863079354 0.878915071 0.0651273727
v -0.066170238 0.800632298 -0.0995748788
v -0.0404833481 0.801347852 -0.106107183
v -0.0868412033 0.832106531 -0.0814360231
v -0.0170048289 0.80127877 -0.103051834
v 2.58581122E-06 0.766393721 -0.107103214
v -0.102876626 0.862217009 -0.0563810579
v -0.0198078193 0.766916692 -0.10930521
v 0.0198076405 0.766901791 -0.109305196
v 0.0459754653 0.737389684 -0.118774146
v 0.0227016825 0.735990047 -0.115637302
v 0.0486961678 0.709982693 -0.124660186
v 1.28859085E-06 0.734808385 -0.113585912
v -0.117157258 0.858971596 -0.0376077518
v 0.0773765519 0.710412741 -0.116218805
v 0.0256086756 0.707973599 -0.121506229
v 0.103365265 0.710370719 -0.102622189
v 0.13012822 0.709825039 -0.0837362334
v -0.126743644 0.826554 -0.0442593247
v -0.124519251 0.856206179 -0.017645495
v -0.109510161 0.829561651 -0.0645799413
v 0.106787644 0.685266197 -0.107701309
v 0.133935645 0.685513318 -0.0883140862
v 0.0808691084 0.684938788 -0.121257864
v 0.0519169942 0.684483409 -0.129463568
v -0.129188389 0.852674186 0.00581703195
v -0.135556892 0.823380649 -0.0214847103
v -0.134416461 0.793853223 -0.048485253
v -0.114571348 0.888213158 0.00851832237
v -0.103454933 0.8812114 0.0409234911
v -0.115655795 0.796811938 -0.06993974
v -0.125050917 0.850142717 0.0232381355
v -0.0912402049 0.799149454 -0.0875396505
v -0.0953809991 0.76622802 -0.0924313068
v -0.121008448 0.765663922 -0.0744435638
v -0.0700140968 0.767241895 -0.105387755
v -0.0432295799 0.767632961 -0.112714209
v -0.0227017794 0.735989988 -0.115637317
v -0.0459756553 0.737389386 -0.11877422
v -0.0737296492 0.737437129 -0.110729657
v -0.0256086923 0.70797354 -0.121506236
v -0.0997913256 0.736855388 -0.0974538177
v -0.0486962013 0.709980428 -0.124660261
v -1.77825097E-08 0.706313789 -0.120049626
v 0.0275586173 0.682135999 -0.125742495
v -1.83905886E-08 0.680669188 -0.125142157
v -0.0773748979 0.710412502 -0.116218843
v -0.0275586341 0.682152629 -0.125742838
v 0.0551511981 0.659484565 -0.133655339
v 0.0295249019 0.656866729 -0.129523128
v -1.78695831E-08 0.655508578 -0.12958695
v 0.084220387 0.659855723 -0.125655681
v 0.110010624 0.660708249 -0.112545967
v 0.0314741731 0.632566035 -0.132466063
v 0.0875820816 0.6356107 -0.12934117
v 0.137975544 0.661347389 -0.0926492885
v 0.0583784617 0.635270536 -0.136942208
v 0.113237694 0.636448026 -0.117123261
v 0.160054535 0.660326362 -0.0674417466
v 0.142175317 0.636756003 -0.0961618796
v 0.156228796 0.684345007 -0.0639722794
v 0.152031422 0.70869261 -0.0603288747
v 0.166300535 0.708038568 -0.0357698984
v 0.171349332 0.682976604 -0.0388723314
v 0.176658899 0.658100367 -0.0415321402
v 0.164568514 0.635596633 -0.0708196983
v 0.0909978971 0.611915588 -0.133381069
v 0.116729178 0.612053871 -0.12249174
v 0.0614859648 0.61157006 -0.140804291
v 0.0335936025 0.60882622 -0.135830864
v 0.180674165 0.682124913 -0.0124091394
v 0.186791301 0.656963885 -0.0148009062
v 0.182565108 0.633099914 -0.0438849665
v 0.17001766 0.610100567 -0.0735498816
v 0.147390425 0.612226903 -0.100841373
v 0.17443952 0.707130849 -0.00980719924
v 0.167328924 0.732854962 -0.00678324467
v 0.159270614 0.759527624 -0.00381105021
v 0.162800744 0.730229676 0.0163835902
v 0.155419305 0.756688356 0.0184256826
v 0.145454362 0.752928674 0.0400976092
v 0.152056396 0.726421475 0.0388119295
v 0.175038978 0.679929197 0.0128436517
v 0.169350639 0.704744339 0.0143750142
v 0.157463998 0.700883031 0.038213484
v 0.13517046 0.720316172 0.065246813
v 0.126733303 0.747388542 0.0666231811
v 0.161656007 0.676594973 0.0379078798
v 0.181115732 0.654544652 0.0114642438
v 0.117769159 0.775126457 0.067324087
v 0.141017318 0.695041478 0.065062061
v 0.165826425 0.651931524 0.0377705954
v 0.193433106 0.631036878 -0.0167653654
v 0.0973212421 0.743879318 0.0752989128
v 0.0905348361 0.773980975 0.0758707076
v 0.0757254362 0.772954166 0.078151904
v 0.0831308439 0.808625877 0.0752566159
v 0.104899734 0.715286613 0.0740097538
v 0.075703226 0.843272626 0.0739386901
v 0.0714708045 0.807290554 0.0765013844
v 0.0669767782 0.841754973 0.0739855617
v 0.064222388 0.879579663 0.0719430372
v 0.0572375432 0.840723932 0.07822375
v 0.0591658056 0.878849745 0.0747079402
v 0.0591043346 0.806563556 0.0819794536
v 0.0433942825 0.841981113 0.0822743997
v 0.110509053 0.688043177 0.073608838
v 0.0407774635 0.878331423 0.0779733136
v 0.0364754237 0.878337085 0.0780258775
v 0.144820854 0.671070218 0.0650605485
v -0.000372084905 0.877385676 0.0804591849
v -0.0195714906 0.878103554 0.0776879191
v -0.000782387913 0.842634082 0.0837291703
v 0.0326338224 0.842318952 0.0821845531
v 0.148259088 0.646774948 0.0648560449
v 0.0451161154 0.807525694 0.0863850564
v -0.000697117415 0.808304667 0.0861406773
v 0.0278392658 0.807760596 0.0864439979
v 0.0457836427 0.772925377 0.0897696391
v -0.0128295738 0.841911376 0.0807091296
v 0.0601460338 0.772612453 0.0847100541
v 0.0228541009 0.773206055 0.0900064856
v 0.0603322722 0.742480993 0.0855208635
v 0.0452033952 0.7424649 0.0924490318
v 0.0221049096 0.742591202 0.0928415731
v 0.0793771446 0.742800117 0.0781453475
v 0.0833203495 0.714257658 0.0775882825
v 0.0606954359 0.713799655 0.0856546313
v 0.0447968654 0.713578641 0.0943333581
v 0.0864675194 0.68694675 0.0778200924
v 0.0214466061 0.713738322 0.0949373767
v 0.061054077 0.686470151 0.0862434879
v 0.113036975 0.663254201 0.0729125515
v 0.114462517 0.639228582 0.0720159709
v 0.087519303 0.661445379 0.0774328113
v 0.0448116846 0.686264038 0.0962463617
v 0.0608857796 0.660493016 0.0863359943
v 0.0449529625 0.660348773 0.0979922488
v 0.0209933966 0.686497331 0.0966114625
v 0.114972681 0.614643931 0.0709204823
v 0.0870575979 0.637052834 0.0769983828
v 0.0597904921 0.635493398 0.0862241238
v 0.0444576032 0.635207295 0.0996029526
v 0.0862597823 0.612780392 0.0764571205
v 0.151223689 0.621890068 0.0647491738
v 0.0582272597 0.610602498 0.0859476477
v 0.170802325 0.626450658 0.0376262404
v 0.187169924 0.628832817 0.0102877952
v 0.199470192 0.605720222 -0.0189818703
v 0.192603245 0.603682101 0.00912941899
v 0.175188854 0.600914001 0.0373193733
v 0.153642684 0.597321153 0.0641232729
v 0.115249105 0.592331648 0.0698533803
v 0.085849382 0.590808094 0.0757506937
v 0.0576183535 0.587923288 0.0853915736
v 0.188732415 0.608074009 -0.0460833572
v 0.0870097652 0.566799283 0.0765101537
v 0.0436827466 0.611157537 0.101078302
v 0.156805679 0.570732892 0.0632708147
v 0.125074998 0.567678154 0.0742046908
v 0.11698956 0.568452775 0.068624571
v 0.179351553 0.574055374 0.0370522067
v 0.198309511 0.57676357 0.00798156206
v 0.205643356 0.578675151 -0.0199650731
v 0.194896534 0.580871582 -0.0476312526
v 0.17593658 0.582942426 -0.0763850361
v 0.150775388 0.585073292 -0.104773611
v 0.120527238 0.584875405 -0.123253345
v 0.0946416333 0.585008919 -0.136073008
v 0.0646505952 0.585047841 -0.144126207
v 0.204081953 0.548089147 0.0062997858
v 0.211848557 0.550873101 -0.0215833448
v 0.184587479 0.545128822 0.0365817808
v 0.202249289 0.552532315 -0.0498820394
v 0.160591975 0.541860759 0.0632131249
v 0.18141818 0.553896368 -0.0789525732
v 0.134291112 0.539745748 0.0771764219
v 0.155745387 0.554977834 -0.108172521
v 0.120140426 0.542328119 0.0681381449
v 0.125342086 0.555210888 -0.126423597
v 0.0892751366 0.540451109 0.0763246864
v 0.0987770706 0.555659592 -0.139154628
v 0.0614230633 0.535757482 0.085520111
v 0.0679326653 0.556769013 -0.147462413
v 0.058731854 0.562897503 0.0848986208
v 0.0679962263 0.533188343 0.101758786
v 0.0341899507 0.585861087 -0.146513984
v 0.0367072895 0.557730138 -0.152013794
v 0.0638180748 0.560951591 0.0940444469
v 0.0475096554 0.532993674 0.105647154
v 0.0359049626 0.582240582 -0.138339221
v 0.0384571701 0.553998768 -0.140202135
v 0.0447055884 0.561302185 0.103378147
v 0.021480469 0.534559011 0.107634
v -1.81089508E-08 0.607242167 -0.13691178
v -1.64609517E-08 0.580554962 -0.13807328
v -1.67242096E-08 0.552061737 -0.14189066
v 0.0430274382 0.588115096 0.102371149
v 0.0192688685 0.56302464 0.104803368
v 2.23403749E-08 0.536295712 0.108151466
v -0.0359049775 0.582240522 -0.138339236
v -0.0384572037 0.55399859 -0.14020218
v 0.0191367213 0.58956188 0.103225403
v 2.12151914E-08 0.564650357 0.105013661
v -0.0214804355 0.534559369 0.107633978
v -0.0335936211 0.60882163 -0.135831311
v -0.031474188 0.632565916 -0.132466078
v -0.0341899693 0.585861444 -0.146513999
v -0.0367073193 0.557729959 -0.152013868
v 0.0198547654 0.613425434 0.101455741
v 1.9331976E-08 0.591140509 0.10294579
v -0.0192679968 0.563024998 0.104803354
v -0.0475096181 0.53299439 0.105647117
v -0.0614864342 0.611565471 -0.14080438
v -0.0646506324 0.585047543 -0.144126281
v -0.0679327026 0.556768656 -0.147462487
v 0.0204837508 0.63640213 0.0997724235
v -0.0447056778 0.561302245 0.10337811
v -0.0679961443 0.533188999 0.101758756
v -0.0946416557 0.5850088 -0.136073053
v -0.098777093 0.555659413 -0.139154658
v -0.090997912 0.61191541 -0.133381546
v -0.120527238 0.584875464 -0.123253345
v -0.125342086 0.555210888 -0.126423597
v 1.91721767E-08 0.614279866 0.100875862
v -0.0191380549 0.589563787 0.103225388
v -0.0198536813 0.613425791 0.101455726
v -0.0436827131 0.611158252 0.101078257
v 2.08344524E-08 0.636993706 0.0989675224
v -0.0430274345 0.588116229 0.102371112
v -0.0638190284 0.560952544 0.0940444991
v -0.0614230037 0.535758138 0.0855200961
v -0.0576185584 0.587925732 0.0853915587
v -0.0587322079 0.562894285 0.0848985463
v -0.0892750323 0.540451765 0.076324679
v -0.0870091692 0.566802144 0.0765101463
v -0.120140314 0.542328715 0.0681381375
v -0.0858524814 0.5908584 0.0757506937
v -0.116989717 0.568453014 0.068624571
v -0.115249678 0.592346072 0.0698533803
v -0.134291038 0.539746284 0.0771764219
v -0.125074774 0.567673802 0.0742003769
v -0.160592034 0.541860759 0.06321311
v -0.156805679 0.570732892 0.0632708073
v -0.184588462 0.545128226 0.036581751
v -0.0862597004 0.612808466 0.0764570981
v -0.179351702 0.574054718 0.0370521769
v -0.204082787 0.548088968 0.00629978534
v -0.0582270138 0.610602736 0.0859476477
v -0.153643772 0.597396672 0.064123258
v -0.198307544 0.576763511 0.00798242074
v -0.211849302 0.550873339 -0.0215833113
v -0.175188631 0.600936711 0.0373193435
v -0.205641299 0.578675449 -0.019965047
v -0.202249259 0.552532434 -0.0498820022
v -0.192602292 0.603687823 0.00912941806
v -0.194896504 0.58087182 -0.0476312339
v -0.181418017 0.553896487 -0.0789525434
v -0.199469119 0.605707765 -0.0189818423
v -0.175936669 0.582942545 -0.0763850138
v -0.155743048 0.554977834 -0.108172499
v -0.188732356 0.608074784 -0.0460833311
v -0.1507774 0.585073352 -0.104773603
v -0.1700176 0.610100627 -0.0735498518
v -0.18256551 0.633107603 -0.0438849293
v -0.193433017 0.631037116 -0.0167653672
v -0.147389054 0.612227023 -0.100841358
v -0.11672876 0.612056017 -0.122491539
v -0.142176941 0.636756361 -0.0961618572
v -0.187169969 0.628884017 0.0102877934
v -0.170802489 0.626539469 0.0376262069
v -0.164568901 0.635604024 -0.0708196461
v -0.181115776 0.654544532 0.0114642428
v -0.151223689 0.621904552 0.0647491664
v -0.114972644 0.614678323 0.0709204823
v -0.148259014 0.646803975 0.0648560897
v -0.114461794 0.639264107 0.0720159709
v -0.165825248 0.651946008 0.0377705693
v -0.0870575234 0.637071013 0.0769983679
v -0.0597904585 0.635493636 0.0862241164
v -0.0875207856 0.66145879 0.0774327368
v -0.113036856 0.66328162 0.0729125515
v -0.144820929 0.671104312 0.0650605336
v -0.161655858 0.676621318 0.03790785
v -0.0864659846 0.686954737 0.0778200701
v -0.110510744 0.688061893 0.073608838
v -0.0608857609 0.660493135 0.086335972
v -0.141017437 0.695067346 0.0650620461
v -0.0444572717 0.635210752 0.0996029153
v -0.0449518301 0.660349488 0.0979922116
v -0.0204837285 0.636402488 0.0997724012
v -0.0209299084 0.660831749 0.098168321
v 2.20481908E-08 0.661105573 0.0970617831
v -0.0209942665 0.686497569 0.0966114402
v -0.044813022 0.686264694 0.0962463394
v -0.061054036 0.686470389 0.086243473
v -0.0833223537 0.714263141 0.0775882676
v -0.0447970964 0.713593185 0.0943333209
v 0.0209299494 0.660831332 0.0981683433
v 2.02415915E-08 0.686758399 0.095155932
v -0.0214456953 0.713738561 0.0949373618
v 3.74444426E-07 0.714090049 0.0932046399
v 3.24132259E-07 0.743070126 0.0908374563
v -0.0221032873 0.742591321 0.0929600149
v -0.000211277933 0.773836374 0.0876696557
v -0.00494325254 0.807996452 0.0845770314
v -0.0238037184 0.8075822 0.0865007564
v -0.0228541009 0.773206055 0.0902231559
v -0.0452038385 0.742465317 0.0924778804
v -0.0256643426 0.84179455 0.0813404173
v -0.060695041 0.713799775 0.0856546462
v -0.0457836427 0.772925377 0.0897902027
v -0.026225077 0.878183365 0.0779902935
v -0.0456943661 0.878558934 0.0766474977
v -0.0444146767 0.841526389 0.0814594254
v -0.0451161154 0.807525694 0.0865029916
v -0.0613879338 0.878849745 0.0753176734
v -0.0588075519 0.840723932 0.0786015391
v -0.0591047853 0.806563914 0.0820540488
v -0.0601455495 0.772612572 0.0847101882
v -0.0685669184 0.841754794 0.0744177103
v -0.0663896129 0.879579663 0.0726255774
v -0.0699330717 0.879095733 0.0726032034
v -0.0772694945 0.843272448 0.0743892789
v -0.0714706108 0.807290614 0.0765325427
v -0.0603319444 0.742481232 0.0855209231
v -0.0831300318 0.808625877 0.0752630979
v -0.0757250413 0.772954464 0.0781518966
v -0.0793769062 0.742800355 0.0781453177
v -0.0976678953 0.8449561 0.0658852831
v -0.104899712 0.715297818 0.0740084425
v -0.0973212421 0.74388665 0.075298883
v -0.135170475 0.720336258 0.0652476847
v -0.107473835 0.810281575 0.0665951669
v -0.117085606 0.847630739 0.040802598
v -0.090534322 0.773981094 0.0758706555
v -0.117769085 0.775140584 0.0673266575
v -0.127620786 0.813952744 0.0405599773
v -0.136225522 0.816989899 0.0209848061
v -0.126734123 0.747388601 0.066624932
v -0.137381345 0.780041635 0.0407941379
v -0.14011322 0.819902956 0.00205092505
v -0.147006541 0.783798575 0.0202753618
v -0.145454779 0.75292784 0.040099822
v -0.152057409 0.726412773 0.0388125069
v -0.144901827 0.790151477 -0.0246988181
v -0.150036186 0.786879122 -0.000761729782
v -0.155419677 0.756688297 0.0184256677
v -0.157464117 0.700882316 0.0382134989
v -0.162799254 0.73022157 0.016383566
v -0.159270495 0.759527802 -0.00381187047
v -0.141295969 0.764353156 -0.0522203445
v -0.169355363 0.704744041 0.0143749993
v -0.175038218 0.679931521 0.0128438426
v -0.167331174 0.732855201 -0.00678385142
v -0.15354833 0.761860132 -0.0282028671
v -0.126223415 0.736470997 -0.0792041123
v -0.174438298 0.707131326 -0.00980760157
v -0.186791167 0.656964183 -0.0148010058
v -0.180674911 0.682126224 -0.0124093248
v -0.176659316 0.658099532 -0.0415321216
v -0.147108182 0.735674143 -0.0562837981
v -0.171352252 0.682976604 -0.03887235
v -0.16005443 0.660328865 -0.0674416348
v -0.160505459 0.734342396 -0.0319379643
v -0.166309491 0.70803839 -0.0357699394
v -0.152031824 0.70869267 -0.0603286065
v -0.156228885 0.684345245 -0.0639720783
v -0.137975514 0.661347508 -0.0926492736
v -0.130128205 0.709825218 -0.0837362111
v -0.133935615 0.685513437 -0.0883140638
v -0.110007271 0.660710692 -0.112545952
v -0.103364952 0.710372269 -0.102622099
v -0.106787629 0.685263097 -0.107701302
v -0.0808691233 0.68493855 -0.121257894
v -0.113241993 0.636448085 -0.117127568
v -0.0875820965 0.63561058 -0.129341215
v -0.0842204168 0.659855485 -0.125655323
v -0.0583768748 0.635271728 -0.136942208
v -0.0551512279 0.659484148 -0.133655414
v -0.0519170277 0.684483111 -0.129464954
v -0.0295249224 0.65686667 -0.129521117
v -1.85306952E-08 0.631256044 -0.133651525
vt 0.838513613 0.00910651404
vt 0.838513613 0.00413233787
vt 0.81341213 0.0041323388
vt 0.81341213 0.00910651404
vt 0.837769032 0.0163360182
vt 0.804458737 0.00413234066
vt 0.813433349 0.0163360182
vt 0.836198628 0.0302736145
vt 0.804458737 0.00910651591
vt 0.792665243 0.00413234206
vt 0.792665243 0.00910651591
vt 0.774564207 0.00413234346
vt 0.804342985 0.0163360182
vt 0.813180685 0.0302736145
vt 0.774564207 0.00910651777
vt 0.75646317 0.00413234532
vt 0.812847614 0.0513468161
vt 0.8337515 0.0513501503
vt 0.829446435 0.0774991512
vt 0.804139555 0.0302736145
vt 0.791907012 0.0163360182
vt 0.75646317 0.00910651777
vt 0.731614947 0.00413234765
vt 0.811930954 0.0774251521
vt 0.82658565 0.0953748673
vt 0.77388221 0.0163360182
vt 0.731614947 0.00910651963
vt 0.706766784 0.00413234951
vt 0.80394882 0.0513469465
vt 0.811584651 0.0952268615
vt 0.823799372 0.113250583
vt 0.790573478 0.0302736107
vt 0.755857348 0.0163360182
vt 0.706766784 0.00910652056
vt 0.692771077 0.00413235091
vt 0.789304018 0.0513427816
vt 0.803866446 0.0774280727
vt 0.772682726 0.0302736145
vt 0.731531382 0.0163360219
vt 0.692771077 0.00910652149
vt 0.67877543 0.0041323523
vt 0.771534026 0.0513373725
vt 0.78834635 0.07733576
vt 0.754792035 0.0302736145
vt 0.707205296 0.0163360219
vt 0.67877543 0.00910652149
vt 0.66069293 0.0041323537
vt 0.803850293 0.0952327251
vt 0.753764093 0.0513319522
vt 0.731384397 0.0302736182
vt 0.692839444 0.0163360182
vt 0.66069293 0.00910652243
vt 0.64261049 0.00413235556
vt 0.731229186 0.0513253286
vt 0.70797658 0.0302736182
vt 0.678473651 0.0163360182
vt 0.64261049 0.00910652336
vt 0.627713323 0.00413235696
vt 0.692959726 0.0302736145
vt 0.660615981 0.0163360182
vt 0.627713323 0.00910652429
vt 0.612269342 0.00413316675
vt 0.677942991 0.0302736145
vt 0.693032742 0.0513138659
vt 0.642758489 0.0163360219
vt 0.70869416 0.0513187051
vt 0.660480738 0.0302736145
vt 0.612816215 0.00910652522
vt 0.627362847 0.0163360219
vt 0.612039626 0.00910652522
vt 0.600978017 0.00413235929
vt 0.643018484 0.0302736182
vt 0.612366557 0.0163360182
vt 0.600978017 0.00910652522
vt 0.581685185 0.00413236115
vt 0.626746416 0.0302736182
vt 0.611306429 0.0163360219
vt 0.611087024 0.0302736145
vt 0.643182814 0.0513074137
vt 0.626062691 0.0513075367
vt 0.60910213 0.0513076559
vt 0.609527886 0.0302736182
vt 0.599743724 0.0163360182
vt 0.581685185 0.00910652615
vt 0.660277128 0.0513082221
vt 0.677371442 0.0513090305
vt 0.658593535 0.0765686035
vt 0.675584078 0.0765865594
vt 0.562392414 0.00910652708
vt 0.562392414 0.00413236301
vt 0.546537638 0.00413236441
vt 0.641602993 0.0765506476
vt 0.692237735 0.0766939074
vt 0.623567641 0.0765533745
vt 0.708891392 0.0768012553
vt 0.730799556 0.0769483149
vt 0.752707601 0.0770953745
vt 0.770526946 0.0772155672
vt 0.7878021 0.0950480849
vt 0.769884825 0.0948076919
vt 0.751967669 0.0945672989
vt 0.730400205 0.0942731798
vt 0.708832622 0.0939790606
vt 0.691363811 0.0937643796
vt 0.673894942 0.0935496837
vt 0.656877041 0.0935137719
vt 0.6398592 0.0934778601
vt 0.769242764 0.112399831
vt 0.751227677 0.112039238
vt 0.730000854 0.11159806
vt 0.708773971 0.111156881
vt 0.690489888 0.110834852
vt 0.672205806 0.110512823
vt 0.708200336 0.125341922
vt 0.72961092 0.126096442
vt 0.78725791 0.112760417
vt 0.751021445 0.126850948
vt 0.655160606 0.110458963
vt 0.689271033 0.124906287
vt 0.769010484 0.127448082
vt 0.803834021 0.11303737
vt 0.811715662 0.113028593
vt 0.822636783 0.129053995
vt 0.811615586 0.12861824
vt 0.821912467 0.144857407
vt 0.804338396 0.128694221
vt 0.811880529 0.144207895
vt 0.786999583 0.128045201
vt 0.812309921 0.159797549
vt 0.821074247 0.160660818
vt 0.819759429 0.182555795
vt 0.80484283 0.14435108
vt 0.786741257 0.143329993
vt 0.813110113 0.181782901
vt 0.817690253 0.204450771
vt 0.805347145 0.160007939
vt 0.768778205 0.142496333
vt 0.813726962 0.203768238
vt 0.812240183 0.239315093
vt 0.80923748 0.239028484
vt 0.805550456 0.256699175
vt 0.802557766 0.257119209
vt 0.805456161 0.203582406
vt 0.78648293 0.158614784
vt 0.750815153 0.141662657
vt 0.805651248 0.18179518
vt 0.78532362 0.179450333
vt 0.768545926 0.157544583
vt 0.803757191 0.238219112
vt 0.729220927 0.14059481
vt 0.782167554 0.200285867
vt 0.750608921 0.156474367
vt 0.7076267 0.139526963
vt 0.767397702 0.177718043
vt 0.779017389 0.232550547
vt 0.728830993 0.155093193
vt 0.749471784 0.175985754
vt 0.725634217 0.173292637
vt 0.748334646 0.195497125
vt 0.766249478 0.197891504
vt 0.758216321 0.227126226
vt 0.775754154 0.25237602
vt 0.739720583 0.248643547
vt 0.774799705 0.261773765
vt 0.801318586 0.269646436
vt 0.739221632 0.224776387
vt 0.722437382 0.191492096
vt 0.777510643 0.275896549
vt 0.798940718 0.280203521
vt 0.79818213 0.28506881
vt 0.721035004 0.223057032
vt 0.776258409 0.281165302
vt 0.797547877 0.288648903
vt 0.779302418 0.286067307
vt 0.74811399 0.283496916
vt 0.748678505 0.276487648
vt 0.723789334 0.28204757
vt 0.748816013 0.26613909
vt 0.723021269 0.274073333
vt 0.694437206 0.284004807
vt 0.740599453 0.258205354
vt 0.719752252 0.265613943
vt 0.719136894 0.257703453
vt 0.719691634 0.247578278
vt 0.699268937 0.274156004
vt 0.698450625 0.266961783
vt 0.696703494 0.258873224
vt 0.695933223 0.246823996
vt 0.69428581 0.221054286
vt 0.669969857 0.272736758
vt 0.675530374 0.290444791
vt 0.674280703 0.260913193
vt 0.673289001 0.254974067
vt 0.672065973 0.244231507
vt 0.638812482 0.247179717
vt 0.708181143 0.190065295
vt 0.70800662 0.172068223
vt 0.669269204 0.219665393
vt 0.638133228 0.242484912
vt 0.693924844 0.188638479
vt 0.707053065 0.153712004
vt 0.690379024 0.17084381
vt 0.66782546 0.187567621
vt 0.634633005 0.218293369
vt 0.686833262 0.153049141
vt 0.66721946 0.16997695
vt 0.650369942 0.188726991
vt 0.688052118 0.138977706
vt 0.650669575 0.170536384
vt 0.66661346 0.152386293
vt 0.67034173 0.124470644
vt 0.668477535 0.138428465
vt 0.653763473 0.124421217
vt 0.650969267 0.152345777
vt 0.65236634 0.138383508
vt 0.632914424 0.189886376
vt 0.638115406 0.11040508
vt 0.637185276 0.124371812
vt 0.636255145 0.138338536
vt 0.634119749 0.171095818
vt 0.615928411 0.124328353
vt 0.61876595 0.110413268
vt 0.635325015 0.152305275
vt 0.607417822 0.172633201
vt 0.604582369 0.193107858
vt 0.621166766 0.0934833139
vt 0.613090873 0.138243437
vt 0.599416494 0.110421456
vt 0.605532229 0.0765561014
vt 0.605147004 0.220650181
vt 0.610253334 0.152158529
vt 0.596518874 0.124184817
vt 0.593621254 0.13794817
vt 0.590723634 0.151711524
vt 0.607325912 0.0513075665
vt 0.606079578 0.243272558
vt 0.587253571 0.173286781
vt 0.597572803 0.0302736145
vt 0.642228961 0.267770141
vt 0.609732032 0.273387432
vt 0.644688129 0.279556364
vt 0.650297105 0.291310549
vt 0.643491089 0.300198853
vt 0.616734564 0.290352851
vt 0.606585562 0.31263119
vt 0.593815446 0.31647709
vt 0.591552973 0.299787819
vt 0.584616661 0.275905222
vt 0.579335093 0.24206382
vt 0.581257343 0.22166732
vt 0.583783507 0.194862038
vt 0.582688808 0.194954365
vt 0.58619231 0.173321187
vt 0.580782294 0.221735045
vt 0.578968823 0.195155084
vt 0.589695811 0.15168801
vt 0.579181254 0.222361863
vt 0.592608631 0.137930527
vt 0.59552145 0.124173038
vt 0.598434329 0.110415563
vt 0.586926222 0.124136306
vt 0.584905863 0.137976646
vt 0.582885504 0.151816979
vt 0.57741487 0.15257284
vt 0.580927134 0.173486024
vt 0.577255011 0.173928112
vt 0.577874064 0.138579205
vt 0.57709527 0.195283368
vt 0.578401029 0.222554743
vt 0.575221658 0.195411652
vt 0.573582947 0.174370185
vt 0.577631712 0.222744882
vt 0.572852075 0.195915267
vt 0.57663393 0.22283572
vt 0.575588107 0.222930759
vt 0.551023304 0.257524937
vt 0.570365071 0.196261123
vt 0.56678915 0.175197959
vt 0.550249875 0.200219885
vt 0.56917417 0.174921647
vt 0.54894191 0.230432823
vt 0.543324351 0.231811389
vt 0.565496325 0.153928027
vt 0.563213229 0.15413481
vt 0.571944237 0.153328717
vt 0.570842266 0.139181763
vt 0.562802613 0.139672488
vt 0.560672641 0.139790267
vt 0.548093021 0.177381754
vt 0.545023918 0.156544283
vt 0.538519144 0.201811284
vt 0.542633474 0.140898392
vt 0.530965209 0.178907946
vt 0.569740295 0.125034824
vt 0.5601089 0.125416964
vt 0.558132172 0.125445724
vt 0.539682329 0.125714138
vt 0.555591583 0.11110118
vt 0.578333259 0.124585569
vt 0.588946581 0.110295974
vt 0.578792453 0.110591918
vt 0.557415247 0.111161441
vt 0.590908706 0.0934051201
vt 0.568638325 0.11088787
vt 0.567646503 0.0937997177
vt 0.601507545 0.0934848487
vt 0.579277635 0.0936024189
vt 0.602474332 0.0934887752
vt 0.604580641 0.0765541345
vt 0.592870891 0.0765142739
vt 0.595457613 0.0513057746
vt 0.579762816 0.076612927
vt 0.566654682 0.0767115802
vt 0.580392838 0.0513102151
vt 0.580888748 0.0302736182
vt 0.565328062 0.0513146669
vt 0.581396461 0.0163360219
vt 0.564204752 0.0302736182
vt 0.563049436 0.0163360219
vt 0.549956799 0.0513187759
vt 0.552767813 0.0768027678
vt 0.547192037 0.00910652708
vt 0.547469676 0.0163360219
vt 0.545883238 0.00910652801
vt 0.533668041 0.00413236534
vt 0.548169315 0.0302736182
vt 0.545868218 0.0163360219
vt 0.533668041 0.00910652895
vt 0.518373609 0.00413236674
vt 0.546548128 0.0302736182
vt 0.533940792 0.0163360257
vt 0.518373609 0.00910652895
vt 0.5 0.0041323686
vt 0.5 0.00910653081
vt 0.481626391 0.00413237
vt 0.518440962 0.0163360182
vt 0.481626391 0.00910653081
vt 0.466331959 0.0041323714
vt 0.548426151 0.0513178669
vt 0.53442049 0.0302736182
vt 0.5 0.0163360257
vt 0.466331959 0.00910653081
vt 0.453462362 0.00413237279
vt 0.534921587 0.0513094217
vt 0.518559277 0.0302736107
vt 0.481559068 0.0163360182
vt 0.5 0.0302736145
vt 0.518689752 0.0513076298
vt 0.536207676 0.076595217
vt 0.551165283 0.076782681
vt 0.554592669 0.0939821005
vt 0.552895069 0.093941927
vt 0.537389398 0.0935670063
vt 0.519152641 0.0765556991
vt 0.5 0.0513125248
vt 0.538571119 0.110538803
vt 0.520319164 0.126119286
vt 0.520040631 0.110420257
vt 0.519596577 0.093487978
vt 0.5 0.0766641423
vt 0.481310219 0.0513076298
vt 0.5 0.0937048495
vt 0.522490442 0.142003253
vt 0.5 0.110745572
vt 0.481440723 0.0302736107
vt 0.465078354 0.0513094217
vt 0.480847359 0.0765556991
vt 0.466059208 0.0163360257
vt 0.52391243 0.158229277
vt 0.46557948 0.0302736182
vt 0.454116762 0.00910653267
vt 0.454190224 0.0163360219
vt 0.452807963 0.00910653267
vt 0.437607586 0.00413237419
vt 0.453294188 0.0302736182
vt 0.452588618 0.0163360219
vt 0.437607586 0.00910653267
vt 0.418314785 0.00413237605
vt 0.500191271 0.18024689
vt 0.500254989 0.202001512
vt 0.500433624 0.238820031
vt 0.501989961 0.26931107
vt 0.546823621 0.301588148
vt 0.477570832 0.243211776
vt 0.484166235 0.202322453
vt 0.500127554 0.158492267
vt 0.493064493 0.180079862
vt 0.477456868 0.179714084
vt 0.473944396 0.201944545
vt 0.500084996 0.142576694
vt 0.500042498 0.126661137
vt 0.479706198 0.126119256
vt 0.477839142 0.142038763
vt 0.479959369 0.110420257
vt 0.47711134 0.158367187
vt 0.460313141 0.125714093
vt 0.457562506 0.140918732
vt 0.480403364 0.093487978
vt 0.463792324 0.076595217
vt 0.462610602 0.0935670063
vt 0.448834777 0.076782681
vt 0.461428851 0.110538803
vt 0.447104901 0.093941927
vt 0.444408417 0.11110118
vt 0.455557108 0.156600177
vt 0.451532781 0.0513178669
vt 0.451830596 0.0302736182
vt 0.450043142 0.0513187759
vt 0.447232187 0.0768027678
vt 0.441863418 0.125445664
vt 0.445407301 0.0939821005
vt 0.434671938 0.0513146669
vt 0.436950624 0.0163360219
vt 0.442584753 0.111161441
vt 0.433345318 0.0767115802
vt 0.435795248 0.0302736182
vt 0.432353497 0.0937997177
vt 0.41860351 0.0163360219
vt 0.419111252 0.0302736182
vt 0.419607192 0.0513102151
vt 0.420237243 0.076612927
vt 0.420722425 0.0936024189
vt 0.418314785 0.0091065336
vt 0.399021983 0.00910653453
vt 0.399021983 0.00413237792
vt 0.387730658 0.00413318723
vt 0.400256395 0.0163360219
vt 0.387960374 0.00910653453
vt 0.402427256 0.0302736182
vt 0.407129198 0.0765142739
vt 0.387183785 0.00910653453
vt 0.372286648 0.00413238024
vt 0.388841391 0.0163360219
vt 0.372286648 0.0091065364
vt 0.35738951 0.00413238164
vt 0.387696803 0.0163360219
vt 0.35738951 0.0091065364
vt 0.33930704 0.00413238304
vt 0.404542476 0.0513057746
vt 0.390472174 0.0302736182
vt 0.392674148 0.0513075665
vt 0.372637123 0.0163360257
vt 0.388912976 0.0302736182
vt 0.33930704 0.00910653733
vt 0.32122457 0.0041323849
vt 0.357241571 0.0163360257
vt 0.32122457 0.00910653826
vt 0.307228893 0.0041323863
vt 0.373253554 0.0302736182
vt 0.33938396 0.0163360257
vt 0.307228893 0.00910653826
vt 0.293233216 0.00413238723
vt 0.356981486 0.0302736182
vt 0.321526289 0.0163360257
vt 0.293233216 0.00910653919
vt 0.268385053 0.00413238956
vt 0.339519233 0.0302736182
vt 0.307160497 0.0163360257
vt 0.268385053 0.00910654012
vt 0.24353686 0.00413239188
vt 0.322056979 0.0302736182
vt 0.292794645 0.0163360257
vt 0.24353686 0.00910654198
vt 0.225435793 0.00413239375
vt 0.307040185 0.0302736182
vt 0.268468648 0.0163360294
vt 0.225435793 0.00910654198
vt 0.207334727 0.00413239514
vt 0.292023331 0.0302736182
vt 0.306967229 0.0513138659
vt 0.322628558 0.0513090305
vt 0.244142637 0.0163360294
vt 0.207334727 0.00910654385
vt 0.195541263 0.00413239608
vt 0.268615663 0.0302736182
vt 0.22611779 0.0163360294
vt 0.195541263 0.00910654385
vt 0.186587751 0.0041323984
vt 0.24520795 0.0302736182
vt 0.268770903 0.0513253286
vt 0.208092958 0.0163360294
vt 0.186587751 0.00910654385
vt 0.161486387 0.00413239934
vt 0.161486387 0.00910654571
vt 0.19565697 0.0163360294
vt 0.186566547 0.0163360294
vt 0.162134394 0.0163360331
vt 0.227317199 0.0302736182
vt 0.209426433 0.0302736182
vt 0.187036902 0.0302736182
vt 0.164017126 0.0302736219
vt 0.187082291 0.0513468198
vt 0.166115656 0.051350154
vt 0.169917911 0.0774991512
vt 0.195860505 0.0302736182
vt 0.196051255 0.0513469502
vt 0.210695967 0.0513427891
vt 0.22846593 0.0513373725
vt 0.246235907 0.0513319522
vt 0.247292429 0.0770953745
vt 0.229473025 0.0772155672
vt 0.21165365 0.07733576
vt 0.196133554 0.0774280727
vt 0.187153786 0.0774251521
vt 0.187272921 0.0952268615
vt 0.17243208 0.0953748673
vt 0.196149766 0.0952327251
vt 0.212197855 0.0950480849
vt 0.230115116 0.0948076993
vt 0.18773441 0.113028593
vt 0.174835682 0.113250583
vt 0.177021712 0.129053622
vt 0.196165979 0.11303737
vt 0.212742075 0.112760417
vt 0.248032361 0.0945672989
vt 0.230757207 0.112399831
vt 0.188387081 0.128617868
vt 0.196107373 0.128693864
vt 0.212995961 0.128044873
vt 0.187974527 0.14420715
vt 0.178078681 0.144856662
vt 0.196198851 0.144350365
vt 0.186306 0.159796447
vt 0.179517984 0.160659701
vt 0.230985031 0.127447754
vt 0.213249832 0.143329322
vt 0.197040752 0.160006866
vt 0.190890893 0.193512037
vt 0.184304491 0.194737196
vt 0.190768689 0.228814676
vt 0.231212854 0.142495692
vt 0.213503718 0.158613771
vt 0.20042941 0.193209469
vt 0.196916476 0.227227628
vt 0.206592068 0.262276769
vt 0.205737501 0.226412073
vt 0.210117936 0.261693835
vt 0.216414034 0.278961658
vt 0.219477594 0.278774261
vt 0.21449554 0.260309935
vt 0.242611766 0.270599633
vt 0.222875178 0.216257989
vt 0.218189448 0.18743588
vt 0.231440678 0.157543629
vt 0.235495776 0.251006871
vt 0.235322475 0.18368867
vt 0.239204273 0.209833711
vt 0.249175861 0.141662061
vt 0.250270098 0.245819867
vt 0.2489741 0.12685065
vt 0.248772323 0.112039238
vt 0.269999176 0.11159806
vt 0.269599855 0.0942731798
vt 0.269200534 0.0769483149
vt 0.2913059 0.0513187051
vt 0.291108638 0.0768012479
vt 0.291167319 0.0939790606
vt 0.291226029 0.111156873
vt 0.27038464 0.126096159
vt 0.307762265 0.0766939074
vt 0.308636189 0.0937643796
vt 0.270770073 0.140594274
vt 0.309510142 0.110834852
vt 0.326105058 0.0935496837
vt 0.324415922 0.0765865594
vt 0.327794254 0.110512823
vt 0.291795164 0.125341669
vt 0.311013281 0.12484777
vt 0.292364299 0.139526471
vt 0.329653889 0.12447045
vt 0.312516451 0.138860703
vt 0.331513524 0.138428077
vt 0.31401962 0.15287362
vt 0.292933434 0.153711274
vt 0.271155536 0.155092373
vt 0.249377638 0.156473473
vt 0.252455503 0.17994146
vt 0.276420534 0.176493436
vt 0.255533367 0.203409448
vt 0.281685531 0.197894514
vt 0.294501007 0.175030008
vt 0.263565987 0.241107136
vt 0.287394494 0.234861761
vt 0.268675506 0.264408678
vt 0.31258148 0.17356658
vt 0.296414435 0.196077034
vt 0.316499025 0.227269635
vt 0.292612791 0.259597152
vt 0.311143368 0.194259554
vt 0.270754397 0.274403811
vt 0.24859722 0.280994952
vt 0.338400334 0.193153918
vt 0.335886747 0.172769815
vt 0.293965399 0.271088332
vt 0.271481931 0.282778323
vt 0.333373159 0.152385712
vt 0.34762466 0.13838315
vt 0.349017322 0.152345255
vt 0.346232057 0.124421053
vt 0.352218688 0.173040897
vt 0.272580355 0.292385221
vt 0.249036178 0.291531682
vt 0.242441192 0.299245268
vt 0.24069193 0.301291198
vt 0.29452759 0.288989097
vt 0.299388915 0.283681571
vt 0.321882963 0.289672613
vt 0.318530917 0.28313154
vt 0.340590507 0.291566432
vt 0.320621848 0.263898015
vt 0.337511569 0.275929034
vt 0.31952101 0.254117936
vt 0.339905709 0.258898556
vt 0.370604992 0.250093728
vt 0.366472453 0.284053504
vt 0.368237555 0.295332015
vt 0.340186805 0.251596302
vt 0.341508746 0.22206673
vt 0.395429164 0.292621017
vt 0.400729626 0.309072137
vt 0.355419993 0.193736553
vt 0.400215536 0.279390275
vt 0.41022706 0.29726097
vt 0.408044726 0.311911255
vt 0.414090425 0.279325098
vt 0.417950422 0.26077196
vt 0.371912777 0.221506566
vt 0.372439682 0.194319174
vt 0.399200797 0.256875962
vt 0.398361027 0.229036599
vt 0.416368484 0.232973427
vt 0.416689813 0.233006254
vt 0.368550599 0.173311979
vt 0.396757573 0.19641006
vt 0.414278299 0.196243823
vt 0.393245399 0.174284101
vt 0.364661515 0.152304798
vt 0.415020347 0.196235076
vt 0.363735855 0.138338223
vt 0.411770612 0.173977509
vt 0.412655592 0.173961371
vt 0.419101328 0.196144834
vt 0.389733225 0.152158141
vt 0.386900127 0.138243169
vt 0.362810194 0.124371663
vt 0.409262925 0.151711196
vt 0.406369746 0.137947947
vt 0.410290807 0.151687682
vt 0.418432444 0.233705074
vt 0.344839394 0.110458963
vt 0.384067059 0.124328233
vt 0.361884534 0.11040508
vt 0.3431229 0.0935137719
vt 0.341406435 0.0765686035
vt 0.360140741 0.0934778601
vt 0.38123399 0.110413268
vt 0.403476596 0.124184698
vt 0.339722872 0.0513082221
vt 0.356817245 0.0513074137
vt 0.358397007 0.0765506476
vt 0.378833145 0.0934833139
vt 0.373937249 0.0513075367
vt 0.376432359 0.0765533745
vt 0.39089784 0.0513076596
vt 0.400583446 0.110421456
vt 0.397525549 0.0934887752
vt 0.394467711 0.0765561014
vt 0.3954193 0.0765541345
vt 0.398492485 0.0934848487
vt 0.409091324 0.0934051201
vt 0.401565671 0.110415563
vt 0.40447402 0.124172933
vt 0.421207577 0.110591918
vt 0.411053479 0.110295974
vt 0.431361675 0.11088787
vt 0.413069338 0.124136209
vt 0.421662271 0.124585472
vt 0.407382429 0.137930304
vt 0.415085226 0.137976453
vt 0.43988663 0.125416905
vt 0.430255234 0.125034735
vt 0.422116995 0.138579011
vt 0.439318389 0.139790118
vt 0.437188447 0.139672339
vt 0.43677339 0.154134601
vt 0.429148793 0.139181584
vt 0.422571748 0.152572572
vt 0.434490293 0.153927803
vt 0.433779985 0.175163552
vt 0.428042382 0.153328449
vt 0.417101115 0.151816696
vt 0.418063462 0.173144251
vt 0.422038555 0.173986956
vt 0.431359828 0.174862057
vt 0.454408377 0.177507162
vt 0.421543151 0.196237847
vt 0.426013678 0.174829662
vt 0.43078658 0.196192503
vt 0.453650564 0.199564964
vt 0.423984975 0.19633086
vt 0.419444561 0.233933389
vt 0.420442611 0.234158486
vt 0.428229332 0.195796311
vt 0.422221214 0.233775169
vt 0.423297197 0.233871967
vt 0.447889209 0.238659739
vt 0.470604479 0.271615088
vt 0.472560585 0.24317202
vt 0.502297342 0.30937025
vt 0.469857067 0.31346792
vt 0.500977576 0.321911871
vt 0.473024368 0.325144261
vt 0.543554008 0.319880515
vt 0.50135231 0.33144328
vt 0.465147793 0.337744385
vt 0.53883034 0.337656558
vt 0.57400912 0.322442085
vt 0.593815446 0.31647709
vt 0.591552973 0.299787819
vt 0.543554008 0.319880515
vt 0.53883034 0.337656558
vt 0.546823621 0.301588148
vt 0.584616661 0.275905222
vt 0.579335093 0.24206382
vt 0.551023304 0.257524937
vt 0.430472791 0.320616007
vt 0.465147793 0.337744385
vt 0.473024368 0.325144261
vt 0.41022706 0.29726097
vt 0.408044726 0.311911255
vt 0.469857067 0.31346792
vt 0.414090425 0.279325098
vt 0.470604479 0.271615088
vt 0.417950422 0.26077196
vt 0.24859722 0.280994952
vt 0.242611766 0.270599633
vt 0.219477594 0.278774261
vt 0.223663732 0.290726334
vt 0.249036178 0.291531682
vt 0.242441192 0.299245268
vt 0.225170642 0.301024586
vt 0.22737214 0.305010289
vt 0.24069193 0.301291198
vt 0.229204133 0.307763427
vt 0.889025092 0.903609753
vt 0.891044497 0.90353024
vt 0.891535044 0.902945578
vt 0.8944152 0.904254973
vt 0.88906908 0.902799904
vt 0.887589574 0.903672993
vt 0.887400031 0.90339005
vt 0.883978844 0.904492676
vt 0.889125586 0.901563644
vt 0.895279527 0.903495371
vt 0.896501064 0.905842066
vt 0.88614589 0.902776599
vt 0.88553524 0.901689887
vt 0.889062285 0.899892628
vt 0.89248383 0.901375413
vt 0.883327961 0.903481841
vt 0.881987453 0.905813158
vt 0.881509483 0.905781806
vt 0.880540013 0.908730209
vt 0.880093932 0.908301294
vt 0.880673707 0.91073966
vt 0.897188962 0.905744612
vt 0.895859063 0.903003156
vt 0.896781683 0.90201664
vt 0.898523271 0.90788579
vt 0.897549629 0.908766508
vt 0.898222744 0.905228913
vt 0.892890155 0.900172889
vt 0.898668647 0.910767972
vt 0.897462726 0.910684288
vt 0.899653912 0.907740295
vt 0.897961617 0.913446248
vt 0.896719813 0.913420618
vt 0.896730125 0.915755153
vt 0.895219684 0.915892065
vt 0.894563198 0.91618669
vt 0.895344555 0.916954398
vt 0.89333725 0.91686672
vt 0.897709668 0.916960597
vt 0.898736715 0.913768589
vt 0.891672492 0.917490125
vt 0.89248991 0.918605924
vt 0.890946507 0.916960001
vt 0.889306009 0.917550981
vt 0.895839036 0.917846143
vt 0.89689064 0.919729352
vt 0.899032295 0.917922199
vt 0.900687695 0.914493322
vt 0.899851143 0.910459757
vt 0.900660932 0.910459518
vt 0.901179969 0.914689183
vt 0.901940584 0.910521984
vt 0.901283681 0.919426799
vt 0.901207685 0.907535613
vt 0.903656662 0.915724754
vt 0.904717624 0.910651743
vt 0.899332166 0.904369533
vt 0.90409857 0.907311559
vt 0.901618361 0.90267396
vt 0.898935854 0.921215177
vt 0.904050887 0.92106235
vt 0.907850862 0.913629234
vt 0.908210039 0.910630167
vt 0.906759679 0.916702092
vt 0.911135674 0.913872302
vt 0.90764755 0.906689703
vt 0.90640527 0.903357148
vt 0.911483824 0.910350859
vt 0.909998596 0.917613387
vt 0.90712136 0.922559381
vt 0.914666414 0.914126873
vt 0.913479924 0.918437064
vt 0.904199421 0.90027529
vt 0.909316063 0.90206027
vt 0.910872102 0.906095684
vt 0.898664832 0.900174379
vt 0.896360338 0.898795485
vt 0.901033819 0.897230685
vt 0.906672895 0.89820385
vt 0.912344635 0.900670886
vt 0.914244294 0.905316114
vt 0.89360714 0.897945881
vt 0.914966226 0.909972489
vt 0.915362597 0.899234951
vt 0.90927273 0.896217406
vt 0.917514622 0.904482365
vt 0.894578338 0.894197106
vt 0.890148938 0.89777863
vt 0.898070812 0.895498753
vt 0.899564207 0.892720103
vt 0.903130233 0.894894361
vt 0.905251443 0.892471254
vt 0.901094794 0.889902174
vt 0.895609498 0.891229987
vt 0.890947759 0.893527448
vt 0.911958694 0.894138753
vt 0.90754348 0.889848173
vt 0.889108837 0.897685945
vt 0.918848336 0.897533476
vt 0.915021241 0.891824007
vt 0.921291053 0.903437972
vt 0.902867556 0.886893094
vt 0.91003263 0.886955023
vt 0.896537244 0.888151169
vt 0.892262697 0.887392104
vt 0.897714078 0.884845316
vt 0.904788733 0.883601427
vt 0.891593456 0.89049083
vt 0.88911432 0.893440247
vt 0.88911742 0.890384078
vt 0.886638999 0.890481949
vt 0.887273729 0.893519938
vt 0.888066471 0.897716939
vt 0.889119148 0.887293816
vt 0.883634508 0.894152224
vt 0.885565698 0.899972558
vt 0.884874344 0.897876203
vt 0.882915199 0.902723134
vt 0.880298674 0.905075014
vt 0.881835401 0.901615024
vt 0.88186276 0.898779094
vt 0.878169 0.908038378
vt 0.88012886 0.895430624
vt 0.878834844 0.904293239
vt 0.879514813 0.900085092
vt 0.878994763 0.910371363
vt 0.880174398 0.913576782
vt 0.877048314 0.915022552
vt 0.877278566 0.910617352
vt 0.881210268 0.913627684
vt 0.877112687 0.907568276
vt 0.874138594 0.907281935
vt 0.876298606 0.91057831
vt 0.876641273 0.902663112
vt 0.877213299 0.89723587
vt 0.882202387 0.91599375
vt 0.882716477 0.915854812
vt 0.881290197 0.917004526
vt 0.883041799 0.916722715
vt 0.883152843 0.91600889
vt 0.884780824 0.916965127
vt 0.887120187 0.917716205
vt 0.887616158 0.917105079
vt 0.878658235 0.892695308
vt 0.882231832 0.918384612
vt 0.885957003 0.921487391
vt 0.881373644 0.919677794
vt 0.889166117 0.918671548
vt 0.889150262 0.921881318
vt 0.882617414 0.891206205
vt 0.87947768 0.918212473
vt 0.89424938 0.920993865
vt 0.877146482 0.919672668
vt 0.877137363 0.889888763
vt 0.881696939 0.888139009
vt 0.875102878 0.894883275
vt 0.885973752 0.887386322
vt 0.889120042 0.883652151
vt 0.874045014 0.900269628
vt 0.885157108 0.883891225
vt 0.893081605 0.883894801
vt 0.89899826 0.881248236
vt 0.894024193 0.880119503
vt 0.900426209 0.877297342
vt 0.889120579 0.879577935
vt 0.871836662 0.903348327
vt 0.906903327 0.87994504
vt 0.895110607 0.875847876
vt 0.91276902 0.88372016
vt 0.918432713 0.889206886
vt 0.868922591 0.902055085
vt 0.870595515 0.906680882
vt 0.871564448 0.898196638
vt 0.915672362 0.880084038
vt 0.922121048 0.886418104
vt 0.909258544 0.875952125
vt 0.902156949 0.872990906
vt 0.870032549 0.910620034
vt 0.867367446 0.906092227
vt 0.865892887 0.900667787
vt 0.87359184 0.910632789
vt 0.874511361 0.915846527
vt 0.868963003 0.896211684
vt 0.870375037 0.913620234
vt 0.872982502 0.892461538
vt 0.87069267 0.889841437
vt 0.866278112 0.894134462
vt 0.875368774 0.886885047
vt 0.880523503 0.884838521
vt 0.884215951 0.880117238
vt 0.879241228 0.881244123
vt 0.873449922 0.883596361
vt 0.88313067 0.875846386
vt 0.868205547 0.886950433
vt 0.877814591 0.877294719
vt 0.889120758 0.875223935
vt 0.896059692 0.871334136
vt 0.889121115 0.870630562
vt 0.871336937 0.879941702
vt 0.882182479 0.871333182
vt 0.904111803 0.868197083
vt 0.897150338 0.866240501
vt 0.889121473 0.865459859
vt 0.911904156 0.87149328
vt 0.918931484 0.876003921
vt 0.898390055 0.860491633
vt 0.914892852 0.866519809
vt 0.926195443 0.883324742
vt 0.906350374 0.862818599
vt 0.922486842 0.871547401
vt 0.931857228 0.89163816
vt 0.930828571 0.879740179
vt 0.927074373 0.893725634
vt 0.922772288 0.895574033
vt 0.925548375 0.902246356
vt 0.930164218 0.901134729
vt 0.935318172 0.899872899
vt 0.937211335 0.889225543
vt 0.918023765 0.861431777
vt 0.92622 0.866748869
vt 0.908802807 0.857246459
vt 0.899888933 0.85441047
vt 0.931463182 0.908167064
vt 0.936766326 0.907624424
vt 0.941119075 0.898403525
vt 0.942935348 0.886671782
vt 0.935711086 0.875902772
vt 0.926715553 0.908649266
vt 0.92228657 0.909137189
vt 0.918348551 0.90958178
vt 0.921949267 0.914329946
vt 0.918030202 0.914233804
vt 0.91673243 0.919139147
vt 0.920482159 0.919964552
vt 0.931041837 0.914674282
vt 0.926343143 0.914446056
vt 0.924680114 0.920902431
vt 0.917270958 0.926828444
vt 0.913644373 0.925341308
vt 0.929120481 0.922006428
vt 0.936300933 0.914945543
vt 0.910510182 0.924053729
vt 0.921347022 0.928504884
vt 0.934159696 0.923294425
vt 0.942664266 0.907003045
vt 0.909655094 0.929629982
vt 0.906866372 0.927597106
vt 0.904668212 0.929229558
vt 0.904033542 0.925510705
vt 0.912917614 0.931978166
vt 0.901543438 0.923389196
vt 0.902468681 0.92668432
vt 0.900459468 0.924210072
vt 0.898460031 0.92142731
vt 0.899006248 0.925099313
vt 0.897763133 0.921916485
vt 0.90045023 0.927875876
vt 0.896838188 0.925977647
vt 0.916622818 0.93461144
vt 0.895318925 0.923132241
vt 0.894706905 0.923311591
vt 0.925667405 0.930425644
vt 0.889221668 0.924304843
vt 0.886306822 0.924001455
vt 0.889268219 0.927315235
vt 0.895151675 0.926537454
vt 0.930342078 0.932518482
vt 0.898028672 0.928832114
vt 0.88931489 0.930326879
vt 0.894994736 0.929762959
vt 0.899200082 0.931962848
vt 0.88673383 0.927282274
vt 0.901914179 0.930811942
vt 0.894681752 0.933125734
vt 0.903338611 0.933672905
vt 0.900112033 0.934996545
vt 0.895131707 0.936251462
vt 0.906839252 0.931721926
vt 0.909343004 0.934619009
vt 0.904927135 0.937016189
vt 0.901152611 0.938532114
vt 0.912151694 0.937890172
vt 0.895627856 0.939856708
vt 0.906688094 0.94078207
vt 0.920437396 0.937482417
vt 0.924683094 0.94071734
vt 0.915104687 0.941455483
vt 0.902285576 0.942500949
vt 0.90866524 0.944887817
vt 0.90354377 0.946819186
vt 0.896164834 0.943888128
vt 0.929279149 0.944319367
vt 0.918344438 0.945451558
vt 0.910816491 0.949480057
vt 0.904895484 0.951631069
vt 0.921846271 0.94989574
vt 0.935633838 0.934955478
vt 0.913146555 0.954622567
vt 0.939721942 0.924763262
vt 0.942151248 0.915257037
vt 0.94871074 0.90609479
vt 0.948077083 0.91549927
vt 0.945345104 0.926312685
vt 0.940851569 0.937430799
vt 0.933315277 0.947859526
vt 0.924975514 0.953975856
vt 0.915443182 0.959633052
vt 0.947059214 0.896684647
vt 0.927869618 0.958531082
vt 0.906337082 0.95701021
vt 0.946555316 0.940046132
vt 0.939767182 0.95016259
vt 0.937262952 0.952304542
vt 0.951491356 0.928032219
vt 0.954636753 0.915823281
vt 0.955421686 0.904998541
vt 0.953614056 0.894564629
vt 0.949109733 0.883642852
vt 0.940959632 0.871539354
vt 0.930302918 0.861553192
vt 0.921620071 0.855924428
vt 0.912019551 0.85150069
vt 0.963678658 0.916426897
vt 0.964594543 0.903594136
vt 0.960028827 0.930588245
vt 0.962613225 0.89165175
vt 0.95443666 0.9437989
vt 0.95762682 0.879315972
vt 0.947817326 0.954346538
vt 0.94812721 0.865392208
vt 0.942440808 0.958135962
vt 0.935857475 0.85402596
vt 0.932462215 0.964933455
vt 0.926313281 0.847746491
vt 0.922483683 0.971730947
vt 0.915888846 0.842899323
vt 0.918476284 0.964757621
vt 0.917736471 0.975346565
vt 0.903024018 0.848377407
vt 0.90604341 0.839536071
vt 0.916017056 0.966730833
vt 0.909273088 0.976624608
vt 0.900335312 0.84744072
vt 0.901667953 0.838332057
vt 0.908276021 0.968273938
vt 0.899526894 0.977057338
vt 0.889122069 0.853588581
vt 0.889122248 0.846731007
vt 0.88912189 0.837222219
vt 0.907479525 0.962322831
vt 0.899051964 0.968990326
vt 0.889122248 0.976570129
vt 0.877909124 0.847440958
vt 0.876576006 0.838332653
vt 0.898730397 0.963480473
vt 0.889122307 0.968794167
vt 0.878717542 0.977057338
vt 0.878355205 0.85441041
vt 0.879853547 0.860491335
vt 0.875220358 0.848377705
vt 0.872200787 0.839536786
vt 0.89821589 0.958352208
vt 0.889122546 0.963702798
vt 0.879192412 0.968990326
vt 0.868971705 0.976624608
vt 0.86944133 0.85724622
vt 0.866225004 0.851500988
vt 0.862355769 0.842900038
vt 0.897502601 0.953054368
vt 0.869968653 0.968273938
vt 0.860508263 0.975346565
vt 0.856624901 0.855924368
vt 0.85193193 0.847746968
vt 0.860220373 0.861431301
vt 0.847942173 0.861552715
vt 0.842388332 0.85402596
vt 0.889122844 0.958817661
vt 0.879514694 0.963480234
vt 0.880029857 0.958351791
vt 0.871908784 0.957009435
vt 0.889123201 0.953550816
vt 0.870765686 0.962322474
vt 0.862227678 0.966730773
vt 0.855761111 0.97173059
vt 0.862802148 0.959632695
vt 0.85976845 0.964757621
vt 0.845782638 0.964933276
vt 0.850375116 0.958531141
vt 0.835804105 0.958135962
vt 0.853269815 0.953975558
vt 0.840981781 0.952304602
vt 0.844929993 0.947859526
vt 0.830427647 0.954346895
vt 0.838477433 0.950162888
vt 0.823808193 0.943799615
vt 0.831689417 0.940046608
vt 0.818215609 0.930588841
vt 0.856399715 0.949895084
vt 0.826752961 0.928032637
vt 0.814565003 0.916427732
vt 0.86509937 0.954621911
vt 0.837393582 0.937431097
vt 0.823607504 0.915823698
vt 0.813648701 0.903594136
vt 0.832899451 0.926313102
vt 0.822822094 0.9049986
vt 0.8156299 0.891650915
vt 0.830167174 0.915499628
vt 0.824629962 0.89456439
vt 0.820617139 0.87931335
vt 0.82953316 0.906094968
vt 0.829135358 0.883642495
vt 0.830119073 0.865390539
vt 0.831184626 0.896684647
vt 0.837284505 0.871538162
vt 0.835308611 0.886671424
vt 0.837124467 0.898403585
vt 0.835579634 0.907003343
vt 0.842532575 0.875901818
vt 0.852024019 0.866748214
vt 0.847414315 0.879739285
vt 0.836093128 0.915257454
vt 0.838522911 0.924763739
vt 0.841031849 0.889225185
vt 0.841943443 0.914946139
vt 0.84261173 0.934955597
vt 0.848966658 0.944319069
vt 0.847904086 0.932518423
vt 0.853563607 0.940716624
vt 0.844085455 0.923294902
vt 0.859902442 0.945450425
vt 0.86743027 0.949478865
vt 0.863143325 0.941453755
vt 0.857810318 0.937481344
vt 0.852579653 0.930425465
vt 0.849125087 0.922007084
vt 0.866097808 0.937887609
vt 0.861626208 0.934609711
vt 0.869582713 0.94488591
vt 0.85690099 0.928504586
vt 0.873351216 0.951629877
vt 0.874704063 0.946817398
vt 0.880743921 0.953053653
vt 0.881435573 0.948241591
vt 0.889123678 0.948742986
vt 0.882084072 0.943886459
vt 0.875963807 0.942498088
vt 0.871561468 0.94077909
vt 0.868908644 0.934615076
vt 0.877099276 0.938527405
vt 0.896811962 0.948242724
vt 0.889124274 0.94437778
vt 0.882623196 0.939854383
vt 0.889125347 0.940321684
vt 0.889126778 0.936675727
vt 0.883121431 0.936250031
vt 0.889131725 0.93343538
vt 0.887670517 0.930347681
vt 0.884040594 0.929901123
vt 0.883567691 0.933139563
vt 0.87814486 0.934986472
vt 0.884540081 0.926909268
vt 0.873324871 0.937011361
vt 0.879072726 0.931927204
vt 0.885356545 0.92378521
vt 0.882631242 0.922989726
vt 0.881503403 0.926079094
vt 0.880231619 0.928861856
vt 0.880584121 0.922026396
vt 0.87929064 0.925175548
vt 0.877808928 0.927897096
vt 0.876348972 0.930795014
vt 0.877820313 0.924299479
vt 0.879891157 0.921565235
vt 0.879419684 0.9213745
vt 0.876719475 0.923483253
vt 0.875788093 0.926699281
vt 0.874917567 0.933664083
vt 0.87422359 0.925517023
vt 0.873589993 0.929221272
vt 0.871415496 0.931715667
vt 0.874190509 0.921056867
vt 0.865333378 0.931975603
vt 0.86859858 0.929626286
vt 0.860978305 0.926828325
vt 0.871132612 0.922573507
vt 0.871444166 0.916711926
vt 0.871390462 0.927592635
vt 0.8677423 0.924057603
vt 0.868236363 0.917621076
vt 0.867100179 0.913873315
vt 0.8646065 0.925342023
vt 0.864764154 0.918441415
vt 0.866754591 0.91034919
vt 0.863575339 0.914129615
vt 0.861513555 0.919141591
vt 0.857764065 0.919965923
vt 0.863994598 0.905315459
vt 0.863274097 0.909973383
vt 0.860213399 0.914236128
vt 0.853565872 0.920903325
vt 0.85629493 0.914331555
vt 0.859893084 0.909582973
vt 0.86287564 0.899233043
vt 0.851901233 0.914447188
vt 0.847202599 0.914675057
vt 0.855955958 0.909138203
vt 0.860725105 0.904482543
vt 0.863217115 0.891820967
vt 0.851527631 0.908650041
vt 0.841477454 0.907624841
vt 0.8467803 0.90816772
vt 0.842924774 0.899873197
vt 0.859391093 0.897532165
vt 0.848078072 0.901135206
vt 0.846385241 0.891637743
vt 0.856949508 0.903438449
vt 0.852693021 0.902246952
vt 0.855468273 0.895573199
vt 0.851167202 0.893725038
vt 0.852046609 0.88332361
vt 0.859807193 0.889204741
vt 0.85611999 0.886416614
vt 0.859310687 0.876002491
vt 0.865470827 0.88371706
vt 0.862568736 0.880081952
vt 0.868982852 0.875949979
vt 0.855756283 0.871546447
vt 0.863350451 0.866518974
vt 0.866338253 0.871491849
vt 0.871893048 0.862817943
vt 0.874130845 0.868195951
vt 0.876084924 0.872989178
vt 0.881092548 0.866239905
vt 0.88912183 0.859648585
vn 8.41465237E-07 -0.10399279 -0.994578123
vn 3.88023693E-07 -0.245342553 0.969436407
vn 0.240224689 -0.162709534 0.956983685
vn -0.23323907 -0.318671107 -0.918720961
vn 7.72523038E-07 0.069099009 -0.997609854
vn 0.244148374 -0.532917976 0.810178995
vn -0.36773634 0.0319132619 -0.929382384
vn -2.7076992E-06 0.10373655 -0.994604766
vn -0.241990566 -0.0300079584 -0.969814479
vn -0.187136143 -0.364875615 0.91205585
vn 0.180156872 -0.0759839863 -0.980698645
vn -0.33515954 -0.385095716 0.859865844
vn -0.213783011 0.0762968585 -0.973897219
vn -0.388315648 0.0606452376 -0.919528782
vn 0.327358872 -0.0810096338 -0.941421092
vn -0.44541353 -0.409755498 0.796057284
vn -0.408494562 0.0677877963 -0.910240114
vn -6.15300632E-06 0.116256751 -0.993219197
vn 1.47818378E-06 0.127274245 -0.991867602
vn -0.201293558 0.0895909071 -0.975425184
vn 0.181043997 0.107786529 -0.977550566
vn 0.47324127 -0.0737712979 -0.877838612
vn -0.586130142 -0.453938454 0.671112001
vn -0.42741403 0.0774884745 -0.900729001
vn 5.72263571E-06 0.142787054 -0.989753485
vn 0.326733232 0.123647429 -0.93699342
vn 0.645151734 -0.0458889604 -0.762675285
vn -0.710968554 -0.458963543 0.532800257
vn -0.208491355 0.104909934 -0.972381175
vn -0.4459427 0.0920741558 -0.890313148
vn 4.71553585E-06 0.170448512 -0.985366583
vn 0.183933869 0.123794056 -0.975111902
vn 0.473782718 0.141867608 -0.869139552
vn 0.790095627 -0.0322477631 -0.612134755
vn -0.782837272 -0.493589967 0.378859818
vn 0.182217479 0.135753646 -0.973841667
vn -0.21773614 0.120613582 -0.968526304
vn 0.329019666 0.138494655 -0.934112012
vn 0.64049989 0.168255761 -0.749299645
vn 0.892197788 0.0125848269 -0.451469392
vn -0.864043355 -0.503409863 -0.00276007573
vn 0.32926023 0.145944953 -0.932892144
vn 0.172439888 0.148019761 -0.973834991
vn 0.476855189 0.148225665 -0.866393864
vn 0.782120466 0.197017625 -0.591161191
vn 0.998418212 0.0216320045 -0.0518958457
vn -0.805874646 -0.425385624 -0.411841035
vn -0.226014525 0.12830472 -0.965637267
vn 0.480943084 0.165589273 -0.860972643
vn 0.648774326 0.168200284 -0.742159367
vn 0.872039557 0.220155209 -0.437125593
vn 0.920391142 -0.0564985052 0.386895359
vn -0.716237187 -0.382203311 -0.583887756
vn 0.659198463 0.187640846 -0.728181422
vn 0.792336047 0.194040254 -0.578404784
vn 0.975757778 0.213161722 -0.0495872945
vn 0.805236518 -0.120177843 0.580647409
vn -0.525187314 -0.383488595 -0.759680808
vn 0.873984754 0.215132564 -0.435739219
vn 0.904281795 0.156969175 0.397032768
vn 0.623493314 -0.151736021 0.766963065
vn -0.189950675 -0.38264969 -0.90415597
vn 0.973960876 0.216248393 -0.0680938438
vn 0.877117395 0.219938502 -0.426956803
vn 0.794429243 0.113803864 0.59659934
vn 0.799269259 0.203655273 -0.56541425
vn 0.90740931 0.16747956 0.385433316
vn 0.404860198 -0.149319246 0.902104139
vn 0.615469635 0.064620398 0.785507023
vn -0.519104362 -0.300888777 0.799997866
vn 0.0160278957 -0.136707425 -0.990481794
vn 0.798159778 0.126470044 0.589021564
vn 0.401485264 0.0176405516 0.915695608
vn -0.107461751 -0.327735364 0.938638151
vn -0.254642695 -0.177036077 -0.950692058
vn 0.627395451 0.0795172751 0.774630308
vn -0.548312902 -0.108880505 0.829154968
vn 0.419902295 0.0317131169 0.907015085
vn 0.799805343 0.147186488 0.581934214
vn 0.639680088 0.0974795297 0.762435019
vn 0.434375197 0.0465295576 0.899529457
vn -0.583662629 -0.106706031 0.80495441
vn -0.0884899125 -0.0494741015 0.994847655
vn 0.267048687 -0.183421165 0.94606638
vn 0.906700194 0.182943001 0.380035073
vn 0.972714722 0.222134843 -0.066948846
vn 0.904355466 0.194815472 0.379720986
vn 0.969170511 0.235974923 -0.0708827451
vn 0.866231799 -0.337468803 0.368452519
vn -0.711307883 -0.173192427 -0.681208849
vn -0.549620688 -0.576836467 -0.604298651
vn 0.803059518 0.157610014 0.574677765
vn 0.879674375 0.230929583 -0.415745884
vn 0.645265222 0.113482147 0.755482972
vn 0.801569223 0.215521976 -0.557706892
vn 0.665439487 0.202766135 -0.718384504
vn 0.490397185 0.178071693 -0.853112638
vn 0.329487562 0.154576063 -0.931420505
vn 0.16491878 0.159824282 -0.973271787
vn 0.332323194 0.177169725 -0.926375926
vn 0.498267382 0.20205979 -0.843149722
vn 0.66725558 0.220581055 -0.71141696
vn 0.80517453 0.233107641 -0.545302391
vn 0.882460713 0.249635682 -0.398679197
vn 0.966228902 0.24797599 -0.0700691566
vn 0.907615185 0.193104774 0.372753561
vn 0.808311343 0.152560085 0.568645895
vn 0.340387225 0.192150757 -0.920442581
vn 0.506751001 0.215161666 -0.834810734
vn 0.671601832 0.231854066 -0.703700602
vn 0.807612896 0.23855181 -0.539309323
vn 0.888723254 0.249660373 -0.384500474
vn 0.966264963 0.247167096 -0.0723902509
vn 0.808983922 0.245182291 -0.534257174
vn 0.675842702 0.239371419 -0.697092533
vn 0.159008414 0.178266495 -0.971049726
vn 0.520062923 0.218614385 -0.825676858
vn 0.91436255 0.190123513 0.357483149
vn 0.89594543 0.257080793 -0.362203389
vn 0.348203093 0.195675254 -0.916769207
vn -0.226700455 0.14968048 -0.962394178
vn -0.476733476 0.11296846 -0.871758699
vn -1.8781262E-05 0.191443726 -0.981503606
vn -0.498176515 0.127857879 -0.857596993
vn -3.51132148E-05 0.194244489 -0.980953157
vn -0.242762536 0.171397567 -0.954824209
vn -0.513626575 0.13753736 -0.846918643
vn 0.140169129 0.193717673 -0.970992267
vn -0.536533296 0.153656706 -0.829772055
vn -2.33409264E-05 0.212683335 -0.977121174
vn -2.81885932E-05 0.257766724 -0.966207206
vn -0.246216983 0.190222651 -0.950364411
vn 0.116755225 0.208605081 -0.971005738
vn -0.585369766 0.169957444 -0.792752624
vn -7.29917956E-05 0.352441281 -0.935833871
vn -0.230065301 0.21549958 -0.9490152
vn 0.352657408 0.211499214 -0.911537588
vn -0.72324717 0.17263703 -0.668662906
vn 1.3693757E-05 0.436523587 -0.899692833
vn -0.842115998 0.148706242 -0.518388927
vn -0.00215698127 -0.828727841 -0.559647679
vn 0.00456860848 0.58710587 -0.809497237
vn -0.214782357 0.347543061 -0.912733436
vn 0.104051217 0.237748757 -0.965737462
vn 0.538249314 0.231370479 -0.81040442
vn -0.213490084 0.254586846 -0.943190098
vn 0.100021243 0.280415237 -0.954653382
vn 0.357495427 0.247487396 -0.900525928
vn -0.295427054 0.387640744 -0.873188078
vn 0.681504309 0.249415681 -0.687999785
vn 0.0701486692 0.366340786 -0.927832723
vn 0.552529216 0.257833451 -0.792611718
vn 0.811194897 0.257148862 -0.525202096
vn 0.358688116 0.288842797 -0.88764447
vn 0.0541056097 0.4489941 -0.891895115
vn 0.689913452 0.270437688 -0.671478152
vn 0.561873615 0.292879552 -0.773640513
vn 0.69991833 0.303777188 -0.64640063
vn 0.577045679 0.353726417 -0.736135781
vn 0.352998555 0.352293134 -0.866765082
vn 0.32200858 0.481190324 -0.815332055
vn 0.129685298 0.59825635 -0.790740848
vn 0.467625022 0.549853384 -0.692089617
vn 0.113031499 0.464617372 -0.878267884
vn -0.0537598915 0.531123102 -0.845587432
vn 0.575868011 0.449747026 -0.682717919
vn 0.699993849 0.357053846 -0.618482947
vn 0.0259990077 0.42923978 -0.902816296
vn -0.230935395 0.256676346 -0.938502014
vn -0.041700352 0.886796713 -0.460274696
vn 0.71480006 0.439887196 -0.543654442
vn 0.00930669904 0.938434601 -0.34533149
vn -0.05013901 0.579510868 -0.813420713
vn 0.0174370203 0.763083279 -0.646064937
vn 0.0899005383 0.945719779 -0.312301219
vn 0.286943585 0.535494268 -0.794297934
vn 0.297681063 0.941938102 -0.155365705
vn 0.412094742 0.19604297 -0.889800668
vn 0.528940678 0.67913264 -0.508920908
vn 0.592372417 0.786529779 0.174544752
vn 0.462639093 0.371181607 -0.805101991
vn 0.696678996 0.116840594 -0.707804143
vn 0.741746962 0.252015054 -0.621530294
vn 0.710417151 0.479019552 -0.515604198
vn 0.701857626 0.710286915 -0.0537431166
vn 0.926206946 0.0781138539 -0.368834645
vn 0.915573478 0.266901851 -0.300813317
vn 0.854915321 0.440879554 -0.2733953
vn 0.877619207 0.421088576 -0.229061261
vn 0.808028996 0.451936483 0.377945095
vn 0.962572217 0.18019481 0.202446625
vn 0.851962268 0.427028298 0.302996933
vn 0.916836739 0.373502344 0.141089767
vn 0.888173461 0.420041293 0.186315045
vn 0.777246654 0.438065261 0.451648623
vn 0.824074507 0.365859002 -0.432490796
vn 0.823696613 0.316448838 -0.470514566
vn 0.902053714 0.408976912 0.137974933
vn 0.809735894 0.373226166 0.45280233
vn 0.911766171 0.36883229 -0.180680081
vn 0.817349494 0.280733466 -0.503118932
vn 0.913497686 0.330907494 -0.236689985
vn 0.93163693 0.363270044 0.00934776757
vn 0.799899459 0.364459991 0.476790965
vn 0.912863553 0.296879858 -0.280254394
vn 0.94399482 0.329859406 0.00815939903
vn 0.881613433 0.342105418 0.32514894
vn 0.903993368 0.273166567 -0.32890138
vn 0.902374625 0.298664242 0.310676247
vn 0.954008996 0.299523681 -0.0123396488
vn 0.963544846 0.260914862 -0.0591997318
vn 0.959808886 0.277982891 -0.0386296995
vn 0.917610884 0.206578776 0.339581162
vn 0.912789524 0.263443053 0.312110364
vn 0.918724298 0.230299175 0.320792764
vn 0.764990211 0.295529842 0.572234333
vn 0.810709715 0.147440329 0.566578507
vn 0.808839381 0.154381916 0.567402244
vn 0.803756952 0.17626287 0.568248391
vn 0.78279376 0.255067229 0.567604244
vn 0.629603565 0.122136168 0.767256141
vn 0.64228338 0.11867056 0.757224858
vn 0.794408679 0.21520561 0.567980051
vn 0.600148559 0.201195687 0.774171948
vn 0.589225173 0.231484309 0.774098635
vn 0.646236658 0.117699549 0.754005969
vn 0.614284396 0.137272075 0.77705276
vn 0.425406933 0.0831302702 0.901176035
vn 0.434812635 0.0661817566 0.898085713
vn 0.63931644 0.262979925 0.722576022
vn 0.603084028 0.166494921 0.780108333
vn 0.410946906 0.0876158401 0.907439232
vn 0.387970984 0.0973286703 0.916518211
vn 0.375330806 0.112936899 0.919984877
vn -0.596391976 -0.105613045 0.795715153
vn 0.695840955 0.293340772 0.655558228
vn 0.389487803 0.141446263 0.910105586
vn -0.11330685 -0.0524956062 0.992172241
vn 0.819821835 0.383140594 0.425552994
vn 0.758627594 0.139161929 0.636488974
vn 0.966628194 0.0369008519 0.253512174
vn 0.93550837 0.188202679 0.299004883
vn 0.702579081 0.543376327 0.459483266
vn 0.822324038 0.236772671 0.517418563
vn 0.528906822 0.600937247 0.599276245
vn 0.309495807 0.644351244 0.699302375
vn 0.330661982 0.109554693 0.93736887
vn 0.277377576 0.0699679926 0.958209872
vn 0.282109141 0.161975592 0.945610046
vn 0.451132298 0.185995892 0.872860372
vn 0.425165921 0.179383919 0.887161434
vn -0.670891106 -0.088395372 0.736268461
vn -0.617577255 -0.111943059 0.77850312
vn -0.710546017 -0.0732545182 0.699827194
vn -0.293660402 -0.0217730086 0.955661774
vn -0.558817923 -0.0955164284 0.823771179
vn -0.287754059 -0.0128987571 0.957617402
vn -0.541146517 -0.0893382505 0.836169243
vn -0.540014923 -0.092091091 0.836602151
vn -0.539618611 -0.0992912874 0.83603406
vn -0.111635104 -0.0288144164 0.993331492
vn -0.0923273116 -0.0208833441 0.995509744
vn -0.10433355 -0.0139324851 0.994444788
vn 0.273889422 0.0570085458 0.960070133
vn -0.176211208 -0.0204129741 0.984140754
vn 0.262384504 0.0752873123 0.962021947
vn 0.25683105 0.0343132839 0.965846956
vn 0.219308555 0.0784000382 0.972500443
vn 0.207072541 0.0577722415 0.97661829
vn 0.681188524 0.0760998428 0.728142202
vn 0.675648093 0.0728808492 0.733613074
vn 0.71382463 0.0447749048 0.698891699
vn 0.998902321 0.0244989563 -0.039923504
vn 0.998957157 0.0168755874 -0.0424237438
vn 0.209249347 0.128842711 0.969337046
vn 0.10607668 0.132087544 0.985545933
vn 0.243197009 0.132320061 0.960909247
vn 0.248862475 0.116679221 0.961485028
vn 0.120221637 0.130897954 0.98407954
vn 0.995969176 0.0354935564 -0.0823751688
vn 0.136183262 0.130477831 0.982053757
vn 0.0562437661 0.115125567 0.991757333
vn 0.986067474 0.0309553538 -0.163440406
vn 0.239011496 0.0968179181 0.96617794
vn 0.681856632 0.0485477298 0.729872942
vn 0.693000138 0.0254533719 0.720488012
vn 0.973226368 0.0152680194 -0.229340881
vn 0.238154128 0.0743088499 0.968380511
vn 0.101857826 0.111239076 0.988560021
vn 0.0888283476 0.0934555754 0.991653025
vn 0.035075184 0.115578838 0.992678881
vn 0.088270992 0.0751271397 0.99325937
vn 0.00154872378 0.0939669162 0.995574117
vn 0.70627737 0.00869884342 0.707881868
vn 0.96371299 0.00416659983 -0.266908258
vn 0.237137884 0.061559204 0.969523609
vn 0.0907142833 0.0615378022 0.993973911
vn 0.222844586 0.0629494488 0.972819388
vn 0.238316506 0.0202643462 0.970976055
vn -0.110794976 -0.0435417667 0.992889047
vn 0.226233274 0.00646425039 0.974051654
vn 0.956487656 0.00171173166 -0.291767925
vn -0.117616579 -0.0614345707 0.991156936
vn 0.717086971 -0.00314098131 0.696976662
vn 0.74668622 -0.011374535 0.665079236
vn -0.559422255 -0.106607459 0.821998477
vn 0.228022292 -0.0112502361 0.97359091
vn 0.430253744 0.0776549056 0.89936167
vn -0.585995615 -0.108398609 0.803031087
vn -0.130990088 -0.0687253475 0.988998711
vn -0.132415965 -0.0636615381 0.989147782
vn 0.237163588 -0.017943915 0.97130394
vn 0.77195251 -0.013009984 0.635547101
vn 0.245916843 -0.0164232906 0.969151735
vn 0.250224411 -0.00735892355 0.968159914
vn 0.807210088 -0.00906184316 0.590194643
vn 0.252287924 -0.00201725005 0.967650115
vn 0.822193801 0.00477453833 0.56918776
vn 0.827652216 0.0166896023 0.560993135
vn 0.926313221 0.0132151973 -0.376522481
vn 0.936016381 0.0106763234 -0.351794332
vn 0.925937533 -0.0515394658 -0.374143541
vn 0.922188759 0.0289883967 -0.385652095
vn 0.25555861 -0.076931797 0.963727832
vn -0.186541066 -0.365113497 -0.912082613
vn 0.920765698 0.0205852017 -0.38957271
vn 0.243377522 0.0460795425 0.968836486
vn 0.126214996 -0.145928994 0.981210709
vn -0.0672496036 -0.310553193 -0.948174179
vn 0.219420835 0.0475256108 0.974472046
vn 0.125305012 0.0528782867 0.990708113
vn 0.0404665284 -0.1411376 0.989162564
vn -2.58314662E-06 -0.316605002 -0.948557496
vn -1.46606124E-06 -0.119259872 0.992863119
vn 0.0672461092 -0.310554624 -0.948173881
vn 0.050395295 0.0645687729 0.996639967
vn -0.0404677503 -0.141136244 0.989162683
vn 0.186543673 -0.365097314 -0.912088454
vn 0.20353967 0.0554932207 0.97749275
vn 0.107870057 0.0552682132 0.992627561
vn 7.55978533E-07 0.0696926191 0.997568429
vn -0.126210004 -0.145915538 0.981213391
vn 0.549610019 -0.57677871 -0.604363501
vn 0.0933941677 0.0592542253 0.993864357
vn 0.0389048867 0.0694144815 0.996828973
vn -0.0503952913 0.064566873 0.996640086
vn 1.28394265E-06 0.07633885 0.997081935
vn 0.0250870008 0.0708379596 0.997172296
vn 0.0866133049 0.0604366995 0.994407177
vn 0.20077984 0.0625935048 0.977634668
vn 0.947262943 0.008327608 -0.320349365
vn 0.208933383 0.0636653453 0.975855291
vn 0.0857230425 0.0598974377 0.994516909
vn 0.0111001395 0.06649407 0.99772507
vn 8.36980234E-07 0.0780271962 0.996951222
vn 0.0877035335 0.059689261 0.994356692
vn -0.0250803698 0.0662391111 0.997488499
vn -0.0158543698 0.0623607785 0.997927785
vn -0.00307292468 0.0632542819 0.997992754
vn 2.28762559E-07 0.0728771985 0.997340977
vn -0.0250860397 0.0708389059 0.997172296
vn -0 0.0687398538 0.997634649
vn -0.0337611884 0.0810470507 0.996138394
vn 1.54808572E-06 0.0670674741 0.997748435
vn -0.0389040634 0.069414638 0.996828973
vn -0.0933939815 0.0592541434 0.993864357
vn -0.0110997232 0.0664935485 0.99772507
vn -0.125306249 0.0528759658 0.990707994
vn -0.0297072809 0.08709272 0.995757163
vn -0.107871041 0.0552681237 0.992627442
vn -0.25551191 -0.076954186 0.963738382
vn -0.24338606 0.0460762866 0.968834519
vn -0.925995827 -0.0515391082 -0.373999417
vn 0.711318493 -0.173181891 -0.681200385
vn -0.219434693 0.0475268997 0.974468887
vn -0.922198772 0.0289844759 -0.385628372
vn -0.86624217 -0.337478846 0.368418783
vn 0.254641831 -0.177033395 -0.950692654
vn -0.0625927299 0.0812601373 0.994725525
vn -0.0335501768 0.102768876 0.994139314
vn -0.00954005308 0.103309803 0.994603455
vn 0.0112181697 0.116476253 0.993130147
vn 0.101643436 0.0619684607 0.992888927
vn -0.0889340341 0.0864712298 0.992276907
vn -0.0715110227 0.102935471 0.992114186
vn 0.00295358966 0.0928746015 0.995673358
vn -0.00243469025 0.10534326 0.994432867
vn 0.0419777371 0.123810448 0.991417527
vn 0.0185959116 0.130361319 0.991292179
vn -0.000910443487 0.085530743 0.996335149
vn -0.000229589437 0.0707534999 0.997493744
vn 0.0251226071 0.0665525571 0.997466564
vn 0.0339711905 0.0816711262 0.99608022
vn 0.0158552229 0.062359523 0.997927785
vn 0.0416590385 0.100566976 0.994057775
vn -0.0903748721 0.0615633354 0.994003236
vn -0.0865926743 0.074992314 0.993417263
vn 0.00307251932 0.0632541403 0.997992754
vn -0.0866138339 0.0604356341 0.994407177
vn -0.0857231691 0.0598986708 0.99451679
vn -0.200822815 0.0625938252 0.977625787
vn -0.0877004117 0.0596893169 0.994357049
vn -0.20889464 0.0636628568 0.975863755
vn -0.222750843 0.0629473701 0.972841024
vn -0.0815437138 0.0950408876 0.992128015
vn -0.203544721 0.0554947294 0.977491617
vn -0.920748174 0.0205826629 -0.389614195
vn -0.926313937 0.013192906 -0.376521438
vn -0.936004579 0.0106983772 -0.351825267
vn -0.236953527 0.0613077469 0.969584644
vn -0.947267711 0.00837708451 -0.32033363
vn -0.80709064 -0.00908233505 0.590357602
vn -0.827754498 0.0166834015 0.560842335
vn -0.956492782 0.00167243218 -0.291751385
vn -0.771903455 -0.0129931821 0.635607004
vn -0.822228611 0.00478638196 0.569137216
vn -0.746622801 -0.0113417963 0.665151
vn -0.252291232 -0.00202567619 0.967649221
vn -0.250224739 -0.00735316239 0.968159795
vn -0.245919243 -0.0164159201 0.969151258
vn -0.237162337 -0.0179469641 0.971304238
vn -0.228020728 -0.0112527488 0.973591208
vn -0.267053246 -0.183421552 0.946065009
vn 0.107461542 -0.32771799 0.93864423
vn -0.0159355737 -0.136747122 -0.9904778
vn 0.189939067 -0.382743269 -0.904118836
vn 0.0884774849 -0.049477689 0.994848609
vn 0.519072056 -0.300854504 0.800031722
vn 0.113347672 -0.0524976626 0.992167413
vn 0.130950958 -0.0687149465 0.989004552
vn -0.40486297 -0.149349436 0.90209794
vn 0.52516216 -0.383524954 -0.759679854
vn 0.548277557 -0.108874813 0.829179168
vn -0.623500943 -0.151743159 0.766955435
vn 0.716234744 -0.382218868 -0.583880603
vn -0.401503175 0.0176437516 0.915687621
vn -0.805236399 -0.120164521 0.580650389
vn 0.80586648 -0.425418347 -0.411823362
vn 0.13243334 -0.0636511371 0.989146113
vn 0.583631754 -0.106702089 0.804977357
vn 0.596344709 -0.105596177 0.795752704
vn -0.615477383 0.0646306872 0.785500109
vn -0.419909984 0.0317225531 0.907011151
vn -0.920392394 -0.0564774051 0.386895597
vn 0.86402458 -0.503441989 -0.002777847
vn -0.79442668 0.113834709 0.596596956
vn -0.998417854 0.0216486603 -0.0518957041
vn 0.782836437 -0.493599802 0.378848851
vn -0.627406001 0.0795243159 0.77462095
vn -0.904273093 0.157021433 0.397031933
vn -0.892198205 0.0125883808 -0.451468766
vn 0.710969925 -0.458958775 0.532802701
vn -0.798167348 0.126472712 0.589010537
vn -0.975747645 0.213208362 -0.049585782
vn -0.790094495 -0.0322680064 -0.612135053
vn 0.586131036 -0.453913331 0.671128094
vn -0.907407522 0.167482644 0.385436267
vn -0.872040212 0.220170915 -0.437116325
vn -0.645151496 -0.0459127314 -0.762673914
vn 0.445415288 -0.409746557 0.79606092
vn -0.973963141 0.216249257 -0.0680589974
vn -0.78211987 0.197018266 -0.591161847
vn -0.473239452 -0.0737711489 -0.877839506
vn 0.335158467 -0.385095298 0.8598665
vn -0.873996794 0.215133369 -0.435714722
vn -0.640497148 0.168258786 -0.749301314
vn -0.327363074 -0.0809998661 -0.941420436
vn 0.187136948 -0.364875376 0.91205585
vn -0.792334616 0.194040701 -0.578406632
vn -0.877130151 0.21991244 -0.426943958
vn -0.972730815 0.222073928 -0.0669165552
vn -0.473780751 0.141870543 -0.869140148
vn -0.180158302 -0.0759823769 -0.980698526
vn -0.244148523 -0.532914996 0.810180902
vn -0.648771882 0.168199569 -0.742161691
vn -0.326733023 0.123651728 -0.936993003
vn 0.24199082 -0.0300071724 -0.969814479
vn -0.240229174 -0.162709638 0.956982493
vn -0.476855069 0.14822495 -0.866394103
vn -0.659200549 0.18763721 -0.728180587
vn -0.181042328 0.107796788 -0.977549791
vn 0.233243018 -0.318672866 -0.918719351
vn 3.88023693E-07 -0.245342553 0.969436407
vn 8.41465237E-07 -0.10399279 -0.994578123
vn 0.213765338 0.0763085037 -0.97390002
vn 0.367710829 0.0319127925 -0.929392457
vn 7.72523038E-07 0.069099009 -0.997609854
vn -0.329017788 0.138492942 -0.934112966
vn -0.183920234 0.123801887 -0.975113511
vn 0.388251573 0.0606484897 -0.919555545
vn -2.7076992E-06 0.10373655 -0.994604766
vn 0.408576459 0.0677842796 -0.910203576
vn -6.15300632E-06 0.116256751 -0.993219197
vn 1.47818378E-06 0.127274245 -0.991867602
vn 0.201305971 0.0896062404 -0.97542125
vn 0.208524391 0.104845241 -0.972381055
vn -0.182211936 0.135715336 -0.973848104
vn -0.329252869 0.145938694 -0.93289578
vn -0.480945259 0.16558671 -0.860972047
vn -0.490396708 0.178065032 -0.853114307
vn -0.329488456 0.15457277 -0.931420743
vn -0.172469437 0.148004189 -0.97383219
vn 0.21769619 0.120600842 -0.968536973
vn 0.427482963 0.0774800703 -0.900697052
vn 0.445954263 0.0920650214 -0.890308261
vn 5.72263571E-06 0.142787054 -0.989753485
vn 0.226039529 0.128346577 -0.965625823
vn -0.164940178 0.159852624 -0.973263502
vn -0.332322717 0.177169621 -0.926375985
vn 0.476713479 0.112978771 -0.871768296
vn 4.71553585E-06 0.170448512 -0.985366583
vn -1.8781262E-05 0.191443726 -0.981503606
vn 0.226686895 0.149683848 -0.96239686
vn -0.15900816 0.17826888 -0.971049249
vn -0.498262614 0.202059507 -0.843152642
vn -0.340386569 0.19215329 -0.920442343
vn 0.498072356 0.127886236 -0.85765326
vn 0.242742568 0.171416238 -0.954825938
vn -0.140165567 0.193728641 -0.970990717
vn 0.51337409 0.137581587 -0.847064555
vn -3.51132148E-05 0.194244489 -0.980953157
vn 0.246267974 0.190214694 -0.950352788
vn 0.536177158 0.153701097 -0.829994082
vn -2.33409264E-05 0.212683335 -0.977121174
vn -0.348202944 0.195677713 -0.916768849
vn -0.116734892 0.208606616 -0.971007884
vn 0.230087161 0.215476632 -0.9490152
vn 0.584500432 0.170196623 -0.793342471
vn -2.81885932E-05 0.257766724 -0.966207206
vn -7.29917956E-05 0.352441281 -0.935833871
vn -0.352656692 0.211495981 -0.91153872
vn -0.104030974 0.237727851 -0.965744793
vn 0.213514537 0.254584461 -0.94318521
vn 0.721939147 0.173277691 -0.669909418
vn 1.3693757E-05 0.436523587 -0.899692833
vn 0.212184206 0.351525754 -0.911815524
vn 0.841301739 0.149332181 -0.51952976
vn -0.00215698127 -0.828727841 -0.559647679
vn 0.00456860848 0.58710587 -0.809497237
vn 0.2350633 0.416135997 -0.878393948
vn -0.113039061 0.506646633 -0.854711354
vn -0.088454783 0.37948969 -0.920957863
vn -0.10002806 0.280417413 -0.954651952
vn -0.35749197 0.247460559 -0.90053463
vn -0.0703275427 0.45340693 -0.888524711
vn -0.35868749 0.28884095 -0.887645364
vn -0.338620037 0.371658415 -0.864411175
vn -0.538236678 0.231364757 -0.810414433
vn -0.310474753 0.465201378 -0.828971148
vn -0.520057917 0.218610615 -0.825681031
vn -0.506747663 0.215164557 -0.834811985
vn -0.671600699 0.231856883 -0.70370084
vn -0.66725868 0.220580563 -0.711414158
vn -0.665440679 0.202757493 -0.718385756
vn -0.799265981 0.203647912 -0.565421402
vn -0.801564276 0.215510011 -0.557718754
vn -0.80516386 0.233095303 -0.545323431
vn -0.807592511 0.238544196 -0.539343178
vn -0.675844491 0.239361078 -0.697094202
vn -0.879678011 0.23091206 -0.415747732
vn -0.882465243 0.24961324 -0.39868319
vn -0.681505382 0.249405801 -0.688002408
vn -0.888726532 0.249644056 -0.384503692
vn -0.966235816 0.247959778 -0.0700304359
vn -0.969174981 0.235961691 -0.0708657801
vn -0.966272175 0.247158349 -0.0723235607
vn -0.808961511 0.245177224 -0.534293294
vn -0.895944357 0.257083178 -0.362204224
vn -0.811173499 0.257131398 -0.525243759
vn -0.963548303 0.260923594 -0.0591075234
vn -0.903927088 0.272953331 -0.32926026
vn -0.959776819 0.278160155 -0.0381495841
vn -0.91265738 0.296137035 -0.281708151
vn -0.817115307 0.280498147 -0.503630102
vn -0.68992877 0.270454347 -0.671455622
vn -0.552529633 0.257815182 -0.792617381
vn -0.561854005 0.29282552 -0.773675203
vn -0.699839056 0.303552985 -0.646591783
vn -0.562562883 0.359986395 -0.744266689
vn -0.699605584 0.356574446 -0.619198501
vn -0.823265254 0.31604743 -0.471538246
vn -0.547689438 0.441754818 -0.710555315
vn -0.71838814 0.428436816 -0.548051476
vn -0.40998593 0.582979023 -0.7014606
vn -0.912959516 0.330509603 -0.239308283
vn -0.823646486 0.365365088 -0.433721989
vn -0.884877503 0.418889463 -0.203772843
vn -0.67710048 0.515867293 -0.524800777
vn -0.911392808 0.369035333 -0.182142735
vn -0.446719646 0.37218684 -0.813583732
vn -0.04058332 0.658925354 -0.751112819
vn -0.931670129 0.363184482 0.00936717167
vn -0.94395858 0.329981893 0.00735930214
vn -0.695647359 0.312693864 -0.646758974
vn -0.304404676 0.50412482 -0.808205307
vn -0.953910947 0.299838722 -0.0122729326
vn -0.917717218 0.232323334 0.322212577
vn -0.911212623 0.26707074 0.313631654
vn -0.917501092 0.206797481 0.339744657
vn -0.901481569 0.299989522 0.311989367
vn -0.0967895463 0.772868931 -0.627140641
vn 0.0180110615 0.645323515 -0.763697028
vn -0.296874553 0.054306373 -0.953371048
vn -0.130267039 0.210846305 -0.968800485
vn -0.375161797 0.841318607 -0.389148533
vn -0.665245175 0.436190486 -0.605959237
vn -0.539903164 0.841704011 0.00625058962
vn -0.835240126 0.455926657 -0.307416588
vn -0.674569011 0.664659262 0.321223468
vn -0.896510363 0.271124721 -0.350371957
vn -0.905195892 0.387422293 0.174711928
vn -0.860767484 0.445920408 -0.245426655
vn -0.974813104 0.213111848 0.0657473654
vn -0.806870937 0.362318218 0.46656695
vn -0.824250817 0.293069959 0.484479815
vn -0.927801192 0.0873341337 0.362708926
vn -0.895897865 0.409092307 0.173235133
vn -0.903561175 0.406392902 0.135727704
vn -0.775662661 0.234135807 0.586112559
vn -0.268235236 0.771173418 0.577357173
vn -0.882219017 0.339300692 0.32644242
vn -0.780476987 0.238156646 0.578045845
vn -0.272821248 0.154697031 0.94954586
vn -0.167781651 0.690126657 0.703970492
vn -0.22311312 0.119856521 0.967396021
vn -0.322236419 0.165865034 0.93201524
vn -0.798938394 0.366530776 0.476814985
vn -0.768833518 0.290273219 0.569768786
vn -0.699411154 0.283890814 0.655919254
vn -0.626320124 0.24516885 0.740010381
vn -0.457405925 0.178760618 0.871105313
vn 0.707991183 -0.0763640255 0.702080488
vn -0.783476591 0.258061409 0.565304101
vn -0.611195385 0.232966065 0.756417215
vn -0.41812411 0.169893816 0.892361045
vn -0.606164336 0.205553621 0.768317997
vn -0.793369532 0.221066147 0.56718111
vn 0.667126 -0.0888155997 0.739631474
vn -0.802301705 0.180518359 0.568968415
vn -0.402144015 0.1474538 0.903624654
vn 0.632791698 -0.10334231 0.76739502
vn 0.288066775 -0.0219749101 0.957358181
vn -0.606190503 0.173330158 0.776202023
vn -0.615288854 0.141011283 0.775587082
vn -0.808444083 0.155285373 0.567718744
vn -0.388039768 0.122525938 0.913461864
vn -0.397913545 0.100125365 0.91194278
vn 0.603590131 -0.0945220366 0.791671991
vn 0.281212747 -0.0173624679 0.959488332
vn -0.914359033 0.190139726 0.357483327
vn -0.629831016 0.122290298 0.767044902
vn -0.81071943 0.147456154 0.566560507
vn -0.907614708 0.19310835 0.372752786
vn -0.904357135 0.194808811 0.379720539
vn -0.808320761 0.152569339 0.568630159
vn -0.642364144 0.118508227 0.757181764
vn -0.415402591 0.0861040503 0.905553281
vn -0.906714618 0.182881266 0.380030364
vn -0.799822986 0.147144005 0.581920922
vn -0.803068161 0.157596052 0.57466954
vn -0.646245122 0.117705643 0.753997743
vn -0.639689088 0.097457394 0.76243037
vn -0.645286441 0.113469593 0.755466878
vn -0.434383035 0.0465276763 0.899525702
vn -0.425893098 0.0827296376 0.900983214
vn -0.43027398 0.0776583925 0.899351716
vn -0.434825391 0.0661717728 0.898080289
vn 0.585912585 -0.10837853 0.803094268
vn 0.55931896 -0.106594719 0.82207042
vn 0.117575146 -0.0614259839 0.991162419
vn 0.539369524 -0.101483136 0.835931718
vn 0.549133599 -0.106702074 0.828895092
vn -0.225766718 0.00576255005 0.974164307
vn 0.111474074 -0.0452739932 0.992735505
vn -0.717087328 -0.00352982478 0.696974397
vn 0.113883398 -0.0398483835 0.992694616
vn -0.234280407 0.0139097571 0.972069502
vn 0.577561319 -0.109043442 0.809031785
vn 0.101303592 -0.0330688953 0.994305789
vn -0.962667108 0.00538565544 -0.270634532
vn -0.705854893 0.00492883101 0.708339334
vn -0.246924639 0.0275880545 0.968641877
vn -0.237113521 0.0734750107 0.968699455
vn -0.969568193 0.0180292893 -0.244156748
vn -0.236373261 0.0964995846 0.966858566
vn -0.693119347 0.0211247932 0.720513344
vn -0.264117956 0.0610046163 0.962559164
vn -0.983127236 0.0290993899 -0.180593416
vn -0.234109387 0.123486146 0.964336038
vn -0.68332243 0.0506675392 0.7283566
vn 0.107564427 -0.00565670198 0.99418205
vn 0.171272084 -0.00927532651 0.98518014
vn -0.260813981 0.0813168734 0.96195817
vn -0.995383203 0.0315383226 -0.0906506553
vn -0.0765647441 0.123288691 0.989412844
vn -0.224129915 0.0778721273 0.971443057
vn -0.675188303 0.0758469403 0.733735621
vn -0.209768221 0.135978416 0.968249559
vn -0.0726832002 0.135454521 0.98811394
vn -0.685736179 0.075525023 0.72392118
vn -0.215186328 0.0529971048 0.975133896
vn -0.721413374 0.0417265892 0.69124639
vn -0.998920441 0.0245563369 -0.0394330248
vn -0.998983204 0.0169710908 -0.0417670943
vn -0.188141942 0.1222734 0.974500775
vn -0.0843165442 0.119479284 0.989249945
vn -0.10588818 0.115773223 0.987615466
vn -0.0111084124 0.107978337 0.994091213
vn 0.00116151071 0.102901302 0.994690835
vn -0.0986270085 -0.0217795335 0.9948861
vn 0.0275863186 -0.270135164 0.96242708
vn -0.158093959 -0.0299244728 0.986970544
vn 0.145017415 -0.00140903948 0.989428103
vn 0.0647680834 -0.0392657369 0.997127473
vn -0.339525998 0.1487654 0.928757787
vn 0.228988096 0.249423936 0.940931559
vn 0.274375409 0.305514097 0.911800086
vn 0.309495807 0.644351244 0.699302375
vn 0.330661982 0.109554693 0.93736887
vn 0.145017415 -0.00140903948 0.989428103
vn 0.228988096 0.249423936 0.940931559
vn 0.101643436 0.0619684607 0.992888927
vn 0.277377576 0.0699679926 0.958209872
vn 0.282109141 0.161975592 0.945610046
vn 0.10607668 0.132087544 0.985545933
vn -0.231343538 0.285402387 0.930067599
vn -0.339525998 0.1487654 0.928757787
vn -0.158093959 -0.0299244728 0.986970544
vn -0.272821248 0.154697031 0.94954586
vn -0.167781651 0.690126657 0.703970492
vn -0.0986270085 -0.0217795335 0.9948861
vn -0.22311312 0.119856521 0.967396021
vn -0.10588818 0.115773223 0.987615466
vn -0.322236419 0.165865034 0.93201524
vn -0.04058332 0.658925354 -0.751112819
vn -0.113039061 0.506646633 -0.854711354
vn 0.00456860848 0.58710587 -0.809497237
vn -0.0537598915 0.531123102 -0.845587432
vn 0.0180110615 0.645323515 -0.763697028
vn -0.296874553 0.054306373 -0.953371048
vn -0.230935395 0.256676346 -0.938502014
vn -0.041700352 0.886796713 -0.460274696
vn -0.130267039 0.210846305 -0.968800485
vn -0.05013901 0.579510868 -0.813420713
vn 0.0712746903 -0.421241939 0.904143274
vn -0.0225196853 -0.563356102 0.825907171
vn -0.0501744188 -0.491682857 0.869327605
vn -0.293728381 -0.554070592 0.778928399
vn 0.15860416 -0.312284887 0.936655164
vn 0.145255297 -0.209097862 0.967046499
vn 0.205121249 -0.172823623 0.96335727
vn 0.187082142 -0.599858403 0.777926862
vn 0.0824126899 -0.52606827 0.846439838
vn -0.400785714 -0.454852492 0.795286119
vn -0.550167441 -0.557777584 0.621449769
vn 0.0362145826 -0.516983688 0.855228841
vn 0.0474766307 -0.623806238 0.780135691
vn 0.00320160482 -0.535277128 0.844670355
vn -0.102740899 -0.549063027 0.829442084
vn 0.315118849 -0.490718186 0.812339783
vn 0.564369202 -0.605676353 0.560930848
vn 0.695728064 -0.431227714 0.574460745
vn 0.747696757 -0.648080409 0.144711509
vn 0.820844412 -0.486613035 0.299035519
vn 0.820309758 -0.532343447 -0.209051192
vn -0.672066927 -0.400161237 0.623054564
vn -0.464914769 -0.472495168 0.748733878
vn -0.462051421 -0.560344219 0.687402904
vn -0.850109041 -0.48682332 0.20079276
vn -0.84253341 -0.538417935 -0.0156079261
vn -0.690963268 -0.453460336 0.562977254
vn -0.107610747 -0.549996972 0.82820487
vn -0.879705966 -0.400274813 -0.256704926
vn -0.960136592 -0.193317384 -0.201906368
vn -0.840105474 -0.465022177 0.279243916
vn -0.927534699 -0.202495292 -0.314126015
vn -0.885425866 -0.233439475 -0.401904285
vn -0.799445212 -0.285031348 -0.528814197
vn -0.65844655 -0.402757436 -0.635794401
vn -0.331878603 -0.537112117 -0.775478661
vn -0.324177295 -0.177977949 -0.929103315
vn -0.281783938 -0.802158058 -0.526441157
vn -0.712991178 -0.271874636 -0.646318674
vn -0.849815488 -0.382352203 -0.362795204
vn -0.148305163 -0.0415645055 -0.988067865
vn -0.104049407 -0.141197592 -0.984498322
vn -0.176541999 -0.248154417 -0.9524979
vn 0.00521346927 0.101808779 -0.994790316
vn -0.274472922 -0.173692033 -0.945777774
vn -0.270971775 -0.159338132 -0.949307919
vn -0.709838986 -0.308054566 -0.633427978
vn -0.787287951 -0.459435999 -0.411213279
vn -0.849140048 -0.491513401 -0.193327844
vn -0.870909393 -0.476888061 -0.118721001
vn -0.807000637 -0.395687789 -0.438384563
vn -0.862892449 -0.47004053 -0.185683876
vn -0.632522762 -0.250101805 -0.733051181
vn -0.81908536 -0.506200612 0.26992631
vn -0.803284943 -0.363188297 -0.472046286
vn -0.89416784 -0.424844414 -0.14131929
vn -0.678414822 -0.533605933 0.504993141
vn -0.860109448 -0.453056991 0.234416738
vn -0.691655874 -0.470942765 0.547562778
vn -0.312988222 -0.121492237 -0.941954434
vn -0.572175205 -0.206223041 -0.793780565
vn -0.881820798 -0.309876531 -0.355483651
vn -0.940035403 -0.340580583 -0.0183949526
vn -0.784059584 -0.274235994 -0.556816936
vn -0.900138319 -0.276777565 -0.336370587
vn -0.917267919 -0.349575162 0.190831244
vn -0.829497457 -0.355602801 0.430674642
vn -0.952918887 -0.30251953 -0.0206754692
vn -0.797951043 -0.25087285 -0.548029959
vn -0.588077247 -0.190224499 -0.786116898
vn -0.905313849 -0.270398676 -0.327553868
vn -0.805920362 -0.238761216 -0.54174298
vn -0.671111465 -0.348273218 0.654457927
vn -0.834911644 -0.291932672 0.466580957
vn -0.924321949 -0.303951293 0.230743766
vn -0.535378397 -0.467375606 0.703512609
vn -0.306338876 -0.463273555 0.831585348
vn -0.532243788 -0.342609823 0.774167299
vn -0.676234961 -0.27273348 0.684341073
vn -0.8240152 -0.260787249 0.502980173
vn -0.919709027 -0.291169673 0.26335445
vn 0.0256426036 -0.421914041 0.906273186
vn -0.95394057 -0.299945831 -0.00547243981
vn -0.804126084 -0.254812956 0.537076771
vn -0.664453328 -0.229078084 0.711354375
vn -0.906829119 -0.28755939 0.308172911
vn -0.0118873129 -0.345448941 0.938362181
vn 0.191023305 -0.389352441 0.901063144
vn -0.326265961 -0.333373398 0.884540975
vn -0.339103281 -0.252817661 0.906141341
vn -0.518045366 -0.258429646 0.815379202
vn -0.513889253 -0.212775603 0.831050277
vn -0.346947044 -0.2095166 0.914182961
vn -0.0658592358 -0.248965234 0.966270626
vn 0.171600774 -0.342385709 0.923756003
vn -0.650074542 -0.225704968 0.725575924
vn -0.510411859 -0.20919019 0.834097743
vn 2.33566825E-05 -0.398911744 0.916989386
vn -0.790908396 -0.240646392 0.562630594
vn -0.644254565 -0.228948072 0.729738891
vn -0.898399055 -0.263054937 0.351683438
vn -0.355599463 -0.204606935 0.911967695
vn -0.508418441 -0.224458158 0.831341803
vn -0.0685565621 -0.201907814 0.977002144
vn 0.135615289 -0.188834429 0.972599566
vn -0.0752098858 -0.195819646 0.977751613
vn -0.360362738 -0.220950529 0.906266868
vn 0.148047224 -0.236616775 0.96025753
vn 4.03803933E-05 -0.340795845 0.940137386
vn 1.09414141E-05 -0.240697727 0.970600188
vn -0.147994787 -0.236625537 0.960263431
vn -0.168557063 -0.343599141 0.923865914
vn -0.168803513 -0.403052956 0.899474084
vn -1.37324478E-05 -0.193467647 0.981106639
vn 0.0426518098 -0.358838171 0.932424784
vn 0.0334932394 -0.51859647 0.854362786
vn 0.00289472891 -0.423154473 0.906052947
vn 0.42416048 -0.485170573 0.764655173
vn 0.668289781 -0.462636828 0.582542658
vn 0.413746238 -0.587853134 0.695156634
vn 0.28848353 -0.447563529 0.846442103
vn 0.835846305 -0.45871219 0.301569343
vn 0.313196838 -0.353138477 0.881589949
vn 0.650673449 -0.561967731 0.510701835
vn 0.503310978 -0.447314858 0.73931551
vn 0.877089083 -0.459716648 -0.139195174
vn 0.839837432 -0.316584527 -0.440961748
vn 0.807666004 -0.392519116 -0.440005124
vn 0.909859776 -0.404041529 -0.0943696126
vn 0.927485049 -0.0574766174 -0.369415671
vn 0.82515341 -0.507445931 0.248234391
vn 0.870594025 -0.444319159 0.211297169
vn 0.874236584 -0.45554772 -0.167888507
vn 0.696023107 -0.453465253 0.556705594
vn 0.516829193 -0.349451095 0.781518757
vn 0.769013643 -0.183900163 -0.612208009
vn 0.451629639 -0.416881859 -0.788822055
vn 0.760396063 -0.31253618 -0.569314539
vn 0.254666626 -0.249241218 -0.934357345
vn 0.262213409 -0.350947946 -0.898932517
vn 0.111996673 0.140284538 -0.983756661
vn 0.106596895 -0.129309624 -0.985858023
vn 0.153382972 0.114253774 -0.981539428
vn 0.33912015 -0.252823085 0.906133533
vn 0.197402775 -0.1972505 -0.960273147
vn 0.101424091 -0.116970167 -0.987942874
vn 0.28273657 -0.16013436 -0.94573617
vn -0.00778963137 -0.140301406 -0.990078211
vn -0.0142697301 -0.117708541 -0.992945731
vn 0.0658663735 -0.248969719 0.966268957
vn 0.696435094 -0.313932389 -0.645309687
vn -0.106911547 -0.129808888 -0.985758305
vn 0.633939981 -0.250726938 -0.731612027
vn 0.34694615 -0.209496692 0.914187849
vn 0.0685756952 -0.201913685 0.97699964
vn 0.518316567 -0.258682221 0.815126598
vn -0.135587007 -0.188860774 0.972598433
vn -3.47185414E-05 -0.186031461 0.982543766
vn 0.672469199 -0.349050283 0.652647793
vn -0.128343388 -0.181291565 0.97501862
vn 0.128357977 -0.181296736 0.975015819
vn -0.0826144591 -0.207960382 0.974642217
vn 0.11953111 -0.194615439 0.973569274
vn -0.0820150599 -0.204853609 0.97535044
vn -2.26945667E-05 -0.202864885 0.9792068
vn 0.830091536 -0.3565602 0.428734124
vn -0.359846115 -0.228488207 0.904601514
vn 0.10687428 -0.183678731 0.977159202
vn -0.509283602 -0.232312724 0.828650117
vn -0.643760502 -0.229845196 0.72989285
vn 0.835020959 -0.293036163 0.465692759
vn 0.917186737 -0.350100815 0.190257818
vn 0.676763415 -0.273595661 0.683474004
vn -0.509111106 -0.231978357 0.828849733
vn -0.646158874 -0.232254475 0.727005243
vn -0.355556935 -0.217677295 0.90895319
vn -0.0735107958 -0.183841541 0.980203271
vn 0.940034688 -0.340562731 -0.0187614355
vn 0.924163997 -0.304737747 0.230338454
vn 0.824111342 -0.261076152 0.502672613
vn 0.897221863 -0.42033112 -0.135331526
vn 0.808804989 -0.369571239 -0.457440376
vn 0.664511442 -0.229154989 0.71127528
vn 0.884897411 -0.308361232 -0.349098891
vn 0.513891101 -0.212764755 0.831051826
vn 0.510400593 -0.20919098 0.834104598
vn 0.650049269 -0.225719333 0.725594044
vn 0.355597258 -0.204607859 0.911968291
vn 0.0752399489 -0.19582209 0.977748752
vn -0.119522363 -0.194591373 0.973575175
vn 0.0826178193 -0.207944945 0.974645138
vn 0.360364556 -0.220942944 0.906268001
vn -0.106879152 -0.183716461 0.977151453
vn 0.508406758 -0.224450022 0.831351221
vn 0.0820455849 -0.204879731 0.975342393
vn -1.3908696E-05 -0.19237186 0.98132205
vn 0.0934503973 -0.158288598 0.982960701
vn -1.37349207E-05 -0.167975545 0.985791087
vn 0.359845579 -0.228486255 0.90460223
vn -0.0934638828 -0.158270553 0.98296243
vn -0.0606111139 -0.159322798 0.985364139
vn 0.0802421868 -0.138415977 0.987118125
vn 3.8852022E-06 -0.151500434 0.988457143
vn -0.345531017 -0.199564934 0.916941762
vn -0.506654918 -0.220901564 0.833368659
vn 0.0703084245 -0.131005436 0.988885403
vn -0.328640461 -0.200968623 0.922825575
vn -0.65150398 -0.224957734 0.724525154
vn -0.0476618074 -0.155018792 0.986761093
vn -0.49888128 -0.232072785 0.835020781
vn -0.782278538 -0.22430712 0.581142604
vn -0.655063629 -0.239661172 0.716557145
vn -0.783144832 -0.225242987 0.579611778
vn -0.784291983 -0.230704576 0.575900555
vn -0.890104592 -0.244120225 0.384862512
vn -0.882402122 -0.232808232 0.408860385
vn -0.87260884 -0.237495974 0.426789761
vn -0.779792845 -0.236256942 0.579746366
vn -0.323680907 -0.168039307 0.931124866
vn -0.489371449 -0.187134638 0.851760745
vn -0.076826185 -0.187478676 0.97925961
vn 0.0501813069 -0.146456718 0.98794347
vn -0.970242143 -0.235694721 0.0554803647
vn -0.968330562 -0.241746604 0.0624054596
vn -0.864731848 -0.244318515 0.438802183
vn -0.781539917 -0.228947252 0.58032608
vn -0.656308234 -0.2154333 0.723082304
vn -0.968444049 -0.245384187 0.0436202809
vn -0.96343112 -0.266706854 0.0258462802
vn -0.955994487 -0.293169737 0.0112275835
vn -0.915961087 -0.218655482 -0.336459547
vn -0.912073612 -0.248037666 -0.326495171
vn -0.820583105 -0.215388045 -0.529387593
vn -0.836581588 -0.18779926 -0.51464808
vn -0.912778497 -0.185368896 -0.363969415
vn -0.916679442 -0.195612937 -0.348474413
vn -0.845930994 -0.161335662 -0.50830251
vn -0.576957643 -0.120573699 -0.807825446
vn -0.56560564 -0.135528386 -0.813463151
vn -0.844554901 -0.143527627 -0.515874863
vn -0.905887127 -0.190911233 -0.378049403
vn -0.572135448 -0.164120361 -0.803570569
vn -0.579466879 -0.0999076143 -0.808848917
vn -0.832846701 -0.143929318 -0.534462929
vn -0.968924344 -0.240470394 0.0579623431
vn -0.2339513 -0.0310215633 -0.971753299
vn -0.246008426 -0.0640121847 -0.967151642
vn -0.270107388 -0.0489581972 -0.961584687
vn -0.256851256 -0.0952077508 -0.961749911
vn -0.228645682 -0.029554287 -0.973060966
vn -0.282873333 -0.121729091 -0.951401532
vn -0.255913407 -0.0829291865 -0.963136077
vn -0.245260447 -0.0835787505 -0.965847731
vn -0.264530689 -0.0591722056 -0.962560177
vn -0.314217418 -0.108895816 -0.943084896
vn -0.261527121 -0.0870192051 -0.961265445
vn -0.349133015 -0.104852475 -0.931188524
vn -0.152825594 -0.115872957 -0.98143667
vn -0.221684813 -0.0217552837 -0.974875629
vn -0.155431077 -0.0973122343 -0.983042002
vn -0.0540710986 -0.0835006684 -0.995039642
vn -0.569551051 -0.0739583969 -0.818621874
vn 0.00928425416 -0.0719411001 -0.997365654
vn 0.0857008323 -0.0586163364 -0.99459511
vn 0.0291512348 -0.0900249034 -0.995512784
vn -0.0307956208 -0.10360793 -0.9941414
vn -0.54672277 -0.0633851141 -0.834911108
vn -0.147750482 -0.109399721 -0.982955515
vn 0.0552079044 -0.0817551166 -0.995122135
vn 0.00282972236 -0.0948914737 -0.995483637
vn -0.154933065 -0.086264804 -0.984151483
vn 0.0663939044 -0.0979162827 -0.99297744
vn -0.365287721 -0.0663343444 -0.92852819
vn 0.0321234912 -0.0895742029 -0.995462
vn -0.383915991 -0.0332675986 -0.922768533
vn -0.186381444 -0.0645243526 -0.980356336
vn 0.0344114229 -0.083669439 -0.99589926
vn -0.265277267 -0.0182246994 -0.963999808
vn -0.253403068 -0.0204154309 -0.967145264
vn -0.396541208 -0.0316748433 -0.917470276
vn -0.224058107 -0.0556487851 -0.972985685
vn -0.247964397 -0.0124147935 -0.96868962
vn 0.0268972851 -0.069634527 -0.997209847
vn -0.410189092 -0.0252477657 -0.911650956
vn -0.209828153 0.00227945065 -0.977735639
vn -0.19458133 0.0158200786 -0.980758727
vn -0.249523744 0.0132718142 -0.968277693
vn -0.254000485 -0.0538573489 -0.965703428
vn -0.435577303 -0.00058039336 -0.900151193
vn -0.290337443 -0.0443241 -0.955897212
vn 0.0229195263 -0.0658316314 -0.997567534
vn -0.181075051 0.0268073305 -0.983103871
vn -0.253847748 0.0275074616 -0.966852963
vn -0.468595415 0.0180821642 -0.883227825
vn -0.33526212 -0.0341446362 -0.941505969
vn -0.258791029 0.0348054729 -0.965306044
vn -0.516329706 -0.0476084873 -0.855065584
vn -0.504325449 0.0247384664 -0.863159239
vn -0.819287479 -0.133734599 -0.557568908
vn -0.902038574 -0.183879972 -0.390531123
vn -0.972057104 -0.227796763 0.0566879362
vn -0.898063362 -0.170761168 -0.405367494
vn -0.804498553 -0.117809877 -0.582153618
vn -0.505837083 -0.0750210956 -0.859360576
vn -0.193255022 -0.0167102404 -0.981006265
vn -0.263696998 0.0118049951 -0.964533329
vn -0.491483033 -0.0496134162 -0.869472861
vn -0.864232779 -0.234914213 0.444878817
vn -0.269688666 -0.0182281584 -0.962775052
vn -0.376897991 -0.0311441608 -0.925731003
vn -0.551086128 -0.118167266 -0.826039076
vn -0.112652041 -0.0863877162 -0.989872158
vn -0.071551241 0.012369615 -0.99736017
vn -0.789934754 -0.119298138 -0.601473987
vn -0.891610503 -0.163929507 -0.422087371
vn -0.974205077 -0.222885028 0.0353105702
vn -0.865435004 -0.230601743 0.444797844
vn -0.778595507 -0.212733716 0.590367138
vn -0.643471122 -0.183141708 0.743238807
vn -0.483423561 -0.15121001 0.862228036
vn -0.338069052 -0.139176875 0.930773377
vn -0.153915569 -0.174514845 0.972550511
vn -0.805874646 -0.425385624 -0.411841035
vn -0.864043355 -0.503409863 -0.00276007573
vn -0.716237187 -0.382203311 -0.583887756
vn -0.782837272 -0.493589967 0.378859818
vn -0.525187314 -0.383488595 -0.759680808
vn -0.710968554 -0.458963543 0.532800257
vn -0.189950675 -0.38264969 -0.90415597
vn -0.586130142 -0.453938454 0.671112001
vn 0.0160278957 -0.136707425 -0.990481794
vn -0.44541353 -0.409755498 0.796057284
vn -0.254642695 -0.177036077 -0.950692058
vn -0.33515954 -0.385095716 0.859865844
vn -0.711307883 -0.173192427 -0.681208849
vn -0.187136143 -0.364875615 0.91205585
vn -0.569517434 -0.0430686809 -0.820850134
vn -0.549620688 -0.576836467 -0.604298651
vn 0.19763045 -0.194835216 0.960719168
vn 0.244148374 -0.532917976 0.810178995
vn -0.792386413 -0.212335616 -0.571871877
vn -0.186541066 -0.365113497 -0.912082613
vn 0.216989145 -0.062647298 0.974161744
vn 0.240224689 -0.162709534 0.956983685
vn -0.252179295 -0.144094437 -0.956892014
vn -0.0672496036 -0.310553193 -0.948174179
vn 7.51896721E-07 -0.0999263674 0.994994879
vn -6.59033446E-07 -0.086172834 0.996280134
vn 3.88023693E-07 -0.245342553 0.969436407
vn -0.348707944 -0.0910419375 -0.932799101
vn -0.0406918004 -0.0802624002 -0.995942891
vn -2.58314662E-06 -0.316605002 -0.948557496
vn -0.216997445 -0.0626455545 0.974159896
vn -0.240229174 -0.162709638 0.956982493
vn -0.0198266283 -0.0647656322 -0.997703493
vn -1.18623132E-06 -0.0872703046 -0.996184647
vn 0.0672461092 -0.310554624 -0.948173881
vn -0.0501841307 -0.146453172 0.987943888
vn -0.0703126192 -0.131019697 0.988883197
vn -0.197622404 -0.194849208 0.960718095
vn -0.244148523 -0.532914996 0.810180902
vn -0.00192535424 -0.0721038878 -0.997395277
vn -1.46530078E-06 -0.0751476362 -0.997172415
vn 0.0406903327 -0.0802608058 -0.99594301
vn 0.186543673 -0.365097314 -0.912088454
vn 0.0768204406 -0.187476844 0.979260385
vn 0.153919384 -0.174519569 0.97254914
vn 0.187136948 -0.364875376 0.91205585
vn 0.0103504639 -0.0700394884 -0.997490525
vn 0.25217241 -0.144092217 -0.956894159
vn 0.549610019 -0.57677871 -0.604363501
vn 0.338071436 -0.139175862 0.930772662
vn 0.335158467 -0.385095298 0.8598665
vn 0.323655456 -0.168012381 0.931138515
vn 0.483424872 -0.151208609 0.862227619
vn 0.445415288 -0.409746557 0.79606092
vn -8.72959674E-07 -0.0801904127 -0.996779621
vn 0.0198271554 -0.0647648498 -0.997703612
vn 0.00192248926 -0.072104685 -0.997395277
vn 0.376895756 -0.031146761 -0.925731838
vn -2.24603951E-07 -0.0754627287 -0.997148573
vn 0.348699927 -0.0910480097 -0.932801485
vn 0.792361259 -0.212329656 -0.571908891
vn 0.711318493 -0.173181891 -0.681200385
vn 0.491423041 -0.0496190488 -0.869506359
vn 0.56943661 -0.0430367216 -0.82090795
vn 0.254641831 -0.177033395 -0.950692654
vn 0.26968354 -0.0182078108 -0.962776959
vn -0.0159355737 -0.136747122 -0.9904778
vn 0.263684601 0.0118223298 -0.964536548
vn 0.0717001557 0.0123462537 -0.997349858
vn 0.19328247 -0.0167304184 -0.981000543
vn 0.189939067 -0.382743269 -0.904118836
vn 0.112665698 -0.0862914771 -0.989878893
vn 0.52516216 -0.383524954 -0.759679854
vn 0.550991833 -0.118059039 -0.826117516
vn 0.716234744 -0.382218868 -0.583880603
vn 0.258800417 0.0348030627 -0.9653036
vn 0.789954603 -0.119247623 -0.601457894
vn 0.80586648 -0.425418347 -0.411823362
vn 0.504379094 0.0247348566 -0.863127887
vn 0.505954027 -0.0749024674 -0.859302163
vn 0.89161253 -0.163941428 -0.42207855
vn 0.86402458 -0.503441989 -0.002777847
vn 0.804551482 -0.117673993 -0.582107961
vn 0.974196553 -0.222925246 0.0352888554
vn 0.782836437 -0.493599802 0.378848851
vn 0.898117125 -0.17060113 -0.405315906
vn 0.865440845 -0.230619818 0.44477722
vn 0.710969925 -0.458958775 0.532802701
vn 0.972078383 -0.227714136 0.0566564612
vn 0.778596997 -0.21272704 0.590367615
vn 0.586131036 -0.453913331 0.671128094
vn 0.864257693 -0.234881833 0.444847405
vn 0.64347744 -0.18313776 0.743234336
vn 0.781541407 -0.228925183 0.580333054
vn 0.864752769 -0.244297192 0.438772708
vn 0.968930185 -0.240425274 0.05805213
vn 0.656319618 -0.215398252 0.723082423
vn 0.489377201 -0.187083274 0.851768613
vn 0.655087173 -0.239653334 0.716538191
vn 0.902111471 -0.18388918 -0.390358448
vn 0.819303632 -0.133809239 -0.557527363
vn 0.779788017 -0.23624517 0.579757631
vn 0.905910492 -0.191083893 -0.377906203
vn 0.516218424 -0.0476153977 -0.855132341
vn 0.181086719 0.0268057249 -0.983101785
vn 0.546616256 -0.0633965507 -0.834979892
vn 0.194587052 0.0158199091 -0.980757713
vn 0.832847118 -0.144041821 -0.534431934
vn 0.253867269 0.0275160875 -0.966847539
vn 0.468616515 0.0180858001 -0.88321656
vn 0.249530897 0.0132725248 -0.968275905
vn 0.209829912 0.00228335173 -0.977735162
vn 0.569583535 -0.0739666373 -0.818598509
vn 0.844586432 -0.143528357 -0.515822947
vn 0.247973651 -0.0124221295 -0.968687177
vn 0.221673578 -0.0217665005 -0.974877894
vn 0.435581654 -0.000577324361 -0.900149047
vn 0.579449713 -0.0999504626 -0.808855951
vn 0.335258514 -0.0341475718 -0.941507101
vn 0.290327132 -0.0443219356 -0.95590049
vn -0.0103524728 -0.070039697 -0.997490525
vn -0.0182653554 -0.0668132827 -0.997598231
vn -0 -0.069846794 -0.997557759
vn -0.0229202397 -0.0658266693 -0.997567713
vn 0.254009575 -0.0538469963 -0.96570164
vn 0.410200804 -0.025242079 -0.911645889
vn 0.253405809 -0.0204174444 -0.967144608
vn 0.224780232 -0.0547766536 -0.972868681
vn 0.0182631742 -0.0668119639 -0.997598469
vn -0 -0.0671345145 -0.997743964
vn -0.0270983502 -0.0684586391 -0.997285843
vn -0.000725676422 -0.0721783116 -0.997391462
vn -0.00241100253 -0.0880057588 -0.996116996
vn -0.0349877067 -0.0819059238 -0.996025681
vn -0.00954632089 -0.0933044553 -0.995591819
vn -0.00142903172 -0.105491661 -0.994419158
vn -0.0408008359 -0.122596867 -0.991617501
vn -0.0425252765 -0.0984450579 -0.994233429
vn 0.189213589 -0.063190721 -0.979900658
vn -0.0161768589 -0.12632066 -0.991857588
vn 0.396706253 -0.0315782502 -0.917402267
vn 0.154035255 -0.0861934721 -0.984298587
vn 0.0145455115 -0.0886682048 -0.99595499
vn 0.0862888694 -0.0942173675 -0.991805077
vn 0.0911783427 -0.121382348 -0.988409162
vn 0.121773794 -0.117572442 -0.985569894
vn 0.233323336 -0.0863317251 -0.968559325
vn 0.27776292 -0.0989747569 -0.955537379
vn 0.339361936 -0.0983192027 -0.935503423
vn 0.366377801 -0.065449141 -0.928161442
vn 0.243170008 -0.0662005618 -0.967721999
vn 0.256265044 -0.0543121174 -0.965079486
vn 0.335554063 -0.138180614 -0.9318313
vn 0.257360518 -0.0938597322 -0.961746275
vn 0.259667575 -0.0733569115 -0.96290791
vn 0.384374619 -0.0331890546 -0.922580481
vn 0.257442623 -0.0842692256 -0.962612092
vn 0.270651609 -0.0485439114 -0.961452663
vn 0.265288234 -0.018227512 -0.963996828
vn 0.604833424 -0.197222263 -0.77154392
vn 0.22861743 -0.0295489281 -0.97306776
vn 0.233919293 -0.0310005508 -0.971761644
vn 0.576983511 -0.120595269 -0.807803631
vn 0.591191351 -0.178592324 -0.786509752
vn 0.795911193 -0.266355008 -0.543673038
vn 0.246041521 -0.063808091 -0.967156768
vn 0.57168895 -0.163173661 -0.804080844
vn 0.803177297 -0.24355723 -0.543678224
vn 0.901840448 -0.275062203 -0.333203673
vn 0.565575242 -0.135414615 -0.813503265
vn 0.806197703 -0.237527817 -0.541872561
vn 0.952921271 -0.302533835 -0.0203550849
vn 0.905781269 -0.269659132 -0.326870292
vn 0.820650697 -0.215190724 -0.529363036
vn 0.836619139 -0.187826976 -0.514576852
vn 0.919641435 -0.291474313 0.263253301
vn 0.953950346 -0.299916029 -0.00539926812
vn 0.912142038 -0.247869715 -0.326431513
vn 0.84594655 -0.161395058 -0.508257926
vn 0.915947676 -0.21867843 -0.336481094
vn 0.956000626 -0.29315272 0.0111523196
vn 0.80410403 -0.254848272 0.537093163
vn 0.916684091 -0.195663214 -0.348433882
vn 0.912799954 -0.18534638 -0.363926947
vn 0.963429213 -0.266725928 0.0257210545
vn 0.90683496 -0.287610203 0.30810827
vn 0.64423877 -0.22893624 0.729756653
vn 0.968452334 -0.245366544 0.043536108
vn 0.968312919 -0.241794452 0.0624954924
vn 0.970258653 -0.23563844 0.0554330386
vn 0.872614205 -0.237500146 0.42677635
vn 0.790881932 -0.240655571 0.562663853
vn 0.88241446 -0.232742086 0.408871353
vn 0.782266021 -0.224330232 0.581150413
vn 0.898397207 -0.263082236 0.351667613
vn 0.890117109 -0.244080156 0.384858906
vn 0.7842592 -0.230651632 0.575966477
vn 0.783121407 -0.225212008 0.579655409
vn 0.65149051 -0.225011602 0.724520445
vn 0.643755198 -0.229805529 0.729910135
vn 0.646149397 -0.232248843 0.727015436
vn 0.506634235 -0.220970631 0.833362937
vn 0.509275794 -0.232294261 0.828660071
vn 0.509109974 -0.231967792 0.828853488
vn 0.355573803 -0.217676669 0.908946753
vn 0.498882651 -0.232083395 0.835016966
vn 0.328590304 -0.200975984 0.922841787
vn 0.345517665 -0.199586406 0.91694206
vn 0.047637213 -0.155021861 0.986761808
vn 0.0605993792 -0.159300104 0.98536855
vn 0.0735284165 -0.18383415 0.980203271
vn -0.0802469701 -0.138388038 0.987121642
vn 8.79684558E-06 -0.140906289 0.990022957
g Skirt_0
f 3/3/3 2/2/2 1/1/1
f 4/4/4 3/3/3 1/1/1
f 4/4/4 1/1/1 5/5/5
f 6/6/6 3/3/3 4/4/4
f 7/7/7 4/4/4 5/5/5
f 7/7/7 5/5/5 8/8/8
f 9/9/9 6/6/6 4/4/4
f 4/4/4 7/7/7 9/9/9
f 10/10/10 6/6/6 9/9/9
f 11/11/11 10/10/10 9/9/9
f 12/12/12 10/10/10 11/11/11
f 7/7/7 13/13/13 9/9/9
f 11/11/11 9/9/9 13/13/13
f 14/14/14 7/7/7 8/8/8
f 7/7/7 14/14/14 13/13/13
f 15/15/15 12/12/12 11/11/11
f 16/16/16 12/12/12 15/15/15
f 14/14/14 8/8/8 17/17/17
f 8/8/8 18/18/18 17/17/17
f 17/17/17 18/18/18 19/19/19
f 14/14/14 20/20/20 13/13/13
f 14/14/14 17/17/17 20/20/20
f 21/21/21 11/11/11 13/13/13
f 15/15/15 11/11/11 21/21/21
f 21/21/21 13/13/13 20/20/20
f 22/22/22 16/16/16 15/15/15
f 23/23/23 16/16/16 22/22/22
f 24/24/24 17/17/17 19/19/19
f 24/24/24 19/19/19 25/25/25
f 26/26/26 15/15/15 21/21/21
f 22/22/22 15/15/15 26/26/26
f 27/27/27 23/23/23 22/22/22
f 28/28/28 23/23/23 27/27/27
f 17/17/17 29/29/29 20/20/20
f 29/29/29 17/17/17 24/24/24
f 30/30/30 24/24/24 25/25/25
f 30/30/30 25/25/25 31/31/31
f 32/32/32 21/21/21 20/20/20
f 26/26/26 21/21/21 32/32/32
f 33/33/33 22/22/22 26/26/26
f 27/27/27 22/22/22 33/33/33
f 34/34/34 28/28/28 27/27/27
f 35/35/35 28/28/28 34/34/34
f 20/20/20 29/29/29 36/36/36
f 32/32/32 20/20/20 36/36/36
f 37/37/37 29/29/29 24/24/24
f 37/37/37 24/24/24 30/30/30
f 38/38/38 26/26/26 32/32/32
f 33/33/33 26/26/26 38/38/38
f 39/39/39 27/27/27 33/33/33
f 27/27/27 39/39/39 34/34/34
f 40/40/40 35/35/35 34/34/34
f 41/41/41 35/35/35 40/40/40
f 32/32/32 36/36/36 42/42/42
f 38/38/38 32/32/32 42/42/42
f 43/43/43 36/36/36 29/29/29
f 37/37/37 43/43/43 29/29/29
f 42/42/42 36/36/36 43/43/43
f 44/44/44 33/33/33 38/38/38
f 39/39/39 33/33/33 44/44/44
f 39/39/39 45/45/45 34/34/34
f 40/40/40 34/34/34 45/45/45
f 46/46/46 41/41/41 40/40/40
f 47/47/47 41/41/41 46/46/46
f 37/37/37 48/48/48 43/43/43
f 48/48/48 37/37/37 30/30/30
f 38/38/38 42/42/42 49/49/49
f 44/44/44 38/38/38 49/49/49
f 50/50/50 39/39/39 44/44/44
f 39/39/39 50/50/50 45/45/45
f 51/51/51 40/40/40 45/45/45
f 40/40/40 51/51/51 46/46/46
f 52/52/52 47/47/47 46/46/46
f 53/53/53 47/47/47 52/52/52
f 50/50/50 44/44/44 54/54/54
f 44/44/44 49/49/49 54/54/54
f 50/50/50 55/55/55 45/45/45
f 51/51/51 45/45/45 55/55/55
f 50/50/50 54/54/54 55/55/55
f 51/51/51 56/56/56 46/46/46
f 52/52/52 46/46/46 56/56/56
f 57/57/57 53/53/53 52/52/52
f 58/58/58 53/53/53 57/57/57
f 59/59/59 51/51/51 55/55/55
f 51/51/51 59/59/59 56/56/56
f 60/60/60 52/52/52 56/56/56
f 57/57/57 52/52/52 60/60/60
f 61/61/61 58/58/58 57/57/57
f 62/62/62 58/58/58 61/61/61
f 59/59/59 63/63/63 56/56/56
f 60/60/60 56/56/56 63/63/63
f 59/59/59 55/55/55 64/64/64
f 59/59/59 64/64/64 63/63/63
f 65/65/65 57/57/57 60/60/60
f 61/61/61 57/57/57 65/65/65
f 55/55/55 66/66/66 64/64/64
f 54/54/54 66/66/66 55/55/55
f 67/67/67 60/60/60 63/63/63
f 65/65/65 60/60/60 67/67/67
f 68/68/68 62/62/62 61/61/61
f 69/69/69 61/61/61 65/65/65
f 68/68/68 61/61/61 69/69/69
f 70/70/70 62/62/62 68/68/68
f 71/71/71 62/62/62 70/70/70
f 72/72/72 65/65/65 67/67/67
f 69/69/69 65/65/65 72/72/72
f 73/73/73 68/68/68 69/69/69
f 68/68/68 73/73/73 70/70/70
f 74/74/74 71/71/71 70/70/70
f 75/75/75 71/71/71 74/74/74
f 76/76/76 69/69/69 72/72/72
f 73/73/73 69/69/69 76/76/76
f 73/73/73 77/77/77 70/70/70
f 70/70/70 77/77/77 74/74/74
f 78/78/78 73/73/73 76/76/76
f 73/73/73 78/78/78 77/77/77
f 72/72/72 67/67/67 79/79/79
f 76/76/76 72/72/72 80/80/80
f 72/72/72 79/79/79 80/80/80
f 78/78/78 76/76/76 81/81/81
f 76/76/76 80/80/80 81/81/81
f 78/78/78 82/82/82 77/77/77
f 78/78/78 81/81/81 82/82/82
f 77/77/77 83/83/83 74/74/74
f 77/77/77 82/82/82 83/83/83
f 84/84/84 75/75/75 74/74/74
f 84/84/84 74/74/74 83/83/83
f 67/67/67 85/85/85 79/79/79
f 67/67/67 63/63/63 85/85/85
f 63/63/63 86/86/86 85/85/85
f 64/64/64 86/86/86 63/63/63
f 79/79/79 85/85/85 87/87/87
f 87/87/87 85/85/85 86/86/86
f 88/88/88 86/86/86 64/64/64
f 88/88/88 87/87/87 86/86/86
f 84/84/84 89/89/89 75/75/75
f 89/89/89 90/90/90 75/75/75
f 91/91/91 90/90/90 89/89/89
f 92/92/92 79/79/79 87/87/87
f 80/80/80 79/79/79 92/92/92
f 93/93/93 88/88/88 64/64/64
f 93/93/93 64/64/64 66/66/66
f 94/94/94 80/80/80 92/92/92
f 81/81/81 80/80/80 94/94/94
f 95/95/95 93/93/93 66/66/66
f 95/95/95 66/66/66 54/54/54
f 96/96/96 95/95/95 54/54/54
f 96/96/96 54/54/54 49/49/49
f 97/97/97 96/96/96 49/49/49
f 97/97/97 49/49/49 42/42/42
f 98/98/98 97/97/97 42/42/42
f 98/98/98 42/42/42 43/43/43
f 98/98/98 43/43/43 99/99/99
f 48/48/48 99/99/99 43/43/43
f 98/98/98 100/100/100 97/97/97
f 100/100/100 98/98/98 99/99/99
f 97/97/97 101/101/101 96/96/96
f 100/100/100 101/101/101 97/97/97
f 96/96/96 102/102/102 95/95/95
f 101/101/101 102/102/102 96/96/96
f 95/95/95 103/103/103 93/93/93
f 102/102/102 103/103/103 95/95/95
f 103/103/103 104/104/104 93/93/93
f 93/93/93 104/104/104 88/88/88
f 104/104/104 105/105/105 88/88/88
f 88/88/88 105/105/105 87/87/87
f 105/105/105 106/106/106 87/87/87
f 92/92/92 87/87/87 106/106/106
f 107/107/107 92/92/92 106/106/106
f 94/94/94 92/92/92 107/107/107
f 100/100/100 108/108/108 101/101/101
f 101/101/101 109/109/109 102/102/102
f 108/108/108 109/109/109 101/101/101
f 102/102/102 110/110/110 103/103/103
f 109/109/109 110/110/110 102/102/102
f 103/103/103 111/111/111 104/104/104
f 110/110/110 111/111/111 103/103/103
f 104/104/104 112/112/112 105/105/105
f 111/111/111 112/112/112 104/104/104
f 105/105/105 113/113/113 106/106/106
f 112/112/112 113/113/113 105/105/105
f 114/114/114 111/111/111 110/110/110
f 112/112/112 111/111/111 114/114/114
f 115/115/115 110/110/110 109/109/109
f 115/115/115 114/114/114 110/110/110
f 108/108/108 100/100/100 116/116/116
f 100/100/100 99/99/99 116/116/116
f 117/117/117 109/109/109 108/108/108
f 117/117/117 115/115/115 109/109/109
f 113/113/113 118/118/118 106/106/106
f 107/107/107 106/106/106 118/118/118
f 119/119/119 112/112/112 114/114/114
f 113/113/113 112/112/112 119/119/119
f 120/120/120 108/108/108 116/116/116
f 120/120/120 117/117/117 108/108/108
f 121/121/121 116/116/116 99/99/99
f 48/48/48 121/121/121 99/99/99
f 121/121/121 48/48/48 122/122/122
f 48/48/48 30/30/30 122/122/122
f 122/122/122 30/30/30 31/31/31
f 122/122/122 31/31/31 123/123/123
f 124/124/124 122/122/122 123/123/123
f 121/121/121 122/122/122 124/124/124
f 124/124/124 123/123/123 125/125/125
f 121/121/121 126/126/126 116/116/116
f 126/126/126 121/121/121 124/124/124
f 127/127/127 124/124/124 125/125/125
f 126/126/126 124/124/124 127/127/127
f 126/126/126 128/128/128 116/116/116
f 128/128/128 120/120/120 116/116/116
f 127/127/127 125/125/125 129/129/129
f 125/125/125 130/130/130 129/129/129
f 129/129/129 130/130/130 131/131/131
f 132/132/132 126/126/126 127/127/127
f 126/126/126 132/132/132 128/128/128
f 132/132/132 127/127/127 129/129/129
f 128/128/128 133/133/133 120/120/120
f 132/132/132 133/133/133 128/128/128
f 134/134/134 129/129/129 131/131/131
f 134/134/134 131/131/131 135/135/135
f 136/136/136 132/132/132 129/129/129
f 132/132/132 136/136/136 133/133/133
f 136/136/136 129/129/129 134/134/134
f 133/133/133 137/137/137 120/120/120
f 120/120/120 137/137/137 117/117/117
f 138/138/138 134/134/134 135/135/135
f 138/138/138 135/135/135 139/139/139
f 140/140/140 138/138/138 139/139/139
f 140/140/140 139/139/139 141/141/141
f 140/140/140 141/141/141 142/142/142
f 134/134/134 138/138/138 143/143/143
f 143/143/143 138/138/138 140/140/140
f 136/136/136 144/144/144 133/133/133
f 133/133/133 144/144/144 137/137/137
f 137/137/137 145/145/145 117/117/117
f 117/117/117 145/145/145 115/115/115
f 146/146/146 136/136/136 134/134/134
f 146/146/146 134/134/134 143/143/143
f 146/146/146 147/147/147 136/136/136
f 147/147/147 144/144/144 136/136/136
f 146/146/146 143/143/143 147/147/147
f 144/144/144 148/148/148 137/137/137
f 137/137/137 148/148/148 145/145/145
f 148/148/148 144/144/144 147/147/147
f 149/149/149 143/143/143 140/140/140
f 149/149/149 140/140/140 142/142/142
f 145/145/145 150/150/150 115/115/115
f 115/115/115 150/150/150 114/114/114
f 143/143/143 151/151/151 147/147/147
f 151/151/151 143/143/143 149/149/149
f 148/148/148 152/152/152 145/145/145
f 145/145/145 152/152/152 150/150/150
f 150/150/150 153/153/153 114/114/114
f 119/119/119 114/114/114 153/153/153
f 154/154/154 148/148/148 147/147/147
f 154/154/154 147/147/147 151/151/151
f 155/155/155 149/149/149 142/142/142
f 155/155/155 151/151/151 149/149/149
f 152/152/152 156/156/156 150/150/150
f 150/150/150 156/156/156 153/153/153
f 157/157/157 152/152/152 148/148/148
f 154/154/154 157/157/157 148/148/148
f 158/158/158 156/156/156 152/152/152
f 157/157/157 158/158/158 152/152/152
f 159/159/159 157/157/157 154/154/154
f 157/157/157 159/159/159 158/158/158
f 160/160/160 154/154/154 151/151/151
f 160/160/160 159/159/159 154/154/154
f 160/160/160 151/151/151 161/161/161
f 161/161/161 151/151/151 155/155/155
f 159/159/159 160/160/160 161/161/161
f 162/162/162 155/155/155 142/142/142
f 161/161/161 155/155/155 162/162/162
f 163/163/163 161/161/161 162/162/162
f 164/164/164 162/162/162 142/142/142
f 162/162/162 164/164/164 163/163/163
f 165/165/165 164/164/164 142/142/142
f 161/161/161 166/166/166 159/159/159
f 163/163/163 166/166/166 161/161/161
f 159/159/159 166/166/166 167/167/167
f 159/159/159 167/167/167 158/158/158
f 164/164/164 165/165/165 168/168/168
f 165/165/165 169/169/169 168/168/168
f 168/168/168 169/169/169 170/170/170
f 171/171/171 166/166/166 163/163/163
f 166/166/166 171/171/171 167/167/167
f 172/172/172 168/168/168 170/170/170
f 172/172/172 170/170/170 173/173/173
f 174/174/174 172/172/172 173/173/173
f 175/175/175 172/172/172 174/174/174
f 175/175/175 176/176/176 172/172/172
f 176/176/176 168/168/168 172/172/172
f 176/176/176 175/175/175 177/177/177
f 178/178/178 164/164/164 168/168/168
f 176/176/176 178/178/178 168/168/168
f 176/176/176 177/177/177 179/179/179
f 176/176/176 179/179/179 178/178/178
f 179/179/179 177/177/177 180/180/180
f 164/164/164 178/178/178 181/181/181
f 164/164/164 181/181/181 163/163/163
f 181/181/181 178/178/178 182/182/182
f 179/179/179 182/182/182 178/178/178
f 163/163/163 181/181/181 183/183/183
f 183/183/183 181/181/181 182/182/182
f 184/184/184 163/163/163 183/183/183
f 184/184/184 171/171/171 163/163/163
f 185/185/185 179/179/179 180/180/180
f 182/182/182 179/179/179 186/186/186
f 179/179/179 185/185/185 186/186/186
f 183/183/183 182/182/182 187/187/187
f 182/182/182 186/186/186 187/187/187
f 184/184/184 183/183/183 188/188/188
f 183/183/183 187/187/187 188/188/188
f 171/171/171 184/184/184 189/189/189
f 184/184/184 188/188/188 189/189/189
f 180/180/180 190/190/190 185/185/185
f 180/180/180 191/191/191 190/190/190
f 186/186/186 185/185/185 192/192/192
f 190/190/190 192/192/192 185/185/185
f 187/187/187 186/186/186 193/193/193
f 186/186/186 192/192/192 193/193/193
f 194/194/194 188/188/188 187/187/187
f 193/193/193 194/194/194 187/187/187
f 193/193/193 192/192/192 195/195/195
f 192/192/192 190/190/190 195/195/195
f 196/196/196 171/171/171 189/189/189
f 196/196/196 167/167/167 171/171/171
f 196/196/196 197/197/197 167/167/167
f 197/197/197 158/158/158 167/167/167
f 198/198/198 189/189/189 188/188/188
f 194/194/194 198/198/198 188/188/188
f 194/194/194 193/193/193 199/199/199
f 193/193/193 195/195/195 199/199/199
f 196/196/196 189/189/189 200/200/200
f 196/196/196 200/200/200 197/197/197
f 197/197/197 201/201/201 158/158/158
f 201/201/201 156/156/156 158/158/158
f 156/156/156 201/201/201 153/153/153
f 197/197/197 202/202/202 201/201/201
f 200/200/200 202/202/202 197/197/197
f 203/203/203 200/200/200 189/189/189
f 198/198/198 203/203/203 189/189/189
f 198/198/198 194/194/194 204/204/204
f 194/194/194 199/199/199 204/204/204
f 153/153/153 201/201/201 205/205/205
f 202/202/202 205/205/205 201/201/201
f 202/202/202 200/200/200 206/206/206
f 200/200/200 203/203/203 206/206/206
f 202/202/202 206/206/206 205/205/205
f 207/207/207 203/203/203 198/198/198
f 204/204/204 207/207/207 198/198/198
f 208/208/208 153/153/153 205/205/205
f 208/208/208 119/119/119 153/153/153
f 207/207/207 209/209/209 203/203/203
f 209/209/209 206/206/206 203/203/203
f 206/206/206 210/210/210 205/205/205
f 208/208/208 205/205/205 210/210/210
f 211/211/211 119/119/119 208/208/208
f 211/211/211 113/113/113 119/119/119
f 212/212/212 211/211/211 208/208/208
f 212/212/212 208/208/208 210/210/210
f 211/211/211 213/213/213 113/113/113
f 211/211/211 212/212/212 213/213/213
f 213/213/213 118/118/118 113/113/113
f 214/214/214 210/210/210 206/206/206
f 209/209/209 214/214/214 206/206/206
f 212/212/212 210/210/210 215/215/215
f 212/212/212 215/215/215 213/213/213
f 210/210/210 214/214/214 215/215/215
f 207/207/207 216/216/216 209/209/209
f 204/204/204 216/216/216 207/207/207
f 217/217/217 118/118/118 213/213/213
f 217/217/217 107/107/107 118/118/118
f 218/218/218 213/213/213 215/215/215
f 218/218/218 217/217/217 213/213/213
f 219/219/219 218/218/218 215/215/215
f 219/219/219 215/215/215 214/214/214
f 209/209/209 220/220/220 214/214/214
f 216/216/216 220/220/220 209/209/209
f 218/218/218 221/221/221 217/217/217
f 218/218/218 219/219/219 221/221/221
f 107/107/107 217/217/217 222/222/222
f 221/221/221 222/222/222 217/217/217
f 223/223/223 219/219/219 214/214/214
f 220/220/220 223/223/223 214/214/214
f 220/220/220 216/216/216 224/224/224
f 220/220/220 224/224/224 223/223/223
f 204/204/204 225/225/225 216/216/216
f 216/216/216 225/225/225 224/224/224
f 226/226/226 107/107/107 222/222/222
f 226/226/226 94/94/94 107/107/107
f 219/219/219 223/223/223 227/227/227
f 219/219/219 227/227/227 221/221/221
f 228/228/228 222/222/222 221/221/221
f 226/226/226 222/222/222 228/228/228
f 229/229/229 94/94/94 226/226/226
f 229/229/229 81/81/81 94/94/94
f 230/230/230 225/225/225 204/204/204
f 204/204/204 199/199/199 230/230/230
f 223/223/223 231/231/231 227/227/227
f 224/224/224 231/231/231 223/223/223
f 232/232/232 221/221/221 227/227/227
f 232/232/232 228/228/228 221/221/221
f 233/233/233 227/227/227 231/231/231
f 233/233/233 232/232/232 227/227/227
f 231/231/231 224/224/224 234/234/234
f 234/234/234 233/233/233 231/231/231
f 81/81/81 229/229/229 235/235/235
f 81/81/81 235/235/235 82/82/82
f 199/199/199 236/236/236 230/230/230
f 199/199/199 195/195/195 236/236/236
f 224/224/224 237/237/237 234/234/234
f 224/224/224 225/225/225 237/237/237
f 82/82/82 235/235/235 238/238/238
f 82/82/82 238/238/238 83/83/83
f 239/239/239 236/236/236 195/195/195
f 239/239/239 240/240/240 236/236/236
f 190/190/190 239/239/239 195/195/195
f 239/239/239 190/190/190 241/241/241
f 239/239/239 241/241/241 240/240/240
f 190/190/190 191/191/191 241/241/241
f 241/241/241 191/191/191 242/242/242
f 241/241/241 242/242/242 240/240/240
f 243/243/243 242/242/242 191/191/191
f 244/244/244 242/242/242 243/243/243
f 242/242/242 244/244/244 240/240/240
f 245/245/245 244/244/244 243/243/243
f 244/244/244 245/245/245 246/246/246
f 247/247/247 244/244/244 246/246/246
f 240/240/240 244/244/244 247/247/247
f 248/248/248 240/240/240 247/247/247
f 240/240/240 248/248/248 249/249/249
f 236/236/236 240/240/240 249/249/249
f 230/230/230 236/236/236 249/249/249
f 230/230/230 249/249/249 250/250/250
f 230/230/230 250/250/250 225/225/225
f 250/250/250 251/251/251 225/225/225
f 225/225/225 251/251/251 237/237/237
f 251/251/251 250/250/250 252/252/252
f 237/237/237 251/251/251 253/253/253
f 251/251/251 252/252/252 253/253/253
f 250/250/250 254/254/254 252/252/252
f 250/250/250 249/249/249 254/254/254
f 255/255/255 252/252/252 254/254/254
f 253/253/253 252/252/252 255/255/255
f 237/237/237 253/253/253 256/256/256
f 234/234/234 237/237/237 256/256/256
f 257/257/257 254/254/254 249/249/249
f 257/257/257 255/255/255 254/254/254
f 256/256/256 258/258/258 234/234/234
f 258/258/258 233/233/233 234/234/234
f 258/258/258 259/259/259 233/233/233
f 259/259/259 232/232/232 233/233/233
f 259/259/259 260/260/260 232/232/232
f 260/260/260 228/228/228 232/232/232
f 259/259/259 258/258/258 261/261/261
f 259/259/259 261/261/261 260/260/260
f 258/258/258 256/256/256 262/262/262
f 258/258/258 262/262/262 261/261/261
f 263/263/263 256/256/256 253/253/253
f 256/256/256 263/263/263 262/262/262
f 262/262/262 263/263/263 264/264/264
f 265/265/265 263/263/263 253/253/253
f 265/265/265 253/253/253 255/255/255
f 264/264/264 263/263/263 265/265/265
f 266/266/266 265/265/265 255/255/255
f 266/266/266 264/264/264 265/265/265
f 261/261/261 262/262/262 267/267/267
f 267/267/267 262/262/262 264/264/264
f 268/268/268 266/266/266 255/255/255
f 268/268/268 255/255/255 257/257/257
f 269/269/269 268/268/268 257/257/257
f 269/269/269 257/257/257 249/249/249
f 268/268/268 270/270/270 266/266/266
f 270/270/270 268/268/268 269/269/269
f 266/266/266 271/271/271 264/264/264
f 270/270/270 271/271/271 266/266/266
f 272/272/272 270/270/270 269/269/269
f 272/272/272 269/269/269 249/249/249
f 273/273/273 270/270/270 272/272/272
f 271/271/271 270/270/270 273/273/273
f 274/274/274 272/272/272 249/249/249
f 274/274/274 273/273/273 272/272/272
f 275/275/275 274/274/274 249/249/249
f 275/275/275 249/249/249 276/276/276
f 277/277/277 273/273/273 274/274/274
f 275/275/275 277/277/277 274/274/274
f 277/277/277 278/278/278 273/273/273
f 279/279/279 277/277/277 275/275/275
f 277/277/277 279/279/279 278/278/278
f 280/280/280 271/271/271 273/273/273
f 278/278/278 280/280/280 273/273/273
f 281/281/281 275/275/275 276/276/276
f 281/281/281 279/279/279 275/275/275
f 281/281/281 276/276/276 282/282/282
f 281/281/281 282/282/282 279/279/279
f 280/280/280 283/283/283 271/271/271
f 278/278/278 284/284/284 280/280/280
f 284/284/284 283/283/283 280/280/280
f 283/283/283 285/285/285 271/271/271
f 271/271/271 285/285/285 264/264/264
f 264/264/264 285/285/285 286/286/286
f 267/267/267 264/264/264 286/286/286
f 283/283/283 287/287/287 285/285/285
f 287/287/287 286/286/286 285/285/285
f 284/284/284 288/288/288 283/283/283
f 288/288/288 287/287/287 283/283/283
f 279/279/279 289/289/289 278/278/278
f 284/284/284 278/278/278 290/290/290
f 278/278/278 289/289/289 290/290/290
f 279/279/279 291/291/291 289/289/289
f 282/282/282 291/291/291 279/279/279
f 288/288/288 284/284/284 292/292/292
f 284/284/284 290/290/290 292/292/292
f 291/291/291 293/293/293 289/289/289
f 289/289/289 293/293/293 290/290/290
f 267/267/267 286/286/286 294/294/294
f 287/287/287 295/295/295 286/286/286
f 295/295/295 294/294/294 286/286/286
f 288/288/288 296/296/296 287/287/287
f 296/296/296 295/295/295 287/287/287
f 296/296/296 288/288/288 297/297/297
f 288/288/288 292/292/292 297/297/297
f 296/296/296 298/298/298 295/295/295
f 296/296/296 297/297/297 298/298/298
f 299/299/299 267/267/267 294/294/294
f 299/299/299 261/261/261 267/267/267
f 261/261/261 299/299/299 300/300/300
f 261/261/261 300/300/300 260/260/260
f 299/299/299 301/301/301 300/300/300
f 299/299/299 294/294/294 301/301/301
f 295/295/295 302/302/302 294/294/294
f 298/298/298 302/302/302 295/295/295
f 260/260/260 300/300/300 303/303/303
f 303/303/303 300/300/300 301/301/301
f 302/302/302 304/304/304 294/294/294
f 294/294/294 304/304/304 301/301/301
f 301/301/301 304/304/304 305/305/305
f 305/305/305 304/304/304 302/302/302
f 306/306/306 260/260/260 303/303/303
f 228/228/228 260/260/260 306/306/306
f 307/307/307 303/303/303 301/301/301
f 307/307/307 301/301/301 305/305/305
f 308/308/308 228/228/228 306/306/306
f 308/308/308 226/226/226 228/228/228
f 308/308/308 229/229/229 226/226/226
f 229/229/229 308/308/308 309/309/309
f 308/308/308 306/306/306 309/309/309
f 229/229/229 309/309/309 235/235/235
f 306/306/306 303/303/303 310/310/310
f 309/309/309 306/306/306 310/310/310
f 310/310/310 303/303/303 307/307/307
f 235/235/235 309/309/309 311/311/311
f 309/309/309 310/310/310 311/311/311
f 235/235/235 311/311/311 238/238/238
f 312/312/312 310/310/310 307/307/307
f 310/310/310 312/312/312 311/311/311
f 312/312/312 307/307/307 313/313/313
f 307/307/307 305/305/305 313/313/313
f 312/312/312 314/314/314 311/311/311
f 238/238/238 311/311/311 314/314/314
f 312/312/312 313/313/313 314/314/314
f 315/315/315 238/238/238 314/314/314
f 313/313/313 316/316/316 314/314/314
f 315/315/315 314/314/314 316/316/316
f 315/315/315 317/317/317 238/238/238
f 317/317/317 83/83/83 238/238/238
f 317/317/317 84/84/84 83/83/83
f 318/318/318 315/315/315 316/316/316
f 315/315/315 318/318/318 317/317/317
f 317/317/317 319/319/319 84/84/84
f 318/318/318 319/319/319 317/317/317
f 319/319/319 89/89/89 84/84/84
f 320/320/320 316/316/316 313/313/313
f 318/318/318 316/316/316 320/320/320
f 321/321/321 313/313/313 305/305/305
f 321/321/321 320/320/320 313/313/313
f 322/322/322 89/89/89 319/319/319
f 322/322/322 91/91/91 89/89/89
f 323/323/323 319/319/319 318/318/318
f 323/323/323 322/322/322 319/319/319
f 324/324/324 91/91/91 322/322/322
f 322/322/322 323/323/323 324/324/324
f 325/325/325 91/91/91 324/324/324
f 326/326/326 323/323/323 318/318/318
f 326/326/326 318/318/318 320/320/320
f 323/323/323 327/327/327 324/324/324
f 323/323/323 326/326/326 327/327/327
f 328/328/328 325/325/325 324/324/324
f 328/328/328 324/324/324 327/327/327
f 329/329/329 325/325/325 328/328/328
f 326/326/326 320/320/320 330/330/330
f 326/326/326 330/330/330 327/327/327
f 331/331/331 328/328/328 327/327/327
f 331/331/331 327/327/327 330/330/330
f 332/332/332 329/329/329 328/328/328
f 328/328/328 331/331/331 332/332/332
f 333/333/333 329/329/329 332/332/332
f 334/334/334 333/333/333 332/332/332
f 335/335/335 333/333/333 334/334/334
f 331/331/331 336/336/336 332/332/332
f 332/332/332 336/336/336 334/334/334
f 337/337/337 335/335/335 334/334/334
f 338/338/338 335/335/335 337/337/337
f 320/320/320 339/339/339 330/330/330
f 320/320/320 321/321/321 339/339/339
f 340/340/340 331/331/331 330/330/330
f 331/331/331 340/340/340 336/336/336
f 336/336/336 341/341/341 334/334/334
f 337/337/337 334/334/334 341/341/341
f 342/342/342 338/338/338 337/337/337
f 343/343/343 338/338/338 342/342/342
f 340/340/340 330/330/330 344/344/344
f 330/330/330 339/339/339 344/344/344
f 340/340/340 345/345/345 336/336/336
f 336/336/336 345/345/345 341/341/341
f 340/340/340 344/344/344 345/345/345
f 346/346/346 337/337/337 341/341/341
f 342/342/342 337/337/337 346/346/346
f 345/345/345 347/347/347 341/341/341
f 346/346/346 341/341/341 347/347/347
f 344/344/344 348/348/348 345/345/345
f 345/345/345 348/348/348 347/347/347
f 349/349/349 344/344/344 339/339/339
f 348/348/348 344/344/344 349/349/349
f 350/350/350 349/349/349 339/339/339
f 321/321/321 350/350/350 339/339/339
f 321/321/321 351/351/351 350/350/350
f 351/351/351 321/321/321 305/305/305
f 351/351/351 305/305/305 302/302/302
f 351/351/351 352/352/352 350/350/350
f 351/351/351 302/302/302 352/352/352
f 350/350/350 352/352/352 349/349/349
f 302/302/302 298/298/298 352/352/352
f 352/352/352 353/353/353 349/349/349
f 352/352/352 298/298/298 353/353/353
f 354/354/354 348/348/348 349/349/349
f 354/354/354 349/349/349 353/353/353
f 348/348/348 355/355/355 347/347/347
f 348/348/348 354/354/354 355/355/355
f 298/298/298 356/356/356 353/353/353
f 297/297/297 356/356/356 298/298/298
f 297/297/297 357/357/357 356/356/356
f 297/297/297 292/292/292 357/357/357
f 353/353/353 356/356/356 358/358/358
f 357/357/357 358/358/358 356/356/356
f 359/359/359 354/354/354 353/353/353
f 359/359/359 353/353/353 358/358/358
f 354/354/354 360/360/360 355/355/355
f 354/354/354 359/359/359 360/360/360
f 347/347/347 355/355/355 361/361/361
f 361/361/361 355/355/355 360/360/360
f 359/359/359 358/358/358 362/362/362
f 359/359/359 362/362/362 360/360/360
f 292/292/292 363/363/363 357/357/357
f 292/292/292 290/290/290 363/363/363
f 358/358/358 357/357/357 364/364/364
f 358/358/358 364/364/364 362/362/362
f 365/365/365 347/347/347 361/361/361
f 365/365/365 361/361/361 366/366/366
f 365/365/365 346/346/346 347/347/347
f 367/367/367 361/361/361 360/360/360
f 367/367/367 360/360/360 362/362/362
f 361/361/361 367/367/367 366/366/366
f 368/368/368 346/346/346 365/365/365
f 368/368/368 342/342/342 346/346/346
f 290/290/290 369/369/369 363/363/363
f 293/293/293 369/369/369 290/290/290
f 370/370/370 365/365/365 366/366/366
f 370/370/370 368/368/368 365/365/365
f 342/342/342 368/368/368 371/371/371
f 371/371/371 343/343/343 342/342/342
f 368/368/368 370/370/370 372/372/372
f 368/368/368 372/372/372 371/371/371
f 373/373/373 343/343/343 371/371/371
f 371/371/371 372/372/372 373/373/373
f 374/374/374 343/343/343 373/373/373
f 370/370/370 375/375/375 372/372/372
f 370/370/370 366/366/366 375/375/375
f 372/372/372 376/376/376 373/373/373
f 372/372/372 375/375/375 376/376/376
f 377/377/377 374/374/374 373/373/373
f 377/377/377 373/373/373 376/376/376
f 378/378/378 374/374/374 377/377/377
f 293/293/293 379/379/379 369/369/369
f 293/293/293 291/291/291 379/379/379
f 291/291/291 380/380/380 379/379/379
f 380/380/380 291/291/291 282/282/282
f 381/381/381 380/380/380 282/282/282
f 381/381/381 282/282/282 276/276/276
f 382/382/382 381/381/381 276/276/276
f 382/382/382 276/276/276 383/383/383
f 381/381/381 384/384/384 380/380/380
f 381/381/381 382/382/382 384/384/384
f 379/379/379 380/380/380 385/385/385
f 384/384/384 385/385/385 380/380/380
f 379/379/379 386/386/386 369/369/369
f 387/387/387 379/379/379 385/385/385
f 387/387/387 386/386/386 379/379/379
f 388/388/388 387/387/387 385/385/385
f 386/386/386 387/387/387 388/388/388
f 389/389/389 385/385/385 384/384/384
f 389/389/389 388/388/388 385/385/385
f 369/369/369 386/386/386 390/390/390
f 363/363/363 369/369/369 390/390/390
f 363/363/363 390/390/390 391/391/391
f 357/357/357 363/363/363 391/391/391
f 357/357/357 391/391/391 364/364/364
f 391/391/391 390/390/390 392/392/392
f 391/391/391 392/392/392 364/364/364
f 390/390/390 386/386/386 393/393/393
f 390/390/390 393/393/393 392/392/392
f 392/392/392 394/394/394 364/364/364
f 362/362/362 364/364/364 394/394/394
f 395/395/395 386/386/386 388/388/388
f 386/386/386 395/395/395 393/393/393
f 392/392/392 393/393/393 396/396/396
f 392/392/392 396/396/396 394/394/394
f 393/393/393 395/395/395 397/397/397
f 393/393/393 397/397/397 396/396/396
f 398/398/398 362/362/362 394/394/394
f 398/398/398 367/367/367 362/362/362
f 367/367/367 398/398/398 399/399/399
f 367/367/367 399/399/399 366/366/366
f 398/398/398 394/394/394 400/400/400
f 398/398/398 400/400/400 399/399/399
f 399/399/399 401/401/401 366/366/366
f 399/399/399 400/400/400 401/401/401
f 394/394/394 402/402/402 400/400/400
f 396/396/396 402/402/402 394/394/394
f 400/400/400 402/402/402 403/403/403
f 400/400/400 403/403/403 401/401/401
f 404/404/404 402/402/402 396/396/396
f 402/402/402 404/404/404 403/403/403
f 395/395/395 405/405/405 397/397/397
f 395/395/395 388/388/388 405/405/405
f 401/401/401 406/406/406 366/366/366
f 366/366/366 406/406/406 375/375/375
f 375/375/375 406/406/406 407/407/407
f 375/375/375 407/407/407 376/376/376
f 406/406/406 401/401/401 408/408/408
f 406/406/406 408/408/408 407/407/407
f 401/401/401 403/403/403 409/409/409
f 401/401/401 409/409/409 408/408/408
f 410/410/410 404/404/404 396/396/396
f 410/410/410 396/396/396 397/397/397
f 403/403/403 404/404/404 411/411/411
f 403/403/403 411/411/411 409/409/409
f 408/408/408 409/409/409 412/412/412
f 407/407/407 408/408/408 412/412/412
f 413/413/413 376/376/376 407/407/407
f 413/413/413 377/377/377 376/376/376
f 404/404/404 410/410/410 414/414/414
f 404/404/404 414/414/414 411/411/411
f 409/409/409 411/411/411 415/415/415
f 409/409/409 415/415/415 412/412/412
f 416/416/416 407/407/407 412/412/412
f 416/416/416 413/413/413 407/407/407
f 411/411/411 414/414/414 417/417/417
f 411/411/411 417/417/417 415/415/415
f 377/377/377 413/413/413 418/418/418
f 413/413/413 416/416/416 419/419/419
f 418/418/418 413/413/413 419/419/419
f 416/416/416 412/412/412 420/420/420
f 419/419/419 416/416/416 420/420/420
f 415/415/415 421/421/421 412/412/412
f 421/421/421 420/420/420 412/412/412
f 421/421/421 415/415/415 422/422/422
f 415/415/415 417/417/417 422/422/422
f 423/423/423 377/377/377 418/418/418
f 423/423/423 378/378/378 377/377/377
f 423/423/423 424/424/424 378/378/378
f 423/423/423 418/418/418 424/424/424
f 424/424/424 425/425/425 378/378/378
f 426/426/426 425/425/425 424/424/424
f 418/418/418 419/419/419 427/427/427
f 418/418/418 427/427/427 424/424/424
f 428/428/428 426/426/426 424/424/424
f 428/428/428 424/424/424 427/427/427
f 419/419/419 429/429/429 427/427/427
f 419/419/419 420/420/420 429/429/429
f 421/421/421 430/430/430 420/420/420
f 421/421/421 422/422/422 430/430/430
f 431/431/431 426/426/426 428/428/428
f 432/432/432 426/426/426 431/431/431
f 433/433/433 428/428/428 427/427/427
f 433/433/433 427/427/427 429/429/429
f 428/428/428 433/433/433 431/431/431
f 434/434/434 432/432/432 431/431/431
f 435/435/435 432/432/432 434/434/434
f 433/433/433 436/436/436 431/431/431
f 434/434/434 431/431/431 436/436/436
f 437/437/437 435/435/435 434/434/434
f 438/438/438 435/435/435 437/437/437
f 430/430/430 439/439/439 420/420/420
f 420/420/420 439/439/439 429/429/429
f 440/440/440 433/433/433 429/429/429
f 433/433/433 440/440/440 436/436/436
f 429/429/429 439/439/439 441/441/441
f 440/440/440 429/429/429 441/441/441
f 441/441/441 439/439/439 430/430/430
f 442/442/442 434/434/434 436/436/436
f 437/437/437 434/434/434 442/442/442
f 440/440/440 443/443/443 436/436/436
f 440/440/440 441/441/441 443/443/443
f 442/442/442 436/436/436 443/443/443
f 444/444/444 438/438/438 437/437/437
f 445/445/445 438/438/438 444/444/444
f 446/446/446 437/437/437 442/442/442
f 444/444/444 437/437/437 446/446/446
f 447/447/447 445/445/445 444/444/444
f 448/448/448 445/445/445 447/447/447
f 449/449/449 442/442/442 443/443/443
f 446/446/446 442/442/442 449/449/449
f 450/450/450 444/444/444 446/446/446
f 447/447/447 444/444/444 450/450/450
f 451/451/451 448/448/448 447/447/447
f 452/452/452 448/448/448 451/451/451
f 453/453/453 446/446/446 449/449/449
f 450/450/450 446/446/446 453/453/453
f 454/454/454 447/447/447 450/450/450
f 451/451/451 447/447/447 454/454/454
f 455/455/455 452/452/452 451/451/451
f 456/456/456 452/452/452 455/455/455
f 457/457/457 450/450/450 453/453/453
f 454/454/454 450/450/450 457/457/457
f 458/458/458 451/451/451 454/454/454
f 451/451/451 458/458/458 455/455/455
f 459/459/459 456/456/456 455/455/455
f 460/460/460 456/456/456 459/459/459
f 461/461/461 454/454/454 457/457/457
f 458/458/458 454/454/454 461/461/461
f 458/458/458 462/462/462 455/455/455
f 459/459/459 455/455/455 462/462/462
f 463/463/463 460/460/460 459/459/459
f 464/464/464 460/460/460 463/463/463
f 465/465/465 458/458/458 461/461/461
f 458/458/458 465/465/465 462/462/462
f 466/466/466 459/459/459 462/462/462
f 459/459/459 466/466/466 463/463/463
f 467/467/467 464/464/464 463/463/463
f 468/468/468 464/464/464 467/467/467
f 465/465/465 469/469/469 462/462/462
f 466/466/466 462/462/462 469/469/469
f 465/465/465 461/461/461 470/470/470
f 465/465/465 470/470/470 469/469/469
f 461/461/461 457/457/457 471/471/471
f 461/461/461 471/471/471 470/470/470
f 466/466/466 472/472/472 463/463/463
f 467/467/467 463/463/463 472/472/472
f 473/473/473 468/468/468 467/467/467
f 474/474/474 468/468/468 473/473/473
f 475/475/475 466/466/466 469/469/469
f 466/466/466 475/475/475 472/472/472
f 476/476/476 467/467/467 472/472/472
f 473/473/473 467/467/467 476/476/476
f 477/477/477 474/474/474 473/473/473
f 478/478/478 474/474/474 477/477/477
f 475/475/475 479/479/479 472/472/472
f 476/476/476 472/472/472 479/479/479
f 475/475/475 469/469/469 480/480/480
f 475/475/475 480/480/480 479/479/479
f 481/481/481 473/473/473 476/476/476
f 477/477/477 473/473/473 481/481/481
f 482/482/482 478/478/478 477/477/477
f 483/483/483 478/478/478 482/482/482
f 484/484/484 483/483/483 482/482/482
f 482/482/482 477/477/477 485/485/485
f 485/485/485 477/477/477 481/481/481
f 482/482/482 486/486/486 484/484/484
f 486/486/486 482/482/482 485/485/485
f 486/486/486 487/487/487 484/484/484
f 481/481/481 476/476/476 488/488/488
f 488/488/488 476/476/476 479/479/479
f 485/485/485 481/481/481 489/489/489
f 489/489/489 481/481/481 488/488/488
f 486/486/486 490/490/490 487/487/487
f 490/490/490 491/491/491 487/487/487
f 490/490/490 492/492/492 491/491/491
f 492/492/492 493/493/493 491/491/491
f 494/494/494 493/493/493 492/492/492
f 486/486/486 485/485/485 495/495/495
f 490/490/490 486/486/486 495/495/495
f 495/495/495 485/485/485 489/489/489
f 490/490/490 495/495/495 492/492/492
f 495/495/495 489/489/489 496/496/496
f 495/495/495 496/496/496 492/492/492
f 489/489/489 488/488/488 497/497/497
f 489/489/489 497/497/497 496/496/496
f 488/488/488 479/479/479 498/498/498
f 488/488/488 498/498/498 497/497/497
f 479/479/479 499/499/499 498/498/498
f 480/480/480 499/499/499 479/479/479
f 498/498/498 499/499/499 500/500/500
f 500/500/500 499/499/499 480/480/480
f 497/497/497 498/498/498 501/501/501
f 501/501/501 498/498/498 500/500/500
f 496/496/496 497/497/497 502/502/502
f 502/502/502 497/497/497 501/501/501
f 492/492/492 496/496/496 503/503/503
f 503/503/503 496/496/496 502/502/502
f 504/504/504 492/492/492 503/503/503
f 504/504/504 494/494/494 492/492/492
f 504/504/504 505/505/505 494/494/494
f 505/505/505 506/506/506 494/494/494
f 504/504/504 503/503/503 507/507/507
f 505/505/505 504/504/504 507/507/507
f 503/503/503 502/502/502 508/508/508
f 507/507/507 503/503/503 508/508/508
f 502/502/502 501/501/501 509/509/509
f 508/508/508 502/502/502 509/509/509
f 505/505/505 510/510/510 506/506/506
f 510/510/510 511/511/511 506/506/506
f 512/512/512 511/511/511 510/510/510
f 505/505/505 507/507/507 513/513/513
f 510/510/510 505/505/505 513/513/513
f 507/507/507 508/508/508 514/514/514
f 508/508/508 509/509/509 514/514/514
f 513/513/513 507/507/507 514/514/514
f 509/509/509 501/501/501 515/515/515
f 501/501/501 500/500/500 515/515/515
f 509/509/509 516/516/516 514/514/514
f 509/509/509 515/515/515 516/516/516
f 517/517/517 512/512/512 510/510/510
f 513/513/513 518/518/518 510/510/510
f 518/518/518 517/517/517 510/510/510
f 513/513/513 514/514/514 519/519/519
f 518/518/518 513/513/513 519/519/519
f 517/517/517 520/520/520 512/512/512
f 520/520/520 521/521/521 512/512/512
f 518/518/518 522/522/522 517/517/517
f 522/522/522 520/520/520 517/517/517
f 520/520/520 523/523/523 521/521/521
f 523/523/523 524/524/524 521/521/521
f 514/514/514 516/516/516 525/525/525
f 519/519/519 514/514/514 525/525/525
f 518/518/518 519/519/519 526/526/526
f 522/522/522 518/518/518 526/526/526
f 522/522/522 527/527/527 520/520/520
f 527/527/527 523/523/523 520/520/520
f 524/524/524 523/523/523 528/528/528
f 529/529/529 524/524/524 528/528/528
f 529/529/529 528/528/528 530/530/530
f 526/526/526 519/519/519 531/531/531
f 519/519/519 525/525/525 531/531/531
f 522/522/522 526/526/526 532/532/532
f 527/527/527 522/522/522 532/532/532
f 526/526/526 531/531/531 532/532/532
f 523/523/523 527/527/527 533/533/533
f 528/528/528 523/523/523 533/533/533
f 533/533/533 527/527/527 532/532/532
f 528/528/528 534/534/534 530/530/530
f 535/535/535 530/530/530 534/534/534
f 534/534/534 528/528/528 536/536/536
f 528/528/528 533/533/533 536/536/536
f 537/537/537 535/535/535 534/534/534
f 537/537/537 534/534/534 536/536/536
f 537/537/537 538/538/538 535/535/535
f 539/539/539 538/538/538 537/537/537
f 540/540/540 539/539/539 537/537/537
f 540/540/540 537/537/537 536/536/536
f 541/541/541 539/539/539 540/540/540
f 542/542/542 536/536/536 533/533/533
f 540/540/540 536/536/536 542/542/542
f 543/543/543 533/533/533 532/532/532
f 543/543/543 542/542/542 533/533/533
f 543/543/543 532/532/532 544/544/544
f 531/531/531 544/544/544 532/532/532
f 545/545/545 541/541/541 540/540/540
f 545/545/545 540/540/540 542/542/542
f 542/542/542 543/543/543 546/546/546
f 546/546/546 543/543/543 544/544/544
f 545/545/545 542/542/542 547/547/547
f 547/547/547 542/542/542 546/546/546
f 531/531/531 548/548/548 544/544/544
f 531/531/531 525/525/525 548/548/548
f 549/549/549 541/541/541 545/545/545
f 549/549/549 545/545/545 547/547/547
f 525/525/525 550/550/550 548/548/548
f 525/525/525 516/516/516 550/550/550
f 516/516/516 551/551/551 550/550/550
f 515/515/515 551/551/551 516/516/516
f 552/552/552 551/551/551 515/515/515
f 550/550/550 551/551/551 552/552/552
f 553/553/553 552/552/552 515/515/515
f 553/553/553 515/515/515 500/500/500
f 554/554/554 553/553/553 500/500/500
f 554/554/554 500/500/500 480/480/480
f 554/554/554 480/480/480 555/555/555
f 469/469/469 555/555/555 480/480/480
f 470/470/470 555/555/555 469/469/469
f 556/556/556 554/554/554 555/555/555
f 556/556/556 555/555/555 470/470/470
f 557/557/557 553/553/553 554/554/554
f 556/556/556 557/557/557 554/554/554
f 558/558/558 552/552/552 553/553/553
f 557/557/557 558/558/558 553/553/553
f 559/559/559 550/550/550 552/552/552
f 559/559/559 552/552/552 558/558/558
f 560/560/560 556/556/556 470/470/470
f 560/560/560 470/470/470 471/471/471
f 561/561/561 557/557/557 556/556/556
f 560/560/560 561/561/561 556/556/556
f 559/559/559 562/562/562 550/550/550
f 562/562/562 548/548/548 550/550/550
f 563/563/563 558/558/558 557/557/557
f 561/561/561 563/563/563 557/557/557
f 564/564/564 561/561/561 560/560/560
f 565/565/565 560/560/560 471/471/471
f 565/565/565 564/564/564 560/560/560
f 566/566/566 563/563/563 561/561/561
f 564/564/564 566/566/566 561/561/561
f 567/567/567 559/559/559 558/558/558
f 558/558/558 563/563/563 568/568/568
f 567/567/567 558/558/558 568/568/568
f 567/567/567 569/569/569 559/559/559
f 569/569/569 562/562/562 559/559/559
f 563/563/563 566/566/566 570/570/570
f 568/568/568 563/563/563 570/570/570
f 567/567/567 568/568/568 571/571/571
f 569/569/569 567/567/567 571/571/571
f 571/571/571 568/568/568 572/572/572
f 568/568/568 570/570/570 572/572/572
f 569/569/569 571/571/571 573/573/573
f 571/571/571 572/572/572 573/573/573
f 569/569/569 574/574/574 562/562/562
f 574/574/574 569/569/569 573/573/573
f 574/574/574 575/575/575 562/562/562
f 562/562/562 575/575/575 548/548/548
f 575/575/575 576/576/576 548/548/548
f 548/548/548 576/576/576 544/544/544
f 544/544/544 576/576/576 577/577/577
f 577/577/577 576/576/576 575/575/575
f 546/546/546 544/544/544 577/577/577
f 578/578/578 575/575/575 574/574/574
f 578/578/578 577/577/577 575/575/575
f 546/546/546 577/577/577 579/579/579
f 547/547/547 546/546/546 579/579/579
f 578/578/578 580/580/580 577/577/577
f 580/580/580 579/579/579 577/577/577
f 581/581/581 578/578/578 574/574/574
f 580/580/580 578/578/578 581/581/581
f 547/547/547 579/579/579 582/582/582
f 549/549/549 547/547/547 582/582/582
f 579/579/579 580/580/580 583/583/583
f 582/582/582 579/579/579 583/583/583
f 549/549/549 582/582/582 584/584/584
f 541/541/541 549/549/549 584/584/584
f 581/581/581 574/574/574 585/585/585
f 574/574/574 573/573/573 585/585/585
f 586/586/586 580/580/580 581/581/581
f 583/583/583 580/580/580 586/586/586
f 587/587/587 583/583/583 586/586/586
f 582/582/582 583/583/583 588/588/588
f 582/582/582 588/588/588 584/584/584
f 587/587/587 588/588/588 583/583/583
f 586/586/586 581/581/581 589/589/589
f 581/581/581 585/585/585 589/589/589
f 587/587/587 586/586/586 589/589/589
f 584/584/584 590/590/590 541/541/541
f 591/591/591 541/541/541 590/590/590
f 592/592/592 589/589/589 585/585/585
f 589/589/589 592/592/592 587/587/587
f 593/593/593 585/585/585 573/573/573
f 593/593/593 592/592/592 585/585/585
f 594/594/594 590/590/590 584/584/584
f 588/588/588 594/594/594 584/584/584
f 595/595/595 591/591/591 590/590/590
f 595/595/595 590/590/590 594/594/594
f 596/596/596 593/593/593 573/573/573
f 572/572/572 596/596/596 573/573/573
f 572/572/572 597/597/597 596/596/596
f 572/572/572 570/570/570 597/597/597
f 593/593/593 596/596/596 598/598/598
f 597/597/597 598/598/598 596/596/596
f 570/570/570 599/599/599 597/597/597
f 570/570/570 566/566/566 599/599/599
f 592/592/592 593/593/593 600/600/600
f 600/600/600 593/593/593 598/598/598
f 591/591/591 595/595/595 601/601/601
f 602/602/602 591/591/591 601/601/601
f 603/603/603 602/602/602 601/601/601
f 604/604/604 603/603/603 601/601/601
f 601/601/601 595/595/595 605/605/605
f 595/595/595 606/606/606 605/605/605
f 605/605/605 606/606/606 607/607/607
f 606/606/606 595/595/595 594/594/594
f 606/606/606 608/608/608 607/607/607
f 609/609/609 607/607/607 608/608/608
f 606/606/606 594/594/594 610/610/610
f 608/608/608 606/606/606 610/610/610
f 610/610/610 594/594/594 588/588/588
f 611/611/611 609/609/609 608/608/608
f 611/611/611 608/608/608 610/610/610
f 612/612/612 610/610/610 588/588/588
f 612/612/612 588/588/588 587/587/587
f 610/610/610 612/612/612 613/613/613
f 613/613/613 611/611/611 610/610/610
f 613/613/613 614/614/614 611/611/611
f 614/614/614 615/615/615 611/611/611
f 615/615/615 609/609/609 611/611/611
f 615/615/615 616/616/616 609/609/609
f 612/612/612 617/617/617 613/613/613
f 612/612/612 587/587/587 617/617/617
f 613/613/613 617/617/617 614/614/614
f 587/587/587 618/618/618 617/617/617
f 617/617/617 618/618/618 614/614/614
f 592/592/592 618/618/618 587/587/587
f 616/616/616 615/615/615 619/619/619
f 619/619/619 620/620/620 616/616/616
f 618/618/618 592/592/592 621/621/621
f 621/621/621 592/592/592 600/600/600
f 615/615/615 622/622/622 619/619/619
f 615/615/615 614/614/614 622/622/622
f 619/619/619 623/623/623 620/620/620
f 619/619/619 622/622/622 623/623/623
f 623/623/623 624/624/624 620/620/620
f 622/622/622 625/625/625 623/623/623
f 626/626/626 625/625/625 622/622/622
f 627/627/627 618/618/618 621/621/621
f 618/618/618 627/627/627 614/614/614
f 621/621/621 600/600/600 628/628/628
f 627/627/627 621/621/621 628/628/628
f 614/614/614 629/629/629 622/622/622
f 626/626/626 622/622/622 629/629/629
f 614/614/614 630/630/630 629/629/629
f 626/626/626 629/629/629 630/630/630
f 630/630/630 614/614/614 627/627/627
f 631/631/631 626/626/626 630/630/630
f 632/632/632 626/626/626 631/631/631
f 600/600/600 633/633/633 628/628/628
f 600/600/600 598/598/598 633/633/633
f 627/627/627 628/628/628 634/634/634
f 630/630/630 627/627/627 634/634/634
f 634/634/634 628/628/628 633/633/633
f 630/630/630 635/635/635 631/631/631
f 635/635/635 630/630/630 634/634/634
f 636/636/636 634/634/634 633/633/633
f 635/635/635 634/634/634 636/636/636
f 598/598/598 637/637/637 633/633/633
f 636/636/636 633/633/633 637/637/637
f 632/632/632 631/631/631 638/638/638
f 631/631/631 635/635/635 638/638/638
f 639/639/639 637/637/637 598/598/598
f 597/597/597 639/639/639 598/598/598
f 597/597/597 599/599/599 639/639/639
f 640/640/640 635/635/635 636/636/636
f 641/641/641 638/638/638 635/635/635
f 640/640/640 641/641/641 635/635/635
f 632/632/632 638/638/638 642/642/642
f 642/642/642 638/638/638 641/641/641
f 643/643/643 636/636/636 637/637/637
f 640/640/640 636/636/636 643/643/643
f 639/639/639 644/644/644 637/637/637
f 644/644/644 643/643/643 637/637/637
f 599/599/599 645/645/645 639/639/639
f 639/639/639 645/645/645 644/644/644
f 646/646/646 640/640/640 643/643/643
f 640/640/640 646/646/646 641/641/641
f 644/644/644 647/647/647 643/643/643
f 647/647/647 646/646/646 643/643/643
f 646/646/646 648/648/648 641/641/641
f 648/648/648 646/646/646 647/647/647
f 649/649/649 632/632/632 642/642/642
f 649/649/649 626/626/626 632/632/632
f 599/599/599 650/650/650 645/645/645
f 566/566/566 650/650/650 599/599/599
f 566/566/566 564/564/564 650/650/650
f 645/645/645 651/651/651 644/644/644
f 644/644/644 651/651/651 647/647/647
f 650/650/650 652/652/652 645/645/645
f 645/645/645 652/652/652 651/651/651
f 564/564/564 653/653/653 650/650/650
f 652/652/652 650/650/650 653/653/653
f 564/564/564 565/565/565 653/653/653
f 565/565/565 654/654/654 653/653/653
f 565/565/565 471/471/471 654/654/654
f 655/655/655 652/652/652 653/653/653
f 655/655/655 653/653/653 654/654/654
f 652/652/652 656/656/656 651/651/651
f 652/652/652 655/655/655 656/656/656
f 651/651/651 657/657/657 647/647/647
f 651/651/651 656/656/656 657/657/657
f 471/471/471 658/658/658 654/654/654
f 457/457/457 658/658/658 471/471/471
f 457/457/457 453/453/453 658/658/658
f 453/453/453 659/659/659 658/658/658
f 654/654/654 658/658/658 659/659/659
f 453/453/453 449/449/449 659/659/659
f 660/660/660 655/655/655 654/654/654
f 660/660/660 654/654/654 659/659/659
f 655/655/655 661/661/661 656/656/656
f 655/655/655 660/660/660 661/661/661
f 449/449/449 662/662/662 659/659/659
f 449/449/449 443/443/443 662/662/662
f 660/660/660 659/659/659 663/663/663
f 659/659/659 662/662/662 663/663/663
f 660/660/660 663/663/663 661/661/661
f 443/443/443 664/664/664 662/662/662
f 663/663/663 662/662/662 664/664/664
f 441/441/441 664/664/664 443/443/443
f 665/665/665 656/656/656 661/661/661
f 656/656/656 665/665/665 657/657/657
f 666/666/666 661/661/661 663/663/663
f 666/666/666 665/665/665 661/661/661
f 667/667/667 663/663/663 664/664/664
f 667/667/667 666/666/666 663/663/663
f 441/441/441 668/668/668 664/664/664
f 668/668/668 667/667/667 664/664/664
f 668/668/668 441/441/441 430/430/430
f 669/669/669 666/666/666 667/667/667
f 668/668/668 669/669/669 667/667/667
f 668/668/668 430/430/430 670/670/670
f 669/669/669 668/668/668 670/670/670
f 422/422/422 670/670/670 430/430/430
f 669/669/669 671/671/671 666/666/666
f 671/671/671 665/665/665 666/666/666
f 669/669/669 670/670/670 671/671/671
f 672/672/672 657/657/657 665/665/665
f 671/671/671 672/672/672 665/665/665
f 422/422/422 673/673/673 670/670/670
f 422/422/422 417/417/417 673/673/673
f 670/670/670 674/674/674 671/671/671
f 673/673/673 674/674/674 670/670/670
f 417/417/417 675/675/675 673/673/673
f 414/414/414 675/675/675 417/417/417
f 671/671/671 674/674/674 676/676/676
f 672/672/672 671/671/671 676/676/676
f 673/673/673 677/677/677 674/674/674
f 673/673/673 675/675/675 677/677/677
f 677/677/677 676/676/676 674/674/674
f 672/672/672 678/678/678 657/657/657
f 678/678/678 647/647/647 657/657/657
f 678/678/678 648/648/648 647/647/647
f 678/678/678 672/672/672 679/679/679
f 672/672/672 676/676/676 679/679/679
f 678/678/678 679/679/679 648/648/648
f 414/414/414 680/680/680 675/675/675
f 410/410/410 680/680/680 414/414/414
f 675/675/675 681/681/681 677/677/677
f 680/680/680 681/681/681 675/675/675
f 677/677/677 682/682/682 676/676/676
f 682/682/682 679/679/679 676/676/676
f 677/677/677 681/681/681 682/682/682
f 410/410/410 683/683/683 680/680/680
f 683/683/683 410/410/410 397/397/397
f 680/680/680 684/684/684 681/681/681
f 683/683/683 684/684/684 680/680/680
f 683/683/683 397/397/397 685/685/685
f 683/683/683 685/685/685 684/684/684
f 397/397/397 405/405/405 685/685/685
f 681/681/681 686/686/686 682/682/682
f 684/684/684 686/686/686 681/681/681
f 682/682/682 687/687/687 679/679/679
f 682/682/682 686/686/686 687/687/687
f 685/685/685 688/688/688 684/684/684
f 684/684/684 688/688/688 686/686/686
f 689/689/689 685/685/685 405/405/405
f 688/688/688 685/685/685 689/689/689
f 688/688/688 690/690/690 686/686/686
f 686/686/686 690/690/690 687/687/687
f 687/687/687 691/691/691 679/679/679
f 679/679/679 691/691/691 648/648/648
f 691/691/691 692/692/692 648/648/648
f 692/692/692 691/691/691 687/687/687
f 692/692/692 641/641/641 648/648/648
f 692/692/692 642/642/642 641/641/641
f 693/693/693 692/692/692 687/687/687
f 693/693/693 687/687/687 690/690/690
f 690/690/690 688/688/688 694/694/694
f 694/694/694 688/688/688 689/689/689
f 695/695/695 689/689/689 405/405/405
f 388/388/388 695/695/695 405/405/405
f 696/696/696 642/642/642 692/692/692
f 693/693/693 696/696/696 692/692/692
f 697/697/697 693/693/693 690/690/690
f 697/697/697 690/690/690 694/694/694
f 693/693/693 697/697/697 696/696/696
f 698/698/698 689/689/689 695/695/695
f 694/694/694 689/689/689 698/698/698
f 699/699/699 695/695/695 388/388/388
f 699/699/699 698/698/698 695/695/695
f 389/389/389 699/699/699 388/388/388
f 697/697/697 694/694/694 700/700/700
f 697/697/697 700/700/700 696/696/696
f 642/642/642 696/696/696 701/701/701
f 649/649/649 642/642/642 701/701/701
f 649/649/649 701/701/701 626/626/626
f 701/701/701 696/696/696 702/702/702
f 696/696/696 700/700/700 702/702/702
f 701/701/701 702/702/702 626/626/626
f 694/694/694 703/703/703 700/700/700
f 703/703/703 694/694/694 698/698/698
f 702/702/702 700/700/700 704/704/704
f 700/700/700 703/703/703 704/704/704
f 704/704/704 703/703/703 698/698/698
f 702/702/702 704/704/704 626/626/626
f 705/705/705 704/704/704 698/698/698
f 705/705/705 698/698/698 699/699/699
f 705/705/705 626/626/626 704/704/704
f 706/706/706 705/705/705 699/699/699
f 706/706/706 626/626/626 705/705/705
f 706/706/706 699/699/699 389/389/389
f 707/707/707 626/626/626 706/706/706
f 708/708/708 706/706/706 389/389/389
f 708/708/708 707/707/707 706/706/706
f 708/708/708 389/389/389 384/384/384
f 708/708/708 384/384/384 707/707/707
f 382/382/382 707/707/707 384/384/384
f 382/382/382 709/709/709 707/707/707
f 709/709/709 710/710/710 707/707/707
f 709/709/709 382/382/382 383/383/383
f 709/709/709 711/711/711 710/710/710
f 711/711/711 709/709/709 383/383/383
f 712/712/712 710/710/710 711/711/711
f 711/711/711 383/383/383 713/713/713
f 714/714/714 712/712/712 711/711/711
f 714/714/714 711/711/711 713/713/713
f 715/715/715 712/712/712 714/714/714
f 716/716/716 714/714/714 713/713/713
f 719/719/719 718/718/718 717/717/717
f 717/717/717 720/720/720 719/719/719
f 721/721/721 720/720/720 717/717/717
f 719/719/719 720/720/720 722/722/722
f 723/723/723 719/719/719 722/722/722
f 724/724/724 723/723/723 722/722/722
f 725/725/725 724/724/724 722/722/722
f 728/728/728 727/727/727 726/726/726
f 728/728/728 726/726/726 729/729/729
f 729/729/729 726/726/726 730/730/730
f 731/731/731 728/728/728 729/729/729
f 732/732/732 731/731/731 729/729/729
f 732/732/732 733/733/733 731/731/731
f 732/732/732 734/734/734 733/733/733
f 737/737/737 736/736/736 735/735/735
f 738/738/738 737/737/737 735/735/735
f 739/739/739 738/738/738 735/735/735
f 739/739/739 740/740/740 738/738/738
f 740/740/740 741/741/741 738/738/738
f 742/742/742 741/741/741 740/740/740
f 742/742/742 740/740/740 743/743/743
f 744/744/744 742/742/742 743/743/743
f 747/747/747 746/746/746 745/745/745
f 747/747/747 748/748/748 746/746/746
f 749/749/749 747/747/747 745/745/745
f 749/749/749 745/745/745 750/750/750
f 751/751/751 749/749/749 750/750/750
f 751/751/751 750/750/750 752/752/752
f 749/749/749 751/751/751 753/753/753
f 749/749/749 753/753/753 747/747/747
f 754/754/754 748/748/748 747/747/747
f 755/755/755 748/748/748 754/754/754
f 756/756/756 751/751/751 752/752/752
f 751/751/751 756/756/756 753/753/753
f 757/757/757 756/756/756 752/752/752
f 753/753/753 756/756/756 757/757/757
f 758/758/758 753/753/753 757/757/757
f 759/759/759 753/753/753 758/758/758
f 753/753/753 759/759/759 747/747/747
f 759/759/759 754/754/754 747/747/747
f 760/760/760 757/757/757 752/752/752
f 760/760/760 752/752/752 761/761/761
f 762/762/762 760/760/760 761/761/761
f 762/762/762 761/761/761 763/763/763
f 764/764/764 762/762/762 763/763/763
f 763/763/763 765/765/765 764/764/764
f 766/766/766 755/755/755 754/754/754
f 754/754/754 759/759/759 767/767/767
f 754/754/754 767/767/767 766/766/766
f 767/767/767 759/759/759 768/768/768
f 755/755/755 766/766/766 769/769/769
f 755/755/755 769/769/769 770/770/770
f 767/767/767 771/771/771 766/766/766
f 767/767/767 768/768/768 771/771/771
f 759/759/759 772/772/772 768/768/768
f 772/772/772 759/759/759 758/758/758
f 773/773/773 770/770/770 769/769/769
f 774/774/774 770/770/770 773/773/773
f 766/766/766 771/771/771 775/775/775
f 769/769/769 766/766/766 775/775/775
f 774/774/774 773/773/773 776/776/776
f 776/776/776 777/777/777 774/774/774
f 776/776/776 778/778/778 777/777/777
f 778/778/778 779/779/779 777/777/777
f 779/779/779 778/778/778 780/780/780
f 778/778/778 781/781/781 780/780/780
f 780/780/780 781/781/781 782/782/782
f 778/778/778 776/776/776 783/783/783
f 778/778/778 783/783/783 781/781/781
f 773/773/773 784/784/784 776/776/776
f 776/776/776 784/784/784 783/783/783
f 785/785/785 782/782/782 781/781/781
f 785/785/785 781/781/781 786/786/786
f 785/785/785 787/787/787 782/782/782
f 788/788/788 787/787/787 785/785/785
f 786/786/786 788/788/788 785/785/785
f 783/783/783 789/789/789 781/781/781
f 781/781/781 789/789/789 786/786/786
f 789/789/789 783/783/783 790/790/790
f 789/789/789 790/790/790 786/786/786
f 783/783/783 784/784/784 791/791/791
f 783/783/783 791/791/791 790/790/790
f 784/784/784 773/773/773 792/792/792
f 791/791/791 784/784/784 792/792/792
f 773/773/773 793/793/793 792/792/792
f 793/793/793 773/773/773 769/769/769
f 793/793/793 769/769/769 794/794/794
f 793/793/793 794/794/794 792/792/792
f 769/769/769 775/775/775 794/794/794
f 792/792/792 795/795/795 791/791/791
f 792/792/792 794/794/794 795/795/795
f 796/796/796 794/794/794 775/775/775
f 794/794/794 796/796/796 795/795/795
f 791/791/791 795/795/795 797/797/797
f 791/791/791 797/797/797 790/790/790
f 798/798/798 796/796/796 775/775/775
f 775/775/775 771/771/771 798/798/798
f 795/795/795 796/796/796 799/799/799
f 795/795/795 799/799/799 797/797/797
f 800/800/800 796/796/796 798/798/798
f 796/796/796 800/800/800 799/799/799
f 771/771/771 801/801/801 798/798/798
f 768/768/768 801/801/801 771/771/771
f 798/798/798 801/801/801 802/802/802
f 802/802/802 800/800/800 798/798/798
f 803/803/803 801/801/801 768/768/768
f 801/801/801 803/803/803 802/802/802
f 790/790/790 797/797/797 804/804/804
f 805/805/805 797/797/797 799/799/799
f 804/804/804 797/797/797 805/805/805
f 806/806/806 799/799/799 800/800/800
f 807/807/807 800/800/800 802/802/802
f 807/807/807 806/806/806 800/800/800
f 808/808/808 799/799/799 806/806/806
f 805/805/805 799/799/799 808/808/808
f 809/809/809 806/806/806 807/807/807
f 808/808/808 806/806/806 809/809/809
f 810/810/810 807/807/807 802/802/802
f 803/803/803 811/811/811 802/802/802
f 802/802/802 811/811/811 810/810/810
f 812/812/812 809/809/809 807/807/807
f 807/807/807 810/810/810 812/812/812
f 813/813/813 808/808/808 809/809/809
f 805/805/805 808/808/808 814/814/814
f 808/808/808 813/813/813 814/814/814
f 813/813/813 809/809/809 815/815/815
f 815/815/815 809/809/809 812/812/812
f 814/814/814 813/813/813 816/816/816
f 816/816/816 813/813/813 815/815/815
f 817/817/817 811/811/811 803/803/803
f 810/810/810 811/811/811 818/818/818
f 818/818/818 811/811/811 817/817/817
f 810/810/810 819/819/819 812/812/812
f 819/819/819 810/810/810 818/818/818
f 803/803/803 820/820/820 817/817/817
f 820/820/820 803/803/803 768/768/768
f 820/820/820 768/768/768 821/821/821
f 821/821/821 768/768/768 772/772/772
f 820/820/820 822/822/822 817/817/817
f 820/820/820 821/821/821 822/822/822
f 823/823/823 818/818/818 817/817/817
f 817/817/817 822/822/822 823/823/823
f 819/819/819 818/818/818 824/824/824
f 824/824/824 818/818/818 823/823/823
f 812/812/812 819/819/819 825/825/825
f 825/825/825 819/819/819 824/824/824
f 826/826/826 821/821/821 772/772/772
f 826/826/826 772/772/772 758/758/758
f 827/827/827 812/812/812 825/825/825
f 827/827/827 815/815/815 812/812/812
f 824/824/824 828/828/828 825/825/825
f 829/829/829 824/824/824 823/823/823
f 824/824/824 829/829/829 828/828/828
f 825/825/825 830/830/830 827/827/827
f 828/828/828 830/830/830 825/825/825
f 831/831/831 821/821/821 826/826/826
f 832/832/832 826/826/826 758/758/758
f 831/831/831 826/826/826 832/832/832
f 831/831/831 833/833/833 821/821/821
f 833/833/833 822/822/822 821/821/821
f 822/822/822 833/833/833 834/834/834
f 834/834/834 833/833/833 831/831/831
f 822/822/822 835/835/835 823/823/823
f 835/835/835 822/822/822 834/834/834
f 829/829/829 823/823/823 836/836/836
f 823/823/823 835/835/835 836/836/836
f 835/835/835 834/834/834 837/837/837
f 836/836/836 835/835/835 837/837/837
f 838/838/838 834/834/834 831/831/831
f 837/837/837 834/834/834 838/838/838
f 839/839/839 831/831/831 832/832/832
f 831/831/831 839/839/839 838/838/838
f 829/829/829 836/836/836 840/840/840
f 829/829/829 840/840/840 828/828/828
f 836/836/836 837/837/837 841/841/841
f 836/836/836 841/841/841 840/840/840
f 839/839/839 832/832/832 842/842/842
f 842/842/842 832/832/832 758/758/758
f 828/828/828 840/840/840 843/843/843
f 840/840/840 841/841/841 844/844/844
f 840/840/840 844/844/844 843/843/843
f 843/843/843 845/845/845 828/828/828
f 845/845/845 830/830/830 828/828/828
f 837/837/837 846/846/846 841/841/841
f 841/841/841 847/847/847 844/844/844
f 841/841/841 846/846/846 847/847/847
f 837/837/837 848/848/848 846/846/846
f 848/848/848 837/837/837 838/838/838
f 848/848/848 838/838/838 849/849/849
f 848/848/848 850/850/850 846/846/846
f 848/848/848 849/849/849 850/850/850
f 846/846/846 851/851/851 847/847/847
f 846/846/846 850/850/850 851/851/851
f 838/838/838 852/852/852 849/849/849
f 839/839/839 852/852/852 838/838/838
f 852/852/852 839/839/839 853/853/853
f 853/853/853 839/839/839 842/842/842
f 849/849/849 852/852/852 854/854/854
f 854/854/854 852/852/852 853/853/853
f 855/855/855 854/854/854 853/853/853
f 853/853/853 842/842/842 856/856/856
f 856/856/856 855/855/855 853/853/853
f 842/842/842 857/857/857 856/856/856
f 758/758/758 857/857/857 842/842/842
f 858/858/858 849/849/849 854/854/854
f 858/858/858 854/854/854 855/855/855
f 856/856/856 859/859/859 855/855/855
f 856/856/856 857/857/857 859/859/859
f 758/758/758 860/860/860 857/857/857
f 860/860/860 758/758/758 757/757/757
f 857/857/857 861/861/861 859/859/859
f 860/860/860 861/861/861 857/857/857
f 860/860/860 757/757/757 862/862/862
f 757/757/757 760/760/760 862/862/862
f 862/862/862 760/760/760 863/863/863
f 760/760/760 762/762/762 863/863/863
f 862/862/862 864/864/864 860/860/860
f 862/862/862 863/863/863 864/864/864
f 860/860/860 865/865/865 861/861/861
f 865/865/865 860/860/860 864/864/864
f 863/863/863 762/762/762 866/866/866
f 762/762/762 764/764/764 866/866/866
f 861/861/861 865/865/865 867/867/867
f 859/859/859 861/861/861 867/867/867
f 863/863/863 868/868/868 864/864/864
f 863/863/863 866/866/866 868/868/868
f 869/869/869 865/865/865 864/864/864
f 867/867/867 865/865/865 869/869/869
f 868/868/868 869/869/869 864/864/864
f 764/764/764 870/870/870 866/866/866
f 765/765/765 870/870/870 764/764/764
f 765/765/765 871/871/871 870/870/870
f 871/871/871 872/872/872 870/870/870
f 872/872/872 873/873/873 870/870/870
f 870/870/870 873/873/873 866/866/866
f 874/874/874 871/871/871 765/765/765
f 875/875/875 866/866/866 873/873/873
f 866/866/866 875/875/875 868/868/868
f 868/868/868 875/875/875 876/876/876
f 877/877/877 875/875/875 873/873/873
f 877/877/877 873/873/873 872/872/872
f 876/876/876 875/875/875 877/877/877
f 878/878/878 869/869/869 868/868/868
f 868/868/868 876/876/876 878/878/878
f 879/879/879 867/867/867 869/869/869
f 879/879/879 869/869/869 878/878/878
f 871/871/871 874/874/874 880/880/880
f 881/881/881 880/880/880 874/874/874
f 882/882/882 871/871/871 880/880/880
f 872/872/872 871/871/871 882/882/882
f 883/883/883 880/880/880 881/881/881
f 882/882/882 880/880/880 883/883/883
f 884/884/884 883/883/883 881/881/881
f 885/885/885 883/883/883 884/884/884
f 886/886/886 883/883/883 885/885/885
f 886/886/886 885/885/885 887/887/887
f 886/886/886 887/887/887 788/788/788
f 888/888/888 867/867/867 879/879/879
f 859/859/859 867/867/867 888/888/888
f 889/889/889 882/882/882 883/883/883
f 886/886/886 889/889/889 883/883/883
f 890/890/890 889/889/889 886/886/886
f 889/889/889 891/891/891 882/882/882
f 891/891/891 889/889/889 890/890/890
f 788/788/788 892/892/892 886/886/886
f 886/886/886 892/892/892 890/890/890
f 892/892/892 788/788/788 786/786/786
f 893/893/893 892/892/892 786/786/786
f 892/892/892 893/893/893 890/890/890
f 894/894/894 859/859/859 888/888/888
f 859/859/859 894/894/894 855/855/855
f 882/882/882 891/891/891 895/895/895
f 895/895/895 872/872/872 882/882/882
f 896/896/896 893/893/893 786/786/786
f 790/790/790 896/896/896 786/786/786
f 895/895/895 891/891/891 897/897/897
f 897/897/897 872/872/872 895/895/895
f 894/894/894 888/888/888 898/898/898
f 855/855/855 894/894/894 899/899/899
f 899/899/899 894/894/894 898/898/898
f 898/898/898 888/888/888 900/900/900
f 900/900/900 888/888/888 879/879/879
f 901/901/901 855/855/855 899/899/899
f 901/901/901 858/858/858 855/855/855
f 858/858/858 901/901/901 902/902/902
f 858/858/858 902/902/902 849/849/849
f 879/879/879 903/903/903 900/900/900
f 903/903/903 879/879/879 878/878/878
f 904/904/904 901/901/901 899/899/899
f 901/901/901 904/904/904 902/902/902
f 902/902/902 905/905/905 849/849/849
f 849/849/849 905/905/905 850/850/850
f 850/850/850 905/905/905 906/906/906
f 850/850/850 906/906/906 851/851/851
f 907/907/907 905/905/905 902/902/902
f 905/905/905 907/907/907 906/906/906
f 851/851/851 906/906/906 908/908/908
f 906/906/906 907/907/907 908/908/908
f 909/909/909 907/907/907 902/902/902
f 902/902/902 904/904/904 909/909/909
f 903/903/903 878/878/878 910/910/910
f 878/878/878 876/876/876 910/910/910
f 911/911/911 851/851/851 908/908/908
f 847/847/847 851/851/851 911/911/911
f 907/907/907 912/912/912 908/908/908
f 912/912/912 907/907/907 909/909/909
f 913/913/913 847/847/847 911/911/911
f 844/844/844 847/847/847 913/913/913
f 914/914/914 844/844/844 913/913/913
f 843/843/843 844/844/844 914/914/914
f 903/903/903 910/910/910 915/915/915
f 910/910/910 876/876/876 916/916/916
f 915/915/915 910/910/910 916/916/916
f 917/917/917 903/903/903 915/915/915
f 903/903/903 917/917/917 900/900/900
f 913/913/913 911/911/911 918/918/918
f 914/914/914 913/913/913 919/919/919
f 913/913/913 918/918/918 919/919/919
f 911/911/911 920/920/920 918/918/918
f 920/920/920 911/911/911 908/908/908
f 921/921/921 920/920/920 908/908/908
f 908/908/908 912/912/912 921/921/921
f 922/922/922 916/916/916 876/876/876
f 923/923/923 915/915/915 916/916/916
f 916/916/916 922/922/922 923/923/923
f 917/917/917 915/915/915 924/924/924
f 924/924/924 915/915/915 923/923/923
f 925/925/925 922/922/922 876/876/876
f 925/925/925 876/876/876 877/877/877
f 925/925/925 877/877/877 872/872/872
f 926/926/926 925/925/925 872/872/872
f 872/872/872 897/897/897 926/926/926
f 927/927/927 917/917/917 924/924/924
f 900/900/900 917/917/917 927/927/927
f 922/922/922 925/925/925 928/928/928
f 925/925/925 926/926/926 928/928/928
f 929/929/929 900/900/900 927/927/927
f 929/929/929 898/898/898 900/900/900
f 929/929/929 927/927/927 930/930/930
f 929/929/929 930/930/930 898/898/898
f 927/927/927 924/924/924 931/931/931
f 927/927/927 931/931/931 930/930/930
f 930/930/930 932/932/932 898/898/898
f 898/898/898 932/932/932 899/899/899
f 932/932/932 933/933/933 899/899/899
f 933/933/933 904/904/904 899/899/899
f 934/934/934 904/904/904 933/933/933
f 904/904/904 934/934/934 909/909/909
f 935/935/935 933/933/933 932/932/932
f 935/935/935 934/934/934 933/933/933
f 936/936/936 932/932/932 930/930/930
f 936/936/936 935/935/935 932/932/932
f 909/909/909 934/934/934 937/937/937
f 937/937/937 934/934/934 935/935/935
f 930/930/930 931/931/931 938/938/938
f 938/938/938 936/936/936 930/930/930
f 939/939/939 935/935/935 936/936/936
f 939/939/939 937/937/937 935/935/935
f 940/940/940 909/909/909 937/937/937
f 940/940/940 912/912/912 909/909/909
f 941/941/941 912/912/912 940/940/940
f 912/912/912 941/941/941 921/921/921
f 940/940/940 937/937/937 942/942/942
f 942/942/942 941/941/941 940/940/940
f 943/943/943 936/936/936 938/938/938
f 943/943/943 939/939/939 936/936/936
f 944/944/944 937/937/937 939/939/939
f 937/937/937 944/944/944 942/942/942
f 921/921/921 941/941/941 945/945/945
f 946/946/946 941/941/941 942/942/942
f 941/941/941 946/946/946 945/945/945
f 947/947/947 946/946/946 942/942/942
f 942/942/942 944/944/944 947/947/947
f 945/945/945 948/948/948 921/921/921
f 948/948/948 920/920/920 921/921/921
f 920/920/920 948/948/948 949/949/949
f 918/918/918 920/920/920 949/949/949
f 945/945/945 946/946/946 950/950/950
f 950/950/950 946/946/946 947/947/947
f 951/951/951 948/948/948 945/945/945
f 949/949/949 948/948/948 951/951/951
f 918/918/918 949/949/949 952/952/952
f 919/919/919 918/918/918 952/952/952
f 953/953/953 945/945/945 950/950/950
f 953/953/953 951/951/951 945/945/945
f 952/952/952 949/949/949 954/954/954
f 954/954/954 949/949/949 951/951/951
f 919/919/919 952/952/952 955/955/955
f 956/956/956 952/952/952 954/954/954
f 955/955/955 952/952/952 956/956/956
f 957/957/957 919/919/919 955/955/955
f 914/914/914 919/919/919 957/957/957
f 958/958/958 914/914/914 957/957/957
f 958/958/958 843/843/843 914/914/914
f 958/958/958 959/959/959 843/843/843
f 959/959/959 845/845/845 843/843/843
f 958/958/958 957/957/957 960/960/960
f 959/959/959 958/958/958 960/960/960
f 957/957/957 955/955/955 961/961/961
f 960/960/960 957/957/957 961/961/961
f 962/962/962 955/955/955 956/956/956
f 961/961/961 955/955/955 962/962/962
f 951/951/951 963/963/963 954/954/954
f 954/954/954 964/964/964 956/956/956
f 963/963/963 964/964/964 954/954/954
f 965/965/965 963/963/963 951/951/951
f 953/953/953 965/965/965 951/951/951
f 966/966/966 965/965/965 953/953/953
f 950/950/950 966/966/966 953/953/953
f 959/959/959 960/960/960 967/967/967
f 960/960/960 961/961/961 968/968/968
f 967/967/967 960/960/960 968/968/968
f 969/969/969 961/961/961 962/962/962
f 968/968/968 961/961/961 969/969/969
f 962/962/962 956/956/956 970/970/970
f 962/962/962 970/970/970 969/969/969
f 964/964/964 971/971/971 956/956/956
f 956/956/956 971/971/971 970/970/970
f 972/972/972 959/959/959 967/967/967
f 959/959/959 972/972/972 845/845/845
f 972/972/972 973/973/973 845/845/845
f 845/845/845 973/973/973 830/830/830
f 973/973/973 974/974/974 830/830/830
f 830/830/830 974/974/974 827/827/827
f 974/974/974 973/973/973 975/975/975
f 975/975/975 973/973/973 972/972/972
f 827/827/827 974/974/974 976/976/976
f 976/976/976 974/974/974 975/975/975
f 815/815/815 827/827/827 976/976/976
f 976/976/976 977/977/977 815/815/815
f 977/977/977 816/816/816 815/815/815
f 975/975/975 978/978/978 976/976/976
f 978/978/978 977/977/977 976/976/976
f 972/972/972 967/967/967 979/979/979
f 980/980/980 975/975/975 972/972/972
f 980/980/980 972/972/972 979/979/979
f 981/981/981 978/978/978 975/975/975
f 980/980/980 981/981/981 975/975/975
f 977/977/977 978/978/978 982/982/982
f 982/982/982 978/978/978 981/981/981
f 816/816/816 977/977/977 983/983/983
f 983/983/983 977/977/977 982/982/982
f 984/984/984 981/981/981 980/980/980
f 979/979/979 984/984/984 980/980/980
f 979/979/979 967/967/967 985/985/985
f 967/967/967 968/968/968 985/985/985
f 986/986/986 816/816/816 983/983/983
f 986/986/986 814/814/814 816/816/816
f 987/987/987 982/982/982 981/981/981
f 981/981/981 984/984/984 987/987/987
f 988/988/988 984/984/984 979/979/979
f 985/985/985 988/988/988 979/979/979
f 985/985/985 968/968/968 989/989/989
f 989/989/989 968/968/968 969/969/969
f 983/983/983 990/990/990 986/986/986
f 814/814/814 986/986/986 991/991/991
f 990/990/990 991/991/991 986/986/986
f 991/991/991 990/990/990 992/992/992
f 993/993/993 814/814/814 991/991/991
f 991/991/991 992/992/992 993/993/993
f 805/805/805 814/814/814 993/993/993
f 994/994/994 990/990/990 983/983/983
f 982/982/982 994/994/994 983/983/983
f 995/995/995 805/805/805 993/993/993
f 995/995/995 804/804/804 805/805/805
f 993/993/993 996/996/996 995/995/995
f 992/992/992 996/996/996 993/993/993
f 995/995/995 997/997/997 804/804/804
f 996/996/996 997/997/997 995/995/995
f 997/997/997 998/998/998 804/804/804
f 804/804/804 998/998/998 790/790/790
f 999/999/999 997/997/997 996/996/996
f 997/997/997 999/999/999 998/998/998
f 998/998/998 1000/1000/1000 790/790/790
f 999/999/999 1000/1000/1000 998/998/998
f 790/790/790 1000/1000/1000 896/896/896
f 1001/1001/1001 999/999/999 996/996/996
f 1001/1001/1001 996/996/996 992/992/992
f 999/999/999 1002/1002/1002 1000/1000/1000
f 1002/1002/1002 999/999/999 1001/1001/1001
f 1003/1003/1003 994/994/994 982/982/982
f 987/987/987 1003/1003/1003 982/982/982
f 1000/1000/1000 1004/1004/1004 896/896/896
f 1002/1002/1002 1004/1004/1004 1000/1000/1000
f 896/896/896 1004/1004/1004 1005/1005/1005
f 1005/1005/1005 1004/1004/1004 1002/1002/1002
f 987/987/987 1006/1006/1006 1003/1003/1003
f 984/984/984 1006/1006/1006 987/987/987
f 1005/1005/1005 1007/1007/1007 896/896/896
f 1007/1007/1007 893/893/893 896/896/896
f 893/893/893 1007/1007/1007 1008/1008/1008
f 890/890/890 893/893/893 1008/1008/1008
f 1009/1009/1009 1007/1007/1007 1005/1005/1005
f 1008/1008/1008 1007/1007/1007 1009/1009/1009
f 1010/1010/1010 1005/1005/1005 1002/1002/1002
f 1010/1010/1010 1009/1009/1009 1005/1005/1005
f 1011/1011/1011 1006/1006/1006 984/984/984
f 988/988/988 1011/1011/1011 984/984/984
f 1010/1010/1010 1002/1002/1002 1012/1012/1012
f 1012/1012/1012 1002/1002/1002 1001/1001/1001
f 1009/1009/1009 1010/1010/1010 1013/1013/1013
f 1014/1014/1014 1010/1010/1010 1012/1012/1012
f 1010/1010/1010 1014/1014/1014 1013/1013/1013
f 1012/1012/1012 1001/1001/1001 1015/1015/1015
f 1014/1014/1014 1012/1012/1012 1015/1015/1015
f 1016/1016/1016 1008/1008/1008 1009/1009/1009
f 1009/1009/1009 1013/1013/1013 1016/1016/1016
f 1001/1001/1001 1017/1017/1017 1015/1015/1015
f 1017/1017/1017 1001/1001/1001 992/992/992
f 1013/1013/1013 1014/1014/1014 1018/1018/1018
f 1018/1018/1018 1014/1014/1014 1015/1015/1015
f 1017/1017/1017 992/992/992 1019/1019/1019
f 1015/1015/1015 1017/1017/1017 1020/1020/1020
f 1017/1017/1017 1019/1019/1019 1020/1020/1020
f 1018/1018/1018 1015/1015/1015 1021/1021/1021
f 1015/1015/1015 1020/1020/1020 1021/1021/1021
f 992/992/992 1022/1022/1022 1019/1019/1019
f 990/990/990 1022/1022/1022 992/992/992
f 990/990/990 994/994/994 1022/1022/1022
f 994/994/994 1023/1023/1023 1022/1022/1022
f 1023/1023/1023 994/994/994 1003/1003/1003
f 1019/1019/1019 1022/1022/1022 1024/1024/1024
f 1022/1022/1022 1023/1023/1023 1024/1024/1024
f 1020/1020/1020 1019/1019/1019 1025/1025/1025
f 1019/1019/1019 1024/1024/1024 1025/1025/1025
f 1026/1026/1026 1023/1023/1023 1003/1003/1003
f 1024/1024/1024 1023/1023/1023 1026/1026/1026
f 1021/1021/1021 1020/1020/1020 1027/1027/1027
f 1020/1020/1020 1025/1025/1025 1027/1027/1027
f 1025/1025/1025 1024/1024/1024 1028/1028/1028
f 1028/1028/1028 1024/1024/1024 1026/1026/1026
f 1003/1003/1003 1029/1029/1029 1026/1026/1026
f 1006/1006/1006 1029/1029/1029 1003/1003/1003
f 1030/1030/1030 1029/1029/1029 1006/1006/1006
f 1011/1011/1011 1030/1030/1030 1006/1006/1006
f 1029/1029/1029 1031/1031/1031 1026/1026/1026
f 1029/1029/1029 1030/1030/1030 1031/1031/1031
f 1027/1027/1027 1025/1025/1025 1032/1032/1032
f 1032/1032/1032 1025/1025/1025 1028/1028/1028
f 1028/1028/1028 1026/1026/1026 1033/1033/1033
f 1026/1026/1026 1031/1031/1031 1033/1033/1033
f 1032/1032/1032 1028/1028/1028 1034/1034/1034
f 1028/1028/1028 1033/1033/1033 1034/1034/1034
f 1035/1035/1035 1027/1027/1027 1032/1032/1032
f 1032/1032/1032 1034/1034/1034 1035/1035/1035
f 1036/1036/1036 1030/1030/1030 1011/1011/1011
f 1030/1030/1030 1037/1037/1037 1031/1031/1031
f 1037/1037/1037 1030/1030/1030 1036/1036/1036
f 1033/1033/1033 1031/1031/1031 1038/1038/1038
f 1031/1031/1031 1037/1037/1037 1038/1038/1038
f 1034/1034/1034 1033/1033/1033 1039/1039/1039
f 1033/1033/1033 1038/1038/1038 1039/1039/1039
f 1038/1038/1038 1037/1037/1037 1040/1040/1040
f 1040/1040/1040 1037/1037/1037 1036/1036/1036
f 1041/1041/1041 1036/1036/1036 1011/1011/1011
f 1041/1041/1041 1011/1011/1011 988/988/988
f 1039/1039/1039 1038/1038/1038 1042/1042/1042
f 1042/1042/1042 1038/1038/1038 1040/1040/1040
f 1043/1043/1043 1041/1041/1041 988/988/988
f 1043/1043/1043 988/988/988 985/985/985
f 1044/1044/1044 1043/1043/1043 985/985/985
f 1044/1044/1044 985/985/985 989/989/989
f 989/989/989 1045/1045/1045 1044/1044/1044
f 989/989/989 969/969/969 1045/1045/1045
f 1044/1044/1044 1046/1046/1046 1043/1043/1043
f 1045/1045/1045 1046/1046/1046 1044/1044/1044
f 1043/1043/1043 1047/1047/1047 1041/1041/1041
f 1046/1046/1046 1047/1047/1047 1043/1043/1043
f 1041/1041/1041 1048/1048/1048 1036/1036/1036
f 1047/1047/1047 1048/1048/1048 1041/1041/1041
f 1036/1036/1036 1049/1049/1049 1040/1040/1040
f 1048/1048/1048 1049/1049/1049 1036/1036/1036
f 1040/1040/1040 1050/1050/1050 1042/1042/1042
f 1049/1049/1049 1050/1050/1050 1040/1040/1040
f 1050/1050/1050 1051/1051/1051 1042/1042/1042
f 969/969/969 1052/1052/1052 1045/1045/1045
f 970/970/970 1052/1052/1052 969/969/969
f 1053/1053/1053 1050/1050/1050 1049/1049/1049
f 1051/1051/1051 1050/1050/1050 1053/1053/1053
f 1042/1042/1042 1051/1051/1051 1054/1054/1054
f 1054/1054/1054 1039/1039/1039 1042/1042/1042
f 1055/1055/1055 1048/1048/1048 1047/1047/1047
f 1056/1056/1056 1049/1049/1049 1048/1048/1048
f 1055/1055/1055 1056/1056/1056 1048/1048/1048
f 1057/1057/1057 1053/1053/1053 1049/1049/1049
f 1049/1049/1049 1056/1056/1056 1057/1057/1057
f 1058/1058/1058 1055/1055/1055 1047/1047/1047
f 1058/1058/1058 1047/1047/1047 1046/1046/1046
f 1059/1059/1059 1058/1058/1058 1046/1046/1046
f 1059/1059/1059 1046/1046/1046 1045/1045/1045
f 1060/1060/1060 1059/1059/1059 1045/1045/1045
f 1045/1045/1045 1052/1052/1052 1060/1060/1060
f 1052/1052/1052 1061/1061/1061 1060/1060/1060
f 1061/1061/1061 1052/1052/1052 970/970/970
f 1062/1062/1062 1061/1061/1061 970/970/970
f 970/970/970 971/971/971 1062/1062/1062
f 971/971/971 1063/1063/1063 1062/1062/1062
f 1063/1063/1063 971/971/971 964/964/964
f 1064/1064/1064 1063/1063/1063 964/964/964
f 1064/1064/1064 964/964/964 963/963/963
f 1065/1065/1065 1064/1064/1064 963/963/963
f 1065/1065/1065 963/963/963 965/965/965
f 1066/1066/1066 1065/1065/1065 965/965/965
f 1066/1066/1066 965/965/965 966/966/966
f 1067/1067/1067 1059/1059/1059 1060/1060/1060
f 1068/1068/1068 1067/1067/1067 1060/1060/1060
f 1060/1060/1060 1061/1061/1061 1068/1068/1068
f 1067/1067/1067 1069/1069/1069 1059/1059/1059
f 1061/1061/1061 1070/1070/1070 1068/1068/1068
f 1069/1069/1069 1058/1058/1058 1059/1059/1059
f 1070/1070/1070 1061/1061/1061 1062/1062/1062
f 1069/1069/1069 1071/1071/1071 1058/1058/1058
f 1072/1072/1072 1070/1070/1070 1062/1062/1062
f 1071/1071/1071 1055/1055/1055 1058/1058/1058
f 1062/1062/1062 1063/1063/1063 1072/1072/1072
f 1071/1071/1071 1073/1073/1073 1055/1055/1055
f 1063/1063/1063 1074/1074/1074 1072/1072/1072
f 1073/1073/1073 1056/1056/1056 1055/1055/1055
f 1074/1074/1074 1063/1063/1063 1064/1064/1064
f 1056/1056/1056 1073/1073/1073 1075/1075/1075
f 1076/1076/1076 1074/1074/1074 1064/1064/1064
f 1057/1057/1057 1056/1056/1056 1075/1075/1075
f 1076/1076/1076 1064/1064/1064 1065/1065/1065
f 1075/1075/1075 1077/1077/1077 1057/1057/1057
f 1078/1078/1078 1076/1076/1076 1065/1065/1065
f 1077/1077/1077 1053/1053/1053 1057/1057/1057
f 1078/1078/1078 1065/1065/1065 1066/1066/1066
f 1077/1077/1077 1079/1079/1079 1053/1053/1053
f 1080/1080/1080 1078/1078/1078 1066/1066/1066
f 1079/1079/1079 1081/1081/1081 1053/1053/1053
f 1079/1079/1079 1082/1082/1082 1081/1081/1081
f 1081/1081/1081 1051/1051/1051 1053/1053/1053
f 1080/1080/1080 1066/1066/1066 1083/1083/1083
f 1084/1084/1084 1080/1080/1080 1083/1083/1083
f 1083/1083/1083 1066/1066/1066 966/966/966
f 1082/1082/1082 1085/1085/1085 1081/1081/1081
f 1081/1081/1081 1085/1085/1085 1051/1051/1051
f 1082/1082/1082 1086/1086/1086 1085/1085/1085
f 1083/1083/1083 1087/1087/1087 1084/1084/1084
f 966/966/966 1087/1087/1087 1083/1083/1083
f 1087/1087/1087 1088/1088/1088 1084/1084/1084
f 1086/1086/1086 1089/1089/1089 1085/1085/1085
f 1085/1085/1085 1089/1089/1089 1051/1051/1051
f 1089/1089/1089 1086/1086/1086 1090/1090/1090
f 1087/1087/1087 966/966/966 1091/1091/1091
f 1091/1091/1091 966/966/966 950/950/950
f 1088/1088/1088 1087/1087/1087 1092/1092/1092
f 1092/1092/1092 1087/1087/1087 1091/1091/1091
f 1093/1093/1093 1088/1088/1088 1092/1092/1092
f 1089/1089/1089 1094/1094/1094 1051/1051/1051
f 1051/1051/1051 1094/1094/1094 1054/1054/1054
f 1095/1095/1095 1089/1089/1089 1090/1090/1090
f 1094/1094/1094 1089/1089/1089 1095/1095/1095
f 1095/1095/1095 1090/1090/1090 1096/1096/1096
f 1092/1092/1092 1097/1097/1097 1093/1093/1093
f 1097/1097/1097 1098/1098/1098 1093/1093/1093
f 1054/1054/1054 1094/1094/1094 1099/1099/1099
f 1099/1099/1099 1094/1094/1094 1095/1095/1095
f 1100/1100/1100 1095/1095/1095 1096/1096/1096
f 1099/1099/1099 1095/1095/1095 1100/1100/1100
f 1096/1096/1096 1101/1101/1101 1100/1100/1100
f 1102/1102/1102 1097/1097/1097 1092/1092/1092
f 1091/1091/1091 1102/1102/1102 1092/1092/1092
f 1103/1103/1103 1102/1102/1102 1091/1091/1091
f 1098/1098/1098 1097/1097/1097 1104/1104/1104
f 1104/1104/1104 1097/1097/1097 1102/1102/1102
f 1105/1105/1105 1098/1098/1098 1104/1104/1104
f 1106/1106/1106 1054/1054/1054 1099/1099/1099
f 1054/1054/1054 1106/1106/1106 1039/1039/1039
f 1107/1107/1107 1099/1099/1099 1100/1100/1100
f 1106/1106/1106 1099/1099/1099 1107/1107/1107
f 1101/1101/1101 1108/1108/1108 1100/1100/1100
f 1100/1100/1100 1108/1108/1108 1107/1107/1107
f 1101/1101/1101 1109/1109/1109 1108/1108/1108
f 1104/1104/1104 1102/1102/1102 1110/1110/1110
f 1110/1110/1110 1102/1102/1102 1103/1103/1103
f 1105/1105/1105 1104/1104/1104 1111/1111/1111
f 1111/1111/1111 1104/1104/1104 1110/1110/1110
f 1112/1112/1112 1105/1105/1105 1111/1111/1111
f 1106/1106/1106 1113/1113/1113 1039/1039/1039
f 1039/1039/1039 1113/1113/1113 1034/1034/1034
f 1109/1109/1109 1114/1114/1114 1108/1108/1108
f 1114/1114/1114 1109/1109/1109 1115/1115/1115
f 1112/1112/1112 1111/1111/1111 1116/1116/1116
f 1117/1117/1117 1112/1112/1112 1116/1116/1116
f 1111/1111/1111 1110/1110/1110 1118/1118/1118
f 1116/1116/1116 1111/1111/1111 1118/1118/1118
f 1117/1117/1117 1116/1116/1116 1119/1119/1119
f 1120/1120/1120 1117/1117/1117 1119/1119/1119
f 1113/1113/1113 1106/1106/1106 1121/1121/1121
f 1121/1121/1121 1106/1106/1106 1107/1107/1107
f 1108/1108/1108 1122/1122/1122 1107/1107/1107
f 1108/1108/1108 1114/1114/1114 1122/1122/1122
f 1121/1121/1121 1107/1107/1107 1123/1123/1123
f 1107/1107/1107 1122/1122/1122 1123/1123/1123
f 1123/1123/1123 1122/1122/1122 1124/1124/1124
f 1125/1125/1125 1113/1113/1113 1121/1121/1121
f 1121/1121/1121 1123/1123/1123 1125/1125/1125
f 1114/1114/1114 1126/1126/1126 1122/1122/1122
f 1122/1122/1122 1126/1126/1126 1124/1124/1124
f 1126/1126/1126 1114/1114/1114 1127/1127/1127
f 1127/1127/1127 1114/1114/1114 1115/1115/1115
f 1115/1115/1115 1128/1128/1128 1127/1127/1127
f 1129/1129/1129 1126/1126/1126 1127/1127/1127
f 1124/1124/1124 1126/1126/1126 1129/1129/1129
f 1128/1128/1128 1130/1130/1130 1127/1127/1127
f 1127/1127/1127 1130/1130/1130 1129/1129/1129
f 1130/1130/1130 1128/1128/1128 1131/1131/1131
f 1132/1132/1132 1130/1130/1130 1131/1131/1131
f 1132/1132/1132 1131/1131/1131 1133/1133/1133
f 1130/1130/1130 1132/1132/1132 1134/1134/1134
f 1129/1129/1129 1130/1130/1130 1134/1134/1134
f 1135/1135/1135 1132/1132/1132 1133/1133/1133
f 1134/1134/1134 1132/1132/1132 1135/1135/1135
f 1136/1136/1136 1134/1134/1134 1135/1135/1135
f 1133/1133/1133 1137/1137/1137 1135/1135/1135
f 1137/1137/1137 1138/1138/1138 1135/1135/1135
f 1135/1135/1135 1138/1138/1138 1136/1136/1136
f 1137/1137/1137 1139/1139/1139 1138/1138/1138
f 1139/1139/1139 1140/1140/1140 1138/1138/1138
f 1138/1138/1138 1140/1140/1140 1136/1136/1136
f 1139/1139/1139 1141/1141/1141 1140/1140/1140
f 1129/1129/1129 1134/1134/1134 1142/1142/1142
f 1142/1142/1142 1134/1134/1134 1136/1136/1136
f 1141/1141/1141 1143/1143/1143 1140/1140/1140
f 1141/1141/1141 1144/1144/1144 1143/1143/1143
f 1145/1145/1145 1129/1129/1129 1142/1142/1142
f 1145/1145/1145 1124/1124/1124 1129/1129/1129
f 1140/1140/1140 1146/1146/1146 1136/1136/1136
f 1140/1140/1140 1143/1143/1143 1146/1146/1146
f 1144/1144/1144 1147/1147/1147 1143/1143/1143
f 1144/1144/1144 1148/1148/1148 1147/1147/1147
f 1143/1143/1143 1149/1149/1149 1146/1146/1146
f 1143/1143/1143 1147/1147/1147 1149/1149/1149
f 1148/1148/1148 1150/1150/1150 1147/1147/1147
f 1148/1148/1148 1151/1151/1151 1150/1150/1150
f 1147/1147/1147 1152/1152/1152 1149/1149/1149
f 1147/1147/1147 1150/1150/1150 1152/1152/1152
f 1151/1151/1151 1153/1153/1153 1150/1150/1150
f 1153/1153/1153 1151/1151/1151 1154/1154/1154
f 1150/1150/1150 1155/1155/1155 1152/1152/1152
f 1150/1150/1150 1153/1153/1153 1155/1155/1155
f 1156/1156/1156 1153/1153/1153 1154/1154/1154
f 1154/1154/1154 1157/1157/1157 1156/1156/1156
f 1153/1153/1153 1158/1158/1158 1155/1155/1155
f 1158/1158/1158 1153/1153/1153 1156/1156/1156
f 1157/1157/1157 1159/1159/1159 1156/1156/1156
f 1159/1159/1159 1157/1157/1157 1120/1120/1120
f 1119/1119/1119 1159/1159/1159 1120/1120/1120
f 1160/1160/1160 1158/1158/1158 1156/1156/1156
f 1156/1156/1156 1159/1159/1159 1160/1160/1160
f 1155/1155/1155 1158/1158/1158 1161/1161/1161
f 1161/1161/1161 1158/1158/1158 1160/1160/1160
f 1152/1152/1152 1155/1155/1155 1162/1162/1162
f 1162/1162/1162 1155/1155/1155 1161/1161/1161
f 1163/1163/1163 1159/1159/1159 1119/1119/1119
f 1159/1159/1159 1163/1163/1163 1160/1160/1160
f 1164/1164/1164 1163/1163/1163 1119/1119/1119
f 1119/1119/1119 1116/1116/1116 1164/1164/1164
f 1116/1116/1116 1118/1118/1118 1164/1164/1164
f 1160/1160/1160 1163/1163/1163 1165/1165/1165
f 1165/1165/1165 1163/1163/1163 1164/1164/1164
f 1166/1166/1166 1152/1152/1152 1162/1162/1162
f 1149/1149/1149 1152/1152/1152 1166/1166/1166
f 1167/1167/1167 1149/1149/1149 1166/1166/1166
f 1146/1146/1146 1149/1149/1149 1167/1167/1167
f 1168/1168/1168 1161/1161/1161 1160/1160/1160
f 1168/1168/1168 1160/1160/1160 1165/1165/1165
f 1166/1166/1166 1162/1162/1162 1169/1169/1169
f 1166/1166/1166 1169/1169/1169 1167/1167/1167
f 1170/1170/1170 1146/1146/1146 1167/1167/1167
f 1136/1136/1136 1146/1146/1146 1170/1170/1170
f 1171/1171/1171 1136/1136/1136 1170/1170/1170
f 1171/1171/1171 1142/1142/1142 1136/1136/1136
f 1170/1170/1170 1167/1167/1167 1172/1172/1172
f 1170/1170/1170 1172/1172/1172 1171/1171/1171
f 1171/1171/1171 1173/1173/1173 1142/1142/1142
f 1172/1172/1172 1173/1173/1173 1171/1171/1171
f 1169/1169/1169 1174/1174/1174 1167/1167/1167
f 1167/1167/1167 1174/1174/1174 1172/1172/1172
f 1173/1173/1173 1175/1175/1175 1142/1142/1142
f 1142/1142/1142 1175/1175/1175 1145/1145/1145
f 1175/1175/1175 1176/1176/1176 1145/1145/1145
f 1145/1145/1145 1176/1176/1176 1124/1124/1124
f 1177/1177/1177 1175/1175/1175 1173/1173/1173
f 1176/1176/1176 1175/1175/1175 1177/1177/1177
f 1178/1178/1178 1173/1173/1173 1172/1172/1172
f 1178/1178/1178 1177/1177/1177 1173/1173/1173
f 1172/1172/1172 1174/1174/1174 1179/1179/1179
f 1179/1179/1179 1178/1178/1178 1172/1172/1172
f 1180/1180/1180 1174/1174/1174 1169/1169/1169
f 1174/1174/1174 1180/1180/1180 1179/1179/1179
f 1181/1181/1181 1177/1177/1177 1178/1178/1178
f 1182/1182/1182 1178/1178/1178 1179/1179/1179
f 1182/1182/1182 1181/1181/1181 1178/1178/1178
f 1183/1183/1183 1176/1176/1176 1177/1177/1177
f 1183/1183/1183 1177/1177/1177 1181/1181/1181
f 1179/1179/1179 1180/1180/1180 1184/1184/1184
f 1184/1184/1184 1182/1182/1182 1179/1179/1179
f 1176/1176/1176 1185/1185/1185 1124/1124/1124
f 1183/1183/1183 1186/1186/1186 1176/1176/1176
f 1186/1186/1186 1185/1185/1185 1176/1176/1176
f 1185/1185/1185 1187/1187/1187 1124/1124/1124
f 1187/1187/1187 1123/1123/1123 1124/1124/1124
f 1123/1123/1123 1187/1187/1187 1125/1125/1125
f 1188/1188/1188 1187/1187/1187 1185/1185/1185
f 1186/1186/1186 1188/1188/1188 1185/1185/1185
f 1125/1125/1125 1187/1187/1187 1189/1189/1189
f 1187/1187/1187 1188/1188/1188 1189/1189/1189
f 1190/1190/1190 1188/1188/1188 1186/1186/1186
f 1189/1189/1189 1188/1188/1188 1190/1190/1190
f 1191/1191/1191 1186/1186/1186 1183/1183/1183
f 1191/1191/1191 1190/1190/1190 1186/1186/1186
f 1192/1192/1192 1191/1191/1191 1183/1183/1183
f 1192/1192/1192 1183/1183/1183 1181/1181/1181
f 1193/1193/1193 1181/1181/1181 1182/1182/1182
f 1192/1192/1192 1181/1181/1181 1193/1193/1193
f 1191/1191/1191 1192/1192/1192 1194/1194/1194
f 1191/1191/1191 1194/1194/1194 1190/1190/1190
f 1189/1189/1189 1195/1195/1195 1125/1125/1125
f 1195/1195/1195 1113/1113/1113 1125/1125/1125
f 1113/1113/1113 1195/1195/1195 1034/1034/1034
f 1034/1034/1034 1195/1195/1195 1035/1035/1035
f 1035/1035/1035 1195/1195/1195 1189/1189/1189
f 1196/1196/1196 1035/1035/1035 1189/1189/1189
f 1196/1196/1196 1189/1189/1189 1190/1190/1190
f 1027/1027/1027 1035/1035/1035 1196/1196/1196
f 1190/1190/1190 1197/1197/1197 1196/1196/1196
f 1194/1194/1194 1197/1197/1197 1190/1190/1190
f 1198/1198/1198 1027/1027/1027 1196/1196/1196
f 1197/1197/1197 1198/1198/1198 1196/1196/1196
f 1021/1021/1021 1027/1027/1027 1198/1198/1198
f 1199/1199/1199 1021/1021/1021 1198/1198/1198
f 1199/1199/1199 1198/1198/1198 1197/1197/1197
f 1018/1018/1018 1021/1021/1021 1199/1199/1199
f 1200/1200/1200 1199/1199/1199 1197/1197/1197
f 1200/1200/1200 1197/1197/1197 1194/1194/1194
f 1201/1201/1201 1018/1018/1018 1199/1199/1199
f 1201/1201/1201 1199/1199/1199 1200/1200/1200
f 1201/1201/1201 1013/1013/1013 1018/1018/1018
f 1201/1201/1201 1202/1202/1202 1013/1013/1013
f 1202/1202/1202 1201/1201/1201 1203/1203/1203
f 1013/1013/1013 1202/1202/1202 1016/1016/1016
f 1202/1202/1202 1203/1203/1203 1016/1016/1016
f 1204/1204/1204 1201/1201/1201 1200/1200/1200
f 1201/1201/1201 1204/1204/1204 1203/1203/1203
f 1205/1205/1205 1200/1200/1200 1194/1194/1194
f 1204/1204/1204 1200/1200/1200 1205/1205/1205
f 1203/1203/1203 1206/1206/1206 1016/1016/1016
f 1016/1016/1016 1206/1206/1206 1008/1008/1008
f 1194/1194/1194 1207/1207/1207 1205/1205/1205
f 1192/1192/1192 1207/1207/1207 1194/1194/1194
f 1207/1207/1207 1192/1192/1192 1193/1193/1193
f 1208/1208/1208 1204/1204/1204 1205/1205/1205
f 1203/1203/1203 1204/1204/1204 1208/1208/1208
f 1206/1206/1206 1209/1209/1209 1008/1008/1008
f 1008/1008/1008 1209/1209/1209 890/890/890
f 890/890/890 1209/1209/1209 1210/1210/1210
f 1210/1210/1210 1209/1209/1209 1206/1206/1206
f 891/891/891 890/890/890 1210/1210/1210
f 1211/1211/1211 1206/1206/1206 1203/1203/1203
f 1211/1211/1211 1210/1210/1210 1206/1206/1206
f 1212/1212/1212 1203/1203/1203 1208/1208/1208
f 1212/1212/1212 1211/1211/1211 1203/1203/1203
f 1213/1213/1213 1210/1210/1210 1211/1211/1211
f 891/891/891 1210/1210/1210 1213/1213/1213
f 1214/1214/1214 1211/1211/1211 1212/1212/1212
f 1214/1214/1214 1213/1213/1213 1211/1211/1211
f 1215/1215/1215 1212/1212/1212 1208/1208/1208
f 1215/1215/1215 1214/1214/1214 1212/1212/1212
f 1208/1208/1208 1205/1205/1205 1216/1216/1216
f 1216/1216/1216 1215/1215/1215 1208/1208/1208
f 1214/1214/1214 1217/1217/1217 1213/1213/1213
f 1214/1214/1214 1215/1215/1215 1217/1217/1217
f 1213/1213/1213 1218/1218/1218 891/891/891
f 1217/1217/1217 1218/1218/1218 1213/1213/1213
f 1218/1218/1218 1219/1219/1219 891/891/891
f 891/891/891 1219/1219/1219 897/897/897
f 1220/1220/1220 1219/1219/1219 1218/1218/1218
f 1220/1220/1220 897/897/897 1219/1219/1219
f 1217/1217/1217 1220/1220/1220 1218/1218/1218
f 1215/1215/1215 1221/1221/1221 1217/1217/1217
f 1221/1221/1221 1215/1215/1215 1216/1216/1216
f 1205/1205/1205 1222/1222/1222 1216/1216/1216
f 1207/1207/1207 1222/1222/1222 1205/1205/1205
f 1217/1217/1217 1221/1221/1221 1223/1223/1223
f 1220/1220/1220 1217/1217/1217 1223/1223/1223
f 1224/1224/1224 1221/1221/1221 1216/1216/1216
f 1216/1216/1216 1222/1222/1222 1224/1224/1224
f 1223/1223/1223 1221/1221/1221 1224/1224/1224
f 1222/1222/1222 1207/1207/1207 1225/1225/1225
f 1222/1222/1222 1225/1225/1225 1224/1224/1224
f 1207/1207/1207 1193/1193/1193 1225/1225/1225
f 897/897/897 1220/1220/1220 1226/1226/1226
f 926/926/926 897/897/897 1226/1226/1226
f 1225/1225/1225 1193/1193/1193 1227/1227/1227
f 1227/1227/1227 1193/1193/1193 1182/1182/1182
f 1182/1182/1182 1184/1184/1184 1227/1227/1227
f 1224/1224/1224 1225/1225/1225 1228/1228/1228
f 1228/1228/1228 1225/1225/1225 1227/1227/1227
f 1184/1184/1184 1229/1229/1229 1227/1227/1227
f 1227/1227/1227 1229/1229/1229 1228/1228/1228
f 1220/1220/1220 1223/1223/1223 1230/1230/1230
f 1226/1226/1226 1220/1220/1220 1230/1230/1230
f 1231/1231/1231 926/926/926 1226/1226/1226
f 928/928/928 926/926/926 1231/1231/1231
f 1232/1232/1232 1223/1223/1223 1224/1224/1224
f 1232/1232/1232 1224/1224/1224 1228/1228/1228
f 1223/1223/1223 1232/1232/1232 1233/1233/1233
f 1232/1232/1232 1228/1228/1228 1233/1233/1233
f 1230/1230/1230 1223/1223/1223 1233/1233/1233
f 1226/1226/1226 1230/1230/1230 1234/1234/1234
f 1231/1231/1231 1226/1226/1226 1234/1234/1234
f 1235/1235/1235 928/928/928 1231/1231/1231
f 1234/1234/1234 1235/1235/1235 1231/1231/1231
f 922/922/922 928/928/928 1235/1235/1235
f 1228/1228/1228 1236/1236/1236 1233/1233/1233
f 1229/1229/1229 1236/1236/1236 1228/1228/1228
f 1230/1230/1230 1233/1233/1233 1237/1237/1237
f 1234/1234/1234 1230/1230/1230 1237/1237/1237
f 1233/1233/1233 1236/1236/1236 1237/1237/1237
f 1238/1238/1238 922/922/922 1235/1235/1235
f 922/922/922 1238/1238/1238 923/923/923
f 1239/1239/1239 1235/1235/1235 1234/1234/1234
f 1237/1237/1237 1239/1239/1239 1234/1234/1234
f 1238/1238/1238 1235/1235/1235 1239/1239/1239
f 1236/1236/1236 1240/1240/1240 1237/1237/1237
f 1237/1237/1237 1240/1240/1240 1239/1239/1239
f 1229/1229/1229 1241/1241/1241 1236/1236/1236
f 1241/1241/1241 1240/1240/1240 1236/1236/1236
f 923/923/923 1238/1238/1238 1242/1242/1242
f 1242/1242/1242 924/924/924 923/923/923
f 1243/1243/1243 1238/1238/1238 1239/1239/1239
f 1238/1238/1238 1243/1243/1243 1242/1242/1242
f 1240/1240/1240 1244/1244/1244 1239/1239/1239
f 1239/1239/1239 1244/1244/1244 1243/1243/1243
f 1245/1245/1245 1241/1241/1241 1229/1229/1229
f 1184/1184/1184 1245/1245/1245 1229/1229/1229
f 1180/1180/1180 1245/1245/1245 1184/1184/1184
f 1241/1241/1241 1246/1246/1246 1240/1240/1240
f 1246/1246/1246 1244/1244/1244 1240/1240/1240
f 1244/1244/1244 1247/1247/1247 1243/1243/1243
f 1243/1243/1243 1247/1247/1247 1242/1242/1242
f 1248/1248/1248 924/924/924 1242/1242/1242
f 924/924/924 1248/1248/1248 931/931/931
f 1245/1245/1245 1249/1249/1249 1241/1241/1241
f 1249/1249/1249 1246/1246/1246 1241/1241/1241
f 1245/1245/1245 1180/1180/1180 1250/1250/1250
f 1249/1249/1249 1245/1245/1245 1250/1250/1250
f 1250/1250/1250 1180/1180/1180 1169/1169/1169
f 1246/1246/1246 1251/1251/1251 1244/1244/1244
f 1251/1251/1251 1247/1247/1247 1244/1244/1244
f 1247/1247/1247 1252/1252/1252 1242/1242/1242
f 1252/1252/1252 1248/1248/1248 1242/1242/1242
f 931/931/931 1248/1248/1248 1253/1253/1253
f 931/931/931 1253/1253/1253 938/938/938
f 1249/1249/1249 1254/1254/1254 1246/1246/1246
f 1254/1254/1254 1251/1251/1251 1246/1246/1246
f 1169/1169/1169 1255/1255/1255 1250/1250/1250
f 1162/1162/1162 1255/1255/1255 1169/1169/1169
f 1250/1250/1250 1256/1256/1256 1249/1249/1249
f 1255/1255/1255 1256/1256/1256 1250/1250/1250
f 1256/1256/1256 1254/1254/1254 1249/1249/1249
f 1257/1257/1257 1255/1255/1255 1162/1162/1162
f 1256/1256/1256 1255/1255/1255 1257/1257/1257
f 1161/1161/1161 1257/1257/1257 1162/1162/1162
f 1258/1258/1258 1248/1248/1248 1252/1252/1252
f 1248/1248/1248 1258/1258/1258 1253/1253/1253
f 1254/1254/1254 1256/1256/1256 1259/1259/1259
f 1259/1259/1259 1256/1256/1256 1257/1257/1257
f 1260/1260/1260 1257/1257/1257 1161/1161/1161
f 1259/1259/1259 1257/1257/1257 1260/1260/1260
f 1168/1168/1168 1260/1260/1260 1161/1161/1161
f 1261/1261/1261 1258/1258/1258 1252/1252/1252
f 1261/1261/1261 1252/1252/1252 1247/1247/1247
f 1251/1251/1251 1261/1261/1261 1247/1247/1247
f 1254/1254/1254 1262/1262/1262 1251/1251/1251
f 1262/1262/1262 1254/1254/1254 1259/1259/1259
f 1262/1262/1262 1261/1261/1261 1251/1251/1251
f 1263/1263/1263 1258/1258/1258 1261/1261/1261
f 1253/1253/1253 1258/1258/1258 1263/1263/1263
f 1262/1262/1262 1263/1263/1263 1261/1261/1261
f 1262/1262/1262 1259/1259/1259 1264/1264/1264
f 1264/1264/1264 1259/1259/1259 1260/1260/1260
f 1263/1263/1263 1262/1262/1262 1264/1264/1264
f 1265/1265/1265 1260/1260/1260 1168/1168/1168
f 1264/1264/1264 1260/1260/1260 1265/1265/1265
f 1165/1165/1165 1265/1265/1265 1168/1168/1168
f 1266/1266/1266 1253/1253/1253 1263/1263/1263
f 938/938/938 1253/1253/1253 1266/1266/1266
f 1263/1263/1263 1264/1264/1264 1267/1267/1267
f 1267/1267/1267 1264/1264/1264 1265/1265/1265
f 1266/1266/1266 1263/1263/1263 1267/1267/1267
f 1268/1268/1268 1265/1265/1265 1165/1165/1165
f 1267/1267/1267 1265/1265/1265 1268/1268/1268
f 1269/1269/1269 938/938/938 1266/1266/1266
f 1269/1269/1269 943/943/943 938/938/938
f 1266/1266/1266 1267/1267/1267 1270/1270/1270
f 1269/1269/1269 1266/1266/1266 1270/1270/1270
f 1269/1269/1269 1270/1270/1270 943/943/943
f 1270/1270/1270 1267/1267/1267 1268/1268/1268
f 1270/1270/1270 1271/1271/1271 943/943/943
f 943/943/943 1271/1271/1271 939/939/939
f 1272/1272/1272 1268/1268/1268 1165/1165/1165
f 1272/1272/1272 1165/1165/1165 1164/1164/1164
f 1272/1272/1272 1164/1164/1164 1273/1273/1273
f 1272/1272/1272 1273/1273/1273 1268/1268/1268
f 1164/1164/1164 1118/1118/1118 1273/1273/1273
f 1268/1268/1268 1274/1274/1274 1270/1270/1270
f 1273/1273/1273 1274/1274/1274 1268/1268/1268
f 1274/1274/1274 1271/1271/1271 1270/1270/1270
f 1273/1273/1273 1118/1118/1118 1275/1275/1275
f 1273/1273/1273 1275/1275/1275 1274/1274/1274
f 1118/1118/1118 1110/1110/1110 1275/1275/1275
f 1275/1275/1275 1110/1110/1110 1103/1103/1103
f 1275/1275/1275 1276/1276/1276 1274/1274/1274
f 1274/1274/1274 1276/1276/1276 1271/1271/1271
f 1275/1275/1275 1103/1103/1103 1276/1276/1276
f 1271/1271/1271 1277/1277/1277 939/939/939
f 1276/1276/1276 1277/1277/1277 1271/1271/1271
f 1277/1277/1277 944/944/944 939/939/939
f 1276/1276/1276 1278/1278/1278 1277/1277/1277
f 1278/1278/1278 944/944/944 1277/1277/1277
f 1103/1103/1103 1278/1278/1278 1276/1276/1276
f 944/944/944 1278/1278/1278 947/947/947
f 947/947/947 1278/1278/1278 1103/1103/1103
f 1279/1279/1279 947/947/947 1103/1103/1103
f 1279/1279/1279 1103/1103/1103 1091/1091/1091
f 1279/1279/1279 950/950/950 947/947/947
f 1279/1279/1279 1091/1091/1091 950/950/950
