g IndoorShoes
v 0.0452427045 0.0602765158 0.0518652797
v 0.0398586728 0.0508361012 0.051595334
v 0.0406132117 0.0511004962 0.0504914336
v 0.0450121425 0.0609512404 0.0529802777
v 0.0523441546 0.0656414106 0.0524863228
v 0.0429360941 0.0493845418 0.0643540546
v 0.052448485 0.0666059554 0.0536057614
v 0.0614033081 0.0677894875 0.0530306026
v 0.0472600348 0.0558042563 0.0650731772
v 0.04589957 0.0485815406 0.0752636418
v 0.0505943112 0.0524303503 0.0763491243
v 0.0516572893 0.0474202894 0.0896932557
v 0.0538366847 0.0597456545 0.0656543076
v 0.0614455529 0.0688910857 0.0540534109
v 0.0550995059 0.0498738475 0.0900314823
v 0.0607193299 0.0466414541 0.106439427
v 0.0557743236 0.0549392253 0.0767099336
v 0.0609031059 0.0512968488 0.0910919011
v 0.0613968447 0.0618725494 0.0661972091
v 0.0695380569 0.066172272 0.0535906591
v 0.069547601 0.0652481243 0.052502349
v 0.0662544817 0.0498871543 0.0899481922
v 0.0703497082 0.0471689403 0.0894265249
v 0.0612362437 0.0561704375 0.0772478059
v 0.0662178472 0.0545217991 0.0769135877
v 0.068085894 0.0595641807 0.0657493323
v 0.0709786117 0.0518485866 0.0765207261
v 0.0755396411 0.0475114323 0.0761368275
v 0.073889181 0.0554206818 0.0651951656
v 0.0784223601 0.0480596572 0.0657413155
v 0.0763002932 0.0603767224 0.0531127304
v 0.0755579174 0.0595635585 0.0520617552
v 0.0813544318 0.0489019565 0.0519847795
v 0.0800226256 0.0479907356 0.0517566875
v 0.034504354 0.031982284 0.0931951478
v 0.0345532782 0.0295398273 0.112960167
v 0.0310010314 0.023357939 0.103214808
v 0.0321996957 0.029000992 0.0785518214
v 0.0346065983 0.0340938084 0.0784081891
v 0.0291791335 0.0177510176 0.098290123
v 0.0346447565 0.0376617126 0.0603611805
v 0.0305116177 0.0212022923 0.0781111568
v 0.0289695486 0.00984872691 0.0948918536
v 0.031705346 0.00903052278 0.0764302015
v 0.033614967 0.0339690186 0.0595208406
v 0.033230871 0.0256716032 0.0585540943
v 0.0357526168 0.00966648571 0.0575325005
v 0.0352878533 0.0288940109 0.0404622406
v 0.0384448729 0.0113195702 0.0391715914
v 0.0390451103 0.0128672691 0.00766009232
v 0.0356062353 0.0410532467 0.0414428078
v 0.0381440185 0.0485259779 0.0481767207
v 0.0376605727 0.0499537736 0.0376483463
v 0.0367724746 0.03364354 0.00569248525
v 0.0364801735 0.0170662384 -0.0109143425
v 0.0360915959 0.0289210137 -0.0119107701
v 0.0375247896 0.0384772345 -0.0179685559
v 0.037356887 0.0455525853 0.00767681282
v 0.0389305949 0.053433083 0.00748901768
v 0.0386257358 0.0483638272 -0.0149365859
v 0.0419436768 0.0573946424 -0.0237351581
v 0.0412262753 0.0496740006 -0.0306865275
v 0.0471192449 0.0598178022 -0.0369535685
v 0.0465778597 0.0552489683 -0.0399904475
v 0.0527780913 0.0611877292 -0.0426667221
v 0.0528122857 0.0567774363 -0.0451458581
v 0.0828263387 0.0504182056 0.0396873467
v 0.0818382427 0.0498752519 0.040187411
v 0.0835586637 0.0548774563 0.010977326
v 0.0800226256 0.0479907356 0.0517566875
v 0.0813544318 0.0489019565 0.0519847795
v 0.0672227815 0.0567774363 -0.0449500419
v 0.073652193 0.0600371249 -0.037008483
v 0.0673727095 0.0612051226 -0.0418057591
v 0.0747565106 0.0552489646 -0.0385106131
v 0.0819742084 0.048354011 -0.0273237731
v 0.0813520253 0.0570483096 -0.0220447145
v 0.0845424533 0.0467464328 -0.0140106687
v 0.0856221691 0.0383337066 -0.0190234594
v 0.0868010372 0.0438969471 0.0104690772
v 0.0847102553 0.0515095145 0.0103386994
v 0.08907976 0.0318541303 0.0112760663
v 0.0878049955 0.0259081498 -0.0122149857
v 0.0882665142 0.0381905511 0.039602302
v 0.0848922208 0.0472559854 0.038054619
v 0.0883344561 0.034385059 0.0605552904
v 0.0887288675 0.0111851757 0.0074485573
v 0.0889952555 0.0164148193 -0.00888787117
v 0.0911882445 0.0264369175 0.0391886719
v 0.0899708346 0.00971486233 0.0389806703
v 0.0909111574 0.0291837584 0.058523681
v 0.0931787863 0.0217327438 0.0576899908
v 0.0923031941 0.00930649601 0.0573533587
v 0.0952084363 0.00930060912 0.074980855
v 0.095291324 0.0150851365 0.0753219649
v 0.0971906036 0.00947939698 0.0948853791
v 0.0956813321 0.0169260371 0.0969744697
v 0.0928151384 0.0235031359 0.0756284297
v 0.0895339847 0.030128967 0.0762747973
v 0.0927403048 0.0230208822 0.100546032
v 0.0906475633 0.027895458 0.0889340416
v 0.0876986459 0.0298081245 0.109600186
v 0.0673727095 0.0612051226 -0.0418057591
v 0.0727635697 0.0634994954 -0.0349826813
v 0.0676470548 0.0640636235 -0.0385917574
v 0.073652193 0.0600371249 -0.037008483
v 0.0813520253 0.0570483096 -0.0220447145
v 0.0804382041 0.0603025556 -0.0202936996
v 0.0835586637 0.0548774563 0.010977326
v 0.0847102553 0.0515095145 0.0103386994
v 0.0848922208 0.0472559854 0.038054619
v 0.0828263387 0.0504182056 0.0396873467
v 0.0834134147 0.0453981385 0.0547441505
v 0.0813544318 0.0489019565 0.0519847795
v 0.0815300345 0.0446188338 0.0655799359
v 0.0784223601 0.0480596572 0.0657413155
v 0.0785368159 0.0443870053 0.0762504116
v 0.0755396411 0.0475114323 0.0761368275
v 0.0703497082 0.0471689403 0.0894265249
v 0.0738475993 0.0445061848 0.0892466232
v 0.0648936704 0.0447059684 0.105816305
v 0.0607193299 0.0466414541 0.106439427
v 0.0644470751 0.042766694 0.124195896
v 0.0608506054 0.043167077 0.124993272
v 0.0610469766 0.0410569645 0.134203151
v 0.064507015 0.0408030935 0.133580998
v 0.0848903432 0.0203903913 -0.0247662626
v 0.0889952555 0.0164148193 -0.00888787117
v 0.0878049955 0.0259081498 -0.0122149857
v 0.0856221691 0.0383337066 -0.0190234594
v 0.0842345282 0.038535554 -0.0263688732
v 0.0819742084 0.048354011 -0.0273237731
v 0.0747565106 0.0552489646 -0.0385106131
v 0.0771010518 0.0412419029 -0.0409718789
v 0.0672227815 0.0567774363 -0.0449500419
v 0.0768311992 0.0228703283 -0.042604249
v 0.0667769015 0.0426747426 -0.0475119017
v 0.0666903779 0.0231709182 -0.0495322458
v 0.0610469766 0.0410569645 0.134203151
v 0.057707008 0.04079175 0.133635312
v 0.0572982766 0.0428043418 0.123867318
v 0.0608506054 0.043167077 0.124993272
v 0.0561527722 0.0449793041 0.105930381
v 0.0607193299 0.0466414541 0.106439427
v 0.0516572893 0.0474202894 0.0896932557
v 0.0484840199 0.0455155261 0.0898869038
v 0.0431995913 0.0460892282 0.0756855384
v 0.04589957 0.0485815406 0.0752636418
v 0.0429360941 0.0493845418 0.0643540546
v 0.0405380428 0.046675045 0.064796567
v 0.0389671884 0.0475783236 0.0557561442
v 0.0398586728 0.0508361012 0.051595334
v 0.0381440185 0.0485259779 0.0481767207
v 0.0394148938 0.0527518652 0.0377403535
v 0.0376605727 0.0499537736 0.0376483463
v 0.0402996391 0.056395635 0.00732691353
v 0.0389305949 0.053433083 0.00748901768
v 0.042527426 0.0603333078 -0.0214630663
v 0.0419436768 0.0573946424 -0.0237351581
v 0.0474062301 0.0632340014 -0.0355044566
v 0.0471192449 0.0598178022 -0.0369535685
v 0.0528245755 0.0641982481 -0.0398909934
v 0.0527780913 0.0611877292 -0.0426667221
v 0.0398586728 0.0508361012 0.051595334
v 0.0403554849 0.0518774204 0.0376489088
v 0.0406132117 0.0511004962 0.0504914336
v 0.0394148938 0.0527518652 0.0377403535
v 0.0402996391 0.056395635 0.00732691353
v 0.0595749803 0.0228588693 -0.0511813574
v 0.0530773848 0.0428892598 -0.0478711464
v 0.0533951521 0.0226891413 -0.0484973714
v 0.0596266836 0.0431638099 -0.0490581542
v 0.0528122857 0.0567774363 -0.0451458581
v 0.0667769015 0.0426747426 -0.0475119017
v 0.0666903779 0.0231709182 -0.0495322458
v 0.059800338 0.0571625568 -0.0463919789
v 0.0672227815 0.0567774363 -0.0449500419
v 0.0527780913 0.0611877292 -0.0426667221
v 0.0673727095 0.0612051226 -0.0418057591
v 0.0600689352 0.0615112633 -0.043652948
v 0.0600036755 0.0648588911 -0.0419138558
v 0.0528332703 0.064664714 -0.0410988182
v 0.0601271652 0.0737842172 -0.0458805487
v 0.0673635677 0.064674817 -0.0403599963
v 0.0524267554 0.0738214403 -0.0444971174
v 0.0674478114 0.0737470016 -0.0429734141
v 0.0528559387 0.0763433501 -0.0411569439
v 0.067493543 0.0758755803 -0.0407036394
v 0.0601352714 0.0761094689 -0.0423913822
v 0.0528245755 0.0641982481 -0.0398909934
v 0.0676470548 0.0640636235 -0.0385917574
v 0.0602903441 0.0646277517 -0.0406886153
v 0.0871157348 0.0110290777 -0.0265367143
v 0.0910903811 0.0100852801 0.007645512
v 0.0867633596 0.0179472603 -0.0266839974
v 0.0776123777 0.0110145342 -0.0444831401
v 0.0768785924 0.0205120053 -0.0440381579
v 0.0595956855 0.0204756875 -0.0525512025
v 0.0597106814 0.0110850483 -0.0536153205
v 0.0442464277 0.0111686708 -0.0458299667
v 0.0442858078 0.0197591688 -0.0458959863
v 0.0345426612 0.0164377224 -0.0255916249
v 0.0348237194 0.0108776828 -0.0254526958
v 0.0376277715 0.010795353 0.00782006141
v 0.0759458393 0.00629686797 0.147298783
v 0.0611557998 0.00732224807 0.151863351
v 0.060914278 0.0160700493 0.15178889
v 0.0755292177 0.0152561339 0.14732179
v 0.0608583912 0.0169759076 0.150639266
v 0.0751834586 0.0162700545 0.146474659
v 0.0888206065 0.0127431788 0.134896979
v 0.0880827382 0.0139399264 0.134491503
v 0.0891126394 0.00396358408 0.134732783
v 0.0951821133 0.0118432678 0.11425326
v 0.0962767377 0.0107077202 0.11431168
v 0.0958151221 0.00113000651 0.114253983
v 0.0971906036 0.00947939698 0.0948853791
v 0.0982800275 0.00843359251 0.0947943032
v 0.0977372527 7.67823985E-06 0.0947784334
v 0.0964871123 -3.19499494E-09 0.0749396756
v 0.0969870165 0.00830602366 0.0749070644
v 0.0952084363 0.00930060912 0.074980855
v 0.0936672837 -3.79640586E-09 0.0574338362
v 0.094121851 0.00830031652 0.0573300496
v 0.0923031941 0.00930649601 0.0573533587
v 0.0914568007 3.90917032E-09 0.0382358395
v 0.0899708346 0.00971486233 0.0389806703
v 0.0918140709 0.00863497518 0.0388869643
v 0.0906222314 5.16837406E-10 0.0085896356
v 0.0910903811 0.0100852801 0.007645512
v 0.0887288675 0.0111851757 0.0074485573
v 0.0889952555 0.0164148193 -0.00888787117
v 0.0871157348 0.0110290777 -0.0265367143
v 0.0864531621 2.55599608E-09 -0.0263291039
v 0.0867633596 0.0179472603 -0.0266839974
v 0.0848903432 0.0203903913 -0.0247662626
v 0.0776123777 0.0110145342 -0.0444831401
v 0.0772866979 4.3226403E-10 -0.0443187468
v 0.0768311992 0.0228703283 -0.042604249
v 0.0768785924 0.0205120053 -0.0440381579
v 0.0594003648 4.3226403E-10 -0.0523668192
v 0.0597106814 0.0110850483 -0.0536153205
v 0.0595956855 0.0204756875 -0.0525512025
v 0.0442464277 0.0111686708 -0.0458299667
v 0.0451702587 -7.08302139E-10 -0.0447746702
v 0.0354943983 1.44714474E-09 -0.0255561862
v 0.0348237194 0.0108776828 -0.0254526958
v 0.0666903779 0.0231709182 -0.0495322458
v 0.0357253477 5.16837406E-10 0.00864966027
v 0.0595749803 0.0228588693 -0.0511813574
v 0.0533951521 0.0226891413 -0.0484973714
v 0.0443568602 0.0221634414 -0.0444713868
v 0.0442858078 0.0197591688 -0.0458959863
v 0.0358846858 0.0192686524 -0.0245771594
v 0.0345426612 0.0164377224 -0.0255916249
v 0.0364801735 0.0170662384 -0.0109143425
v 0.0376277715 0.010795353 0.00782006141
v 0.0390451103 0.0128672691 0.00766009232
v 0.0384448729 0.0113195702 0.0391715914
v 0.0368412472 0.0103959721 0.0391803458
v 0.0364049301 4.88646323E-09 0.0382878259
v 0.0340855084 0.00852559227 0.0574389733
v 0.0357526168 0.00966648571 0.0575325005
v 0.0334682539 -3.7400234E-09 0.0572499968
v 0.0296522584 0.00791209284 0.0763895065
v 0.029292671 -3.83399401E-09 0.0763107985
v 0.031705346 0.00903052278 0.0764302015
v 0.02701113 -1.45654178E-09 0.094445385
v 0.0271191522 0.00873284508 0.094829835
v 0.0289695486 0.00984872691 0.0948918536
v 0.0285633318 0.0119757243 0.116496906
v 0.0270668138 0.0109002274 0.116844453
v 0.0269045103 0.00174294808 0.116668314
v 0.0337464735 0.00480616931 0.136403784
v 0.0338211097 0.01400714 0.136440769
v 0.0347521566 0.0149076423 0.135700628
v 0.0452194586 0.0163262077 0.145881817
v 0.04489512 0.0154622989 0.147014141
v 0.0451279804 0.00666910037 0.14708598
v 0.0608583912 0.0169759076 0.150639266
v 0.0611557998 0.00732224807 0.151863351
v 0.060914278 0.0160700493 0.15178889
v 0.067493543 0.0758755803 -0.0407036394
v 0.0674478114 0.0737470016 -0.0429734141
v 0.0673635677 0.064674817 -0.0403599963
v 0.0676470548 0.0640636235 -0.0385917574
v 0.0673727095 0.0612051226 -0.0418057591
v 0.0528245755 0.0641982481 -0.0398909934
v 0.0524267554 0.0738214403 -0.0444971174
v 0.0528559387 0.0763433501 -0.0411569439
v 0.0528332703 0.064664714 -0.0410988182
v 0.0527780913 0.0611877292 -0.0426667221
v 0.0364801735 0.0170662384 -0.0109143425
v 0.0358846858 0.0192686524 -0.0245771594
v 0.0360915959 0.0289210137 -0.0119107701
v 0.0381301939 0.0385133214 -0.0261198394
v 0.0375247896 0.0384772345 -0.0179685559
v 0.0412262753 0.0496740006 -0.0306865275
v 0.0441534072 0.0418937765 -0.0429837741
v 0.0443568602 0.0221634414 -0.0444713868
v 0.0465778597 0.0552489683 -0.0399904475
v 0.0530773848 0.0428892598 -0.0478711464
v 0.0533951521 0.0226891413 -0.0484973714
v 0.0528122857 0.0567774363 -0.0451458581
v 0.0655411258 0.0547831096 -0.0286219027
v 0.0597677939 0.0546204895 -0.0305719152
v 0.0602903441 0.0646277517 -0.0406886153
v 0.0676470548 0.0640636235 -0.0385917574
v 0.0727635697 0.0634994954 -0.0349826813
v 0.0711035207 0.0549457297 -0.0243229792
v 0.0804382041 0.0603025556 -0.0202936996
v 0.0760624483 0.0530775711 -0.0177512318
v 0.0786630735 0.0471901186 0.0126073537
v 0.0835586637 0.0548774563 0.010977326
v 0.0818382427 0.0498752519 0.040187411
v 0.078281194 0.0432407074 0.0448033176
v 0.0800226256 0.0479907356 0.0517566875
v 0.0729512423 0.0438959822 0.0512605123
v 0.0714414716 0.0559052452 0.066169098
v 0.0755579174 0.0595635585 0.0520617552
v 0.069547601 0.0652481243 0.052502349
v 0.0604025573 0.0531240515 0.0560123473
v 0.0612399504 0.0600471944 0.0666628554
v 0.0614033081 0.0677894875 0.0530306026
v 0.0523441546 0.0656414106 0.0524863228
v 0.0510142408 0.0565815717 0.0599474125
v 0.0452427045 0.0602765158 0.0518652797
v 0.043513272 0.0465420708 0.0525359623
v 0.0406132117 0.0511004962 0.0504914336
v 0.0400689058 0.0516362935 0.0508287959
v 0.0403554849 0.0518774204 0.0376489088
v 0.0424617082 0.0435938239 0.0443145074
v 0.0402996391 0.056395635 0.00732691353
v 0.043673303 0.0482690372 0.0052124057
v 0.042527426 0.0603333078 -0.0214630663
v 0.0479829349 0.0524596684 -0.0183743443
v 0.0495369248 0.0545548461 -0.0268977415
v 0.0474062301 0.0632340014 -0.0355044566
v 0.054542616 0.0545876622 -0.0287348293
v 0.0528245755 0.0641982481 -0.0398909934
v 0.0597677939 0.0546204895 -0.0305719152
v 0.0602903441 0.0646277517 -0.0406886153
v -0.0452427045 0.0602765158 0.0518652797
v -0.0406132117 0.0511004962 0.0504914336
v -0.0398586728 0.0508361012 0.051595334
v -0.0450121425 0.0609512404 0.0529802777
v -0.0523441546 0.0656414106 0.0524863228
v -0.0429360941 0.0493845418 0.0643540546
v -0.052448485 0.0666059554 0.0536057614
v -0.0614033081 0.0677894875 0.0530306026
v -0.0472600348 0.0558042563 0.0650731772
v -0.04589957 0.0485815406 0.0752636418
v -0.0505943112 0.0524303503 0.0763491243
v -0.0516572893 0.0474202894 0.0896932557
v -0.0538366847 0.0597456545 0.0656543076
v -0.0614455529 0.0688910857 0.0540534109
v -0.0550995059 0.0498738475 0.0900314823
v -0.0607193299 0.0466414541 0.106439427
v -0.0557743236 0.0549392253 0.0767099336
v -0.0609031059 0.0512968488 0.0910919011
v -0.0613968447 0.0618725494 0.0661972091
v -0.0695380569 0.066172272 0.0535906591
v -0.069547601 0.0652481243 0.052502349
v -0.0662544817 0.0498871543 0.0899481922
v -0.0703497082 0.0471689403 0.0894265249
v -0.0612362437 0.0561704375 0.0772478059
v -0.0662223548 0.0545217991 0.0769135877
v -0.068085894 0.0595641807 0.0657493323
v -0.0709786043 0.0518485866 0.0765207261
v -0.0755396411 0.0475114323 0.0761368275
v -0.073889181 0.0554206818 0.0651951656
v -0.0784223601 0.0480596572 0.0657413155
v -0.0763002932 0.0603767224 0.0531127304
v -0.0755579174 0.0595635585 0.0520617552
v -0.0813544318 0.0489019565 0.0519847795
v -0.0800226256 0.0479907356 0.0517566875
v -0.034504354 0.031982284 0.0931951478
v -0.0310010314 0.023357939 0.103214808
v -0.0345532782 0.0295398273 0.112960167
v -0.032199692 0.029000992 0.0785518214
v -0.0346065983 0.0340938084 0.0784081891
v -0.0291791335 0.0177510176 0.098290123
v -0.0346447565 0.0376617126 0.0603611805
v -0.0305116177 0.0212022923 0.0781111568
v -0.0289695486 0.00984872691 0.0948918536
v -0.031705346 0.00903052278 0.0764302015
v -0.033614967 0.0339690186 0.0595208406
v -0.033230871 0.0256716032 0.0585540943
v -0.0357526168 0.00966648571 0.0575325005
v -0.0352878533 0.0288940109 0.0404622406
v -0.0384448729 0.0113195702 0.0391715914
v -0.0390451103 0.0128672691 0.00766009232
v -0.0356062353 0.0410532467 0.0414428078
v -0.0381440185 0.0485259779 0.0481767207
v -0.0376605727 0.0499537736 0.0376483463
v -0.0367724746 0.03364354 0.00569248525
v -0.0364801735 0.0170662384 -0.0109143425
v -0.0360915959 0.0289210137 -0.0119107701
v -0.0375247896 0.0384772345 -0.0179685559
v -0.037356887 0.0455525853 0.00767681282
v -0.0389305949 0.053433083 0.00748901768
v -0.0386257358 0.0483638272 -0.0149365859
v -0.0419436842 0.0573946424 -0.0237351581
v -0.0412262753 0.0496740006 -0.0306865275
v -0.0471192449 0.0598178022 -0.0369535685
v -0.0465778597 0.0552489683 -0.0399904475
v -0.0527780913 0.0611877292 -0.0426667221
v -0.0528122857 0.0567774363 -0.0451458581
v -0.0828263387 0.0504182056 0.0396873467
v -0.0835586637 0.0548774563 0.010977326
v -0.0818382427 0.0498752519 0.040187411
v -0.0800226256 0.0479907356 0.0517566875
v -0.0813544318 0.0489019565 0.0519847795
v -0.0672227815 0.0567774363 -0.0449500419
v -0.0673727095 0.0612051226 -0.0418057591
v -0.073652193 0.0600371249 -0.037008483
v -0.0747565106 0.0552489646 -0.0385106131
v -0.0819742084 0.048354011 -0.0273237731
v -0.0813520253 0.0570483096 -0.0220447145
v -0.0845424533 0.0467464328 -0.0140106687
v -0.0856221691 0.0383337066 -0.0190234594
v -0.0868010372 0.0438969471 0.0104690772
v -0.0847102553 0.0515095145 0.0103386994
v -0.08907976 0.0318541303 0.0112760663
v -0.0878049955 0.0259081498 -0.0122149857
v -0.0882665142 0.0381905511 0.039602302
v -0.0848922208 0.0472559854 0.038054619
v -0.0883344561 0.034385059 0.0605552904
v -0.0887288675 0.0111851757 0.0074485573
v -0.0889952555 0.0164148193 -0.00888787117
v -0.0911882445 0.0264369175 0.0391886719
v -0.0899708346 0.00971486233 0.0389806703
v -0.0909111574 0.0291837584 0.058523681
v -0.0931787863 0.0217327438 0.0576899908
v -0.0923031941 0.00930649601 0.0573533587
v -0.0952084363 0.00930060912 0.074980855
v -0.095291324 0.0150851365 0.0753219649
v -0.0971906036 0.00947939698 0.0948853791
v -0.0956813321 0.0169260371 0.0969744697
v -0.0928151384 0.0235031359 0.0756284297
v -0.0895339847 0.030128967 0.0762747973
v -0.0927403048 0.0230208822 0.100546032
v -0.0906475633 0.027895458 0.0889340416
v -0.0876986459 0.0298081245 0.109600186
v -0.0673727095 0.0612051226 -0.0418057591
v -0.0676470548 0.0640636235 -0.0385917574
v -0.0727635697 0.0634994954 -0.0349826813
v -0.073652193 0.0600371249 -0.037008483
v -0.0813520253 0.0570483096 -0.0220447145
v -0.0804382041 0.0603025556 -0.0202936996
v -0.0835586637 0.0548774563 0.010977326
v -0.0847102553 0.0515095145 0.0103386994
v -0.0848922208 0.0472559854 0.038054619
v -0.0828263387 0.0504182056 0.0396873467
v -0.0834134147 0.0453981385 0.0547441505
v -0.0813544318 0.0489019565 0.0519847795
v -0.0815300345 0.0446188338 0.0655799359
v -0.0784223601 0.0480596572 0.0657413155
v -0.0785368159 0.0443870053 0.0762504116
v -0.0755396411 0.0475114323 0.0761368275
v -0.0703497082 0.0471689403 0.0894265249
v -0.0738475993 0.0445061848 0.0892466232
v -0.0648936704 0.0447059684 0.105816305
v -0.0607193299 0.0466414541 0.106439427
v -0.0644470751 0.042766694 0.124195896
v -0.0608506054 0.043167077 0.124993272
v -0.0610469766 0.0410569645 0.134203151
v -0.064507015 0.0408030935 0.133580998
v -0.0848903432 0.0203903913 -0.0247662626
v -0.0878049955 0.0259081498 -0.0122149857
v -0.0889952555 0.0164148193 -0.00888787117
v -0.0856221691 0.0383337066 -0.0190234594
v -0.0842345282 0.038535554 -0.0263688732
v -0.0819742084 0.048354011 -0.0273237731
v -0.0747565106 0.0552489646 -0.0385106131
v -0.0771010518 0.0412419029 -0.0409718789
v -0.0672227815 0.0567774363 -0.0449500419
v -0.0768311992 0.0228703283 -0.042604249
v -0.0667769015 0.0426747426 -0.0475119017
v -0.0666903779 0.0231709182 -0.0495322458
v -0.0610469766 0.0410569645 0.134203151
v -0.0572982766 0.0428043418 0.123867318
v -0.057707008 0.04079175 0.133635312
v -0.0608506054 0.043167077 0.124993272
v -0.0561527722 0.0449793041 0.105930381
v -0.0607193299 0.0466414541 0.106439427
v -0.0516572893 0.0474202894 0.0896932557
v -0.0484840199 0.0455155261 0.0898869038
v -0.0431995913 0.0460892282 0.0756855384
v -0.04589957 0.0485815406 0.0752636418
v -0.0429360941 0.0493845418 0.0643540546
v -0.0405380428 0.046675045 0.064796567
v -0.0389671884 0.0475783236 0.0557561442
v -0.0398586728 0.0508361012 0.051595334
v -0.0381440185 0.0485259779 0.0481767207
v -0.0394148938 0.0527518652 0.0377403535
v -0.0376605727 0.0499537736 0.0376483463
v -0.0402996391 0.056395635 0.00732691353
v -0.0389305949 0.053433083 0.00748901768
v -0.042527426 0.0603333078 -0.0214630663
v -0.0419436842 0.0573946424 -0.0237351581
v -0.0474062301 0.0632340014 -0.0355044566
v -0.0471192449 0.0598178022 -0.0369535685
v -0.0528245755 0.0641982481 -0.0398909934
v -0.0527780913 0.0611877292 -0.0426667221
v -0.0398586728 0.0508361012 0.051595334
v -0.0406132117 0.0511004962 0.0504914336
v -0.0403554849 0.0518774204 0.0376489088
v -0.0394148938 0.0527518652 0.0377403535
v -0.0402996391 0.056395635 0.00732691353
v -0.0595749803 0.0228588693 -0.0511813574
v -0.0533951521 0.0226891413 -0.0484973714
v -0.0530768968 0.0428892598 -0.0478711464
v -0.0596266836 0.0431638099 -0.0490581542
v -0.0528122857 0.0567774363 -0.0451458581
v -0.0667769015 0.0426747426 -0.0475119017
v -0.0666903779 0.0231709182 -0.0495322458
v -0.059800338 0.0571625568 -0.0463919789
v -0.0672227815 0.0567774363 -0.0449500419
v -0.0527780913 0.0611877292 -0.0426667221
v -0.0673727095 0.0612051226 -0.0418057591
v -0.0600689352 0.0615112633 -0.043652948
v -0.0600036755 0.0648588911 -0.0419138558
v -0.0528332703 0.064664714 -0.0410988182
v -0.0601271652 0.0737842172 -0.0458805487
v -0.0673635677 0.064674817 -0.0403599963
v -0.0524267554 0.0738214403 -0.0444971174
v -0.0674478114 0.0737470016 -0.0429734141
v -0.0528559387 0.0763433501 -0.0411569439
v -0.067493543 0.0758755803 -0.0407036394
v -0.0601352714 0.0761094689 -0.0423913822
v -0.0528245755 0.0641982481 -0.0398909934
v -0.0676470548 0.0640636235 -0.0385917574
v -0.0602903441 0.0646277517 -0.0406886153
v -0.0871157348 0.0110290777 -0.0265367143
v -0.0867633596 0.0179472603 -0.0266839974
v -0.0910903737 0.0100852801 0.007645512
v -0.0776123777 0.0110145342 -0.0444831401
v -0.0768785924 0.0205120053 -0.0440381579
v -0.0595956855 0.0204756875 -0.0525512025
v -0.0597106814 0.0110850483 -0.0536153205
v -0.0442464277 0.0111686708 -0.0458299667
v -0.0442858078 0.0197591688 -0.0458959863
v -0.0345426612 0.0164377224 -0.0255916249
v -0.0348237194 0.0108776828 -0.0254526958
v -0.0376277715 0.010795353 0.00782006141
v -0.0759458393 0.00629686797 0.147298783
v -0.060914278 0.0160700493 0.15178889
v -0.0611557998 0.00732224807 0.151863351
v -0.0755292177 0.0152561339 0.14732179
v -0.0608583912 0.0169759076 0.150639266
v -0.0751834586 0.0162700545 0.146474659
v -0.0888206065 0.0127431788 0.134896979
v -0.0880827382 0.0139399264 0.134491503
v -0.0891126394 0.00396358408 0.134732783
v -0.0951821133 0.0118432678 0.11425326
v -0.0962767377 0.0107077202 0.11431168
v -0.0958151221 0.00113000651 0.114253983
v -0.0971906036 0.00947939698 0.0948853791
v -0.0982800275 0.00843359251 0.0947943032
v -0.0977372527 7.67823985E-06 0.0947784334
v -0.0964871123 -3.19499494E-09 0.0749396756
v -0.0969870165 0.00830602366 0.0749070644
v -0.0952084363 0.00930060912 0.074980855
v -0.0936672837 -3.79640586E-09 0.0574338362
v -0.094121851 0.00830031652 0.0573300496
v -0.0923031941 0.00930649601 0.0573533587
v -0.0914568007 3.90917032E-09 0.0382358395
v -0.0899708346 0.00971486233 0.0389806703
v -0.0918140709 0.00863497518 0.0388869643
v -0.0906222314 5.16837406E-10 0.0085896356
v -0.0910903737 0.0100852801 0.007645512
v -0.0887288675 0.0111851757 0.0074485573
v -0.0889952555 0.0164148193 -0.00888787117
v -0.0871157348 0.0110290777 -0.0265367143
v -0.0864531621 2.55599608E-09 -0.0263291039
v -0.0867633596 0.0179472603 -0.0266839974
v -0.0848903432 0.0203903913 -0.0247662626
v -0.0776123777 0.0110145342 -0.0444831401
v -0.0772866979 4.3226403E-10 -0.0443187468
v -0.0768311992 0.0228703283 -0.042604249
v -0.0768785924 0.0205120053 -0.0440381579
v -0.0594003648 4.3226403E-10 -0.0523668192
v -0.0597106814 0.0110850483 -0.0536153205
v -0.0595956855 0.0204756875 -0.0525512025
v -0.0442464277 0.0111686708 -0.0458299667
v -0.0451702587 -7.08302139E-10 -0.0447746702
v -0.0354943983 1.44714474E-09 -0.0255561862
v -0.0348237194 0.0108776828 -0.0254526958
v -0.0666903779 0.0231709182 -0.0495322458
v -0.0357253477 5.16837406E-10 0.00864966027
v -0.0595749803 0.0228588693 -0.0511813574
v -0.0533951521 0.0226891413 -0.0484973714
v -0.0443568602 0.0221634414 -0.0444713868
v -0.0442858078 0.0197591688 -0.0458959863
v -0.0358846895 0.0192686524 -0.0245771594
v -0.0345426612 0.0164377224 -0.0255916249
v -0.0364801735 0.0170662384 -0.0109143425
v -0.0376277715 0.010795353 0.00782006141
v -0.0390451103 0.0128672691 0.00766009232
v -0.0384448729 0.0113195702 0.0391715914
v -0.0368412472 0.0103959721 0.0391803458
v -0.0364049301 4.88646323E-09 0.0382878259
v -0.0340855084 0.00852559227 0.0574389733
v -0.0357526168 0.00966648571 0.0575325005
v -0.0334682539 -3.7400234E-09 0.0572499968
v -0.0296522584 0.00791209284 0.0763895065
v -0.029292671 -3.83399401E-09 0.0763107985
v -0.031705346 0.00903052278 0.0764302015
v -0.02701113 -1.45654178E-09 0.094445385
v -0.0271191522 0.00873284508 0.094829835
v -0.0289695486 0.00984872691 0.0948918536
v -0.0285633318 0.0119757243 0.116496906
v -0.0270668138 0.0109002274 0.116844453
v -0.0269045103 0.00174294808 0.116668314
v -0.0337464735 0.00480616931 0.136403784
v -0.0338211097 0.01400714 0.136440769
v -0.0347521566 0.0149076423 0.135700628
v -0.0452194586 0.0163262077 0.145881817
v -0.04489512 0.0154622989 0.147014141
v -0.0451279804 0.00666910037 0.14708598
v -0.0608583912 0.0169759076 0.150639266
v -0.0611557998 0.00732224807 0.151863351
v -0.060914278 0.0160700493 0.15178889
v -0.067493543 0.0758755803 -0.0407036394
v -0.0673635677 0.064674817 -0.0403599963
v -0.0674478114 0.0737470016 -0.0429734141
v -0.0676470548 0.0640636235 -0.0385917574
v -0.0673727095 0.0612051226 -0.0418057591
v -0.0528245755 0.0641982481 -0.0398909934
v -0.0528559387 0.0763433501 -0.0411569439
v -0.0524267554 0.0738214403 -0.0444971174
v -0.0528332703 0.064664714 -0.0410988182
v -0.0527780913 0.0611877292 -0.0426667221
v -0.0364801735 0.0170662384 -0.0109143425
v -0.0360915959 0.0289210137 -0.0119107701
v -0.0358846895 0.0192686524 -0.0245771594
v -0.0381301939 0.0385133214 -0.0261198394
v -0.0375247896 0.0384772345 -0.0179685559
v -0.0412262753 0.0496740006 -0.0306865275
v -0.0441534072 0.0418937765 -0.0429837741
v -0.0443568602 0.0221634414 -0.0444713868
v -0.0465778597 0.0552489683 -0.0399904475
v -0.0530768968 0.0428892598 -0.0478711464
v -0.0533951521 0.0226891413 -0.0484973714
v -0.0528122857 0.0567774363 -0.0451458581
v -0.0655411258 0.0547831096 -0.0286219027
v -0.0602903441 0.0646277517 -0.0406886153
v -0.0597677939 0.0546204895 -0.0305719152
v -0.0676470548 0.0640636235 -0.0385917574
v -0.0727635697 0.0634994954 -0.0349826813
v -0.0711035207 0.0549457297 -0.0243229792
v -0.0804382041 0.0603025556 -0.0202936996
v -0.0760624483 0.0530775711 -0.0177512318
v -0.0786630735 0.0471901186 0.0126073537
v -0.0835586637 0.0548774563 0.010977326
v -0.0818382427 0.0498752519 0.040187411
v -0.078281194 0.0432407074 0.0448033176
v -0.0800226256 0.0479907356 0.0517566875
v -0.0729512423 0.0438959822 0.0512605123
v -0.0714414716 0.0559052452 0.066169098
v -0.0755579174 0.0595635585 0.0520617552
v -0.069547601 0.0652481243 0.052502349
v -0.0604025573 0.0531240515 0.0560123473
v -0.0612399504 0.0600471944 0.0666628554
v -0.0614033081 0.0677894875 0.0530306026
v -0.0523441546 0.0656414106 0.0524863228
v -0.0510142408 0.0565815717 0.0599474125
v -0.0452427045 0.0602765158 0.0518652797
v -0.043513272 0.0465420708 0.0525359623
v -0.0406132117 0.0511004962 0.0504914336
v -0.0400689058 0.0516362935 0.0508287959
v -0.0403554849 0.0518774204 0.0376489088
v -0.0424617082 0.0435938239 0.0443145074
v -0.0402996391 0.056395635 0.00732691353
v -0.0436758213 0.0482690372 0.0052124057
v -0.042527426 0.0603333078 -0.0214630663
v -0.0479829349 0.0524596684 -0.0183743443
v -0.0495364405 0.0545548461 -0.0268977415
v -0.0474062301 0.0632340014 -0.0355044566
v -0.054542616 0.0545876622 -0.0287348293
v -0.0528245755 0.0641982481 -0.0398909934
v -0.0597677939 0.0546204895 -0.0305719152
v -0.0602903441 0.0646277517 -0.0406886153
v -0.0608595684 0.0232712403 0.150412187
v -0.0608583912 0.0169759076 0.150639266
v -0.0751834586 0.0162700545 0.146474659
v -0.0452194586 0.0163262077 0.145881817
v -0.0744947344 0.0225628223 0.14658387
v -0.0880827382 0.0139399264 0.134491503
v -0.0448043235 0.0221008901 0.145622209
v -0.0347521566 0.0149076423 0.135700628
v -0.0609040111 0.0320677534 0.146530136
v -0.0870200172 0.0194989946 0.134381622
v -0.0951821133 0.0118432678 0.11425326
v -0.0348998494 0.0198015887 0.135233313
v -0.0285633318 0.0119757243 0.116496906
v -0.0458997972 0.030769283 0.142074645
v -0.0737242475 0.0312381145 0.143229261
v -0.0610186905 0.0378825888 0.140454441
v -0.0464224368 0.0356700644 0.136096373
v -0.028501682 0.0165119674 0.116230212
v -0.0289695486 0.00984872691 0.0948918536
v -0.0291791335 0.0177510176 0.098290123
v -0.0310010314 0.023357939 0.103214808
v -0.0359724239 0.0260159243 0.131539091
v -0.0312459599 0.0240420885 0.114375323
v -0.0345532782 0.0295398273 0.112960167
v -0.0383144021 0.0312797092 0.127746776
v -0.0407281853 0.0351082832 0.124049261
v -0.0476307459 0.0386302732 0.130072027
v -0.057707008 0.04079175 0.133635312
v -0.0610469766 0.0410569645 0.134203151
v -0.064507015 0.0408030935 0.133580998
v -0.0719413385 0.0396374278 0.1309852
v -0.073171258 0.0362726599 0.137760967
v -0.0805801675 0.0359322168 0.123602606
v -0.0855950266 0.0256673861 0.132594854
v -0.0831087977 0.0317947529 0.128221542
v -0.0876986459 0.0298081245 0.109600186
v -0.0921299607 0.0234260522 0.11128635
v -0.0927403048 0.0230208822 0.100546032
v -0.0956813321 0.0169260371 0.0969744697
v -0.094530426 0.0160686858 0.113507666
v -0.0971906036 0.00947939698 0.0948853791
v -0.0371893272 0.0416050851 0.0606652908
v -0.0405380428 0.046675045 0.064796567
v -0.0389671884 0.0475783236 0.0557561442
v -0.0381440185 0.0485259779 0.0481767207
v -0.0346447565 0.0376617126 0.0603611805
v -0.0346065983 0.0340938084 0.0784081891
v -0.0431995913 0.0460892282 0.0756855384
v -0.037782263 0.0387895927 0.0777436271
v -0.034504354 0.031982284 0.0931951478
v -0.0385614559 0.0368301272 0.0920579135
v -0.0345532782 0.0295398273 0.112960167
v -0.043924503 0.0420240015 0.0909079537
v -0.0484840199 0.0455155261 0.0898869038
v -0.0397992358 0.0359500572 0.110030942
v -0.0407281853 0.0351082832 0.124049261
v -0.0461961813 0.0408626311 0.108033709
v -0.0561527722 0.0449793041 0.105930381
v -0.044088617 0.0379369296 0.123242296
v -0.0476307459 0.0386302732 0.130072027
v -0.057707008 0.04079175 0.133635312
v -0.0489547662 0.0403047204 0.118425578
v -0.0572982766 0.0428043418 0.123867318
v -0.0759458393 0.00629686797 0.147298783
v -0.053553436 0.00229852996 0.125538036
v -0.0891126394 0.00396358408 0.134732783
v -0.0611557998 0.00732224807 0.151863351
v -0.0451279804 0.00666910037 0.14708598
v -0.0337464735 0.00480616931 0.136403784
v -0.0269045103 0.00174294808 0.116668314
v -0.0958151221 0.00113000651 0.114253983
v -0.02701113 -1.45654178E-09 0.094445385
v -0.0977372527 7.67823985E-06 0.0947784334
v -0.029292671 -3.83399401E-09 0.0763107985
v -0.0964871123 -3.19499494E-09 0.0749396756
v -0.0334682539 -3.7400234E-09 0.0572499968
v -0.0936672837 -3.79640586E-09 0.0574338362
v -0.0364049301 4.88646323E-09 0.0382878259
v -0.0914568007 3.90917032E-09 0.0382358395
v -0.0357253477 5.16837406E-10 0.00864966027
v -0.0906222314 5.16837406E-10 0.0085896356
v -0.0601809807 4.3226403E-10 -0.0301613156
v -0.0354943983 1.44714474E-09 -0.0255561862
v -0.0864531621 2.55599608E-09 -0.0263291039
v -0.0451702587 -7.08302139E-10 -0.0447746702
v -0.0772866979 4.3226403E-10 -0.0443187468
v -0.0594003648 4.3226403E-10 -0.0523668192
v -0.0848922208 0.0472559854 0.038054619
v -0.0851213261 0.041658368 0.0568145961
v -0.0883344561 0.034385059 0.0605552904
v -0.0834134147 0.0453981385 0.0547441505
v -0.0815300345 0.0446188338 0.0655799359
v -0.084661521 0.0399959683 0.0646849126
v -0.0895339847 0.030128967 0.0762747973
v -0.0826620907 0.0399584435 0.0766333342
v -0.0785368159 0.0443870053 0.0762504116
v -0.0856667757 0.0363051705 0.0767298788
v -0.0906475633 0.027895458 0.0889340416
v -0.079804197 0.0401262939 0.0897465572
v -0.0738475993 0.0445061848 0.0892466232
v -0.085491091 0.0345657431 0.0898324177
v -0.0876986459 0.0298081245 0.109600186
v -0.0755025148 0.0404551774 0.107340761
v -0.0648936704 0.0447059684 0.105816305
v -0.0817259401 0.0356785879 0.108533144
v -0.0805801675 0.0359322168 0.123602606
v -0.0769946426 0.0383316576 0.122535855
v -0.0719413385 0.0396374278 0.1309852
v -0.0721699521 0.0412614904 0.120271668
v -0.0644470751 0.042766694 0.124195896
v -0.064507015 0.0408030935 0.133580998
v 0.0310010314 0.023357939 0.103214808
v 0.028501682 0.0165119674 0.116230212
v 0.0291791335 0.0177510176 0.098290123
v 0.0289695486 0.00984872691 0.0948918536
v 0.0285633318 0.0119757243 0.116496906
v 0.0312459599 0.0240420885 0.114375323
v 0.0345532782 0.0295398273 0.112960167
v 0.0348998494 0.0198015887 0.135233313
v 0.0347521566 0.0149076423 0.135700628
v 0.0383144021 0.0312797092 0.127746776
v 0.0407281853 0.0351082832 0.124049261
v 0.0359724239 0.0260159243 0.131539091
v 0.0464224666 0.0356700681 0.136096373
v 0.0476307459 0.0386302732 0.130072027
v 0.0610186905 0.0378825888 0.140454441
v 0.057707008 0.04079175 0.133635312
v 0.0610469766 0.0410569645 0.134203151
v 0.064507015 0.0408030935 0.133580998
v 0.0719413385 0.0396374278 0.1309852
v 0.0458997972 0.030769283 0.142074645
v 0.0448043235 0.0221008901 0.145622209
v 0.0452194586 0.0163262077 0.145881817
v 0.0609040111 0.0320677534 0.146530136
v 0.0608595684 0.0232712403 0.150412187
v 0.0608583912 0.0169759076 0.150639266
v 0.0751834586 0.0162700545 0.146474659
v 0.0744947344 0.0225628223 0.14658387
v 0.0880827382 0.0139399264 0.134491503
v 0.073171258 0.0362726524 0.137760967
v 0.0805801675 0.0359322168 0.123602606
v 0.0737242475 0.0312381145 0.143229261
v 0.0870200172 0.0194989946 0.134381622
v 0.0951821133 0.0118432678 0.11425326
v 0.0831087977 0.0317947529 0.128221542
v 0.0876986459 0.0298081245 0.109600186
v 0.0855950266 0.0256673861 0.132594854
v 0.0921299607 0.0234260522 0.11128635
v 0.0927403048 0.0230208822 0.100546032
v 0.0956813321 0.0169260371 0.0969744697
v 0.094530426 0.0160686858 0.113507666
v 0.0971906036 0.00947939698 0.0948853791
v 0.0371893272 0.0416050851 0.0606652908
v 0.0389671884 0.0475783236 0.0557561442
v 0.0405380428 0.046675045 0.064796567
v 0.0381440185 0.0485259779 0.0481767207
v 0.0346447565 0.0376617126 0.0603611805
v 0.0346065983 0.0340938084 0.0784081891
v 0.0431995913 0.0460892282 0.0756855384
v 0.037782263 0.0387895927 0.0777436271
v 0.034504354 0.031982284 0.0931951478
v 0.0385614559 0.0368301272 0.0920579135
v 0.0345532782 0.0295398273 0.112960167
v 0.043924503 0.0420240015 0.0909079537
v 0.0484840199 0.0455155261 0.0898869038
v 0.0397992358 0.0359500572 0.110030942
v 0.0407281853 0.0351082832 0.124049261
v 0.0461961813 0.0408626311 0.108033709
v 0.0561527722 0.0449793041 0.105930381
v 0.044088617 0.0379369296 0.123242296
v 0.0476307459 0.0386302732 0.130072027
v 0.057707008 0.04079175 0.133635312
v 0.0489547662 0.0403047204 0.118425578
v 0.0572982766 0.0428043418 0.123867318
v 0.0759458393 0.00629686797 0.147298783
v 0.0891126394 0.00396358408 0.134732783
v 0.0535548069 0.00229852996 0.125538036
v 0.0611557998 0.00732224807 0.151863351
v 0.0451279804 0.00666910037 0.14708598
v 0.0337464735 0.00480616931 0.136403784
v 0.0269045103 0.00174294808 0.116668314
v 0.0958151221 0.00113000651 0.114253983
v 0.02701113 -1.45654178E-09 0.094445385
v 0.0977372527 7.67823985E-06 0.0947784334
v 0.029292671 -3.83399401E-09 0.0763107985
v 0.0964871123 -3.19499494E-09 0.0749396756
v 0.0334682539 -3.7400234E-09 0.0572499968
v 0.0936672837 -3.79640586E-09 0.0574338362
v 0.0364049301 4.88646323E-09 0.0382878259
v 0.0914568007 3.90917032E-09 0.0382358395
v 0.0357253477 5.16837406E-10 0.00864966027
v 0.0906222314 5.16837406E-10 0.0085896356
v 0.0601809807 4.3226403E-10 -0.0301613156
v 0.0354943983 1.44714474E-09 -0.0255561862
v 0.0864531621 2.55599608E-09 -0.0263291039
v 0.0451702587 -7.08302139E-10 -0.0447746702
v 0.0772866979 4.3226403E-10 -0.0443187468
v 0.0594003648 4.3226403E-10 -0.0523668192
v 0.0848922208 0.0472559854 0.038054619
v 0.0883344561 0.034385059 0.0605552904
v 0.0851213261 0.041658368 0.0568145961
v 0.0834134147 0.0453981385 0.0547441505
v 0.0815300345 0.0446188338 0.0655799359
v 0.084661521 0.0399959683 0.0646849126
v 0.0895339847 0.030128967 0.0762747973
v 0.0826620907 0.0399584435 0.0766333342
v 0.0785368159 0.0443870053 0.0762504116
v 0.0856667757 0.0363051705 0.0767298788
v 0.0906475633 0.027895458 0.0889340416
v 0.079804197 0.0401262939 0.0897465572
v 0.0738475993 0.0445061848 0.0892466232
v 0.085491091 0.0345657431 0.0898324177
v 0.0876986459 0.0298081245 0.109600186
v 0.0755025148 0.0404551774 0.107340761
v 0.0648936704 0.0447059684 0.105816305
v 0.0817259401 0.0356785879 0.108533144
v 0.0805801675 0.0359322168 0.123602606
v 0.0769946426 0.0383316576 0.122535855
v 0.0719413385 0.0396374278 0.1309852
v 0.0721699521 0.0412614904 0.120271668
v 0.0644470751 0.042766694 0.124195896
v 0.064507015 0.0408030935 0.133580998
vt 0.570791185 0.974194944
vt 0.545029223 0.96876961
vt 0.547785699 0.974194944
vt 0.572153628 0.96876961
vt 0.594909787 0.974194944
vt 0.5515275 0.942826927
vt 0.59658426 0.96876961
vt 0.618767381 0.974194944
vt 0.575581431 0.942826927
vt 0.564941883 0.904416263
vt 0.583762765 0.904416263
vt 0.58315134 0.85466212
vt 0.595988154 0.942826927
vt 0.618489921 0.96876961
vt 0.596532106 0.85466212
vt 0.61842376 0.787350357
vt 0.600380063 0.904416263
vt 0.617358387 0.85466212
vt 0.618489921 0.942826927
vt 0.63863939 0.96876961
vt 0.640599728 0.974194944
vt 0.639388978 0.85466212
vt 0.653295755 0.85466212
vt 0.617886722 0.904416263
vt 0.632400393 0.904416263
vt 0.637111008 0.942826927
vt 0.652078629 0.904416263
vt 0.671819627 0.904416263
vt 0.660586059 0.942826927
vt 0.684928715 0.942826927
vt 0.6616081 0.96876961
vt 0.662771165 0.974194944
vt 0.691996992 0.96876961
vt 0.690438211 0.974194944
vt 0.6020962 0.151956469
vt 0.583495498 0.107401483
vt 0.576765418 0.128668115
vt 0.573208213 0.184019774
vt 0.589590907 0.184019774
vt 0.550611198 0.143786907
vt 0.597252846 0.228758365
vt 0.557107091 0.184019774
vt 0.526479542 0.147371441
vt 0.526479542 0.184019774
vt 0.583922923 0.228758365
vt 0.561876953 0.228758365
vt 0.526479542 0.228758365
vt 0.569341063 0.271490335
vt 0.526479542 0.271490335
vt 0.526479542 0.331354827
vt 0.595276892 0.271490335
vt 0.616406262 0.255215019
vt 0.613913953 0.271490335
vt 0.573318481 0.331354827
vt 0.526479542 0.355753154
vt 0.555361271 0.365865588
vt 0.575475633 0.389685214
vt 0.598496675 0.331354827
vt 0.613156319 0.331354827
vt 0.598346949 0.368373394
vt 0.613156319 0.389855713
vt 0.596502364 0.389855713
vt 0.613156319 0.415793777
vt 0.596502364 0.415793777
vt 0.613156319 0.439675272
vt 0.596502364 0.439675272
vt 0.801374018 0.725247741
vt 0.795835197 0.725247741
vt 0.801374018 0.794176459
vt 0.795835197 0.669253469
vt 0.801374018 0.669253469
vt 0.737540245 0.439675272
vt 0.719885707 0.415793777
vt 0.719885707 0.439675272
vt 0.737540245 0.415793777
vt 0.737540245 0.389685214
vt 0.719885707 0.389685214
vt 0.739991963 0.368769288
vt 0.764287829 0.389685214
vt 0.744228363 0.331354856
vt 0.719885707 0.331354856
vt 0.770748734 0.331354856
vt 0.789156437 0.363223672
vt 0.74661696 0.271490216
vt 0.71988833 0.271490276
vt 0.733114004 0.22368592
vt 0.814112186 0.331354856
vt 0.814112186 0.351316333
vt 0.777730107 0.271490216
vt 0.814112186 0.271490216
vt 0.758329749 0.228758395
vt 0.783288836 0.228758395
vt 0.814112186 0.228758395
vt 0.814112186 0.184019804
vt 0.788581491 0.184019804
vt 0.814112186 0.144334257
vt 0.792312264 0.13831228
vt 0.765076876 0.184019923
vt 0.74247241 0.184019923
vt 0.7724787 0.12071389
vt 0.747200966 0.151956499
vt 0.753258109 0.0993483067
vt 0.814761043 0.947775483
vt 0.801374018 0.926881075
vt 0.801366091 0.946311116
vt 0.814761102 0.926881075
vt 0.814761102 0.87589395
vt 0.801374018 0.87589395
vt 0.801374018 0.794176459
vt 0.814761102 0.794176459
vt 0.814761102 0.725247741
vt 0.801374018 0.725247741
vt 0.814761102 0.669253469
vt 0.801374018 0.669253469
vt 0.814761102 0.642061234
vt 0.801374018 0.642061234
vt 0.814761102 0.61075151
vt 0.801374018 0.61075151
vt 0.801374018 0.571551919
vt 0.814761102 0.571551919
vt 0.814761102 0.508334816
vt 0.801374018 0.508334816
vt 0.814761102 0.463769734
vt 0.801374018 0.463769734
vt 0.801374018 0.416989565
vt 0.814761102 0.416989565
vt 0.985240281 0.745760739
vt 0.985240281 0.7027753
vt 0.963156402 0.7027753
vt 0.925559044 0.726392508
vt 0.93618685 0.748558819
vt 0.909912705 0.75574398
vt 0.909912705 0.79162091
vt 0.94736135 0.788137913
vt 0.909912705 0.815545142
vt 0.985240281 0.788137913
vt 0.94736135 0.815545142
vt 0.985240281 0.815545142
vt 0.768064201 0.416989565
vt 0.754317582 0.416989565
vt 0.754317582 0.463769734
vt 0.768064201 0.463769734
vt 0.754317582 0.508334816
vt 0.768064201 0.508334816
vt 0.768064201 0.571551919
vt 0.754317582 0.571551919
vt 0.753901958 0.610333085
vt 0.768064201 0.61075151
vt 0.768064201 0.642061234
vt 0.754317582 0.642061234
vt 0.754317582 0.669253469
vt 0.768064201 0.669253469
vt 0.754317582 0.705451012
vt 0.768064201 0.725247741
vt 0.754317582 0.725247741
vt 0.768064201 0.794176579
vt 0.754317582 0.794176579
vt 0.768064201 0.87589395
vt 0.754317582 0.87589395
vt 0.768064201 0.926881075
vt 0.754317582 0.926881075
vt 0.768119872 0.946167231
vt 0.754317582 0.948342919
vt 0.768064201 0.669253469
vt 0.774750769 0.725247741
vt 0.774750769 0.669253469
vt 0.768064201 0.725247741
vt 0.768064201 0.794176579
vt 0.555183172 0.430646926
vt 0.569060564 0.474065274
vt 0.569060564 0.430647045
vt 0.555183172 0.474065393
vt 0.569060564 0.504920065
vt 0.539526343 0.474065393
vt 0.539526343 0.430647105
vt 0.555183172 0.504918635
vt 0.539526343 0.504916966
vt 0.569060564 0.515098333
vt 0.539526343 0.5150913
vt 0.555183172 0.515182316
vt 0.555183172 0.527817607
vt 0.569060564 0.527817726
vt 0.555183172 0.555941224
vt 0.539526343 0.527817726
vt 0.569060564 0.555940866
vt 0.539526343 0.555941224
vt 0.569060564 0.56705296
vt 0.539526343 0.56705296
vt 0.555183172 0.56705296
vt 0.569060564 0.592356384
vt 0.539526343 0.592356384
vt 0.555183172 0.592356384
vt 0.860008001 0.559867859
vt 0.860008001 0.611810565
vt 0.883051395 0.559867859
vt 0.860008001 0.521417141
vt 0.887552857 0.521417141
vt 0.887552857 0.487988025
vt 0.860008001 0.487988025
vt 0.860008001 0.455342561
vt 0.887552857 0.455342561
vt 0.880728841 0.418171555
vt 0.860008001 0.418171555
vt 0.860008001 0.372082502
vt 0.846271992 0.936099648
vt 0.846271992 0.983213782
vt 0.860008001 0.983213782
vt 0.860008001 0.936099648
vt 0.863961458 0.983179212
vt 0.863961458 0.936068892
vt 0.860008001 0.892279267
vt 0.863961458 0.892279267
vt 0.846271992 0.892279267
vt 0.863961458 0.842832685
vt 0.860008001 0.842832685
vt 0.846271992 0.842832685
vt 0.86396122 0.801714778
vt 0.860008001 0.801714778
vt 0.846271992 0.801714778
vt 0.846271992 0.758572936
vt 0.860008001 0.758572936
vt 0.86396122 0.758572936
vt 0.846271992 0.722305775
vt 0.860008001 0.722305775
vt 0.863961458 0.722305775
vt 0.846271992 0.671322942
vt 0.86396122 0.671322942
vt 0.860008001 0.671322942
vt 0.846271992 0.611810565
vt 0.860008001 0.611810565
vt 0.864886284 0.614308476
vt 0.885175347 0.596966267
vt 0.860008001 0.559867859
vt 0.846271992 0.559867978
vt 0.883051395 0.559867859
vt 0.901033044 0.559867859
vt 0.860008001 0.521417141
vt 0.846271992 0.521417081
vt 0.901033044 0.521416903
vt 0.887552857 0.521417141
vt 0.846271992 0.487988144
vt 0.860008001 0.487988025
vt 0.887552857 0.487988025
vt 0.860008001 0.455342561
vt 0.846271992 0.455342561
vt 0.846271992 0.418171555
vt 0.860008001 0.418171555
vt 0.901033044 0.501359522
vt 0.846271992 0.370284587
vt 0.901033044 0.487987906
vt 0.901033044 0.47492981
vt 0.901033044 0.455342561
vt 0.887552857 0.455342561
vt 0.901033044 0.418171555
vt 0.880728841 0.418171555
vt 0.890773416 0.393399268
vt 0.860008001 0.372082502
vt 0.868832827 0.369537622
vt 0.865196586 0.326705843
vt 0.860008001 0.326705843
vt 0.846271992 0.326705843
vt 0.860008001 0.275722891
vt 0.865196586 0.275722891
vt 0.84627223 0.275722891
vt 0.860008001 0.2394557
vt 0.84627223 0.2394557
vt 0.865196586 0.2394557
vt 0.846271992 0.196313739
vt 0.860008001 0.196313739
vt 0.865196586 0.196313739
vt 0.865196586 0.155196071
vt 0.860008001 0.155195951
vt 0.84627223 0.155195951
vt 0.846271992 0.105749369
vt 0.860008001 0.105749369
vt 0.865196586 0.105749369
vt 0.865196586 0.0694178939
vt 0.860008001 0.0694178939
vt 0.846271992 0.0694178939
vt 0.865196586 0.0243070722
vt 0.846271992 0.0243416429
vt 0.860008001 0.0243416429
vt 0.564301729 0.757786512
vt 0.572351992 0.748413861
vt 0.572351992 0.726531804
vt 0.564301729 0.726244807
vt 0.572351992 0.716929913
vt 0.55049175 0.726244867
vt 0.542441487 0.748413742
vt 0.55049175 0.757786453
vt 0.542441487 0.726531804
vt 0.542441487 0.716929913
vt 0.98524034 0.957931876
vt 0.98524034 0.916135788
vt 0.968915105 0.957931876
vt 0.936088562 0.923240364
vt 0.926524043 0.938730478
vt 0.910588861 0.912839413
vt 0.94736135 0.869627714
vt 0.98524034 0.869627714
vt 0.910588861 0.869627714
vt 0.94736135 0.845671535
vt 0.98524034 0.845671535
vt 0.910588861 0.845671535
vt 0.973531008 0.0412822925
vt 0.973531008 0.0298618227
vt 0.96076405 0.0298459232
vt 0.961019516 0.0414406881
vt 0.960798323 0.0527027622
vt 0.973531008 0.0527027622
vt 0.960798442 0.069218047
vt 0.973531008 0.0692179874
vt 0.973531008 0.0943245962
vt 0.960798442 0.0943245962
vt 0.960798442 0.128110111
vt 0.973531008 0.128110111
vt 0.947258413 0.139826477
vt 0.973531008 0.147731245
vt 0.952892125 0.161683023
vt 0.932759464 0.155718744
vt 0.929028749 0.167474926
vt 0.973531008 0.184079349
vt 0.952097356 0.181750253
vt 0.927048504 0.180986583
vt 0.929170907 0.19401522
vt 0.953082502 0.200179532
vt 0.933350444 0.20928593
vt 0.973531008 0.207467973
vt 0.941487551 0.218427837
vt 0.960630894 0.21353358
vt 0.962050676 0.227096602
vt 0.973531008 0.227096602
vt 0.962050676 0.26818341
vt 0.973531008 0.26818341
vt 0.962050676 0.298787475
vt 0.973531008 0.298787475
vt 0.973531008 0.318918943
vt 0.962050676 0.318918943
vt 0.973531008 0.332840085
vt 0.961890042 0.333147794
vt 0.973531008 0.346761227
vt 0.96205014 0.34676972
vt 0.429208815 0.974194944
vt 0.452214301 0.974194944
vt 0.454970777 0.96876961
vt 0.427846372 0.96876961
vt 0.405090213 0.974194944
vt 0.4484725 0.942826927
vt 0.40341574 0.96876961
vt 0.381232619 0.974194944
vt 0.424418569 0.942826927
vt 0.435058117 0.904416263
vt 0.416237235 0.904416263
vt 0.41684866 0.85466212
vt 0.404011846 0.942826927
vt 0.381510079 0.96876961
vt 0.403467894 0.85466212
vt 0.38157624 0.787350357
vt 0.399619937 0.904416263
vt 0.382641613 0.85466212
vt 0.381510079 0.942826927
vt 0.36136061 0.96876961
vt 0.359400272 0.974194944
vt 0.360611022 0.85466212
vt 0.346704245 0.85466212
vt 0.382113278 0.904416263
vt 0.367599607 0.904416263
vt 0.362888992 0.942826927
vt 0.347921371 0.904416263
vt 0.328180373 0.904416263
vt 0.339413941 0.942826927
vt 0.315071285 0.942826927
vt 0.3383919 0.96876961
vt 0.337228835 0.974194944
vt 0.308003008 0.96876961
vt 0.309561789 0.974194944
vt 0.39790383 0.151956469
vt 0.423234582 0.128668115
vt 0.416504502 0.107401483
vt 0.426791787 0.184019774
vt 0.410409093 0.184019774
vt 0.449388802 0.143786907
vt 0.402747154 0.228758365
vt 0.442892909 0.184019774
vt 0.473520458 0.147371441
vt 0.473520458 0.184019774
vt 0.416077077 0.228758365
vt 0.438123047 0.228758365
vt 0.473520458 0.228758365
vt 0.430658937 0.271490335
vt 0.473520458 0.271490335
vt 0.473520458 0.331354827
vt 0.404723108 0.271490335
vt 0.383593738 0.255215019
vt 0.386086047 0.271490335
vt 0.426681519 0.331354827
vt 0.473520458 0.355753154
vt 0.444638729 0.365865588
vt 0.424524367 0.389685214
vt 0.401503325 0.331354827
vt 0.386843681 0.331354827
vt 0.401653051 0.368373394
vt 0.386843681 0.389855713
vt 0.403497636 0.389855713
vt 0.386843681 0.415793777
vt 0.403497636 0.415793777
vt 0.386843681 0.439675272
vt 0.403497636 0.439675272
vt 0.198625982 0.725247741
vt 0.198625982 0.794176459
vt 0.204164803 0.725247741
vt 0.204164803 0.669253469
vt 0.198625982 0.669253469
vt 0.262459755 0.439675272
vt 0.280114293 0.439675272
vt 0.280114293 0.415793777
vt 0.262459755 0.415793777
vt 0.262459755 0.389685214
vt 0.280114293 0.389685214
vt 0.260008037 0.368769288
vt 0.235712171 0.389685214
vt 0.255771637 0.331354856
vt 0.280114293 0.331354856
vt 0.229251266 0.331354856
vt 0.210843563 0.363223672
vt 0.25338304 0.271490216
vt 0.28011167 0.271490276
vt 0.266885996 0.22368592
vt 0.185887814 0.331354856
vt 0.185887814 0.351316333
vt 0.222269893 0.271490216
vt 0.185887814 0.271490216
vt 0.241670251 0.228758395
vt 0.216711164 0.228758395
vt 0.185887814 0.228758395
vt 0.185887814 0.184019804
vt 0.211418509 0.184019804
vt 0.185887814 0.144334257
vt 0.207687736 0.13831228
vt 0.234923124 0.184019923
vt 0.25752759 0.184019923
vt 0.2275213 0.12071389
vt 0.252799034 0.151956499
vt 0.246741891 0.0993483067
vt 0.185238957 0.947775483
vt 0.198633909 0.946311116
vt 0.198625982 0.926881075
vt 0.185238898 0.926881075
vt 0.185238898 0.87589395
vt 0.198625982 0.87589395
vt 0.198625982 0.794176459
vt 0.185238898 0.794176459
vt 0.185238898 0.725247741
vt 0.198625982 0.725247741
vt 0.185238898 0.669253469
vt 0.198625982 0.669253469
vt 0.185238898 0.642061234
vt 0.198625982 0.642061234
vt 0.185238898 0.61075151
vt 0.198625982 0.61075151
vt 0.198625982 0.571551919
vt 0.185238898 0.571551919
vt 0.185238898 0.508334816
vt 0.198625982 0.508334816
vt 0.185238898 0.463769734
vt 0.198625982 0.463769734
vt 0.198625982 0.416989565
vt 0.185238898 0.416989565
vt 0.0147597194 0.745760739
vt 0.0368435979 0.7027753
vt 0.0147597194 0.7027753
vt 0.0744409561 0.726392508
vt 0.0638131499 0.748558819
vt 0.0900872946 0.75574398
vt 0.0900872946 0.79162091
vt 0.0526386499 0.788137913
vt 0.0900872946 0.815545142
vt 0.0147597194 0.788137913
vt 0.0526386499 0.815545142
vt 0.0147597194 0.815545142
vt 0.231935799 0.416989565
vt 0.245682418 0.463769734
vt 0.245682418 0.416989565
vt 0.231935799 0.463769734
vt 0.245682418 0.508334816
vt 0.231935799 0.508334816
vt 0.231935799 0.571551919
vt 0.245682418 0.571551919
vt 0.246098071 0.610333085
vt 0.231935799 0.61075151
vt 0.231935799 0.642061234
vt 0.245682418 0.642061234
vt 0.245682418 0.669253469
vt 0.231935799 0.669253469
vt 0.245682418 0.705451012
vt 0.231935799 0.725247741
vt 0.245682418 0.725247741
vt 0.231935799 0.794176579
vt 0.245682418 0.794176579
vt 0.231935799 0.87589395
vt 0.245682418 0.87589395
vt 0.231935799 0.926881075
vt 0.245682418 0.926881075
vt 0.231880128 0.946167231
vt 0.245682418 0.948342919
vt 0.231935799 0.669253469
vt 0.225249231 0.669253469
vt 0.225249231 0.725247741
vt 0.231935799 0.725247741
vt 0.231935799 0.794176579
vt 0.444816828 0.430646926
vt 0.430939436 0.430647045
vt 0.430939436 0.474065274
vt 0.444816828 0.474065393
vt 0.430939436 0.504920065
vt 0.460473657 0.474065393
vt 0.460473657 0.430647105
vt 0.444816828 0.504918635
vt 0.460473657 0.504916966
vt 0.430939436 0.515098333
vt 0.460473657 0.5150913
vt 0.444816828 0.515182316
vt 0.444816828 0.527817607
vt 0.430939436 0.527817726
vt 0.444816828 0.555941224
vt 0.460473657 0.527817726
vt 0.430939436 0.555940866
vt 0.460473657 0.555941224
vt 0.430939436 0.56705296
vt 0.460473657 0.56705296
vt 0.444816828 0.56705296
vt 0.430939436 0.592356384
vt 0.460473657 0.592356384
vt 0.444816828 0.592356384
vt 0.139991999 0.559867859
vt 0.116948597 0.559867859
vt 0.139991999 0.611810565
vt 0.139991999 0.521417141
vt 0.112447143 0.521417141
vt 0.112447143 0.487988025
vt 0.139991999 0.487988025
vt 0.139991999 0.455342561
vt 0.112447143 0.455342561
vt 0.119271159 0.418171555
vt 0.139991999 0.418171555
vt 0.139991999 0.372082502
vt 0.153728008 0.936099648
vt 0.139991999 0.983213782
vt 0.153728008 0.983213782
vt 0.139991999 0.936099648
vt 0.136038542 0.983179212
vt 0.136038542 0.936068892
vt 0.139991999 0.892279267
vt 0.136038542 0.892279267
vt 0.153728008 0.892279267
vt 0.136038542 0.842832685
vt 0.139991999 0.842832685
vt 0.153728008 0.842832685
vt 0.13603878 0.801714778
vt 0.139991999 0.801714778
vt 0.153728008 0.801714778
vt 0.153728008 0.758572936
vt 0.139991999 0.758572936
vt 0.13603878 0.758572936
vt 0.153728008 0.722305775
vt 0.139991999 0.722305775
vt 0.136038542 0.722305775
vt 0.153728008 0.671322942
vt 0.13603878 0.671322942
vt 0.139991999 0.671322942
vt 0.153728008 0.611810565
vt 0.139991999 0.611810565
vt 0.135113716 0.614308476
vt 0.114824653 0.596966267
vt 0.139991999 0.559867859
vt 0.153728008 0.559867978
vt 0.116948597 0.559867859
vt 0.0989669561 0.559867859
vt 0.139991999 0.521417141
vt 0.153728008 0.521417081
vt 0.0989669561 0.521416903
vt 0.112447143 0.521417141
vt 0.153728008 0.487988144
vt 0.139991999 0.487988025
vt 0.112447143 0.487988025
vt 0.139991999 0.455342561
vt 0.153728008 0.455342561
vt 0.153728008 0.418171555
vt 0.139991999 0.418171555
vt 0.0989669561 0.501359522
vt 0.153728008 0.370284587
vt 0.0989669561 0.487987906
vt 0.0989669561 0.47492981
vt 0.0989669561 0.455342561
vt 0.112447143 0.455342561
vt 0.0989669561 0.418171555
vt 0.119271159 0.418171555
vt 0.109226577 0.393399268
vt 0.139991999 0.372082502
vt 0.131167173 0.369537622
vt 0.134803414 0.326705843
vt 0.139991999 0.326705843
vt 0.153728008 0.326705843
vt 0.139991999 0.275722891
vt 0.134803414 0.275722891
vt 0.15372777 0.275722891
vt 0.139991999 0.2394557
vt 0.15372777 0.2394557
vt 0.134803414 0.2394557
vt 0.153728008 0.196313739
vt 0.139991999 0.196313739
vt 0.134803414 0.196313739
vt 0.134803414 0.155196071
vt 0.139991999 0.155195951
vt 0.15372777 0.155195951
vt 0.153728008 0.105749369
vt 0.139991999 0.105749369
vt 0.134803414 0.105749369
vt 0.134803414 0.0694178939
vt 0.139991999 0.0694178939
vt 0.153728008 0.0694178939
vt 0.134803414 0.0243070722
vt 0.153728008 0.0243416429
vt 0.139991999 0.0243416429
vt 0.435698271 0.757786512
vt 0.427648008 0.726531804
vt 0.427648008 0.748413861
vt 0.435698271 0.726244807
vt 0.427648008 0.716929913
vt 0.44950825 0.726244867
vt 0.44950825 0.757786453
vt 0.457558513 0.748413742
vt 0.457558513 0.726531804
vt 0.457558513 0.716929913
vt 0.0147596598 0.957931876
vt 0.0310848951 0.957931876
vt 0.0147596598 0.916135788
vt 0.063911438 0.923240364
vt 0.0734759569 0.938730478
vt 0.0894111395 0.912839413
vt 0.0526386499 0.869627714
vt 0.0147596598 0.869627714
vt 0.0894111395 0.869627714
vt 0.0526386499 0.845671535
vt 0.0147596598 0.845671535
vt 0.0894111395 0.845671535
vt 0.0264689922 0.0412822925
vt 0.0392359495 0.0298459232
vt 0.0264689922 0.0298618227
vt 0.038980484 0.0414406881
vt 0.0392016768 0.0527027622
vt 0.0264689922 0.0527027622
vt 0.0392015576 0.069218047
vt 0.0264689922 0.0692179874
vt 0.0264689922 0.0943245962
vt 0.0392015576 0.0943245962
vt 0.0392015576 0.128110111
vt 0.0264689922 0.128110111
vt 0.0527415872 0.139826477
vt 0.0264689922 0.147731245
vt 0.0471078753 0.161683023
vt 0.0672405362 0.155718744
vt 0.0709712505 0.167474926
vt 0.0264689922 0.184079349
vt 0.0479026437 0.181750253
vt 0.0729514956 0.180986583
vt 0.0708290935 0.19401522
vt 0.0469174981 0.200179532
vt 0.0666495562 0.20928593
vt 0.0264689922 0.207467973
vt 0.0585124493 0.218427837
vt 0.0393691063 0.21353358
vt 0.0379493237 0.227096602
vt 0.0264689922 0.227096602
vt 0.0379493237 0.26818341
vt 0.0264689922 0.26818341
vt 0.0379493237 0.298787475
vt 0.0264689922 0.298787475
vt 0.0264689922 0.318918943
vt 0.0379493237 0.318918943
vt 0.0264689922 0.332840085
vt 0.0381099582 0.333147794
vt 0.0264689922 0.346761227
vt 0.0379498601 0.34676972
vt 0.0321700573 0.516647816
vt 0.01581949 0.516647816
vt 0.01581949 0.549500644
vt 0.0158196092 0.478239149
vt 0.0321700573 0.549462855
vt 0.0158196092 0.586573005
vt 0.0321700573 0.478239149
vt 0.0158196092 0.450375497
vt 0.0461597443 0.516647816
vt 0.0321700573 0.586573005
vt 0.0158196092 0.631795168
vt 0.0321700573 0.450375497
vt 0.0158196092 0.406320035
vt 0.0461597443 0.478239149
vt 0.0461597443 0.54961431
vt 0.0505329967 0.516647816
vt 0.050388217 0.478239149
vt 0.0321700573 0.406320035
vt 0.0158196092 0.369327724
vt 0.0379535556 0.372615576
vt 0.0619428158 0.387048841
vt 0.0461597443 0.450375497
vt 0.0568664074 0.406320035
vt 0.0776031613 0.406320035
vt 0.052276969 0.450375497
vt 0.0717651248 0.450375497
vt 0.0717651248 0.478239149
vt 0.0717651248 0.507066548
vt 0.0717651248 0.516647816
vt 0.0717651248 0.526209235
vt 0.0717651248 0.549274027
vt 0.0505671501 0.549444199
vt 0.0717651248 0.586573005
vt 0.0461597443 0.586573005
vt 0.0512830019 0.586573005
vt 0.0819403529 0.631795108
vt 0.0557686687 0.631795108
vt 0.0540065169 0.651403606
vt 0.0358147025 0.667545199
vt 0.0321700573 0.631795168
vt 0.0158196092 0.673068702
vt 0.387989223 0.234940559
vt 0.374176741 0.214151457
vt 0.379401624 0.234940559
vt 0.383593738 0.255215019
vt 0.402747154 0.228758365
vt 0.410409093 0.184019774
vt 0.371854603 0.185342401
vt 0.400440812 0.184019715
vt 0.39790383 0.151956469
vt 0.397154331 0.151956528
vt 0.416504502 0.107401483
vt 0.380466163 0.151956528
vt 0.362967908 0.151956528
vt 0.394808739 0.116645627
vt 0.411850929 0.0698257685
vt 0.379633427 0.118077308
vt 0.349201679 0.111270338
vt 0.403183907 0.0804805756
vt 0.393355966 0.0417822003
vt 0.349201679 0.0197584033
vt 0.375602365 0.0927870572
vt 0.349201679 0.066026032
vt 0.321683466 0.773857296
vt 0.359211504 0.737126887
vt 0.296555579 0.756289899
vt 0.347708404 0.778832138
vt 0.375446498 0.769429505
vt 0.392481267 0.751504958
vt 0.403079569 0.723078609
vt 0.279597938 0.723078609
vt 0.402705371 0.689300478
vt 0.272497952 0.689300478
vt 0.394814581 0.657464504
vt 0.27131325 0.657464504
vt 0.382753074 0.622579336
vt 0.279269755 0.622579336
vt 0.375456393 0.5842731
vt 0.282120764 0.5842731
vt 0.37996155 0.530197978
vt 0.281913102 0.535006881
vt 0.333242834 0.472937018
vt 0.378349483 0.478868574
vt 0.282894075 0.482178539
vt 0.362071097 0.450785875
vt 0.303457558 0.452328891
vt 0.333058417 0.434118152
vt 0.28011167 0.271490276
vt 0.280654669 0.234940529
vt 0.266885996 0.22368592
vt 0.295612335 0.234940529
vt 0.300599337 0.214151382
vt 0.277762771 0.214151442
vt 0.25752759 0.184019923
vt 0.292968273 0.184019923
vt 0.306468368 0.184019923
vt 0.272052646 0.184019923
vt 0.252799034 0.151956499
vt 0.282518268 0.151956499
vt 0.319333434 0.151956499
vt 0.269230962 0.151956499
vt 0.246741891 0.0993483067
vt 0.283421755 0.111086793
vt 0.336840749 0.111270368
vt 0.268098235 0.105785549
vt 0.26800704 0.0616576672
vt 0.285051703 0.0713868141
vt 0.304572105 0.0308585167
vt 0.30508244 0.0809227228
vt 0.336840749 0.0660365224
vt 0.336840749 0.0197584033
vt 0.938057184 0.387048841
vt 0.967829943 0.406320035
vt 0.962046444 0.372615576
vt 0.984180391 0.369327724
vt 0.984180391 0.406320035
vt 0.943133593 0.406320035
vt 0.922396839 0.406320035
vt 0.967829943 0.450375497
vt 0.984180391 0.450375497
vt 0.947723031 0.450375497
vt 0.928234875 0.450375497
vt 0.953840256 0.450375497
vt 0.949611783 0.478239149
vt 0.928234875 0.478239149
vt 0.949467003 0.516647816
vt 0.928234875 0.507066548
vt 0.928234875 0.516647816
vt 0.928234875 0.526209235
vt 0.928234875 0.549274027
vt 0.953840256 0.478239149
vt 0.967829943 0.478239149
vt 0.984180391 0.478239149
vt 0.953840256 0.516647816
vt 0.967829943 0.516647816
vt 0.98418051 0.516647816
vt 0.98418051 0.549500644
vt 0.967829943 0.549462855
vt 0.984180391 0.586573005
vt 0.94943285 0.549444199
vt 0.928234875 0.586573005
vt 0.953840256 0.54961431
vt 0.967829943 0.586573005
vt 0.984180391 0.631795168
vt 0.948716998 0.586573005
vt 0.918059647 0.631795108
vt 0.953840256 0.586573005
vt 0.944231331 0.631795108
vt 0.945993483 0.651403606
vt 0.964185297 0.667545199
vt 0.967829943 0.631795168
vt 0.984180391 0.673068702
vt 0.612010777 0.234940559
vt 0.620598376 0.234940559
vt 0.625823259 0.214151457
vt 0.616406262 0.255215019
vt 0.597252846 0.228758365
vt 0.589590907 0.184019774
vt 0.628145337 0.185342401
vt 0.599559188 0.184019715
vt 0.6020962 0.151956469
vt 0.602845669 0.151956528
vt 0.583495498 0.107401483
vt 0.619533837 0.151956528
vt 0.637032092 0.151956528
vt 0.605191231 0.116645627
vt 0.588149071 0.0698257685
vt 0.620366573 0.118077308
vt 0.650798321 0.111270338
vt 0.596816123 0.0804805756
vt 0.606644034 0.0417822003
vt 0.650798321 0.0197584033
vt 0.624397635 0.0927870572
vt 0.650798321 0.066026032
vt 0.678316534 0.773857296
vt 0.703444421 0.756289899
vt 0.640788496 0.737126887
vt 0.652291596 0.778832138
vt 0.624553502 0.769429505
vt 0.607518733 0.751504958
vt 0.596920431 0.723078609
vt 0.720402062 0.723078609
vt 0.597294629 0.689300478
vt 0.727502048 0.689300478
vt 0.60518539 0.657464504
vt 0.72868675 0.657464504
vt 0.617246926 0.622579336
vt 0.720730245 0.622579336
vt 0.624543607 0.5842731
vt 0.717879236 0.5842731
vt 0.62003845 0.530197978
vt 0.718086898 0.535006881
vt 0.666757166 0.472937018
vt 0.621650517 0.478868574
vt 0.717105925 0.482178539
vt 0.637928903 0.450785875
vt 0.696542442 0.452328891
vt 0.666941583 0.434118152
vt 0.71988833 0.271490276
vt 0.733114004 0.22368592
vt 0.719345331 0.234940529
vt 0.704387665 0.234940529
vt 0.699400663 0.214151382
vt 0.722237229 0.214151442
vt 0.74247241 0.184019923
vt 0.707031727 0.184019923
vt 0.693531632 0.184019923
vt 0.727947354 0.184019923
vt 0.747200966 0.151956499
vt 0.717481732 0.151956499
vt 0.680666566 0.151956499
vt 0.730769038 0.151956499
vt 0.753258109 0.0993483067
vt 0.716578245 0.111086793
vt 0.663159251 0.111270368
vt 0.731901765 0.105785549
vt 0.73199296 0.0616576672
vt 0.714948297 0.0713868141
vt 0.695427895 0.0308585167
vt 0.69491756 0.0809227228
vt 0.663159251 0.0660365224
vt 0.663159251 0.0197584033
vn 0.473602563 -0.257709771 -0.842191339
vn -0.849886119 0.497797996 0.172889486
vn 0.390718222 0.432234228 -0.812719464
vn -0.745958984 0.623020768 0.235351473
vn 0.398421079 -0.631378233 -0.665298522
vn -0.788973451 0.55580914 0.261910439
vn -0.398756653 0.860179245 0.317938566
vn 0.0403479338 -0.763562262 -0.64447242
vn -0.658289135 0.648169577 0.38279441
vn -0.644452751 0.709600329 0.284864545
vn -0.547072232 0.758301318 0.354529411
vn -0.507080317 0.815097928 0.280151546
vn -0.373732209 0.809060991 0.45359087
vn 0.0185828097 0.938364923 0.345146239
vn -0.419036001 0.848651767 0.32279858
vn 0.0331623852 0.974440694 0.222183689
vn -0.332757413 0.866528094 0.372023553
vn 0.0017955302 0.95048815 0.310755908
vn 0.0120551251 0.877373159 0.479657143
vn 0.462325633 0.836442411 0.294311225
vn -0.363692284 -0.740829408 -0.564712048
vn 0.437288135 0.842125058 0.315601945
vn 0.563996494 0.772800982 0.291009635
vn 0.0301337652 0.919225991 0.392575473
vn 0.393549174 0.84115684 0.370910078
vn 0.432359129 0.784187436 0.445101887
vn 0.586699426 0.733736753 0.342657566
vn 0.688680768 0.673631489 0.268215328
vn 0.686052144 0.623808682 0.374426454
vn 0.796336353 0.555116832 0.240195274
vn 0.794168055 0.586289883 0.159878835
vn -0.724432528 -0.404266715 -0.558359981
vn 0.819301903 0.565696001 0.0934470668
vn -0.707725644 0.497428149 -0.501686692
vn -0.850911856 0.520488441 0.0709992498
vn -0.813795805 0.574831307 0.0854716524
vn -0.927131295 0.373898238 0.025051102
vn -0.95370847 0.300426811 0.0135601303
vn -0.865186691 0.494541645 0.0829482079
vn -0.993019044 0.106864788 -0.0499308594
vn -0.921107113 0.385197997 0.0564284176
vn -0.991844356 -0.0100442627 -0.127058819
vn -0.973729908 0.202127874 -0.104853727
vn -0.984611571 0.0699023604 -0.160167605
vn -0.989370584 0.12657623 -0.0715842023
vn -0.98355329 -0.093824707 -0.154336721
vn -0.986571014 -0.0229511764 -0.161712497
vn -0.9921664 -0.101613067 -0.0726683736
vn -0.995269716 -0.0636579096 -0.0733875334
vn -0.998350978 -0.0573119931 -0.0032462969
vn -0.992381155 0.118559226 -0.0335152
vn -0.932202101 0.357572228 0.0560483858
vn -0.950004399 0.312127709 0.00823791884
vn -0.997959733 -0.0630112514 -0.0102979597
vn -0.995788276 -0.0162468329 0.0902319476
vn -0.999208152 0.00705295987 0.0391574875
vn -0.989961028 0.127936929 -0.0600783005
vn -0.988621891 0.146126315 -0.0356909484
vn -0.953397691 0.30068934 -0.0248737819
vn -0.975412369 0.21150887 -0.0619256273
vn -0.946005344 0.285386473 -0.153715461
vn -0.933185101 0.235383973 -0.271587789
vn -0.846479297 0.358527184 -0.393612862
vn -0.760555506 0.291810721 -0.580001652
vn -0.437936664 0.467961997 -0.767608702
vn -0.414979249 0.277641475 -0.86643374
vn 0.765354812 0.631595254 0.123771772
vn -0.824613929 0.565086424 0.0262514539
vn -0.487463921 0.857862651 0.162636533
vn -0.707725644 0.497428149 -0.501686692
vn 0.819301903 0.565696001 0.0934470668
vn 0.447841495 0.255343229 -0.856876791
vn 0.795378327 0.386762351 -0.466677725
vn 0.437361032 0.475808918 -0.76309973
vn 0.763654709 0.255387813 -0.592965961
vn 0.910970092 0.228585362 -0.343339831
vn 0.926965714 0.308443099 -0.213535175
vn 0.973525226 0.212517321 -0.0841726959
vn 0.98274833 0.128342777 -0.133168623
vn 0.974601448 0.220087498 -0.0413948968
vn 0.948589444 0.316410452 -0.00789810065
vn 0.995030999 0.0822088122 -0.0561685711
vn 0.993214846 0.0610051788 -0.0990088731
vn 0.956096828 0.292365968 0.0200292338
vn 0.91293329 0.401628733 0.0724381357
vn 0.892858267 0.443814874 0.0763700679
vn 0.989444911 0.142502129 -0.0263031498
vn 0.997856796 0.0328667462 -0.0565819666
vn 0.996745944 0.0602680221 -0.0535278022
vn 0.986193955 0.153521374 -0.0620711222
vn 0.940704465 0.338986129 0.0127873709
vn 0.992918074 0.0772711188 -0.0902369022
vn 0.971958995 0.189914897 -0.138665304
vn 0.939516485 0.321041018 -0.119337901
vn 0.984621406 0.162732378 -0.0635526106
vn 0.915830076 0.401323289 -0.0139590902
vn 0.953860283 0.299598932 0.019775426
vn 0.938139498 0.346208364 -0.00582380313
vn 0.876412451 0.480010778 0.0386109613
vn 0.876983285 0.478787661 0.0407774933
vn 0.855481684 0.516238809 0.0406029671
vn 0.765703082 0.637364089 0.0864052325
vn 0.437361032 0.475808918 -0.76309973
vn 0.0196906179 0.962969899 0.26888907
vn -0.0861762166 0.774864912 0.626225114
vn 0.795378327 0.386762351 -0.466677725
vn 0.926965714 0.308443099 -0.213535175
vn -0.201803446 0.943998218 0.26104176
vn -0.487463921 0.857862651 0.162636533
vn 0.948589444 0.316410452 -0.00789810065
vn 0.91293329 0.401628733 0.0724381357
vn 0.765354812 0.631595254 0.123771772
vn 0.812577307 0.558959603 0.165173143
vn 0.819301903 0.565696001 0.0934470668
vn 0.766563356 0.613641143 0.189275131
vn 0.796336353 0.555116832 0.240195274
vn 0.682725668 0.698672771 0.213873699
vn 0.688680768 0.673631489 0.268215328
vn 0.563996494 0.772800982 0.291009635
vn 0.550718009 0.806650877 0.214531705
vn 0.39049384 0.902335882 0.182494879
vn 0.0331623852 0.974440694 0.222183689
vn 0.263300359 0.952186704 0.154962137
vn 0.0153504536 0.983967841 0.177684009
vn -0.000573799131 0.957827926 0.287341774
vn 0.248661488 0.922551513 0.295069754
vn 0.931003094 0.172968969 -0.3214266
vn 0.997856796 0.0328667462 -0.0565819666
vn 0.993214846 0.0610051788 -0.0990088731
vn 0.98274833 0.128342777 -0.133168623
vn 0.92992121 0.0675031617 -0.361510426
vn 0.910970092 0.228585362 -0.343339831
vn 0.763654709 0.255387813 -0.592965961
vn 0.736244917 0.113451667 -0.667137265
vn 0.447841495 0.255343229 -0.856876791
vn 0.747721016 0.127820984 -0.651594341
vn 0.436683625 0.125906035 -0.890760899
vn 0.434713453 0.0877903104 -0.896279633
vn -0.000573799131 0.957827926 0.287341774
vn -0.278863877 0.902881026 0.327171087
vn -0.308994681 0.935596645 0.170825154
vn 0.0153504536 0.983967841 0.177684009
vn -0.350359559 0.916949689 0.190922558
vn 0.0331623852 0.974440694 0.222183689
vn -0.507080317 0.815097928 0.280151546
vn -0.496780276 0.838169873 0.225123405
vn -0.730689168 0.654267967 0.195004955
vn -0.644452751 0.709600329 0.284864545
vn -0.788973451 0.55580914 0.261910439
vn -0.795202911 0.577507854 0.184762076
vn -0.834909022 0.513086438 0.199171185
vn -0.849886119 0.497797996 0.172889486
vn -0.932202101 0.357572228 0.0560483858
vn -0.723591566 0.687470138 0.0616451204
vn -0.950004399 0.312127709 0.00823791884
vn 0.713095069 0.687965631 0.134902596
vn -0.953397691 0.30068934 -0.0248737819
vn 0.376455784 0.893176258 0.246002257
vn -0.946005344 0.285386473 -0.153715461
vn -0.0233922657 0.944622219 0.327325135
vn -0.846479297 0.358527184 -0.393612862
vn -0.0631450117 0.73556459 0.674505413
vn -0.437936664 0.467961997 -0.767608702
vn -0.849886119 0.497797996 0.172889486
vn 0.929740846 0.364791334 0.0500922687
vn 0.390718222 0.432234228 -0.812719464
vn -0.723591566 0.687470138 0.0616451204
vn 0.713095069 0.687965631 0.134902596
vn -0.0365699641 0.114716455 -0.992724895
vn -0.393972278 0.113048807 -0.912143528
vn -0.389824808 0.11924579 -0.913135827
vn -0.00743864337 0.127797529 -0.991772354
vn -0.414979249 0.277641475 -0.86643374
vn 0.436683625 0.125906035 -0.890760899
vn 0.434713453 0.0877903104 -0.896279633
vn 0.0241495054 0.280843943 -0.959449589
vn 0.447841495 0.255343229 -0.856876791
vn -0.437936664 0.467961997 -0.767608702
vn 0.437361032 0.475808918 -0.76309973
vn 0.0440372378 0.492476135 -0.869211137
vn 0.0528399274 -0.0502524301 -0.997337759
vn -0.675491214 -0.0219822209 -0.737040222
vn 0.071047619 -0.0366635844 -0.996798873
vn 0.650414944 -0.0120404819 -0.759483695
vn -0.680190504 0.00153190433 -0.733033717
vn 0.712010562 -0.0147563666 -0.702013791
vn -0.270164877 0.41075626 0.870798528
vn 0.165691078 0.401697457 0.900658369
vn -0.0238686856 0.517644525 0.855262756
vn -0.0631450117 0.73556459 0.674505413
vn -0.0861762166 0.774864912 0.626225114
vn -0.0569243357 0.553711951 0.8307603
vn 0.968082905 -0.0205734018 -0.24978447
vn 0.990881443 0.12648721 -0.0464206971
vn 0.934362531 0.219196618 -0.280926079
vn 0.69525522 0.0110250479 -0.718678296
vn 0.687372029 0.170548528 -0.705997825
vn 0.0475406721 0.139732987 -0.989047348
vn 0.0461750738 -0.00952944439 -0.998887956
vn -0.735762656 -0.0541789718 -0.675068855
vn -0.724072278 0.165038913 -0.669687569
vn -0.97556448 0.110809088 -0.189724252
vn -0.988933802 -0.037924692 -0.143428817
vn -0.974651396 0.220549241 0.0375868231
vn 0.538340151 0.0177565608 0.842540622
vn 0.00032766402 0.00720932567 0.999974012
vn -0.0120031489 0.108510874 0.994022787
vn 0.510047853 0.104715146 0.853748143
vn -0.0159980636 0.312081039 0.949920774
vn 0.534964085 0.26292038 0.80292362
vn 0.846293271 0.085150227 0.525867879
vn 0.826159835 0.345137298 0.445354104
vn 0.866939962 0.00020869814 0.498412609
vn 0.900752604 0.398056805 0.173768416
vn 0.973359287 0.0672556236 0.219199151
vn 0.975413859 -0.0344546437 0.217670813
vn 0.915830076 0.401323289 -0.0139590902
vn 0.997559428 0.0674411133 0.0180811603
vn 0.998016596 -0.0591586977 0.0215208903
vn 0.992223084 -0.0602369905 -0.108925804
vn 0.987581611 0.112447701 -0.109717928
vn 0.939516485 0.321041018 -0.119337901
vn 0.989026725 -0.0505562127 -0.138817132
vn 0.980276942 0.143284738 -0.13611272
vn 0.971958995 0.189914897 -0.138665304
vn 0.997334123 -0.0442349315 -0.0580338798
vn 0.986193955 0.153521374 -0.0620711222
vn 0.985478878 0.161076769 -0.0537179448
vn 0.997035384 -0.0493519306 -0.0590324663
vn 0.990881443 0.12648721 -0.0464206971
vn 0.989444911 0.142502129 -0.0263031498
vn 0.997856796 0.0328667462 -0.0565819666
vn 0.968082905 -0.0205734018 -0.24978447
vn 0.966944516 -0.0593851916 -0.247975394
vn 0.934362531 0.219196618 -0.280926079
vn 0.931003094 0.172968969 -0.3214266
vn 0.69525522 0.0110250479 -0.718678296
vn 0.691441298 -0.0312178768 -0.721757829
vn 0.747721016 0.127820984 -0.651594341
vn 0.687372029 0.170548528 -0.705997825
vn 0.0224974081 -0.102894977 -0.994437814
vn 0.0461750738 -0.00952944439 -0.998887956
vn 0.0475406721 0.139732987 -0.989047348
vn -0.735762656 -0.0541789718 -0.675068855
vn -0.741834342 -0.123636603 -0.659087002
vn -0.982787132 -0.0667756125 -0.172251567
vn -0.988933802 -0.037924692 -0.143428817
vn 0.434713453 0.0877903104 -0.896279633
vn -0.992932558 0.116564579 0.0223057885
vn -0.0365699641 0.114716455 -0.992724895
vn -0.389824808 0.11924579 -0.913135827
vn -0.757819057 0.118883871 -0.641542673
vn -0.724072278 0.165038913 -0.669687569
vn -0.965046048 0.137560338 -0.223076567
vn -0.97556448 0.110809088 -0.189724252
vn -0.995788276 -0.0162468329 0.0902319476
vn -0.974651396 0.220549241 0.0375868231
vn -0.998350978 -0.0573119931 -0.0032462969
vn -0.995269716 -0.0636579096 -0.0733875334
vn -0.973985612 0.221923411 -0.0458475836
vn -0.994269252 0.0946076661 -0.0497787185
vn -0.960435867 0.222449318 -0.167568877
vn -0.986571014 -0.0229511764 -0.161712497
vn -0.981378913 0.0625198409 -0.181622565
vn -0.958512247 0.225949809 -0.173784122
vn -0.983171284 0.0468662418 -0.17657201
vn -0.984611571 0.0699023604 -0.160167605
vn -0.997711301 0.0228388011 -0.0636442304
vn -0.979729176 0.188234523 -0.0685459003
vn -0.973729908 0.202127874 -0.104853727
vn -0.895515025 0.4387317 0.0746148825
vn -0.977530658 0.14350833 0.154399678
vn -0.989340842 0.0123730078 0.145091668
vn -0.871076047 0.0035635184 0.49113515
vn -0.853645682 0.115878686 0.507800221
vn -0.826055467 0.40152669 0.39548555
vn -0.488669187 0.310030222 0.815526605
vn -0.490760863 0.104171433 0.865044594
vn -0.501235187 -0.00225995434 0.865308166
vn -0.0159980636 0.312081039 0.949920774
vn 0.00032766402 0.00720932567 0.999974012
vn -0.0120031489 0.108510874 0.994022787
vn 0.165691078 0.401697457 0.900658369
vn 0.712010562 -0.0147563666 -0.702013791
vn 0.650414944 -0.0120404819 -0.759483695
vn -0.0861762166 0.774864912 0.626225114
vn 0.437361032 0.475808918 -0.76309973
vn -0.0631450117 0.73556459 0.674505413
vn -0.680190504 0.00153190433 -0.733033717
vn -0.270164877 0.41075626 0.870798528
vn -0.675491214 -0.0219822209 -0.737040222
vn -0.437936664 0.467961997 -0.767608702
vn -0.995788276 -0.0162468329 0.0902319476
vn -0.965046048 0.137560338 -0.223076567
vn -0.999208152 0.00705295987 0.0391574875
vn -0.965912282 0.120298371 -0.229219794
vn -0.989961028 0.127936929 -0.0600783005
vn -0.933185101 0.235383973 -0.271587789
vn -0.732608914 0.104412556 -0.672593594
vn -0.757819057 0.118883871 -0.641542673
vn -0.760555506 0.291810721 -0.580001652
vn -0.393972278 0.113048807 -0.912143528
vn -0.389824808 0.11924579 -0.913135827
vn -0.414979249 0.277641475 -0.86643374
vn -0.293989897 0.731163383 0.615605533
vn -0.033482641 0.735502005 0.676694691
vn -0.0569243357 0.553711951 0.8307603
vn -0.0861762166 0.774864912 0.626225114
vn 0.0196906179 0.962969899 0.26888907
vn -0.531514466 0.669340611 0.519110322
vn -0.201803446 0.943998218 0.26104176
vn -0.769213736 0.584356368 0.25853017
vn -0.836501539 0.53804791 0.10377726
vn -0.487463921 0.857862651 0.162636533
vn -0.824613929 0.565086424 0.0262514539
vn -0.816261113 0.573471665 -0.0696271881
vn -0.707725644 0.497428149 -0.501686692
vn -0.214218691 0.796598077 -0.565280199
vn -0.359910786 -0.159139276 -0.919314444
vn -0.724432528 -0.404266715 -0.558359981
vn -0.363692284 -0.740829408 -0.564712048
vn 0.246684119 0.717992902 -0.650871098
vn 0.0579219274 -0.586930573 -0.807562709
vn 0.0403479338 -0.763562262 -0.64447242
vn 0.398421079 -0.631378233 -0.665298522
vn 0.428773135 -0.0836749971 -0.899528801
vn 0.473602563 -0.257709771 -0.842191339
vn 0.548967898 0.51368928 -0.659361482
vn 0.390718222 0.432234228 -0.812719464
vn 0.688993931 0.477615178 -0.545133948
vn 0.929740846 0.364791334 0.0500922687
vn 0.941953242 0.33571279 0.00456850231
vn 0.713095069 0.687965631 0.134902596
vn 0.904323518 0.409293711 0.121151932
vn 0.376455784 0.893176258 0.246002257
vn 0.83501333 0.505942941 0.216274083
vn 0.624991179 0.645865381 0.438456297
vn -0.0233922657 0.944622219 0.327325135
vn 0.207503289 0.734609842 0.645980477
vn -0.0631450117 0.73556459 0.674505413
vn -0.033482641 0.735502005 0.676694691
vn -0.0569243357 0.553711951 0.8307603
vn -0.473602712 -0.257710278 -0.84219116
vn -0.390719146 0.432233691 -0.812719285
vn 0.849886119 0.497797996 0.172889709
vn 0.745958924 0.623020828 0.235351473
vn -0.398421139 -0.631377935 -0.66529876
vn 0.788973331 0.555809319 0.261910439
vn 0.398756742 0.860179126 0.317938566
vn -0.0403480269 -0.763562202 -0.644472539
vn 0.658289194 0.648169696 0.382794261
vn 0.64445281 0.709600389 0.284864545
vn 0.547072291 0.758301377 0.354529321
vn 0.507080257 0.815097988 0.280151486
vn 0.373732269 0.809060991 0.45359084
vn -0.0185828824 0.938364923 0.345146239
vn 0.419035912 0.848651946 0.322798431
vn -0.0331625305 0.974440694 0.222183704
vn 0.332757086 0.866528273 0.372023463
vn -0.00179569435 0.950482845 0.310771734
vn -0.0120510012 0.877382755 0.479639828
vn -0.462325841 0.836442411 0.294311076
vn 0.363692284 -0.740829408 -0.564712048
vn -0.437301397 0.842106342 0.315633416
vn -0.563996434 0.772800982 0.291009545
vn -0.0301197637 0.919226885 0.39257443
vn -0.393594235 0.841137826 0.370905221
vn -0.432372272 0.784197628 0.44507128
vn -0.586840153 0.733636618 0.342630804
vn -0.688680828 0.67363137 0.268215269
vn -0.686052144 0.623808563 0.374426633
vn -0.796336353 0.555116832 0.2401952
vn -0.794168293 0.586289763 0.159878686
vn 0.724432468 -0.404266834 -0.55836004
vn -0.819302082 0.565695763 0.0934469178
vn 0.707725763 0.497428 -0.501686752
vn 0.850911736 0.520488501 0.070999302
vn 0.927131295 0.373898357 0.0250511318
vn 0.813795865 0.574831247 0.0854716524
vn 0.953708589 0.300426662 0.0135600762
vn 0.865186632 0.494541883 0.0829482526
vn 0.993019044 0.10686478 -0.0499308221
vn 0.921107113 0.385198087 0.0564283691
vn 0.991844356 -0.0100443894 -0.127058819
vn 0.973729908 0.202127978 -0.104853734
vn 0.984611571 0.0699023753 -0.16016759
vn 0.989370584 0.126576468 -0.0715842396
vn 0.98355329 -0.0938246548 -0.154336661
vn 0.986571014 -0.0229512006 -0.161712497
vn 0.9921664 -0.101613022 -0.0726683736
vn 0.995269835 -0.0636578649 -0.073387526
vn 0.998350978 -0.057311967 -0.00324629899
vn 0.992381155 0.118559271 -0.0335152112
vn 0.932202101 0.357572019 0.0560484082
vn 0.950004399 0.31212768 0.00823788438
vn 0.997959733 -0.0630113035 -0.0102979597
vn 0.995788276 -0.0162470043 0.0902319252
vn 0.999208152 0.00705288956 0.0391574651
vn 0.989961028 0.12793681 -0.0600783117
vn 0.988621891 0.146126479 -0.0356909633
vn 0.953397691 0.300689399 -0.0248738304
vn 0.97541225 0.211509421 -0.0619256496
vn 0.946005344 0.285386413 -0.153715506
vn 0.93318522 0.235384077 -0.2715877
vn 0.846479297 0.358527273 -0.393612802
vn 0.760560572 0.291814536 -0.579993069
vn 0.437936723 0.467962027 -0.767608583
vn 0.41497618 0.277646154 -0.86643368
vn -0.76535511 0.631594837 0.123771675
vn 0.487463534 0.85786283 0.162636518
vn 0.82461381 0.565086663 0.0262514148
vn 0.707725763 0.497428 -0.501686752
vn -0.819302082 0.565695763 0.0934469178
vn -0.447841555 0.25534302 -0.856876791
vn -0.437361211 0.47580862 -0.76309979
vn -0.795378327 0.38676247 -0.466677636
vn -0.763654649 0.255387872 -0.59296602
vn -0.910970092 0.22858569 -0.343339652
vn -0.926965833 0.308443159 -0.213535175
vn -0.973525226 0.212517321 -0.0841726884
vn -0.98274833 0.128342837 -0.133168608
vn -0.974601448 0.220087439 -0.0413948782
vn -0.948589563 0.316410154 -0.00789808668
vn -0.995030999 0.0822088197 -0.0561685711
vn -0.993214846 0.0610051453 -0.0990088731
vn -0.956096828 0.292365938 0.0200292263
vn -0.91293329 0.401628703 0.0724381059
vn -0.892858207 0.443815172 0.0763700828
vn -0.989445031 0.142501369 -0.0263032224
vn -0.997856796 0.0328665376 -0.0565819927
vn -0.996745944 0.0602681227 -0.0535278022
vn -0.986193955 0.153520465 -0.0620711371
vn -0.940704465 0.338986039 0.0127873709
vn -0.992918074 0.0772711709 -0.0902369022
vn -0.971958995 0.189914614 -0.138665274
vn -0.939516485 0.321040899 -0.119337887
vn -0.984621406 0.162732437 -0.0635526106
vn -0.915829897 0.401323676 -0.0139591293
vn -0.953860104 0.29959932 0.0197754186
vn -0.938139498 0.346208453 -0.00582377519
vn -0.876412332 0.480010927 0.0386110134
vn -0.876982868 0.478788257 0.0407774709
vn -0.855481803 0.51623863 0.0406029858
vn -0.765702665 0.637364507 0.0864052325
vn -0.437361211 0.47580862 -0.76309979
vn 0.0861762017 0.774864912 0.626225173
vn -0.0196903124 0.96296978 0.268889159
vn -0.795378327 0.38676247 -0.466677636
vn -0.926965833 0.308443159 -0.213535175
vn 0.201803356 0.943998218 0.261041701
vn 0.487463534 0.85786283 0.162636518
vn -0.948589563 0.316410154 -0.00789808668
vn -0.91293329 0.401628703 0.0724381059
vn -0.76535511 0.631594837 0.123771675
vn -0.812577307 0.558959603 0.165173203
vn -0.819302082 0.565695763 0.0934469178
vn -0.766563416 0.613641143 0.189275131
vn -0.796336353 0.555116832 0.2401952
vn -0.682725847 0.698672652 0.213873744
vn -0.688680828 0.67363137 0.268215269
vn -0.563996434 0.772800982 0.291009545
vn -0.550718188 0.806650877 0.214531779
vn -0.390493989 0.902335882 0.182494879
vn -0.0331625305 0.974440694 0.222183704
vn -0.263300419 0.952186704 0.154962227
vn -0.0153506072 0.983967841 0.177684009
vn 0.000574032136 0.957827926 0.287341863
vn -0.248661473 0.922551453 0.295070022
vn -0.931003094 0.172968969 -0.32142663
vn -0.993214846 0.0610051453 -0.0990088731
vn -0.997856796 0.0328665376 -0.0565819927
vn -0.98274833 0.128342837 -0.133168608
vn -0.92992121 0.0675031096 -0.361510426
vn -0.910970092 0.22858569 -0.343339652
vn -0.763654649 0.255387872 -0.59296602
vn -0.736244917 0.1134516 -0.667137325
vn -0.447841555 0.25534302 -0.856876791
vn -0.747720838 0.127820849 -0.65159452
vn -0.436683685 0.125905991 -0.890761018
vn -0.434713423 0.0877903029 -0.896279633
vn 0.000574032136 0.957827926 0.287341863
vn 0.308994472 0.935596704 0.170825019
vn 0.278864026 0.902880907 0.327170968
vn -0.0153506072 0.983967841 0.177684009
vn 0.35035941 0.916949809 0.190922558
vn -0.0331625305 0.974440694 0.222183704
vn 0.507080257 0.815097988 0.280151486
vn 0.496780276 0.838169873 0.225123346
vn 0.730689287 0.654267788 0.195004985
vn 0.64445281 0.709600389 0.284864545
vn 0.788973331 0.555809319 0.261910439
vn 0.795202911 0.577507794 0.184762165
vn 0.834908903 0.513086617 0.19917123
vn 0.849886119 0.497797996 0.172889709
vn 0.932202101 0.357572019 0.0560484082
vn 0.723591745 0.68746984 0.0616449788
vn 0.950004399 0.31212768 0.00823788438
vn -0.712997854 0.688063979 0.13491486
vn 0.953397691 0.300689399 -0.0248738304
vn -0.376431257 0.893198848 0.245957926
vn 0.946005344 0.285386413 -0.153715506
vn 0.0233973637 0.944618165 0.327336282
vn 0.846479297 0.358527273 -0.393612802
vn 0.0631444752 0.735563278 0.674506843
vn 0.437936723 0.467962027 -0.767608583
vn 0.849886119 0.497797996 0.172889709
vn -0.390719146 0.432233691 -0.812719285
vn -0.929691911 0.364910007 0.050137151
vn 0.723591745 0.68746984 0.0616449788
vn -0.712997854 0.688063979 0.13491486
vn 0.036569532 0.114713922 -0.992725253
vn 0.389823973 0.119242243 -0.913136601
vn 0.393974394 0.113048874 -0.912142634
vn 0.00743864244 0.127796933 -0.991772473
vn 0.41497618 0.277646154 -0.86643368
vn -0.436683685 0.125905991 -0.890761018
vn -0.434713423 0.0877903029 -0.896279633
vn -0.0241493788 0.280843824 -0.959449589
vn -0.447841555 0.25534302 -0.856876791
vn 0.437936723 0.467962027 -0.767608583
vn -0.437361211 0.47580862 -0.76309979
vn -0.0440373383 0.492475957 -0.869211197
vn -0.0528398976 -0.0502525941 -0.997337759
vn 0.675491273 -0.0219823793 -0.737040222
vn -0.0710476935 -0.036663536 -0.996798873
vn -0.650414824 -0.0120404605 -0.759483755
vn 0.680190504 0.00153195602 -0.733033717
vn -0.712010622 -0.0147563489 -0.702013671
vn 0.270164669 0.410756171 0.870798767
vn -0.165691525 0.401697278 0.900658369
vn 0.0238685831 0.517644465 0.855262876
vn 0.0631444752 0.735563278 0.674506843
vn 0.0861762017 0.774864912 0.626225173
vn 0.056924317 0.553711891 0.8307603
vn -0.968082905 -0.0205739383 -0.249784395
vn -0.934362769 0.219195738 -0.280926138
vn -0.990881443 0.126487285 -0.0464207157
vn -0.69525522 0.0110251755 -0.718678296
vn -0.687372088 0.170548409 -0.705997944
vn -0.047540646 0.139733195 -0.989047229
vn -0.0461750403 -0.0095293615 -0.998887956
vn 0.735762656 -0.0541789494 -0.675068915
vn 0.724072337 0.165038973 -0.669687569
vn 0.97556448 0.110808611 -0.189724252
vn 0.988933682 -0.0379248857 -0.143428862
vn 0.974651396 0.220549271 0.0375868231
vn -0.538340032 0.0177564826 0.842540681
vn 0.0120032066 0.108510844 0.994022787
vn -0.000327595975 0.00720927026 0.999974012
vn -0.510047734 0.104715005 0.853748202
vn 0.0159980115 0.312081099 0.949920774
vn -0.534964144 0.262919933 0.802923679
vn -0.846293211 0.0851500928 0.525868118
vn -0.826159894 0.345137179 0.445353776
vn -0.866939843 0.000208596815 0.498412728
vn -0.900752485 0.398057044 0.173768356
vn -0.973359287 0.067255795 0.219199181
vn -0.975413859 -0.0344545133 0.217670873
vn -0.915829897 0.401323676 -0.0139591293
vn -0.997559428 0.0674412623 0.0180811025
vn -0.998016596 -0.0591587387 0.0215208605
vn -0.992223084 -0.0602373816 -0.108925782
vn -0.98758173 0.112447314 -0.10971792
vn -0.939516485 0.321040899 -0.119337887
vn -0.989026725 -0.0505562089 -0.138817117
vn -0.980276942 0.143284515 -0.136112705
vn -0.971958995 0.189914614 -0.138665274
vn -0.997334123 -0.0442339741 -0.0580339767
vn -0.986193955 0.153520465 -0.0620711371
vn -0.985478878 0.16107662 -0.0537180454
vn -0.997035503 -0.0493508317 -0.0590324886
vn -0.990881443 0.126487285 -0.0464207157
vn -0.989445031 0.142501369 -0.0263032224
vn -0.997856796 0.0328665376 -0.0565819927
vn -0.968082905 -0.0205739383 -0.249784395
vn -0.966944516 -0.0593853332 -0.247975394
vn -0.934362769 0.219195738 -0.280926138
vn -0.931003094 0.172968969 -0.32142663
vn -0.69525522 0.0110251755 -0.718678296
vn -0.691441298 -0.0312176626 -0.721757829
vn -0.747720838 0.127820849 -0.65159452
vn -0.687372088 0.170548409 -0.705997944
vn -0.0224973783 -0.102895044 -0.994437814
vn -0.0461750403 -0.0095293615 -0.998887956
vn -0.047540646 0.139733195 -0.989047229
vn 0.735762656 -0.0541789494 -0.675068915
vn 0.741834283 -0.123636588 -0.659087181
vn 0.982787132 -0.0667756051 -0.172251627
vn 0.988933682 -0.0379248857 -0.143428862
vn -0.434713423 0.0877903029 -0.896279633
vn 0.992932558 0.116564594 0.0223057847
vn 0.036569532 0.114713922 -0.992725253
vn 0.389823973 0.119242243 -0.913136601
vn 0.757823825 0.118881784 -0.641537368
vn 0.724072337 0.165038973 -0.669687569
vn 0.965046048 0.137560159 -0.223076567
vn 0.97556448 0.110808611 -0.189724252
vn 0.995788276 -0.0162470043 0.0902319252
vn 0.974651396 0.220549271 0.0375868231
vn 0.998350978 -0.057311967 -0.00324629899
vn 0.995269835 -0.0636578649 -0.073387526
vn 0.973985612 0.221923515 -0.0458475724
vn 0.994269252 0.0946077704 -0.0497787185
vn 0.960435867 0.222449377 -0.167568877
vn 0.986571014 -0.0229512006 -0.161712497
vn 0.981378913 0.0625199303 -0.181622565
vn 0.958512247 0.225949824 -0.173784122
vn 0.983171284 0.0468663089 -0.176571995
vn 0.984611571 0.0699023753 -0.16016759
vn 0.997711301 0.0228387825 -0.0636442378
vn 0.979729176 0.188234523 -0.0685459003
vn 0.973729908 0.202127978 -0.104853734
vn 0.895515144 0.438731581 0.0746148899
vn 0.977530658 0.143508315 0.154399648
vn 0.989340842 0.0123729901 0.145091623
vn 0.871076047 0.00356351025 0.49113518
vn 0.853645682 0.115878671 0.507800281
vn 0.826055348 0.401526779 0.395485371
vn 0.488669395 0.31003046 0.815526485
vn 0.490760744 0.104171343 0.865044594
vn 0.501235127 -0.00226005493 0.865308166
vn 0.0159980115 0.312081099 0.949920774
vn -0.000327595975 0.00720927026 0.999974012
vn 0.0120032066 0.108510844 0.994022787
vn -0.165691525 0.401697278 0.900658369
vn -0.650414824 -0.0120404605 -0.759483755
vn -0.712010622 -0.0147563489 -0.702013671
vn 0.0861762017 0.774864912 0.626225173
vn -0.437361211 0.47580862 -0.76309979
vn 0.0631444752 0.735563278 0.674506843
vn 0.270164669 0.410756171 0.870798767
vn 0.680190504 0.00153195602 -0.733033717
vn 0.675491273 -0.0219823793 -0.737040222
vn 0.437936723 0.467962027 -0.767608583
vn 0.995788276 -0.0162470043 0.0902319252
vn 0.999208152 0.00705288956 0.0391574651
vn 0.965046048 0.137560159 -0.223076567
vn 0.965912402 0.120298214 -0.229219794
vn 0.989961028 0.12793681 -0.0600783117
vn 0.93318522 0.235384077 -0.2715877
vn 0.732616246 0.104411885 -0.672585726
vn 0.757823825 0.118881784 -0.641537368
vn 0.760560572 0.291814536 -0.579993069
vn 0.393974394 0.113048874 -0.912142634
vn 0.389823973 0.119242243 -0.913136601
vn 0.41497618 0.277646154 -0.86643368
vn 0.293989927 0.731163323 0.615605533
vn 0.056924317 0.553711891 0.8307603
vn 0.0334826112 0.735502005 0.676694691
vn 0.0861762017 0.774864912 0.626225173
vn -0.0196903124 0.96296978 0.268889159
vn 0.531514466 0.66934067 0.519110143
vn 0.201803356 0.943998218 0.261041701
vn 0.769213557 0.584356606 0.2585302
vn 0.83650136 0.538048148 0.103777252
vn 0.487463534 0.85786283 0.162636518
vn 0.82461381 0.565086663 0.0262514148
vn 0.816260993 0.573471844 -0.0696272552
vn 0.707725763 0.497428 -0.501686752
vn 0.214218691 0.796598077 -0.565280318
vn 0.359910756 -0.159139365 -0.919314444
vn 0.724432468 -0.404266834 -0.55836004
vn 0.363692284 -0.740829408 -0.564712048
vn -0.246684089 0.717992902 -0.650871098
vn -0.0579219535 -0.586930454 -0.807562828
vn -0.0403480269 -0.763562202 -0.644472539
vn -0.398421139 -0.631377935 -0.66529876
vn -0.428773016 -0.08367493 -0.899528801
vn -0.473602712 -0.257710278 -0.84219116
vn -0.548967719 0.513689339 -0.659361482
vn -0.390719146 0.432233691 -0.812719285
vn -0.688993812 0.477615267 -0.545134008
vn -0.929691911 0.364910007 0.050137151
vn -0.941922903 0.335797846 0.0046022078
vn -0.712997854 0.688063979 0.13491486
vn -0.904266477 0.409416199 0.121162415
vn -0.376431257 0.893198848 0.245957926
vn -0.834977329 0.506016433 0.21624136
vn -0.625004888 0.645854294 0.438453019
vn 0.0233973637 0.944618165 0.327336282
vn -0.207499206 0.734608293 0.645983636
vn 0.0631444752 0.735563278 0.674506843
vn 0.0334826112 0.735502005 0.676694691
vn 0.056924317 0.553711891 0.8307603
vn 0.0308450107 0.26112017 0.964813411
vn 0.0159980115 0.312081099 0.949920774
vn -0.534964144 0.262919933 0.802923679
vn 0.488669395 0.31003046 0.815526485
vn -0.516208708 0.233815655 0.823928893
vn -0.826159894 0.345137179 0.445353776
vn 0.510728061 0.242055923 0.824964106
vn 0.826055348 0.401526779 0.395485371
vn 0.0407875963 0.549156904 0.834723234
vn -0.843896091 0.256681323 0.47112003
vn -0.900752485 0.398057044 0.173768356
vn 0.859849453 0.244652689 0.448111504
vn 0.895515144 0.438731581 0.0746148899
vn 0.495522171 0.535985053 0.683504164
vn -0.501311541 0.500737071 0.705655158
vn 0.0446617045 0.790202975 0.611215711
vn 0.471419215 0.758619189 0.449734122
vn 0.972913504 0.185257062 0.138271719
vn 0.973729908 0.202127978 -0.104853734
vn 0.993019044 0.10686478 -0.0499308221
vn 0.927131295 0.373898357 0.0250511318
vn 0.835020185 0.441747874 0.328024536
vn 0.8950755 0.432294488 0.109367833
vn 0.813795865 0.574831247 0.0854716524
vn 0.772251487 0.587855577 0.240943
vn 0.702564359 0.693321109 0.160340711
vn 0.36984098 0.89875865 0.235479176
vn 0.278864026 0.902880907 0.327170968
vn 0.000574032136 0.957827926 0.287341863
vn -0.248661473 0.922551453 0.295070022
vn -0.37448889 0.895899951 0.239000812
vn -0.46539095 0.746575594 0.475432545
vn -0.67164737 0.724927604 0.152871564
vn -0.823060811 0.422949702 0.379057258
vn -0.758202493 0.594058871 0.268743545
vn -0.765702665 0.637364507 0.0864052325
vn -0.879886746 0.450877398 0.150029391
vn -0.876982868 0.478788257 0.0407774709
vn -0.953860104 0.29959932 0.0197754186
vn -0.938366175 0.285725892 0.19449845
vn -0.915829897 0.401323676 -0.0139591293
vn 0.83630991 0.522340596 0.166571602
vn 0.795202911 0.577507794 0.184762165
vn 0.834908903 0.513086617 0.19917123
vn 0.932202101 0.357572019 0.0560484082
vn 0.921107113 0.385198087 0.0564283691
vn 0.865186632 0.494541883 0.0829482526
vn 0.730689287 0.654267788 0.195004985
vn 0.803418159 0.580505669 0.132410258
vn 0.850911736 0.520488501 0.070999302
vn 0.720440984 0.683642685 0.116608754
vn 0.813795865 0.574831247 0.0854716524
vn 0.622858584 0.764094412 0.167949185
vn 0.496780276 0.838169873 0.225123346
vn 0.684843957 0.722990751 0.0909567028
vn 0.702564359 0.693321109 0.160340711
vn 0.464027822 0.874225974 0.142853424
vn 0.35035941 0.916949809 0.190922558
vn 0.453515947 0.881714702 0.130009338
vn 0.36984098 0.89875865 0.235479176
vn 0.278864026 0.902880907 0.327170968
vn 0.343266428 0.928145647 0.143922955
vn 0.308994472 0.935596704 0.170825019
vn 0.00378584629 -0.982828677 0.184481323
vn 0.00875061005 -0.991764963 0.127772063
vn -0.0066336086 -0.98815918 0.153288707
vn 0.0123472465 -0.981536806 0.190874472
vn 0.0180639643 -0.981236339 0.191960916
vn 0.0282842554 -0.984064519 0.175547361
vn 0.00605930714 -0.997000635 0.0771556124
vn 0.00158030423 -0.996922314 0.0783791542
vn 0.00178214686 -0.999294758 0.0375084579
vn 0.00170082564 -0.999355376 0.0358592086
vn -3.38288046E-05 -1 0.000120543969
vn -3.19854698E-05 -1 0.000113975366
vn -0 -1 -1.75767326E-07
vn -0 -1 -1.81338862E-07
vn -0 -1 -1.05020938E-07
vn -0 -1 -1.06027422E-07
vn -0 -1 0
vn -0 -1 0
vn -0 -1 0
vn -0 -1 0
vn -0 -1 0
vn -0 -1 0
vn -0 -1 0
vn -0 -1 0
vn -0.91293329 0.401628703 0.0724381059
vn -0.873726845 0.466353774 0.138258487
vn -0.892858207 0.443815172 0.0763700828
vn -0.812577307 0.558959603 0.165173203
vn -0.766563416 0.613641143 0.189275131
vn -0.847130835 0.518764198 0.115122005
vn -0.876412332 0.480010927 0.0386110134
vn -0.745536685 0.647390485 0.158305645
vn -0.682725847 0.698672652 0.213873744
vn -0.803265274 0.588073492 0.0945215374
vn -0.855481803 0.51623863 0.0406029858
vn -0.647228301 0.747901976 0.147438228
vn -0.550718188 0.806650877 0.214531779
vn -0.739022315 0.667089224 0.094010964
vn -0.765702665 0.637364507 0.0864052325
vn -0.480556935 0.871402204 0.0986063033
vn -0.390493989 0.902335882 0.182494879
vn -0.647130907 0.759371698 0.0676478297
vn -0.67164737 0.724927604 0.152871564
vn -0.455562383 0.883653939 0.107790343
vn -0.37448889 0.895899951 0.239000812
vn -0.334252656 0.9361853 0.108776167
vn -0.263300419 0.952186704 0.154962227
vn -0.248661473 0.922551453 0.295070022
vn -0.927131295 0.373898238 0.025051102
vn -0.972913504 0.185257137 0.13827166
vn -0.993019044 0.106864788 -0.0499308594
vn -0.973729908 0.202127874 -0.104853727
vn -0.895515025 0.4387317 0.0746148825
vn -0.8950755 0.432294607 0.1093679
vn -0.813795805 0.574831307 0.0854716524
vn -0.859849572 0.24465239 0.448111415
vn -0.826055467 0.40152669 0.39548555
vn -0.77225101 0.587855816 0.240943879
vn -0.70256424 0.693321049 0.160341188
vn -0.835020304 0.441747874 0.328024447
vn -0.471418887 0.758619606 0.449733734
vn -0.369841486 0.898758471 0.235479355
vn -0.0446618125 0.790203035 0.611215651
vn -0.278863877 0.902881026 0.327171087
vn -0.000573799131 0.957827926 0.287341774
vn 0.248661488 0.922551513 0.295069754
vn 0.374489248 0.895899713 0.239001021
vn -0.495522529 0.535985351 0.683503509
vn -0.510728002 0.242055848 0.824964106
vn -0.488669187 0.310030222 0.815526605
vn -0.0407877453 0.549156904 0.834723234
vn -0.0308449604 0.261120081 0.964813411
vn -0.0159980636 0.312081039 0.949920774
vn 0.534964085 0.26292038 0.80292362
vn 0.516208529 0.233816013 0.823929012
vn 0.826159835 0.345137298 0.445354104
vn 0.46539095 0.746575594 0.475432545
vn 0.67164731 0.724927664 0.152871713
vn 0.501310945 0.500737429 0.705655217
vn 0.843895912 0.256681442 0.471120358
vn 0.900752604 0.398056805 0.173768416
vn 0.758202553 0.594058871 0.268743455
vn 0.765703082 0.637364089 0.0864052325
vn 0.823060751 0.42294997 0.379057109
vn 0.879886866 0.450877279 0.150029346
vn 0.876983285 0.478787661 0.0407774933
vn 0.953860283 0.299598932 0.019775426
vn 0.938366294 0.285725713 0.194498435
vn 0.915830076 0.401323289 -0.0139590902
vn -0.83630991 0.522340596 0.166571602
vn -0.834909022 0.513086438 0.199171185
vn -0.795202911 0.577507854 0.184762076
vn -0.932202101 0.357572228 0.0560483858
vn -0.921107113 0.385197997 0.0564284176
vn -0.865186691 0.494541645 0.0829482079
vn -0.730689168 0.654267967 0.195004955
vn -0.803418159 0.580505729 0.132410258
vn -0.850911856 0.520488441 0.0709992498
vn -0.720441043 0.683642447 0.116608731
vn -0.813795805 0.574831307 0.0854716524
vn -0.622858524 0.764094412 0.167949244
vn -0.496780276 0.838169873 0.225123405
vn -0.684843838 0.72299087 0.0909566656
vn -0.70256424 0.693321049 0.160341188
vn -0.464027882 0.874225974 0.142853394
vn -0.350359559 0.916949689 0.190922558
vn -0.453516096 0.881714702 0.130009308
vn -0.369841486 0.898758471 0.235479355
vn -0.278863877 0.902881026 0.327171087
vn -0.343266517 0.928145647 0.143922955
vn -0.308994681 0.935596645 0.170825154
vn -0.00378601393 -0.982828677 0.184481367
vn 0.00663379533 -0.98815906 0.153288931
vn -0.00875028875 -0.991764963 0.127772391
vn -0.0123473899 -0.981536925 0.190873891
vn -0.0180635061 -0.981236458 0.191960037
vn -0.0282829609 -0.984064758 0.175546259
vn -0.00605932064 -0.997000515 0.0771561265
vn -0.00158033182 -0.996922314 0.0783788264
vn -0.00178214896 -0.999294758 0.0375084542
vn -0.00170082785 -0.999355376 0.0358592048
vn 3.38287973E-05 -1 0.000120543962
vn 3.19854589E-05 -1 0.000113975366
vn -0 -1 -1.7576734E-07
vn -0 -1 -1.81338862E-07
vn -0 -1 -1.05020916E-07
vn -0 -1 -1.06027443E-07
vn -0 -1 0
vn -0 -1 0
vn -0 -1 0
vn -0 -1 0
vn -0 -1 0
vn -0 -1 0
vn -0 -1 0
vn -0 -1 0
vn 0.91293329 0.401628733 0.0724381357
vn 0.892858267 0.443814874 0.0763700679
vn 0.873727322 0.466353059 0.138258532
vn 0.812577307 0.558959603 0.165173143
vn 0.766563356 0.613641143 0.189275131
vn 0.847130895 0.5187639 0.115122065
vn 0.876412451 0.480010778 0.0386109613
vn 0.745536745 0.647390366 0.158305734
vn 0.682725668 0.698672771 0.213873699
vn 0.803265274 0.588073492 0.09452153
vn 0.855481684 0.516238809 0.0406029671
vn 0.64722836 0.747901976 0.147438332
vn 0.550718009 0.806650877 0.214531705
vn 0.739022493 0.667088926 0.0940110013
vn 0.765703082 0.637364089 0.0864052325
vn 0.480556875 0.871402204 0.0986063406
vn 0.39049384 0.902335882 0.182494879
vn 0.647131026 0.759371579 0.0676478073
vn 0.67164731 0.724927664 0.152871713
vn 0.455562145 0.883653998 0.107790381
vn 0.374489248 0.895899713 0.239001021
vn 0.334252685 0.9361853 0.108776115
vn 0.263300359 0.952186704 0.154962137
vn 0.248661488 0.922551513 0.295069754
g IndoorShoes_0
f 3/3/3 2/2/2 1/1/1
f 2/2/2 4/4/4 1/1/1
f 5/5/5 1/1/1 4/4/4
f 4/4/4 2/2/2 6/6/6
f 7/7/7 5/5/5 4/4/4
f 5/5/5 7/7/7 8/8/8
f 4/4/4 6/6/6 9/9/9
f 7/7/7 4/4/4 9/9/9
f 9/9/9 6/6/6 10/10/10
f 11/11/11 9/9/9 10/10/10
f 12/12/12 11/11/11 10/10/10
f 7/7/7 9/9/9 13/13/13
f 9/9/9 11/11/11 13/13/13
f 7/7/7 14/14/14 8/8/8
f 14/14/14 7/7/7 13/13/13
f 12/12/12 15/15/15 11/11/11
f 15/15/15 12/12/12 16/16/16
f 11/11/11 17/17/17 13/13/13
f 17/17/17 11/11/11 15/15/15
f 18/18/18 15/15/15 16/16/16
f 17/17/17 15/15/15 18/18/18
f 19/19/19 13/13/13 17/17/17
f 14/14/14 13/13/13 19/19/19
f 14/14/14 20/20/20 8/8/8
f 20/20/20 21/21/21 8/8/8
f 22/22/22 18/18/18 16/16/16
f 23/23/23 22/22/22 16/16/16
f 18/18/18 24/24/24 17/17/17
f 19/19/19 17/17/17 24/24/24
f 25/25/25 24/24/24 18/18/18
f 22/22/22 25/25/25 18/18/18
f 19/19/19 24/24/24 25/25/25
f 19/19/19 26/26/26 14/14/14
f 19/19/19 25/25/25 26/26/26
f 26/26/26 20/20/20 14/14/14
f 27/27/27 22/22/22 23/23/23
f 22/22/22 27/27/27 25/25/25
f 26/26/26 25/25/25 27/27/27
f 27/27/27 23/23/23 28/28/28
f 26/26/26 27/27/27 29/29/29
f 29/29/29 27/27/27 28/28/28
f 26/26/26 29/29/29 20/20/20
f 30/30/30 29/29/29 28/28/28
f 20/20/20 31/31/31 21/21/21
f 29/29/29 31/31/31 20/20/20
f 30/30/30 31/31/31 29/29/29
f 31/31/31 32/32/32 21/21/21
f 30/30/30 33/33/33 31/31/31
f 32/32/32 31/31/31 34/34/34
f 31/31/31 33/33/33 34/34/34
f 37/37/37 36/36/36 35/35/35
f 38/38/38 37/37/37 35/35/35
f 39/39/39 38/38/38 35/35/35
f 40/40/40 37/37/37 38/38/38
f 39/39/39 41/41/41 38/38/38
f 42/42/42 40/40/40 38/38/38
f 43/43/43 40/40/40 42/42/42
f 44/44/44 43/43/43 42/42/42
f 41/41/41 45/45/45 38/38/38
f 38/38/38 45/45/45 42/42/42
f 42/42/42 46/46/46 44/44/44
f 45/45/45 46/46/46 42/42/42
f 46/46/46 47/47/47 44/44/44
f 46/46/46 48/48/48 47/47/47
f 45/45/45 48/48/48 46/46/46
f 48/48/48 49/49/49 47/47/47
f 50/50/50 49/49/49 48/48/48
f 45/45/45 41/41/41 51/51/51
f 45/45/45 51/51/51 48/48/48
f 52/52/52 51/51/51 41/41/41
f 52/52/52 53/53/53 51/51/51
f 54/54/54 50/50/50 48/48/48
f 54/54/54 48/48/48 51/51/51
f 55/55/55 50/50/50 54/54/54
f 56/56/56 55/55/55 54/54/54
f 56/56/56 54/54/54 57/57/57
f 51/51/51 53/53/53 58/58/58
f 54/54/54 51/51/51 58/58/58
f 57/57/57 54/54/54 58/58/58
f 53/53/53 59/59/59 58/58/58
f 57/57/57 58/58/58 60/60/60
f 60/60/60 58/58/58 59/59/59
f 61/61/61 60/60/60 59/59/59
f 57/57/57 60/60/60 62/62/62
f 61/61/61 62/62/62 60/60/60
f 61/61/61 63/63/63 62/62/62
f 63/63/63 64/64/64 62/62/62
f 64/64/64 63/63/63 65/65/65
f 66/66/66 64/64/64 65/65/65
f 69/69/69 68/68/68 67/67/67
f 68/68/68 70/70/70 67/67/67
f 70/70/70 71/71/71 67/67/67
f 74/74/74 73/73/73 72/72/72
f 73/73/73 75/75/75 72/72/72
f 75/75/75 73/73/73 76/76/76
f 73/73/73 77/77/77 76/76/76
f 78/78/78 76/76/76 77/77/77
f 79/79/79 76/76/76 78/78/78
f 78/78/78 77/77/77 80/80/80
f 79/79/79 78/78/78 80/80/80
f 77/77/77 81/81/81 80/80/80
f 82/82/82 79/79/79 80/80/80
f 83/83/83 79/79/79 82/82/82
f 81/81/81 84/84/84 80/80/80
f 81/81/81 85/85/85 84/84/84
f 84/84/84 85/85/85 86/86/86
f 83/83/83 82/82/82 87/87/87
f 88/88/88 83/83/83 87/87/87
f 89/89/89 82/82/82 80/80/80
f 82/82/82 89/89/89 87/87/87
f 84/84/84 89/89/89 80/80/80
f 89/89/89 90/90/90 87/87/87
f 84/84/84 86/86/86 91/91/91
f 89/89/89 84/84/84 91/91/91
f 92/92/92 90/90/90 89/89/89
f 92/92/92 89/89/89 91/91/91
f 92/92/92 93/93/93 90/90/90
f 94/94/94 93/93/93 92/92/92
f 94/94/94 92/92/92 95/95/95
f 92/92/92 91/91/91 95/95/95
f 95/95/95 96/96/96 94/94/94
f 95/95/95 97/97/97 96/96/96
f 91/91/91 86/86/86 98/98/98
f 91/91/91 98/98/98 95/95/95
f 98/98/98 97/97/97 95/95/95
f 86/86/86 99/99/99 98/98/98
f 98/98/98 100/100/100 97/97/97
f 99/99/99 101/101/101 98/98/98
f 101/101/101 100/100/100 98/98/98
f 102/102/102 100/100/100 101/101/101
f 105/105/105 104/104/104 103/103/103
f 104/104/104 106/106/106 103/103/103
f 106/106/106 104/104/104 107/107/107
f 104/104/104 108/108/108 107/107/107
f 107/107/107 108/108/108 109/109/109
f 110/110/110 107/107/107 109/109/109
f 110/110/110 109/109/109 111/111/111
f 109/109/109 112/112/112 111/111/111
f 111/111/111 112/112/112 113/113/113
f 112/112/112 114/114/114 113/113/113
f 115/115/115 113/113/113 114/114/114
f 116/116/116 115/115/115 114/114/114
f 115/115/115 116/116/116 117/117/117
f 116/116/116 118/118/118 117/117/117
f 118/118/118 119/119/119 117/117/117
f 119/119/119 120/120/120 117/117/117
f 121/121/121 120/120/120 119/119/119
f 122/122/122 121/121/121 119/119/119
f 121/121/121 122/122/122 123/123/123
f 122/122/122 124/124/124 123/123/123
f 124/124/124 125/125/125 123/123/123
f 125/125/125 126/126/126 123/123/123
f 129/129/129 128/128/128 127/127/127
f 127/127/127 130/130/130 129/129/129
f 127/127/127 131/131/131 130/130/130
f 130/130/130 131/131/131 132/132/132
f 131/131/131 133/133/133 132/132/132
f 134/134/134 131/131/131 127/127/127
f 131/131/131 134/134/134 133/133/133
f 135/135/135 133/133/133 134/134/134
f 136/136/136 134/134/134 127/127/127
f 137/137/137 135/135/135 134/134/134
f 137/137/137 134/134/134 136/136/136
f 138/138/138 137/137/137 136/136/136
f 141/141/141 140/140/140 139/139/139
f 142/142/142 141/141/141 139/139/139
f 143/143/143 141/141/141 142/142/142
f 144/144/144 143/143/143 142/142/142
f 144/144/144 145/145/145 143/143/143
f 145/145/145 146/146/146 143/143/143
f 147/147/147 146/146/146 145/145/145
f 148/148/148 147/147/147 145/145/145
f 148/148/148 149/149/149 147/147/147
f 149/149/149 150/150/150 147/147/147
f 150/150/150 149/149/149 151/151/151
f 149/149/149 152/152/152 151/151/151
f 153/153/153 151/151/151 152/152/152
f 153/153/153 152/152/152 154/154/154
f 153/153/153 154/154/154 155/155/155
f 154/154/154 156/156/156 155/155/155
f 156/156/156 157/157/157 155/155/155
f 156/156/156 158/158/158 157/157/157
f 158/158/158 159/159/159 157/157/157
f 158/158/158 160/160/160 159/159/159
f 160/160/160 161/161/161 159/159/159
f 161/161/161 160/160/160 162/162/162
f 163/163/163 161/161/161 162/162/162
f 166/166/166 165/165/165 164/164/164
f 165/165/165 167/167/167 164/164/164
f 167/167/167 165/165/165 168/168/168
f 171/171/171 170/170/170 169/169/169
f 170/170/170 172/172/172 169/169/169
f 170/170/170 173/173/173 172/172/172
f 169/169/169 172/172/172 174/174/174
f 175/175/175 169/169/169 174/174/174
f 173/173/173 176/176/176 172/172/172
f 172/172/172 176/176/176 174/174/174
f 176/176/176 177/177/177 174/174/174
f 173/173/173 178/178/178 176/176/176
f 179/179/179 177/177/177 176/176/176
f 178/178/178 180/180/180 176/176/176
f 180/180/180 179/179/179 176/176/176
f 180/180/180 178/178/178 181/181/181
f 180/180/180 181/181/181 179/179/179
f 178/178/178 182/182/182 181/181/181
f 183/183/183 181/181/181 182/182/182
f 181/181/181 184/184/184 179/179/179
f 184/184/184 181/181/181 183/183/183
f 183/183/183 182/182/182 185/185/185
f 184/184/184 183/183/183 186/186/186
f 187/187/187 183/183/183 185/185/185
f 188/188/188 186/186/186 183/183/183
f 187/187/187 189/189/189 183/183/183
f 189/189/189 188/188/188 183/183/183
f 190/190/190 189/189/189 187/187/187
f 191/191/191 188/188/188 189/189/189
f 190/190/190 192/192/192 189/189/189
f 192/192/192 191/191/191 189/189/189
f 195/195/195 194/194/194 193/193/193
f 196/196/196 195/195/195 193/193/193
f 196/196/196 197/197/197 195/195/195
f 198/198/198 197/197/197 196/196/196
f 199/199/199 198/198/198 196/196/196
f 200/200/200 198/198/198 199/199/199
f 200/200/200 201/201/201 198/198/198
f 202/202/202 201/201/201 200/200/200
f 202/202/202 200/200/200 203/203/203
f 204/204/204 202/202/202 203/203/203
f 207/207/207 206/206/206 205/205/205
f 208/208/208 207/207/207 205/205/205
f 207/207/207 208/208/208 209/209/209
f 208/208/208 210/210/210 209/209/209
f 208/208/208 205/205/205 211/211/211
f 208/208/208 211/211/211 210/210/210
f 211/211/211 212/212/212 210/210/210
f 205/205/205 213/213/213 211/211/211
f 214/214/214 212/212/212 211/211/211
f 211/211/211 213/213/213 215/215/215
f 215/215/215 214/214/214 211/211/211
f 213/213/213 216/216/216 215/215/215
f 217/217/217 214/214/214 215/215/215
f 215/215/215 216/216/216 218/218/218
f 218/218/218 217/217/217 215/215/215
f 216/216/216 219/219/219 218/218/218
f 218/218/218 219/219/219 220/220/220
f 217/217/217 218/218/218 221/221/221
f 221/221/221 218/218/218 220/220/220
f 222/222/222 217/217/217 221/221/221
f 221/221/221 220/220/220 223/223/223
f 222/222/222 221/221/221 224/224/224
f 224/224/224 221/221/221 223/223/223
f 225/225/225 222/222/222 224/224/224
f 223/223/223 226/226/226 224/224/224
f 225/225/225 224/224/224 227/227/227
f 226/226/226 228/228/228 224/224/224
f 224/224/224 228/228/228 227/227/227
f 228/228/228 226/226/226 229/229/229
f 227/227/227 228/228/228 230/230/230
f 230/230/230 228/228/228 229/229/229
f 231/231/231 227/227/227 230/230/230
f 232/232/232 231/231/231 230/230/230
f 230/230/230 229/229/229 233/233/233
f 233/233/233 229/229/229 234/234/234
f 232/232/232 230/230/230 235/235/235
f 236/236/236 232/232/232 235/235/235
f 233/233/233 234/234/234 237/237/237
f 234/234/234 238/238/238 237/237/237
f 236/236/236 235/235/235 239/239/239
f 235/235/235 240/240/240 239/239/239
f 237/237/237 238/238/238 241/241/241
f 237/237/237 241/241/241 242/242/242
f 239/239/239 240/240/240 243/243/243
f 242/242/242 241/241/241 244/244/244
f 241/241/241 245/245/245 244/244/244
f 244/244/244 245/245/245 246/246/246
f 244/244/244 246/246/246 247/247/247
f 248/248/248 239/239/239 243/243/243
f 249/249/249 247/247/247 246/246/246
f 248/248/248 243/243/243 250/250/250
f 251/251/251 250/250/250 243/243/243
f 251/251/251 243/243/243 252/252/252
f 243/243/243 253/253/253 252/252/252
f 252/252/252 253/253/253 254/254/254
f 253/253/253 255/255/255 254/254/254
f 256/256/256 254/254/254 255/255/255
f 256/256/256 255/255/255 257/257/257
f 247/247/247 249/249/249 257/257/257
f 256/256/256 257/257/257 258/258/258
f 258/258/258 257/257/257 259/259/259
f 257/257/257 249/249/249 260/260/260
f 257/257/257 260/260/260 259/259/259
f 249/249/249 261/261/261 260/260/260
f 259/259/259 260/260/260 262/262/262
f 262/262/262 260/260/260 261/261/261
f 263/263/263 259/259/259 262/262/262
f 264/264/264 262/262/262 261/261/261
f 263/263/263 262/262/262 265/265/265
f 262/262/262 264/264/264 265/265/265
f 264/264/264 266/266/266 265/265/265
f 267/267/267 263/263/263 265/265/265
f 266/266/266 268/268/268 265/265/265
f 265/265/265 269/269/269 267/267/267
f 268/268/268 269/269/269 265/265/265
f 269/269/269 270/270/270 267/267/267
f 271/271/271 270/270/270 269/269/269
f 269/269/269 268/268/268 272/272/272
f 272/272/272 271/271/271 269/269/269
f 268/268/268 273/273/273 272/272/272
f 272/272/272 273/273/273 274/274/274
f 272/272/272 275/275/275 271/271/271
f 275/275/275 272/272/272 274/274/274
f 275/275/275 276/276/276 271/271/271
f 277/277/277 276/276/276 275/275/275
f 275/275/275 274/274/274 278/278/278
f 278/278/278 277/277/277 275/275/275
f 274/274/274 279/279/279 278/278/278
f 280/280/280 277/277/277 278/278/278
f 278/278/278 279/279/279 281/281/281
f 282/282/282 280/280/280 278/278/278
f 282/282/282 278/278/278 281/281/281
f 285/285/285 284/284/284 283/283/283
f 286/286/286 285/285/285 283/283/283
f 287/287/287 285/285/285 286/286/286
f 290/290/290 289/289/289 288/288/288
f 289/289/289 291/291/291 288/288/288
f 288/288/288 291/291/291 292/292/292
f 295/295/295 294/294/294 293/293/293
f 296/296/296 294/294/294 295/295/295
f 297/297/297 296/296/296 295/295/295
f 296/296/296 297/297/297 298/298/298
f 294/294/294 296/296/296 299/299/299
f 298/298/298 299/299/299 296/296/296
f 294/294/294 299/299/299 300/300/300
f 301/301/301 299/299/299 298/298/298
f 300/300/300 299/299/299 302/302/302
f 299/299/299 301/301/301 302/302/302
f 303/303/303 300/300/300 302/302/302
f 301/301/301 304/304/304 302/302/302
f 307/307/307 306/306/306 305/305/305
f 308/308/308 307/307/307 305/305/305
f 308/308/308 305/305/305 309/309/309
f 305/305/305 310/310/310 309/309/309
f 309/309/309 310/310/310 311/311/311
f 310/310/310 312/312/312 311/311/311
f 311/311/311 312/312/312 313/313/313
f 314/314/314 311/311/311 313/313/313
f 315/315/315 314/314/314 313/313/313
f 316/316/316 315/315/315 313/313/313
f 315/315/315 316/316/316 317/317/317
f 316/316/316 318/318/318 317/317/317
f 319/319/319 317/317/317 318/318/318
f 320/320/320 317/317/317 319/319/319
f 321/321/321 320/320/320 319/319/319
f 319/319/319 318/318/318 322/322/322
f 319/319/319 323/323/323 321/321/321
f 319/319/319 322/322/322 323/323/323
f 323/323/323 324/324/324 321/321/321
f 324/324/324 323/323/323 325/325/325
f 322/322/322 326/326/326 323/323/323
f 323/323/323 326/326/326 325/325/325
f 327/327/327 325/325/325 326/326/326
f 326/326/326 322/322/322 328/328/328
f 329/329/329 327/327/327 326/326/326
f 330/330/330 326/326/326 328/328/328
f 330/330/330 329/329/329 326/326/326
f 330/330/330 331/331/331 329/329/329
f 330/330/330 328/328/328 332/332/332
f 331/331/331 330/330/330 332/332/332
f 331/331/331 332/332/332 333/333/333
f 332/332/332 334/334/334 333/333/333
f 335/335/335 333/333/333 334/334/334
f 336/336/336 335/335/335 334/334/334
f 336/336/336 337/337/337 335/335/335
f 337/337/337 338/338/338 335/335/335
f 337/337/337 339/339/339 338/338/338
f 339/339/339 340/340/340 338/338/338
f 339/339/339 341/341/341 340/340/340
f 341/341/341 342/342/342 340/340/340
f 345/345/345 344/344/344 343/343/343
f 346/346/346 345/345/345 343/343/343
f 343/343/343 347/347/347 346/346/346
f 348/348/348 345/345/345 346/346/346
f 347/347/347 349/349/349 346/346/346
f 349/349/349 347/347/347 350/350/350
f 348/348/348 346/346/346 351/351/351
f 351/351/351 346/346/346 349/349/349
f 348/348/348 351/351/351 352/352/352
f 351/351/351 353/353/353 352/352/352
f 353/353/353 354/354/354 352/352/352
f 351/351/351 349/349/349 355/355/355
f 353/353/353 351/351/351 355/355/355
f 356/356/356 349/349/349 350/350/350
f 355/355/355 349/349/349 356/356/356
f 353/353/353 357/357/357 354/354/354
f 354/354/354 357/357/357 358/358/358
f 359/359/359 353/353/353 355/355/355
f 357/357/357 353/353/353 359/359/359
f 357/357/357 360/360/360 358/358/358
f 357/357/357 359/359/359 360/360/360
f 359/359/359 355/355/355 361/361/361
f 355/355/355 356/356/356 361/361/361
f 362/362/362 356/356/356 350/350/350
f 363/363/363 362/362/362 350/350/350
f 360/360/360 364/364/364 358/358/358
f 364/364/364 365/365/365 358/358/358
f 366/366/366 360/360/360 359/359/359
f 359/359/359 361/361/361 366/366/366
f 366/366/366 367/367/367 360/360/360
f 367/367/367 364/364/364 360/360/360
f 367/367/367 366/366/366 361/361/361
f 368/368/368 361/361/361 356/356/356
f 367/367/367 361/361/361 368/368/368
f 362/362/362 368/368/368 356/356/356
f 365/365/365 364/364/364 369/369/369
f 367/367/367 369/369/369 364/364/364
f 369/369/369 367/367/367 368/368/368
f 365/365/365 369/369/369 370/370/370
f 369/369/369 368/368/368 371/371/371
f 369/369/369 371/371/371 370/370/370
f 371/371/371 368/368/368 362/362/362
f 371/371/371 372/372/372 370/370/370
f 373/373/373 362/362/362 363/363/363
f 373/373/373 371/371/371 362/362/362
f 373/373/373 372/372/372 371/371/371
f 374/374/374 373/373/373 363/363/363
f 373/373/373 375/375/375 372/372/372
f 373/373/373 374/374/374 376/376/376
f 375/375/375 373/373/373 376/376/376
f 379/379/379 378/378/378 377/377/377
f 378/378/378 380/380/380 377/377/377
f 380/380/380 381/381/381 377/377/377
f 378/378/378 382/382/382 380/380/380
f 383/383/383 381/381/381 380/380/380
f 382/382/382 384/384/384 380/380/380
f 382/382/382 385/385/385 384/384/384
f 385/385/385 386/386/386 384/384/384
f 387/387/387 383/383/383 380/380/380
f 387/387/387 380/380/380 384/384/384
f 388/388/388 384/384/384 386/386/386
f 388/388/388 387/387/387 384/384/384
f 389/389/389 388/388/388 386/386/386
f 390/390/390 388/388/388 389/389/389
f 390/390/390 387/387/387 388/388/388
f 391/391/391 390/390/390 389/389/389
f 391/391/391 392/392/392 390/390/390
f 383/383/383 387/387/387 393/393/393
f 393/393/393 387/387/387 390/390/390
f 393/393/393 394/394/394 383/383/383
f 395/395/395 394/394/394 393/393/393
f 392/392/392 396/396/396 390/390/390
f 390/390/390 396/396/396 393/393/393
f 392/392/392 397/397/397 396/396/396
f 397/397/397 398/398/398 396/396/396
f 396/396/396 398/398/398 399/399/399
f 395/395/395 393/393/393 400/400/400
f 393/393/393 396/396/396 400/400/400
f 396/396/396 399/399/399 400/400/400
f 401/401/401 395/395/395 400/400/400
f 400/400/400 399/399/399 402/402/402
f 400/400/400 402/402/402 401/401/401
f 402/402/402 403/403/403 401/401/401
f 402/402/402 399/399/399 404/404/404
f 404/404/404 403/403/403 402/402/402
f 405/405/405 403/403/403 404/404/404
f 406/406/406 405/405/405 404/404/404
f 405/405/405 406/406/406 407/407/407
f 406/406/406 408/408/408 407/407/407
f 411/411/411 410/410/410 409/409/409
f 412/412/412 411/411/411 409/409/409
f 413/413/413 412/412/412 409/409/409
f 416/416/416 415/415/415 414/414/414
f 417/417/417 416/416/416 414/414/414
f 416/416/416 417/417/417 418/418/418
f 419/419/419 416/416/416 418/418/418
f 418/418/418 420/420/420 419/419/419
f 418/418/418 421/421/421 420/420/420
f 419/419/419 420/420/420 422/422/422
f 420/420/420 421/421/421 422/422/422
f 423/423/423 419/419/419 422/422/422
f 421/421/421 424/424/424 422/422/422
f 421/421/421 425/425/425 424/424/424
f 426/426/426 423/423/423 422/422/422
f 427/427/427 423/423/423 426/426/426
f 427/427/427 426/426/426 428/428/428
f 424/424/424 425/425/425 429/429/429
f 425/425/425 430/430/430 429/429/429
f 424/424/424 431/431/431 422/422/422
f 431/431/431 424/424/424 429/429/429
f 431/431/431 426/426/426 422/422/422
f 432/432/432 431/431/431 429/429/429
f 428/428/428 426/426/426 433/433/433
f 426/426/426 431/431/431 433/433/433
f 432/432/432 434/434/434 431/431/431
f 431/431/431 434/434/434 433/433/433
f 435/435/435 434/434/434 432/432/432
f 435/435/435 436/436/436 434/434/434
f 434/434/434 436/436/436 437/437/437
f 433/433/433 434/434/434 437/437/437
f 438/438/438 437/437/437 436/436/436
f 439/439/439 437/437/437 438/438/438
f 428/428/428 433/433/433 440/440/440
f 440/440/440 433/433/433 437/437/437
f 439/439/439 440/440/440 437/437/437
f 441/441/441 428/428/428 440/440/440
f 442/442/442 440/440/440 439/439/439
f 443/443/443 441/441/441 440/440/440
f 442/442/442 443/443/443 440/440/440
f 442/442/442 444/444/444 443/443/443
f 447/447/447 446/446/446 445/445/445
f 448/448/448 447/447/447 445/445/445
f 447/447/447 448/448/448 449/449/449
f 450/450/450 447/447/447 449/449/449
f 450/450/450 449/449/449 451/451/451
f 449/449/449 452/452/452 451/451/451
f 451/451/451 452/452/452 453/453/453
f 454/454/454 451/451/451 453/453/453
f 454/454/454 453/453/453 455/455/455
f 456/456/456 454/454/454 455/455/455
f 455/455/455 457/457/457 456/456/456
f 457/457/457 458/458/458 456/456/456
f 458/458/458 457/457/457 459/459/459
f 460/460/460 458/458/458 459/459/459
f 461/461/461 460/460/460 459/459/459
f 462/462/462 461/461/461 459/459/459
f 462/462/462 463/463/463 461/461/461
f 463/463/463 464/464/464 461/461/461
f 464/464/464 463/463/463 465/465/465
f 466/466/466 464/464/464 465/465/465
f 467/467/467 466/466/466 465/465/465
f 468/468/468 467/467/467 465/465/465
f 471/471/471 470/470/470 469/469/469
f 472/472/472 469/469/469 470/470/470
f 473/473/473 469/469/469 472/472/472
f 473/473/473 472/472/472 474/474/474
f 475/475/475 473/473/473 474/474/474
f 473/473/473 476/476/476 469/469/469
f 476/476/476 473/473/473 475/475/475
f 475/475/475 477/477/477 476/476/476
f 476/476/476 478/478/478 469/469/469
f 477/477/477 479/479/479 476/476/476
f 476/476/476 479/479/479 478/478/478
f 479/479/479 480/480/480 478/478/478
f 483/483/483 482/482/482 481/481/481
f 482/482/482 484/484/484 481/481/481
f 482/482/482 485/485/485 484/484/484
f 485/485/485 486/486/486 484/484/484
f 487/487/487 486/486/486 485/485/485
f 488/488/488 487/487/487 485/485/485
f 488/488/488 489/489/489 487/487/487
f 489/489/489 490/490/490 487/487/487
f 491/491/491 490/490/490 489/489/489
f 492/492/492 491/491/491 489/489/489
f 491/491/491 492/492/492 493/493/493
f 494/494/494 491/491/491 493/493/493
f 493/493/493 495/495/495 494/494/494
f 494/494/494 495/495/495 496/496/496
f 496/496/496 495/495/495 497/497/497
f 498/498/498 496/496/496 497/497/497
f 499/499/499 498/498/498 497/497/497
f 500/500/500 498/498/498 499/499/499
f 501/501/501 500/500/500 499/499/499
f 502/502/502 500/500/500 501/501/501
f 503/503/503 502/502/502 501/501/501
f 502/502/502 503/503/503 504/504/504
f 503/503/503 505/505/505 504/504/504
f 508/508/508 507/507/507 506/506/506
f 509/509/509 508/508/508 506/506/506
f 508/508/508 509/509/509 510/510/510
f 513/513/513 512/512/512 511/511/511
f 514/514/514 513/513/513 511/511/511
f 515/515/515 513/513/513 514/514/514
f 514/514/514 511/511/511 516/516/516
f 511/511/511 517/517/517 516/516/516
f 518/518/518 515/515/515 514/514/514
f 518/518/518 514/514/514 516/516/516
f 519/519/519 518/518/518 516/516/516
f 520/520/520 515/515/515 518/518/518
f 519/519/519 521/521/521 518/518/518
f 522/522/522 520/520/520 518/518/518
f 521/521/521 522/522/522 518/518/518
f 520/520/520 522/522/522 523/523/523
f 523/523/523 522/522/522 521/521/521
f 524/524/524 520/520/520 523/523/523
f 523/523/523 525/525/525 524/524/524
f 526/526/526 523/523/523 521/521/521
f 523/523/523 526/526/526 525/525/525
f 524/524/524 525/525/525 527/527/527
f 525/525/525 526/526/526 528/528/528
f 525/525/525 529/529/529 527/527/527
f 528/528/528 530/530/530 525/525/525
f 531/531/531 529/529/529 525/525/525
f 530/530/530 531/531/531 525/525/525
f 531/531/531 532/532/532 529/529/529
f 530/530/530 533/533/533 531/531/531
f 534/534/534 532/532/532 531/531/531
f 533/533/533 534/534/534 531/531/531
f 537/537/537 536/536/536 535/535/535
f 536/536/536 538/538/538 535/535/535
f 539/539/539 538/538/538 536/536/536
f 539/539/539 540/540/540 538/538/538
f 540/540/540 541/541/541 538/538/538
f 540/540/540 542/542/542 541/541/541
f 543/543/543 542/542/542 540/540/540
f 543/543/543 544/544/544 542/542/542
f 542/542/542 544/544/544 545/545/545
f 544/544/544 546/546/546 545/545/545
f 549/549/549 548/548/548 547/547/547
f 548/548/548 550/550/550 547/547/547
f 550/550/550 548/548/548 551/551/551
f 552/552/552 550/550/550 551/551/551
f 547/547/547 550/550/550 553/553/553
f 553/553/553 550/550/550 552/552/552
f 554/554/554 553/553/553 552/552/552
f 555/555/555 547/547/547 553/553/553
f 554/554/554 556/556/556 553/553/553
f 555/555/555 553/553/553 557/557/557
f 556/556/556 557/557/557 553/553/553
f 558/558/558 555/555/555 557/557/557
f 556/556/556 559/559/559 557/557/557
f 558/558/558 557/557/557 560/560/560
f 559/559/559 560/560/560 557/557/557
f 561/561/561 558/558/558 560/560/560
f 561/561/561 560/560/560 562/562/562
f 560/560/560 559/559/559 563/563/563
f 560/560/560 563/563/563 562/562/562
f 559/559/559 564/564/564 563/563/563
f 562/562/562 563/563/563 565/565/565
f 563/563/563 564/564/564 566/566/566
f 563/563/563 566/566/566 565/565/565
f 564/564/564 567/567/567 566/566/566
f 568/568/568 565/565/565 566/566/566
f 566/566/566 567/567/567 569/569/569
f 570/570/570 568/568/568 566/566/566
f 570/570/570 566/566/566 569/569/569
f 568/568/568 570/570/570 571/571/571
f 570/570/570 569/569/569 572/572/572
f 570/570/570 572/572/572 571/571/571
f 569/569/569 573/573/573 572/572/572
f 573/573/573 574/574/574 572/572/572
f 571/571/571 572/572/572 575/575/575
f 571/571/571 575/575/575 576/576/576
f 572/572/572 574/574/574 577/577/577
f 574/574/574 578/578/578 577/577/577
f 576/576/576 575/575/575 579/579/579
f 580/580/580 576/576/576 579/579/579
f 577/577/577 578/578/578 581/581/581
f 582/582/582 577/577/577 581/581/581
f 580/580/580 579/579/579 583/583/583
f 583/583/583 579/579/579 584/584/584
f 582/582/582 581/581/581 585/585/585
f 583/583/583 584/584/584 586/586/586
f 587/587/587 583/583/583 586/586/586
f 587/587/587 586/586/586 588/588/588
f 588/588/588 586/586/586 589/589/589
f 581/581/581 590/590/590 585/585/585
f 589/589/589 591/591/591 588/588/588
f 585/585/585 590/590/590 592/592/592
f 592/592/592 593/593/593 585/585/585
f 585/585/585 593/593/593 594/594/594
f 595/595/595 585/585/585 594/594/594
f 595/595/595 594/594/594 596/596/596
f 597/597/597 595/595/595 596/596/596
f 596/596/596 598/598/598 597/597/597
f 597/597/597 598/598/598 599/599/599
f 591/591/591 589/589/589 599/599/599
f 599/599/599 598/598/598 600/600/600
f 599/599/599 600/600/600 601/601/601
f 591/591/591 599/599/599 602/602/602
f 602/602/602 599/599/599 601/601/601
f 603/603/603 591/591/591 602/602/602
f 602/602/602 601/601/601 604/604/604
f 602/602/602 604/604/604 603/603/603
f 601/601/601 605/605/605 604/604/604
f 604/604/604 606/606/606 603/603/603
f 604/604/604 605/605/605 607/607/607
f 606/606/606 604/604/604 607/607/607
f 608/608/608 606/606/606 607/607/607
f 605/605/605 609/609/609 607/607/607
f 610/610/610 608/608/608 607/607/607
f 611/611/611 607/607/607 609/609/609
f 611/611/611 610/610/610 607/607/607
f 612/612/612 611/611/611 609/609/609
f 612/612/612 613/613/613 611/611/611
f 610/610/610 611/611/611 614/614/614
f 613/613/613 614/614/614 611/611/611
f 615/615/615 610/610/610 614/614/614
f 615/615/615 614/614/614 616/616/616
f 617/617/617 614/614/614 613/613/613
f 614/614/614 617/617/617 616/616/616
f 618/618/618 617/617/617 613/613/613
f 618/618/618 619/619/619 617/617/617
f 616/616/616 617/617/617 620/620/620
f 619/619/619 620/620/620 617/617/617
f 621/621/621 616/616/616 620/620/620
f 619/619/619 622/622/622 620/620/620
f 621/621/621 620/620/620 623/623/623
f 622/622/622 624/624/624 620/620/620
f 620/620/620 624/624/624 623/623/623
f 627/627/627 626/626/626 625/625/625
f 626/626/626 628/628/628 625/625/625
f 626/626/626 629/629/629 628/628/628
f 632/632/632 631/631/631 630/630/630
f 633/633/633 632/632/632 630/630/630
f 633/633/633 630/630/630 634/634/634
f 637/637/637 636/636/636 635/635/635
f 637/637/637 638/638/638 636/636/636
f 638/638/638 639/639/639 636/636/636
f 639/639/639 638/638/638 640/640/640
f 638/638/638 637/637/637 641/641/641
f 641/641/641 640/640/640 638/638/638
f 641/641/641 637/637/637 642/642/642
f 641/641/641 643/643/643 640/640/640
f 641/641/641 642/642/642 644/644/644
f 643/643/643 641/641/641 644/644/644
f 642/642/642 645/645/645 644/644/644
f 646/646/646 643/643/643 644/644/644
f 649/649/649 648/648/648 647/647/647
f 648/648/648 650/650/650 647/647/647
f 647/647/647 650/650/650 651/651/651
f 652/652/652 647/647/647 651/651/651
f 652/652/652 651/651/651 653/653/653
f 654/654/654 652/652/652 653/653/653
f 654/654/654 653/653/653 655/655/655
f 653/653/653 656/656/656 655/655/655
f 656/656/656 657/657/657 655/655/655
f 657/657/657 658/658/658 655/655/655
f 658/658/658 657/657/657 659/659/659
f 660/660/660 658/658/658 659/659/659
f 661/661/661 660/660/660 659/659/659
f 659/659/659 662/662/662 661/661/661
f 662/662/662 663/663/663 661/661/661
f 661/661/661 664/664/664 660/660/660
f 665/665/665 661/661/661 663/663/663
f 664/664/664 661/661/661 665/665/665
f 666/666/666 665/665/665 663/663/663
f 665/665/665 666/666/666 667/667/667
f 668/668/668 664/664/664 665/665/665
f 668/668/668 665/665/665 667/667/667
f 667/667/667 669/669/669 668/668/668
f 664/664/664 668/668/668 670/670/670
f 669/669/669 671/671/671 668/668/668
f 668/668/668 672/672/672 670/670/670
f 671/671/671 672/672/672 668/668/668
f 673/673/673 672/672/672 671/671/671
f 670/670/670 672/672/672 674/674/674
f 672/672/672 673/673/673 674/674/674
f 674/674/674 673/673/673 675/675/675
f 676/676/676 674/674/674 675/675/675
f 675/675/675 677/677/677 676/676/676
f 677/677/677 678/678/678 676/676/676
f 679/679/679 678/678/678 677/677/677
f 680/680/680 679/679/679 677/677/677
f 681/681/681 679/679/679 680/680/680
f 682/682/682 681/681/681 680/680/680
f 683/683/683 681/681/681 682/682/682
f 684/684/684 683/683/683 682/682/682
f 687/687/687 686/686/686 685/685/685
f 685/685/685 686/686/686 688/688/688
f 689/689/689 687/687/687 685/685/685
f 690/690/690 687/687/687 689/689/689
f 691/691/691 685/685/685 688/688/688
f 692/692/692 691/691/691 688/688/688
f 685/685/685 693/693/693 689/689/689
f 691/691/691 693/693/693 685/685/685
f 694/694/694 690/690/690 689/689/689
f 695/695/695 690/690/690 694/694/694
f 692/692/692 696/696/696 691/691/691
f 692/692/692 697/697/697 696/696/696
f 691/691/691 698/698/698 693/693/693
f 698/698/698 691/691/691 696/696/696
f 693/693/693 699/699/699 689/689/689
f 689/689/689 699/699/699 694/694/694
f 698/698/698 700/700/700 693/693/693
f 693/693/693 700/700/700 699/699/699
f 698/698/698 701/701/701 700/700/700
f 697/697/697 702/702/702 696/696/696
f 702/702/702 697/697/697 703/703/703
f 702/702/702 703/703/703 704/704/704
f 702/702/702 704/704/704 705/705/705
f 706/706/706 698/698/698 696/696/696
f 702/702/702 706/706/706 696/696/696
f 701/701/701 698/698/698 706/706/706
f 707/707/707 702/702/702 705/705/705
f 702/702/702 707/707/707 706/706/706
f 707/707/707 705/705/705 708/708/708
f 707/707/707 709/709/709 706/706/706
f 708/708/708 709/709/709 707/707/707
f 709/709/709 701/701/701 706/706/706
f 708/708/708 710/710/710 709/709/709
f 710/710/710 701/701/701 709/709/709
f 710/710/710 711/711/711 701/701/701
f 711/711/711 700/700/700 701/701/701
f 711/711/711 712/712/712 700/700/700
f 712/712/712 713/713/713 700/700/700
f 713/713/713 714/714/714 700/700/700
f 714/714/714 715/715/715 700/700/700
f 715/715/715 716/716/716 700/700/700
f 700/700/700 716/716/716 699/699/699
f 715/715/715 717/717/717 716/716/716
f 699/699/699 716/716/716 718/718/718
f 699/699/699 718/718/718 694/694/694
f 717/717/717 719/719/719 716/716/716
f 716/716/716 719/719/719 718/718/718
f 717/717/717 720/720/720 719/719/719
f 719/719/719 721/721/721 718/718/718
f 720/720/720 721/721/721 719/719/719
f 721/721/721 694/694/694 718/718/718
f 721/721/721 720/720/720 722/722/722
f 723/723/723 721/721/721 722/722/722
f 724/724/724 694/694/694 721/721/721
f 723/723/723 724/724/724 721/721/721
f 724/724/724 695/695/695 694/694/694
f 725/725/725 724/724/724 723/723/723
f 725/725/725 695/695/695 724/724/724
f 728/728/728 727/727/727 726/726/726
f 726/726/726 729/729/729 728/728/728
f 729/729/729 726/726/726 730/730/730
f 731/731/731 730/730/730 726/726/726
f 726/726/726 727/727/727 732/732/732
f 733/733/733 731/731/731 726/726/726
f 733/733/733 726/726/726 732/732/732
f 731/731/731 733/733/733 734/734/734
f 733/733/733 735/735/735 734/734/734
f 735/735/735 733/733/733 732/732/732
f 735/735/735 736/736/736 734/734/734
f 735/735/735 732/732/732 737/737/737
f 738/738/738 737/737/737 732/732/732
f 739/739/739 736/736/736 735/735/735
f 737/737/737 739/739/739 735/735/735
f 739/739/739 740/740/740 736/736/736
f 738/738/738 741/741/741 737/737/737
f 737/737/737 741/741/741 739/739/739
f 742/742/742 741/741/741 738/738/738
f 739/739/739 743/743/743 740/740/740
f 741/741/741 743/743/743 739/739/739
f 743/743/743 744/744/744 740/740/740
f 744/744/744 743/743/743 745/745/745
f 742/742/742 746/746/746 741/741/741
f 741/741/741 746/746/746 743/743/743
f 743/743/743 746/746/746 745/745/745
f 742/742/742 747/747/747 746/746/746
f 746/746/746 747/747/747 745/745/745
f 750/750/750 749/749/749 748/748/748
f 748/748/748 749/749/749 751/751/751
f 752/752/752 751/751/751 749/749/749
f 752/752/752 749/749/749 753/753/753
f 754/754/754 753/753/753 749/749/749
f 755/755/755 749/749/749 750/750/750
f 755/755/755 754/754/754 749/749/749
f 756/756/756 754/754/754 755/755/755
f 757/757/757 756/756/756 755/755/755
f 756/756/756 757/757/757 758/758/758
f 757/757/757 759/759/759 758/758/758
f 760/760/760 758/758/758 759/759/759
f 761/761/761 760/760/760 759/759/759
f 762/762/762 760/760/760 761/761/761
f 763/763/763 762/762/762 761/761/761
f 762/762/762 763/763/763 764/764/764
f 763/763/763 765/765/765 764/764/764
f 765/765/765 766/766/766 764/764/764
f 766/766/766 767/767/767 764/764/764
f 768/768/768 766/766/766 765/765/765
f 767/767/767 766/766/766 769/769/769
f 768/768/768 770/770/770 766/766/766
f 771/771/771 769/769/769 766/766/766
f 771/771/771 766/766/766 770/770/770
f 774/774/774 773/773/773 772/772/772
f 773/773/773 775/775/775 772/772/772
f 773/773/773 776/776/776 775/775/775
f 774/774/774 777/777/777 773/773/773
f 777/777/777 776/776/776 773/773/773
f 778/778/778 777/777/777 774/774/774
f 779/779/779 776/776/776 777/777/777
f 780/780/780 776/776/776 779/779/779
f 781/781/781 777/777/777 778/778/778
f 781/781/781 779/779/779 777/777/777
f 781/781/781 778/778/778 782/782/782
f 779/779/779 783/783/783 780/780/780
f 781/781/781 783/783/783 779/779/779
f 783/783/783 784/784/784 780/780/780
f 785/785/785 781/781/781 782/782/782
f 785/785/785 783/783/783 781/781/781
f 785/785/785 782/782/782 786/786/786
f 784/784/784 783/783/783 787/787/787
f 783/783/783 785/785/785 787/787/787
f 788/788/788 784/784/784 787/787/787
f 789/789/789 785/785/785 786/786/786
f 787/787/787 785/785/785 789/789/789
f 790/790/790 789/789/789 786/786/786
f 790/790/790 791/791/791 789/789/789
f 787/787/787 789/789/789 791/791/791
f 792/792/792 791/791/791 790/790/790
f 788/788/788 787/787/787 793/793/793
f 793/793/793 787/787/787 791/791/791
f 791/791/791 792/792/792 793/793/793
f 794/794/794 788/788/788 793/793/793
f 792/792/792 795/795/795 793/793/793
f 793/793/793 795/795/795 794/794/794
f 798/798/798 797/797/797 796/796/796
f 799/799/799 797/797/797 798/798/798
f 799/799/799 800/800/800 797/797/797
f 797/797/797 801/801/801 796/796/796
f 796/796/796 801/801/801 802/802/802
f 797/797/797 800/800/800 803/803/803
f 800/800/800 804/804/804 803/803/803
f 805/805/805 802/802/802 801/801/801
f 805/805/805 806/806/806 802/802/802
f 807/807/807 801/801/801 797/797/797
f 805/805/805 801/801/801 807/807/807
f 807/807/807 797/797/797 803/803/803
f 808/808/808 806/806/806 805/805/805
f 808/808/808 805/805/805 807/807/807
f 808/808/808 809/809/809 806/806/806
f 810/810/810 809/809/809 808/808/808
f 810/810/810 811/811/811 809/809/809
f 812/812/812 811/811/811 810/810/810
f 813/813/813 812/812/812 810/810/810
f 814/814/814 813/813/813 810/810/810
f 815/815/815 808/808/808 807/807/807
f 815/815/815 807/807/807 803/803/803
f 810/810/810 808/808/808 815/815/815
f 816/816/816 815/815/815 803/803/803
f 816/816/816 803/803/803 804/804/804
f 816/816/816 804/804/804 817/817/817
f 818/818/818 815/815/815 816/816/816
f 810/810/810 815/815/815 818/818/818
f 819/819/819 816/816/816 817/817/817
f 818/818/818 816/816/816 819/819/819
f 820/820/820 819/819/819 817/817/817
f 820/820/820 821/821/821 819/819/819
f 821/821/821 822/822/822 819/819/819
f 818/818/818 819/819/819 822/822/822
f 821/821/821 823/823/823 822/822/822
f 824/824/824 814/814/814 810/810/810
f 825/825/825 814/814/814 824/824/824
f 810/810/810 818/818/818 826/826/826
f 826/826/826 818/818/818 822/822/822
f 824/824/824 810/810/810 826/826/826
f 823/823/823 827/827/827 822/822/822
f 826/826/826 822/822/822 827/827/827
f 823/823/823 828/828/828 827/827/827
f 829/829/829 825/825/825 824/824/824
f 830/830/830 825/825/825 829/829/829
f 824/824/824 826/826/826 831/831/831
f 829/829/829 824/824/824 831/831/831
f 831/831/831 826/826/826 827/827/827
f 832/832/832 830/830/830 829/829/829
f 832/832/832 829/829/829 831/831/831
f 827/827/827 832/832/832 831/831/831
f 830/830/830 832/832/832 833/833/833
f 832/832/832 834/834/834 833/833/833
f 828/828/828 835/835/835 827/827/827
f 827/827/827 835/835/835 832/832/832
f 832/832/832 835/835/835 834/834/834
f 835/835/835 828/828/828 836/836/836
f 835/835/835 836/836/836 834/834/834
f 839/839/839 838/838/838 837/837/837
f 840/840/840 837/837/837 838/838/838
f 837/837/837 840/840/840 841/841/841
f 841/841/841 842/842/842 837/837/837
f 839/839/839 837/837/837 843/843/843
f 842/842/842 844/844/844 837/837/837
f 837/837/837 844/844/844 843/843/843
f 844/844/844 842/842/842 845/845/845
f 846/846/846 844/844/844 845/845/845
f 843/843/843 844/844/844 846/846/846
f 847/847/847 846/846/846 845/845/845
f 843/843/843 846/846/846 848/848/848
f 848/848/848 849/849/849 843/843/843
f 847/847/847 850/850/850 846/846/846
f 850/850/850 848/848/848 846/846/846
f 851/851/851 850/850/850 847/847/847
f 852/852/852 849/849/849 848/848/848
f 850/850/850 852/852/852 848/848/848
f 852/852/852 853/853/853 849/849/849
f 851/851/851 854/854/854 850/850/850
f 854/854/854 852/852/852 850/850/850
f 855/855/855 854/854/854 851/851/851
f 854/854/854 855/855/855 856/856/856
f 857/857/857 853/853/853 852/852/852
f 854/854/854 857/857/857 852/852/852
f 857/857/857 854/854/854 856/856/856
f 858/858/858 853/853/853 857/857/857
f 858/858/858 857/857/857 856/856/856
f 861/861/861 860/860/860 859/859/859
f 861/861/861 859/859/859 862/862/862
f 862/862/862 863/863/863 861/861/861
f 861/861/861 863/863/863 864/864/864
f 864/864/864 865/865/865 861/861/861
f 861/861/861 866/866/866 860/860/860
f 865/865/865 866/866/866 861/861/861
f 865/865/865 867/867/867 866/866/866
f 867/867/867 868/868/868 866/866/866
f 868/868/868 867/867/867 869/869/869
f 870/870/870 868/868/868 869/869/869
f 869/869/869 871/871/871 870/870/870
f 871/871/871 872/872/872 870/870/870
f 871/871/871 873/873/873 872/872/872
f 873/873/873 874/874/874 872/872/872
f 874/874/874 873/873/873 875/875/875
f 876/876/876 874/874/874 875/875/875
f 877/877/877 876/876/876 875/875/875
f 878/878/878 877/877/877 875/875/875
f 877/877/877 879/879/879 876/876/876
f 877/877/877 878/878/878 880/880/880
f 881/881/881 879/879/879 877/877/877
f 880/880/880 882/882/882 877/877/877
f 877/877/877 882/882/882 881/881/881
f 885/885/885 884/884/884 883/883/883
f 886/886/886 885/885/885 883/883/883
f 887/887/887 885/885/885 886/886/886
f 888/888/888 884/884/884 885/885/885
f 887/887/887 888/888/888 885/885/885
f 888/888/888 889/889/889 884/884/884
f 887/887/887 890/890/890 888/888/888
f 887/887/887 891/891/891 890/890/890
f 888/888/888 892/892/892 889/889/889
f 890/890/890 892/892/892 888/888/888
f 889/889/889 892/892/892 893/893/893
f 894/894/894 890/890/890 891/891/891
f 894/894/894 892/892/892 890/890/890
f 895/895/895 894/894/894 891/891/891
f 892/892/892 896/896/896 893/893/893
f 894/894/894 896/896/896 892/892/892
f 893/893/893 896/896/896 897/897/897
f 894/894/894 895/895/895 898/898/898
f 896/896/896 894/894/894 898/898/898
f 895/895/895 899/899/899 898/898/898
f 896/896/896 900/900/900 897/897/897
f 896/896/896 898/898/898 900/900/900
f 900/900/900 901/901/901 897/897/897
f 900/900/900 902/902/902 901/901/901
f 900/900/900 898/898/898 902/902/902
f 902/902/902 903/903/903 901/901/901
f 898/898/898 899/899/899 904/904/904
f 898/898/898 904/904/904 902/902/902
f 903/903/903 902/902/902 904/904/904
f 899/899/899 905/905/905 904/904/904
f 906/906/906 903/903/903 904/904/904
f 906/906/906 904/904/904 905/905/905
