g Skin
v -0.0533347316 1.3166678 0.00610106345
v -0.0561858788 1.31667411 0.0101444703
v -0.0532253683 1.30932748 0.0108018694
v -0.0451052375 1.30157626 0.0102621885
v -0.0503064096 1.30382776 0.0124358628
v -0.0457571037 1.29780042 0.0146477576
v -0.0384415872 1.29415798 0.0125507591
v -0.0416935869 1.29270291 0.0165480245
v -0.0357013084 1.28796244 0.0194097031
v -0.0288829599 1.28626847 0.0185754169
v -0.0312767886 1.28490031 0.0216078609
v -0.0264748111 1.28180361 0.0242207572
v -0.0214652661 1.28093803 0.0221398864
v -0.0217518769 1.27896297 0.0267610829
v -0.0145555483 1.27560294 0.0290596746
v -0.0138147529 1.27532387 0.0276190862
v -0.0152993053 1.27526474 0.0304563735
v -0.00914297532 1.27230227 0.0320969895
v -0.00977302995 1.27197969 0.0342478491
v -0.00872124359 1.2721926 0.0306592006
v -0.00587050663 1.27037334 0.036723163
v -0.00479369517 1.27046967 0.0343450569
v -0.0044765505 1.27011132 0.0328369364
v -0.0032609473 1.26916981 0.0385642387
v -0 1.26915264 0.0338641964
v -0 1.26936102 0.03549603
v -0 1.26836789 0.0399725214
v 0.0032609473 1.26916981 0.0385642387
v 0.00479369517 1.27046967 0.0343450569
v 0.0044765505 1.27011132 0.0328369364
v 0.00587050663 1.27037334 0.036723163
v 0.00872124359 1.2721926 0.0306592006
v 0.00914297532 1.27230227 0.0320969895
v 0.00977302995 1.27197969 0.0342478491
v 0.0138147529 1.27532387 0.0276190862
v 0.0152993053 1.27526474 0.0304563735
v 0.0145555483 1.27560294 0.0290596746
v 0.0217518769 1.27896297 0.0267610829
v 0.0214652661 1.28093803 0.0221398864
v 0.0264748111 1.28180361 0.0242207572
v 0.0288829599 1.28626847 0.0185754169
v 0.0312767886 1.28490031 0.0216078609
v 0.0357013084 1.28796244 0.0194097031
v 0.0384415872 1.29415798 0.0125507591
v 0.0416935869 1.29270291 0.0165480245
v 0.0457571037 1.29780042 0.0146477576
v 0.0451052375 1.30157626 0.0102621885
v 0.0503064096 1.30382776 0.0124358628
v 0.0532253683 1.30932748 0.0108018694
v 0.0533347316 1.3166678 0.00610106345
v 0.0561858788 1.31667411 0.0101444703
v 0.0592757128 1.21668756 -0.0410758629
v 0.0698111653 1.22291255 -0.019261295
v 0.0484398678 1.22903419 -0.0188039523
v 0.0355406739 1.22612274 -0.0348514915
v 0.0230868664 1.21529019 -0.0476461463
v 0.0317568406 1.23776376 -0.0173803046
v 0.0164953806 1.22882426 -0.041000057
v -0 1.21497333 -0.0485133529
v -0 1.22911882 -0.0423764139
v 0.0244550463 1.24041724 -0.0272293985
v 0.0281116199 1.24510312 -0.0161306746
v 0.0120511064 1.24249923 -0.0329997875
v -0 1.24312818 -0.0347445272
v 0.0226806924 1.24841523 -0.0251186267
v 0.010883403 1.25090492 -0.0296494979
v -0 1.25206804 -0.0316162631
v -0 1.26444709 -0.0286443103
v 0.0102656251 1.26415026 -0.0269051902
v 0.0204782784 1.2634809 -0.0222102869
v 0.0266931001 1.26198971 -0.0140669756
v -0.0698111653 1.22291255 -0.019261295
v -0.0592757128 1.21668756 -0.0410758629
v -0.0484398678 1.22903419 -0.0188039523
v -0.0355406739 1.22612274 -0.0348514915
v -0.0230868664 1.21529019 -0.0476461463
v -0.0317568406 1.23776376 -0.0173803046
v -0.0164953806 1.22882426 -0.041000057
v -0 1.21497333 -0.0485133529
v -0 1.22911882 -0.0423764139
v -0.0244550463 1.24041724 -0.0272293985
v -0.0281116199 1.24510312 -0.0161306746
v -0.0120511064 1.24249923 -0.0329997875
v -0 1.24312818 -0.0347445272
v -0.0226806924 1.24841523 -0.0251186267
v -0.0266931001 1.26198971 -0.0140669756
v -0.0204782784 1.2634809 -0.0222102907
v -0.010883403 1.25090492 -0.0296494979
v -0 1.25206804 -0.0316162631
v -0.0102656251 1.26415026 -0.0269051902
v -0 1.26444709 -0.0286443103
v -0 1.28434181 -0.0269865356
v -0 1.27409744 -0.027540151
v 0.010107208 1.28366637 -0.0244185515
v 0.0097929677 1.27232218 -0.0254128706
v -0 1.26444709 -0.0286443103
v 0.0202800706 1.28068459 -0.0189766418
v 0.0102656251 1.26415026 -0.0269051902
v 0.0197543912 1.26932907 -0.0212055612
v 0.0267825406 1.27696979 -0.013226103
v 0.0204782784 1.2634809 -0.0222102869
v 0.0264435783 1.26561224 -0.0137680266
v 0.0266931001 1.26198971 -0.0140669756
v 0.0444516875 1.32418013 -0.0287618265
v 0.0530443192 1.33520782 -0.028507553
v 0.0375467315 1.33842814 -0.0462963283
v 0.0333796218 1.32569301 -0.0398753583
v 0.0386053883 1.31583345 -0.0246576313
v 0.0183629096 1.32477081 -0.0510931425
v 0.0221388843 1.34171355 -0.0558204204
v 0.0252948944 1.30978286 -0.0292512216
v 0.0334778763 1.30536056 -0.0134700723
v -0 1.32569778 -0.0545260161
v -0 1.34403658 -0.0613738857
v -0 1.31136549 -0.0406318381
v 0.0146013759 1.31140518 -0.0388414674
v 0.012278893 1.3015635 -0.0288172327
v -0 1.30236602 -0.031279657
v -0 1.29325974 -0.0273793433
v 0.0223607719 1.29926944 -0.0225681253
v 0.0284415446 1.29625857 -0.0139699914
v 0.0110484753 1.29257417 -0.0248473752
v -0 1.28434181 -0.0269865356
v 0.010107208 1.28366637 -0.0244185515
v 0.0212741457 1.28997743 -0.0196181107
v 0.0272547286 1.28721797 -0.0133001776
v 0.0202800706 1.28068459 -0.0189766418
v 0.0267825406 1.27696979 -0.013226103
v 0.0267825406 1.27696979 -0.013226103
v 0.0264435783 1.26561224 -0.0137680266
v 0.0247151516 1.26920354 0.00285326038
v 0.0244544223 1.25702631 0.00262095686
v 0.0266931001 1.26198971 -0.0140669756
v 0.0217483658 1.26352203 0.0135994609
v 0.0203035809 1.25409126 0.0128925722
v 0.0140021238 1.25954163 0.0212720931
v 0.0134200854 1.25174725 0.0195031594
v 0.0070079295 1.25751245 0.0252131987
v 0.00693372544 1.25046539 0.0235120226
v -0 1.24978364 0.0256117098
v -0 1.25619614 0.0275399908
v -0.0070079295 1.25751245 0.0252131987
v -0.00693372544 1.25046539 0.0235120226
v -0.0134200864 1.25174725 0.0195031594
v -0.0140021238 1.25954163 0.0212720931
v -0.0203035809 1.25409126 0.0128925722
v -0.0217483658 1.26352203 0.0135994609
v -0.0244544223 1.25702631 0.00262095686
v -0.0247151516 1.26920354 0.00285326038
v -0.0264435783 1.26561224 -0.0137680266
v -0.0267825406 1.27696979 -0.013226103
v -0.0266931001 1.26198971 -0.0140669756
v -0 1.28434181 -0.0269865356
v -0.010107208 1.28366637 -0.0244185515
v -0 1.27409744 -0.027540151
v -0.0097929677 1.27232218 -0.0254128706
v -0 1.26444709 -0.0286443103
v -0.0202800706 1.28068459 -0.0189766418
v -0.0102656251 1.26415026 -0.0269051902
v -0.0197543912 1.26932907 -0.0212055612
v -0.0267825406 1.27696979 -0.013226103
v -0.0204782784 1.2634809 -0.0222102907
v -0.0264435783 1.26561224 -0.0137680266
v -0.0266931001 1.26198971 -0.0140669756
v -0.0530443192 1.33520782 -0.028507553
v -0.0444516875 1.32418013 -0.0287618265
v -0.0375467315 1.33842814 -0.0462963283
v -0.0333796218 1.32569301 -0.0398753583
v -0.0386053883 1.31583345 -0.0246576313
v -0.0183629096 1.32477081 -0.0510931425
v -0.0221388843 1.34171355 -0.0558204204
v -0.0252948944 1.30978286 -0.0292512216
v -0.0334778763 1.30536056 -0.0134700723
v -0 1.32569778 -0.0545260161
v -0 1.34403658 -0.0613738857
v -0 1.31136549 -0.0406318381
v -0.0146013759 1.31140518 -0.0388414674
v -0.012278893 1.3015635 -0.0288172327
v -0 1.30236602 -0.031279657
v -0 1.29325974 -0.0273793433
v -0.0223607719 1.29926944 -0.0225681253
v -0.0284415446 1.29625857 -0.0139699914
v -0.0110484753 1.29257417 -0.0248473752
v -0 1.28434181 -0.0269865356
v -0.010107208 1.28366637 -0.0244185515
v -0.0212741457 1.28997743 -0.0196181107
v -0.0272547286 1.28721797 -0.0133001776
v -0.0202800706 1.28068459 -0.0189766418
v -0.0267825406 1.27696979 -0.013226103
v -0.0127742346 0.709395528 0.00742947729
v -0.0145225013 0.743540227 0.00702888658
v -0.0075982823 0.738932192 -0.0225015655
v -0.00766682671 0.707656205 -0.0241792332
v -0.014702756 0.663679123 0.0051935697
v -0.0222642254 0.732341647 -0.050828699
v -0.010946773 0.662980914 -0.0264939032
v -0.017128922 0.618011057 0.00249304739
v -0.0154094864 0.61833775 -0.0266620219
v -0.0214901008 0.568497598 0.000203229181
v -0.0239869617 0.704685092 -0.0526644029
v -0.0439611077 0.703236878 -0.0666739866
v -0.0428487249 0.728433669 -0.0656293258
v -0.0652305409 0.730545998 -0.0695384219
v -0.0255207364 0.661136329 -0.0516249463
v -0.027935518 0.617679596 -0.0491494983
v -0.0663393214 0.703538954 -0.0702039078
v -0.0897871405 0.735207021 -0.0712324306
v -0.0210818294 0.569655418 -0.0257967785
v -0.0310615916 0.570426404 -0.0453896858
v -0.0234788507 0.527202308 -0.0276782475
v -0.0234481134 0.523242414 -0.00510000158
v -0.0243135188 0.484659731 -0.0280380808
v -0.0251802318 0.48196727 -0.00790730678
v -0.0245184731 0.453796297 -0.00871354342
v -0.0320816003 0.530179918 -0.043792285
v -0.045692943 0.66024673 -0.0642207861
v -0.0667116195 0.66046536 -0.0686698407
v -0.0468110554 0.617332697 -0.0603886396
v -0.0476537272 0.571006715 -0.0552768297
v -0.066801399 0.61753267 -0.0647370592
v -0.0470284298 0.531506121 -0.0521581434
v -0.0336548239 0.489928275 -0.0431235097
v -0.0921438858 0.704762638 -0.0714754015
v -0.0916873738 0.660916328 -0.0704008639
v -0.121071316 0.707941175 -0.0565444417
v -0.121609978 0.744825721 -0.0553644933
v -0.115374438 0.66250205 -0.0565554984
v -0.137461767 0.710187197 -0.0226698443
v -0.140596524 0.754776001 -0.018048415
v -0.0254764929 0.460486323 -0.0282246303
v -0.0269239172 0.445193142 -0.0282631516
v -0.0247264002 0.439657331 -0.0100781275
v -0.0261823442 0.424921989 -0.0119217848
v -0.036741823 0.465069026 -0.0410194956
v -0.131424114 0.710931301 0.0133801894
v -0.132560715 0.754049838 0.0151431188
v -0.0477707386 0.492145866 -0.047703594
v -0.0651598126 0.494313389 -0.0498909168
v -0.119032495 0.71169591 0.0406069271
v -0.118273064 0.755124509 0.0421811417
v -0.0972732976 0.754740894 0.0591680892
v -0.0959912464 0.712237179 0.0585528463
v -0.0704110637 0.75306797 0.0585126914
v -0.115108944 0.664507568 0.0369020365
v -0.125578523 0.664578676 0.00970230531
v -0.0502336361 0.466938287 -0.0413111858
v -0.0646277815 0.53296417 -0.0557932854
v -0.13187921 0.663778305 -0.0254588388
v -0.109258741 0.617379844 -0.0536379889
v -0.0659009367 0.57187885 -0.0596196316
v -0.0897506326 0.617273688 -0.0662694499
v -0.123601884 0.617666781 -0.025172092
v -0.0867798999 0.572143018 -0.0600757152
v -0.101590037 0.571505964 -0.0491148606
v -0.0827278495 0.533238649 -0.0551959462
v -0.0957221314 0.532081962 -0.0455283485
v -0.118153706 0.61844337 0.00611452945
v -0.108976498 0.617652476 0.0320640914
v -0.111884423 0.571013272 -0.0243398212
v -0.109894022 0.57135129 0.00257960823
v -0.101696402 0.570013404 0.0266326591
v -0.0902199522 0.617688596 0.0516768433
v -0.103844829 0.530776262 -0.0237223357
v -0.103160188 0.529512823 6.10572097E-05
v -0.0995546952 0.490048468 -0.0212327428
v -0.0916697308 0.492691994 -0.0417198688
v -0.0934528932 0.664874077 0.0560656823
v -0.0952461436 0.526671946 0.0219996534
v -0.079219982 0.494496822 -0.0488646775
v -0.0654483512 0.664584875 0.0558984131
v -0.0639057606 0.617307961 0.0525814332
v -0.0679662675 0.71186316 0.0585052222
v -0.0434557721 0.711790681 0.0489889458
v -0.0433462337 0.75173229 0.0494665578
v -0.0435599871 0.66461575 0.0460587256
v -0.0235099457 0.711075723 0.0306060612
v -0.0247027986 0.74767226 0.0332124233
v -0.0127742346 0.709395528 0.00742947729
v -0.0145225013 0.743540227 0.00702888658
v -0.014702756 0.663679123 0.0051935697
v -0.0241133366 0.664084256 0.028925525
v -0.017128922 0.618011057 0.00249304739
v -0.0269003194 0.617253542 0.0255691912
v -0.0214901008 0.568497598 0.000203229181
v -0.0436868407 0.617524028 0.0419953763
v -0.0292189028 0.567974746 0.0204027649
v -0.0234481134 0.523242414 -0.00510000158
v -0.0438931398 0.568703473 0.0371184163
v -0.0311769787 0.522532165 0.0153451534
v -0.0251802318 0.48196727 -0.00790730678
v -0.0633804351 0.568745553 0.0468921922
v -0.0442164615 0.522427738 0.0324140079
v -0.0328911953 0.481044859 0.0117192492
v -0.0245184731 0.453796297 -0.00871354342
v -0.0863133967 0.569503069 0.0454258509
v -0.0628249049 0.524645388 0.039363049
v -0.0446991809 0.481448919 0.0287016481
v -0.0453836955 0.448519349 0.0268008467
v -0.082037963 0.525553286 0.0377967246
v -0.0625131279 0.48018679 0.0344175287
v -0.0313453525 0.449353904 0.00623065652
v -0.0247264002 0.439657331 -0.0100781275
v -0.0362740718 0.448983252 0.0115565201
v -0.0310842264 0.432410926 0.00417355634
v -0.0261823442 0.424921989 -0.0119217848
v -0.0342768058 0.417807847 0.00221557333
v -0.0302972905 0.407851756 -0.0156523157
v -0.0370125249 0.403472006 -0.000606375397
v -0.0392781347 0.384879291 -0.00396820484
v -0.0296694823 0.388610959 -0.0172074027
v -0.0284091234 0.364339948 -0.0198425297
v -0.0386866927 0.429300994 0.0122215254
v -0.049193278 0.40138942 0.00927250646
v -0.0384485349 0.360560954 -0.00457902206
v -0.0264488366 0.342394769 -0.0216896776
v -0.0493358299 0.382694572 0.00811032765
v -0.0501226559 0.358886302 0.00600269204
v -0.0369409397 0.339463264 -0.00485326769
v -0.0627842471 0.397297323 0.018094657
v -0.0459170006 0.41486606 0.0125380522
v -0.0355079584 0.321270734 -0.00459377607
v -0.025438074 0.322063863 -0.0229264665
v -0.0366711505 0.298570067 -0.00463773683
v -0.0251746941 0.299086511 -0.0221731625
v -0.0284883305 0.274209708 -0.0221862067
v -0.0483672991 0.321343482 0.00469603064
v -0.0390110612 0.274213433 -0.00606253091
v -0.0331467055 0.249243781 -0.0217442699
v -0.0489714891 0.33866781 0.00553242117
v -0.0624976605 0.380529284 0.0175402407
v -0.0775234625 0.401690274 0.010805713
v -0.0475661643 0.298743844 0.00560931256
v -0.0630962923 0.358641505 0.0166572109
v -0.0627230853 0.32188037 0.0152930114
v -0.063155964 0.406561255 0.0194366183
v -0.0789480135 0.384284198 0.0101024862
v -0.0629280433 0.338925391 0.0163209178
v -0.0811438262 0.362271994 0.00919955038
v -0.0517637134 0.420733035 0.0182170644
v -0.0478893071 0.431607306 0.0228854958
v -0.0637906939 0.421785116 0.0274463464
v -0.0639056265 0.432943493 0.0325307399
v -0.0762379542 0.420439333 0.0138880294
v -0.0746884197 0.426792681 0.0198606458
v -0.0762092322 0.437655389 0.0262611881
v -0.0846029744 0.424951285 0.00896464195
v -0.0778268501 0.453538269 0.0293823536
v -0.0635845661 0.450133234 0.0347579159
v -0.0785371736 0.48144266 0.0307274908
v -0.08572568 0.457664669 0.0155233508
v -0.0891244262 0.483242214 0.0177690294
v -0.0971156135 0.487538487 -0.0018457229
v -0.0936741605 0.460096717 -0.00265040714
v -0.0884580016 0.441065401 0.0089616105
v -0.0966553465 0.465702415 -0.0194876678
v -0.0880217627 0.469074398 -0.0396718867
v -0.0971596986 0.450357586 -0.0204256885
v -0.0925244391 0.444072604 -0.00201243418
v -0.0766827911 0.47085464 -0.042871695
v -0.0917141065 0.428810537 -0.00412477087
v -0.0975772813 0.435548782 -0.0216067974
v -0.087361671 0.454619288 -0.0386009142
v -0.0655251071 0.468596041 -0.0475927107
v -0.0919313207 0.410357356 -0.0057735038
v -0.097128883 0.418948323 -0.0245801471
v -0.0949197561 0.391536236 -0.00640864251
v -0.0895743668 0.440396369 -0.0389212407
v -0.0786696523 0.455894887 -0.0405223295
v -0.0841184407 0.440741956 -0.0414030068
v -0.0902898088 0.423793256 -0.0434049554
v -0.0669998974 0.454154491 -0.0459233597
v -0.0795698985 0.441798627 -0.0433598608
v -0.0533086434 0.450876176 -0.0402954519
v -0.0672872066 0.438454926 -0.0488732345
v -0.0807726011 0.425426245 -0.0489117652
v -0.0550161339 0.436208457 -0.0427853875
v -0.0586656444 0.422645301 -0.0477248318
v -0.0395396277 0.449077338 -0.0401136912
v -0.0490075536 0.435052812 -0.0431615934
v -0.0404856876 0.43364352 -0.0413449407
v -0.042452421 0.419529706 -0.0427286625
v -0.0279272962 0.430228084 -0.0289789718
v -0.0305822287 0.413356543 -0.0313290544
v -0.0302972905 0.407851756 -0.0156523157
v -0.0689019039 0.425330579 -0.0499547943
v -0.0523724705 0.401294768 -0.0552925281
v -0.0306171216 0.394337028 -0.0342357829
v -0.0296694823 0.388610959 -0.0172074027
v -0.0367812328 0.396983266 -0.0476282313
v -0.0664053783 0.404008985 -0.0569004826
v -0.0287532397 0.368014187 -0.0392745212
v -0.0284091234 0.364339948 -0.0198425297
v -0.0348633416 0.370357782 -0.0541525781
v -0.0511580631 0.373680711 -0.0638876632
v -0.0264688097 0.344731748 -0.0425480977
v -0.0264488366 0.342394769 -0.0216896776
v -0.025438074 0.322063863 -0.0229264665
v -0.0336951129 0.346874565 -0.0588635989
v -0.0803805068 0.405225128 -0.0548879281
v -0.0673876554 0.376212656 -0.0661564842
v -0.0507250689 0.34935841 -0.0679959059
v -0.0938959643 0.403854489 -0.0460860431
v -0.0844542086 0.377098918 -0.0627303496
v -0.0677347407 0.351378769 -0.0711280927
v -0.0860369503 0.351599604 -0.0668258294
v -0.0673978329 0.326680392 -0.0735462382
v -0.0503983237 0.325613022 -0.0697760507
v -0.100294426 0.398530394 -0.0277948901
v -0.0967923552 0.3675358 -0.00758657837
v -0.1064445 0.372318655 -0.0320726037
v -0.0986238495 0.376686275 -0.0508207083
v -0.0823371783 0.341875643 0.00859796535
v -0.102066942 0.351866931 -0.0532612503
v -0.0990653858 0.346091956 -0.00826866925
v -0.109931171 0.350999832 -0.0340056568
v -0.0821469352 0.323526382 0.00741665997
v -0.0994431749 0.325704753 -0.00890486222
v -0.11168737 0.328175575 -0.0343096778
v -0.102718525 0.327460706 -0.0543777831
v -0.0631900951 0.299267858 0.0144681204
v -0.0857218504 0.327251911 -0.0683705211
v -0.101991735 0.302487999 -0.0525329448
v -0.0683171526 0.302112043 -0.0704954192
v -0.110521488 0.302219599 -0.0345684513
v -0.0823646933 0.300268948 0.00654485403
v -0.0489127003 0.274210781 0.00448276335
v -0.0640731528 0.274212897 0.0132939573
v -0.0984938666 0.301411271 -0.00814385898
v -0.0495063066 0.249312282 0.0025159847
v -0.0821789429 0.274214447 0.00505581824
v -0.09480948 0.274220586 -0.0101210475
v -0.0647411719 0.249314278 0.0110710328
v -0.105546519 0.274246544 -0.0314362869
v -0.0816323832 0.24931857 0.00322222756
v -0.0407686122 0.24930194 -0.00658402406
v -0.0450893901 0.199677661 -0.00655550463
v -0.0395101197 0.199610516 -0.0190305449
v -0.0498040766 0.1995029 0.00168665417
v -0.0474840067 0.150130749 -0.00635793991
v -0.0444873124 0.150128603 -0.0172921047
v -0.0636147037 0.199845031 0.00979851652
v -0.0483377315 0.105105445 -0.00371582224
v -0.0469000898 0.105215773 -0.0170810577
v -0.051584702 0.149697632 0.00154011603
v -0.0529626124 0.104130961 0.00756716169
v -0.0619024634 0.150336683 0.00964134932
v -0.0616228171 0.101658858 0.0139775015
v -0.0785143748 0.2001746 0.00248434721
v -0.0754023343 0.150956795 0.00432338659
v -0.0730341822 0.100181691 0.00879608002
v -0.087499626 0.200521365 -0.00939846039
v -0.0818755776 0.151607066 -0.00876478013
v -0.084783636 0.151958093 -0.0223376323
v -0.0781562403 0.0993433297 -0.00539510045
v -0.0789643228 0.0991081148 -0.0185592584
v -0.07482481 0.101624474 -0.0234785341
v -0.092742011 0.249347925 -0.0101680942
v -0.0930716768 0.200830907 -0.0260942355
v -0.0803382471 0.151598707 -0.0306344908
v -0.0694792941 0.104995199 -0.031154491
v -0.101529546 0.249458179 -0.0300233699
v -0.0879846811 0.200501665 -0.0395607352
v -0.0727143809 0.151107952 -0.0372899845
v -0.063114129 0.106152177 -0.0352050662
v -0.0979911983 0.274260968 -0.0513091162
v -0.0948984772 0.249509811 -0.0475517735
v -0.0858808085 0.302435935 -0.0659056306
v -0.0845950842 0.274273306 -0.0624395087
v -0.082976155 0.249448195 -0.0567483455
v -0.0771320015 0.200305536 -0.0476453863
v -0.0639828891 0.150814876 -0.0400424413
v -0.0687445402 0.274230421 -0.0673857257
v -0.0672402903 0.200165331 -0.0502768159
v -0.0550885983 0.150599509 -0.0389921814
v -0.0561491325 0.106628008 -0.0337020941
v -0.0523604937 0.106389463 -0.0311175846
v -0.0692994595 0.249390051 -0.0611338876
v -0.0558514334 0.199838564 -0.0500440672
v -0.0498723686 0.150749311 -0.0341343768
v -0.0485048369 0.106305674 -0.0247667078
v -0.0511930175 0.301005483 -0.0669501647
v -0.0535683557 0.274223328 -0.064816229
v -0.0549831428 0.249322623 -0.0599283837
v -0.0467101559 0.150625318 -0.0275851116
v -0.0469000898 0.105215773 -0.0170810577
v -0.0444873124 0.150128603 -0.0172921047
v -0.0395101197 0.199610516 -0.0190305449
v -0.0475092195 0.199842259 -0.0442696698
v -0.0331427529 0.324010313 -0.061157573
v -0.0339670852 0.299995422 -0.0591267459
v -0.0252139475 0.323041439 -0.0438182503
v -0.0248129815 0.299652785 -0.0422110558
v -0.0251746941 0.299086511 -0.0221731625
v -0.0370860659 0.27421248 -0.0569829829
v -0.028797185 0.274207354 -0.0419470221
v -0.0284883305 0.274209708 -0.0221862067
v -0.0413321815 0.249269754 -0.0523710251
v -0.0336354859 0.249245584 -0.0395632125
v -0.0331467055 0.249243781 -0.0217442699
v -0.0408700518 0.199809268 -0.0336590633
v -0.0550161339 0.436208457 -0.0427853875
v -0.0586656444 0.422645301 -0.0477248318
v -0.042452421 0.419529706 -0.0427286625
v -0.0490075536 0.435052812 -0.0431615934
v -0.0533086434 0.450876176 -0.0402954519
v -0.0902898088 0.423793256 -0.0434049554
v -0.0807726011 0.425426245 -0.0489117652
v -0.0841184407 0.440741956 -0.0414030068
v -0.0795698985 0.441798627 -0.0433598608
v -0.0786696523 0.455894887 -0.0405223295
v -0.0762379542 0.420439333 0.0138880294
v -0.0819694251 0.438267052 0.0134511311
v -0.0746884197 0.426792681 0.0198606458
v -0.0762092322 0.437655389 0.0262611881
v -0.0778268501 0.453538269 0.0293823536
v -0.08572568 0.457664669 0.0155233508
v -0.0370125249 0.403472006 -0.000606375397
v -0.049193278 0.40138942 0.00927250646
v -0.0459170006 0.41486606 0.0125380522
v -0.0342768058 0.417807847 0.00221557333
v -0.0386866927 0.429300994 0.0122215254
v -0.0310842264 0.432410926 0.00417355634
v -0.0313453525 0.449353904 0.00623065652
v -0.0362740718 0.448983252 0.0115565201
v -0.08572568 0.457664669 0.0155233508
v -0.0819694251 0.438267052 0.0134511311
v -0.0884580016 0.441065401 0.0089616105
v -0.0846029744 0.424951285 0.00896464195
v -0.0762379542 0.420439333 0.0138880294
v 0.625728488 1.18930948 0.021982057
v 0.625399768 1.18937111 0.0217531081
v 0.626255393 1.1897819 0.0198027305
v 0.626538277 1.18953729 0.0198074356
v 0.626932263 1.18850386 0.0198172983
v 0.625475049 1.18815517 0.0221613981
v 0.625645995 1.18921959 0.0179244224
v 0.62547636 1.18935406 0.0180619191
v 0.625787139 1.18827164 0.017721191
v 0.625930786 1.18719077 0.0210205279
v 0.623408973 1.18737185 0.0230391659
v 0.6239779 1.18533349 0.0216075126
v 0.620670199 1.18661559 0.0237291399
v 0.626178563 1.18712997 0.0186828598
v 0.624186933 1.18526149 0.0181677658
v 0.623218656 1.18719745 0.0167942513
v 0.620889783 1.1866858 0.0165118147
v 0.626226783 1.18687749 0.019994637
v 0.624236345 1.18484926 0.0200593229
v 0.621817827 1.18431842 0.0178091247
v 0.617946327 1.18639457 0.0162683893
v 0.621904969 1.18383157 0.0201345198
v 0.617780685 1.18346262 0.0176062286
v 0.613613904 1.18617678 0.0159444362
v 0.621570945 1.18436348 0.0220293701
v 0.617701411 1.18274081 0.0202701632
v 0.613613904 1.18222153 0.0202687755
v 0.617756367 1.18353713 0.022440616
v 0.618083894 1.18633032 0.0240561888
v 0.613613904 1.18698764 0.0243138112
v 0.613613904 1.18312132 0.0172117464
v 0.608228087 1.18294168 0.0169848539
v 0.608228087 1.18752146 0.0157026052
v 0.605343282 1.1874814 0.0156203341
v 0.613613904 1.18315244 0.0226862896
v 0.608228087 1.18283498 0.022732731
v 0.608228087 1.1874299 0.0245189536
v 0.605343282 1.18739259 0.024652699
v 0.608228087 1.18190634 0.020208139
v 0.60241425 1.18141115 0.020124469
v 0.60241431 1.18301272 0.0169313829
v 0.60241431 1.18736458 0.0156388357
v 0.596265078 1.18757737 0.0153473485
v 0.60241431 1.18291759 0.0227534436
v 0.60241431 1.18733835 0.0249293018
v 0.596265078 1.1871016 0.0254840478
v 0.596265078 1.18217492 0.0167540107
v 0.589362562 1.18757093 0.0151635511
v 0.596265078 1.1819191 0.0228444785
v 0.589362562 1.18729913 0.0261553563
v 0.589362562 1.18204522 0.0166956671
v 0.586578965 1.1876235 0.0149850398
v 0.596265078 1.18118203 0.0200607479
v 0.589362562 1.18081439 0.0199389998
v 0.58350426 1.18012023 0.0198993385
v 0.589362562 1.18162203 0.0232863259
v 0.586578965 1.18736768 0.0265169665
v 0.58350426 1.18137789 0.0166716967
v 0.58350426 1.18768537 0.015012281
v 0.578089654 1.18761742 0.0148648042
v 0.58350426 1.18110442 0.023313079
v 0.58350426 1.18743145 0.0267744139
v 0.578087091 1.18706858 0.0271590222
v 0.578152061 1.180915 0.0163483582
v 0.578056335 1.18045783 0.0239029638
v 0.571323097 1.18013966 0.0161830764
v 0.570319116 1.17879784 0.0198444612
v 0.571710646 1.18750238 0.0146573661
v 0.569360912 1.18508828 0.0141611453
v 0.578030109 1.17949462 0.0198728684
v 0.570259631 1.179968 0.0242303871
v 0.570139468 1.18633354 0.0276827756
v 0.564013958 1.18590021 0.0278415866
v 0.564842641 1.17974246 0.0243821274
v 0.55877763 1.1852684 0.0279225446
v 0.570729911 1.18107927 0.0143706938
v 0.567840755 1.17965341 0.0156083638
v 0.56157136 1.17839313 0.0136115737
v 0.570835471 1.18138456 0.0132381171
v 0.569507599 1.18508649 0.0120847048
v 0.565088272 1.17824364 0.0196573548
v 0.561854839 1.1776073 0.0196137726
v 0.56190747 1.17939568 0.0244826414
v 0.57094121 1.18177009 0.0117340917
v 0.555564463 1.17890716 0.0249425881
v 0.553694844 1.18490267 0.0280548036
v 0.555301368 1.17669642 0.0195150506
v 0.550445676 1.17895746 0.0250895917
v 0.54479599 1.1841116 0.0290958881
v 0.57345444 1.18311203 0.00917219371
v 0.573017895 1.18971837 0.0119291479
v 0.581051648 1.19040012 0.0112125529
v 0.544139981 1.17918503 0.025871465
v 0.533486307 1.18134665 0.0309518483
v 0.550262868 1.17606854 0.0193804018
v 0.542342126 1.17587745 0.0250024889
v 0.535179257 1.17856216 0.0310413241
v 0.541678667 1.17413414 0.0256163608
v 0.537677169 1.17726302 0.0311624948
v 0.542223454 1.17613649 0.0312686302
v 0.542190015 1.17449987 0.0186107028
v 0.554551303 1.17846644 0.0135828983
v 0.53782934 1.16546702 0.0198979676
v 0.543788493 1.17314005 0.0259376373
v 0.548221409 1.17536235 0.0311939754
v 0.549872756 1.17818654 0.0135395415
v 0.561731339 1.17989612 0.010495455
v 0.553997517 1.17943287 0.00490531093
v 0.568517923 1.18175828 0.00976625551
v 0.572928667 1.18124962 0.00448154984
v 0.561090171 1.17978418 0.00423206575
v 0.581051648 1.18411624 0.0085186353
v 0.56690979 1.18062365 0.00453820219
v 0.568540335 1.18312109 -0.000615152356
v 0.56065774 1.18096483 -0.000956246688
v 0.560434103 1.18085146 -0.00323139899
v 0.553390443 1.17910528 -0.00195174664
v 0.587418199 1.18487549 0.00811713561
v 0.587418199 1.18330514 0.00407216838
v 0.587418199 1.1906122 0.0107188486
v 0.590345681 1.19081628 0.010533384
v 0.59323734 1.18520296 0.00785645563
v 0.59323734 1.19090664 0.0103281196
v 0.600921512 1.19090486 0.00983812567
v 0.581051648 1.18242586 0.00424885144
v 0.581051648 1.18376243 0.000151064189
v 0.549215853 1.1784817 0.00538772764
v 0.572775364 1.18357241 -0.00049943768
v 0.535146832 1.17452383 0.0100110108
v 0.571346104 1.18308973 -0.00283570075
v 0.531628311 1.16675007 0.0119552407
v 0.548809946 1.17773366 -0.00158097455
v 0.529478133 1.17655456 0.000528015313
v 0.552754521 1.17842603 -0.00935573224
v 0.521160841 1.17380738 0.0010859936
v 0.548213363 1.1766479 -0.00776452664
v 0.547271013 1.17505586 -0.0146427751
v 0.52927798 1.17302668 -0.00833256077
v 0.552392542 1.1768651 -0.0154882902
v 0.527772605 1.16180027 0.0274726022
v 0.537947297 1.16523409 0.0252853725
v 0.534267247 1.16219795 0.0290243085
v 0.537281692 1.16220129 0.0296243392
v 0.520608842 1.16286433 0.0217010453
v 0.542304277 1.16259468 0.0304252934
v 0.543149531 1.16543841 0.025963461
v 0.515129924 1.16833246 0.00504080579
v 0.510955036 1.16786432 0.0170233231
v 0.505741417 1.17485499 -0.000212651415
v 0.503996909 1.17308509 0.0120489551
v 0.547922134 1.1654166 0.0264001656
v 0.548309028 1.16337311 0.0309686176
v 0.551211178 1.16542292 0.0267413892
v 0.550901353 1.16358888 0.0311953351
v 0.553464592 1.16367948 0.0314088799
v 0.548546433 1.17282844 0.0265339483
v 0.551317632 1.1726923 0.0267995335
v 0.550634027 1.17525554 0.0312644318
v 0.553633094 1.17501879 0.0315143205
v 0.49908179 1.17614067 0.000622478663
v 0.498181015 1.17650485 0.0117707811
v 0.501300037 1.18019509 -0.00817075837
v 0.554792762 1.17259729 0.0271214545
v 0.508180678 1.17704356 -0.00810747035
v 0.510941446 1.17818761 -0.0159177314
v 0.503705859 1.1838845 -0.0155380834
v 0.528871655 1.17428231 -0.0172071587
v 0.51331526 1.18205369 -0.0209379289
v 0.505127668 1.19088149 -0.0188649874
v 0.515373468 1.18581653 -0.0232045222
v 0.530903816 1.18214965 -0.0264544319
v 0.529315948 1.17833436 -0.023702519
v 0.545995831 1.17450929 -0.019897623
v 0.544777572 1.1779933 -0.0261535663
v 0.544488609 1.18079734 -0.0278209317
v 0.550753951 1.17980766 -0.0281142667
v 0.545302451 1.17607391 -0.0233776141
v 0.551990211 1.17510927 -0.0215678234
v 0.559353948 1.17891908 -0.0177502688
v 0.551035762 1.17755497 -0.0268251225
v 0.551466107 1.17614365 -0.0247084275
v 0.557103813 1.17781401 -0.0264343526
v 0.56370312 1.17921376 -0.0273581874
v 0.55771631 1.1836673 -0.0292066354
v 0.563158154 1.18443274 -0.0290059224
v 0.566480279 1.18449104 -0.029071087
v 0.558479428 1.17664063 -0.0229520574
v 0.56624794 1.17960143 -0.0208241753
v 0.559372723 1.18018699 -0.0167996194
v 0.563769698 1.17794931 -0.0238589384
v 0.568132401 1.17862701 -0.0243541561
v 0.56665051 1.17954278 -0.0272508617
v 0.570365191 1.18005633 -0.0273575727
v 0.570365191 1.18476844 -0.029166434
v 0.560009301 1.1788826 -0.0103249978
v 0.573753953 1.18060327 -0.0273702685
v 0.573753953 1.17910123 -0.0245464891
v 0.573753953 1.18501854 -0.0291964673
v 0.576193333 1.18487632 -0.029140668
v 0.5786587 1.18070674 -0.0273702685
v 0.5786587 1.18483829 -0.029083401
v 0.582202494 1.18131089 -0.0273271594
v 0.582202494 1.18498755 -0.0288846996
v 0.58548981 1.18498588 -0.0287899245
v 0.570365191 1.1788547 -0.024445774
v 0.570365191 1.18017614 -0.0216568653
v 0.5786587 1.17957175 -0.0245464891
v 0.58548981 1.18141139 -0.0275372807
v 0.58548981 1.18046343 -0.0247484483
v 0.587865829 1.18497562 -0.0286743436
v 0.590253949 1.18167245 -0.0272995904
v 0.590253949 1.18472397 -0.0284539815
v 0.593050003 1.18429339 -0.028285034
v 0.568393826 1.17981136 -0.0213295296
v 0.582202494 1.18007743 -0.0246797707
v 0.582202494 1.18119824 -0.0222184248
v 0.5786587 1.18070102 -0.021881938
v 0.573753953 1.18061149 -0.0218819343
v 0.570365191 1.185408 -0.0194842089
v 0.56692338 1.18562675 -0.0192158464
v 0.573753953 1.18501854 -0.0198041331
v 0.576193333 1.18487632 -0.0199862849
v 0.5786587 1.18483829 -0.0201752651
v 0.582202494 1.18500161 -0.020530181
v 0.58548981 1.18497717 -0.0208073966
v 0.564513922 1.18352902 -0.0186450947
v 0.58548981 1.18144333 -0.0221773889
v 0.587865829 1.1849438 -0.0209009815
v 0.590253949 1.18160343 -0.022470193
v 0.590253949 1.18470728 -0.0210357308
v 0.593050003 1.18436718 -0.0211266484
v 0.564977944 1.18120563 -0.0185061134
v 0.565112054 1.18129587 -0.0179159548
v 0.564639509 1.18376338 -0.0174064711
v 0.565208435 1.18139386 -0.0173102282
v 0.567776978 1.18188715 -0.0158245247
v 0.590253949 1.18084574 -0.0247675627
v 0.593050003 1.18157983 -0.0227173958
v 0.593050003 1.18169725 -0.0271535348
v 0.571136534 1.18264771 -0.0156894196
v 0.571695387 1.18049526 -0.0111317383
v 0.569910645 1.18674695 -0.0174606722
v 0.578573346 1.18752038 -0.0170610417
v 0.566656649 1.17970955 -0.0107957264
v 0.567785382 1.18177342 -0.00650236243
v 0.578573346 1.18320024 -0.0154255759
v 0.593050003 1.18083262 -0.0248276852
v 0.595448494 1.18105364 -0.024851162
v 0.582688153 1.18383896 -0.0153378434
v 0.582688153 1.18173003 -0.0110149439
v 0.582688153 1.18772078 -0.0168366544
v 0.585590482 1.18777299 -0.0166905802
v 0.588518798 1.1841203 -0.0152772749
v 0.588518798 1.18846154 -0.0164777078
v 0.595805287 1.18430221 -0.0149330003
v 0.595805287 1.18820977 -0.0162753295
v 0.578573346 1.18120933 -0.0109380325
v 0.578573346 1.18306971 -0.00660446286
v 0.595446587 1.18176913 -0.0269743986
v 0.595489621 1.18395698 -0.0280780699
v 0.598723173 1.18232274 -0.0266951844
v 0.598205805 1.18388081 -0.0277118273
v 0.60097301 1.18321419 -0.0264327563
v 0.600516558 1.18440354 -0.0272946302
v 0.602312922 1.18511951 -0.026681589
v 0.598913431 1.18169534 -0.0249728579
v 0.571879447 1.18280292 -0.00690722046
v 0.571094811 1.18300378 -0.00424754573
v 0.571220934 1.18304706 -0.00345036876
v 0.569167316 1.18627906 -0.00436787028
v 0.571950436 1.18812215 -0.00451120967
v 0.569147229 1.18638194 -0.00258077099
v 0.578573346 1.18752038 -0.00496831769
v 0.57251519 1.18960953 -0.00221114536
v 0.581051648 1.190606 -0.0018647433
v 0.582688153 1.18383896 -0.00669379579
v 0.582688153 1.18772078 -0.00519366749
v 0.585590482 1.18777299 -0.00531130796
v 0.587418199 1.18500507 -6.85248815E-05
v 0.587418199 1.19071257 -0.00180124014
v 0.590345681 1.19084227 -0.00179667154
v 0.588518798 1.1841203 -0.00675788615
v 0.588518798 1.18846154 -0.00553012546
v 0.595805287 1.18820977 -0.00576246949
v 0.59323734 1.18541956 0.000269149896
v 0.59323734 1.1909374 -0.00169999257
v 0.600921512 1.19091976 -0.00136123376
v 0.588518798 1.18215227 -0.0110184615
v 0.595805287 1.18430221 -0.00710447785
v 0.59323734 1.18388915 0.00409109611
v 0.600921512 1.18560374 0.000489027996
v 0.600921512 1.18540752 0.00747406948
v 0.595805287 1.18247497 -0.0110187419
v 0.601362228 1.18292356 -0.0110188434
v 0.601362228 1.18483162 -0.00775164459
v 0.607169569 1.18463635 -0.0079525793
v 0.601362228 1.18854797 -0.0061647743
v 0.604270518 1.18859959 -0.00631960016
v 0.607169569 1.18858063 -0.00655147666
v 0.611415982 1.18793488 -0.00659467466
v 0.600921512 1.18427444 0.00389869651
v 0.607393503 1.18447328 0.00378380856
v 0.601362228 1.18483162 -0.0142855905
v 0.607169569 1.18463635 -0.0140838977
v 0.601362228 1.18854797 -0.015872648
v 0.604270518 1.18859959 -0.0157175958
v 0.607169569 1.18858063 -0.0154848192
v 0.611415982 1.18793488 -0.0154412445
v 0.607169569 1.18338192 -0.0110179847
v 0.610945225 1.18349206 -0.0110179698
v 0.611182749 1.18485832 -0.0139420265
v 0.611182749 1.18485832 -0.00809398759
v 0.615972042 1.1852169 -0.0135773439
v 0.616081893 1.18773162 -0.0151340347
v 0.615927398 1.18413818 -0.0110179605
v 0.615836084 1.185094 -0.00883321278
v 0.616216004 1.18767488 -0.00685925409
v 0.619099259 1.18778825 -0.00726987654
v 0.619853318 1.18581939 -0.0129845534
v 0.619188011 1.18786228 -0.0147220204
v 0.622252405 1.18677783 -0.0125552434
v 0.621559143 1.18845284 -0.0142199062
v 0.624186873 1.18956423 -0.0131422719
v 0.62009263 1.18522668 -0.0110179586
v 0.619776189 1.18584692 -0.00914866012
v 0.622263014 1.18693185 -0.00938514713
v 0.621868372 1.18863344 -0.00782869291
v 0.622517407 1.18622744 -0.0110179577
v 0.624241471 1.1883955 -0.00981681608
v 0.623951495 1.18944335 -0.0086199427
v 0.625381052 1.18980908 -0.0110179577
v 0.624205828 1.19063795 -0.00875269994
v 0.624515891 1.18808436 -0.0110179577
v 0.624450266 1.1883328 -0.0122029148
v 0.624045789 1.1905452 -0.01289389
v 0.624979854 1.19087791 -0.0110179568
v 0.624692678 1.19113028 -0.0110179568
v 0.623867154 1.19070184 -0.00897076074
v 0.623875678 1.19068444 -0.0127430828
v 0.625728488 1.18930948 0.021982057
v 0.625475049 1.18815517 0.0221613981
v 0.623408973 1.18737185 0.0230391659
v 0.623028815 1.18923426 0.0224158
v 0.620205164 1.18930185 0.0227842666
v 0.625399768 1.18937111 0.0217531081
v 0.622920752 1.18935668 0.0221927837
v 0.620670199 1.18661559 0.0237291399
v 0.620286047 1.18942475 0.0223563407
v 0.618800879 1.18951249 0.022053076
v 0.618083894 1.18633032 0.0240561888
v 0.618396878 1.18958497 0.0224967673
v 0.617947876 1.18980944 0.0200761762
v 0.613613904 1.18978667 0.0229608957
v 0.613613904 1.18698764 0.0243138112
v 0.608228087 1.1874299 0.0245189536
v 0.617715001 1.19010019 0.0200958326
v 0.618776202 1.18924356 0.0183962025
v 0.606770933 1.18992782 0.0230162181
v 0.605343282 1.18739259 0.024652699
v 0.613613904 1.19030726 0.0202143621
v 0.618048906 1.18944812 0.0180740207
v 0.620344341 1.1893822 0.0179666728
v 0.606770933 1.19066083 0.0202899911
v 0.605343282 1.18987262 0.0231371596
v 0.613613904 1.18966269 0.0179148056
v 0.603887081 1.18987072 0.0232304577
v 0.60241431 1.18733835 0.0249293018
v 0.606770933 1.18990874 0.0176489186
v 0.596037984 1.19018841 0.0234528873
v 0.596265078 1.1871016 0.0254840478
v 0.589362562 1.18729913 0.0261553563
v 0.587901056 1.19040656 0.0239561442
v 0.586578965 1.18736768 0.0265169665
v 0.603887081 1.19070959 0.0204345696
v 0.605343282 1.19075 0.0203690697
v 0.605343282 1.18987143 0.0176212601
v 0.596037984 1.19125915 0.0207608286
v 0.587901056 1.19172752 0.0209302586
v 0.586579025 1.1904676 0.0239894092
v 0.603887081 1.18984544 0.017596785
v 0.605343282 1.1874814 0.0156203341
v 0.608228087 1.18752146 0.0157026052
v 0.613613904 1.18617678 0.0159444362
v 0.617946327 1.18639457 0.0162683893
v 0.60241431 1.18736458 0.0156388357
v 0.620889783 1.1866858 0.0165118147
v 0.596037984 1.1903137 0.0175789539
v 0.596265078 1.18757737 0.0153473485
v 0.589362562 1.18757093 0.0151635511
v 0.587901056 1.19066978 0.0174561497
v 0.586578965 1.1876235 0.0149850398
v 0.62037003 1.18927264 0.0176893417
v 0.622726142 1.18925261 0.0176873319
v 0.622627497 1.18939149 0.0179407597
v 0.62547636 1.18935406 0.0180619191
v 0.623218656 1.18719745 0.0167942513
v 0.625645995 1.18921959 0.0179244224
v 0.625787139 1.18827164 0.017721191
v 0.586578965 1.19084454 0.0174543895
v 0.586578965 1.1921711 0.0210632458
v 0.584990621 1.19104552 0.0174825769
v 0.58350426 1.18768537 0.015012281
v 0.578089654 1.18761742 0.0148648042
v 0.584990621 1.19212365 0.021091111
v 0.578524947 1.19162703 0.0176342223
v 0.570212066 1.19221687 0.0175444596
v 0.571710646 1.18750238 0.0146573661
v 0.584990621 1.19060957 0.0240876041
v 0.58350426 1.18743145 0.0267744139
v 0.578442633 1.1924392 0.0211848449
v 0.578476906 1.19105399 0.0245599616
v 0.578087091 1.18706858 0.0271590222
v 0.569893301 1.19279504 0.0211319569
v 0.569890261 1.19106948 0.0249139257
v 0.570139468 1.18633354 0.0276827756
v 0.564013958 1.18590021 0.0278415866
v 0.562878966 1.19130576 0.0250551961
v 0.55877763 1.1852684 0.0279225446
v 0.559469581 1.19270647 0.0245966148
v 0.553694844 1.18490267 0.0280548036
v 0.562357724 1.1933639 0.0208191574
v 0.554429233 1.19249713 0.0252591986
v 0.54479599 1.1841116 0.0290958881
v 0.563849151 1.19241035 0.0173640959
v 0.55809021 1.19465363 0.0165690258
v 0.565020502 1.19116211 0.0145132989
v 0.569360912 1.18508828 0.0141611453
v 0.565430582 1.19111359 0.0125663253
v 0.569507599 1.18508649 0.0120847048
v 0.573017895 1.18971837 0.0119291479
v 0.55989629 1.19478559 0.0209132005
v 0.559007704 1.19293904 0.0126539748
v 0.571603775 1.19463658 0.0086539425
v 0.581051648 1.19040012 0.0112125529
v 0.564783514 1.1948899 0.00903613027
v 0.581421018 1.19447625 0.00810778979
v 0.587418199 1.1906122 0.0107188486
v 0.571544349 1.19666731 0.00413208734
v 0.58889097 1.19433951 0.00790410396
v 0.590345681 1.19081628 0.010533384
v 0.581421018 1.19618022 0.00407310855
v 0.560678959 1.19578314 0.00924054906
v 0.564637244 1.19715118 0.00419970555
v 0.556172311 1.19678235 0.0131557835
v 0.571081281 1.19530439 0.000289762509
v 0.590345681 1.19428515 0.00781018287
v 0.58889097 1.19589388 0.00417133281
v 0.581421018 1.19508278 0.000568722899
v 0.591781616 1.19421411 0.00763732288
v 0.59323734 1.19090664 0.0103281196
v 0.600921512 1.19381928 0.00751749426
v 0.600921512 1.19090486 0.00983812567
v 0.607393503 1.19096732 0.00917213783
v 0.591781616 1.19533074 0.00405194657
v 0.608868062 1.19345903 0.00727657415
v 0.610316992 1.19096625 0.00899711158
v 0.590345681 1.19578314 0.00410681218
v 0.590345681 1.19450879 0.000881003041
v 0.600921512 1.19466424 0.00387511356
v 0.58889097 1.19460332 0.000793825602
v 0.591781616 1.19438183 0.000933383184
v 0.590345681 1.19084227 -0.00179667154
v 0.587418199 1.19071257 -0.00180124014
v 0.581051648 1.190606 -0.0018647433
v 0.57251519 1.18960953 -0.00221114536
v 0.59323734 1.1909374 -0.00169999257
v 0.600921512 1.19398904 0.000774152693
v 0.600921512 1.19091976 -0.00136123376
v 0.607393503 1.19090581 -0.00112304394
v 0.608868062 1.19345999 0.000527735334
v 0.610316992 1.19098854 -0.00103743735
v 0.565290689 1.19241989 -0.00266303425
v 0.569147229 1.18638194 -0.00258077099
v 0.608868062 1.19408882 0.00371141755
v 0.610316992 1.19340181 0.000525270356
v 0.610316992 1.19355094 0.00728058675
v 0.564373195 1.19576621 5.12179176E-05
v 0.565311432 1.19136894 -0.00443594018
v 0.569167316 1.18627906 -0.00436787028
v 0.571950436 1.18812215 -0.00451120967
v 0.560077071 1.19651377 -0.00445384951
v 0.560249686 1.19629335 6.56763996E-06
v 0.570043266 1.19322944 -0.00726782344
v 0.578573346 1.18752038 -0.00496831769
v 0.610316992 1.19407511 0.00372008234
v 0.611737788 1.19394207 0.00366201089
v 0.560894251 1.19865251 0.00457115332
v 0.563906252 1.19373822 -0.00692028459
v 0.578969896 1.1921618 -0.00724869175
v 0.582688153 1.18772078 -0.00519366749
v 0.611737788 1.19348025 0.00721858069
v 0.617898524 1.19314468 0.00709896255
v 0.613222301 1.19096446 0.00885822065
v 0.617781043 1.19010758 0.00859002676
v 0.622514009 1.18948364 0.00826840103
v 0.569652379 1.19381654 -0.0109010888
v 0.5841465 1.19216394 -0.00733577646
v 0.5841465 1.19296896 -0.0110144969
v 0.585590482 1.18777299 -0.00531130796
v 0.585590482 1.19208503 -0.00746969506
v 0.578969896 1.19341195 -0.0110144978
v 0.587069392 1.19195008 -0.00753236702
v 0.588518798 1.18846154 -0.00553012546
v 0.595805287 1.19144988 -0.00765822455
v 0.595805287 1.18820977 -0.00576246949
v 0.601362228 1.18854797 -0.0061647743
v 0.587069392 1.19259942 -0.0110188983
v 0.585590482 1.19290018 -0.011016259
v 0.602803469 1.19137073 -0.00792419817
v 0.604270518 1.18859959 -0.00631960016
v 0.585590482 1.19210708 -0.0145442653
v 0.569265544 1.19231951 -0.014809438
v 0.578969896 1.1921618 -0.0147804283
v 0.5841465 1.19216394 -0.0146936644
v 0.563408971 1.19442785 -0.0109766843
v 0.561279953 1.19533706 -0.00754033308
v 0.556704342 1.19751918 -0.00373950764
v 0.587069392 1.19195008 -0.0145054311
v 0.585590482 1.18777299 -0.0166905802
v 0.582688153 1.18772078 -0.0168366544
v 0.578573346 1.18752038 -0.0170610417
v 0.569910645 1.18674695 -0.0174606722
v 0.588518798 1.18846154 -0.0164777078
v 0.595805287 1.1919291 -0.0110188983
v 0.595805287 1.19144988 -0.014379574
v 0.595805287 1.18820977 -0.0162753295
v 0.601362228 1.18854797 -0.015872648
v 0.602803469 1.19122195 -0.0139684742
v 0.604270518 1.18859959 -0.0157175958
v 0.602803469 1.19153953 -0.0110188508
v 0.563231707 1.18829942 -0.0175200738
v 0.564639509 1.18376338 -0.0174064711
v 0.604270518 1.19137454 -0.013894802
v 0.604270518 1.19137454 -0.00801357627
v 0.563573539 1.19261003 -0.0150194727
v 0.563338161 1.18672431 -0.0191322081
v 0.564513922 1.18352902 -0.0186450947
v 0.56692338 1.18562675 -0.0192158464
v 0.556267142 1.19012094 -0.0189963076
v 0.560851097 1.19344246 -0.0150508368
v 0.565567315 1.1881367 -0.0212991089
v 0.570365191 1.185408 -0.0194842089
v 0.604270518 1.19169724 -0.0109735001
v 0.605709016 1.1915803 -0.0109247621
v 0.560729146 1.19531047 -0.0111331651
v 0.560603201 1.1885314 -0.0210812278
v 0.570507765 1.18805361 -0.0215524882
v 0.573753953 1.18501854 -0.0198041331
v 0.605709016 1.19125879 -0.0080754431
v 0.612495959 1.19120371 -0.00806754548
v 0.607169569 1.18858063 -0.00655147666
v 0.611415982 1.18793488 -0.00659467466
v 0.616216004 1.18767488 -0.00685925409
v 0.565251231 1.18895996 -0.023986496
v 0.574967563 1.18789423 -0.021725744
v 0.574967563 1.1885643 -0.0244993735
v 0.576193333 1.18487632 -0.0199862849
v 0.576193273 1.18797731 -0.0216327645
v 0.570507765 1.18879879 -0.0242839158
v 0.577442706 1.18783331 -0.0217766091
v 0.5786587 1.18483829 -0.0201752651
v 0.582202494 1.18736506 -0.0220297016
v 0.582202494 1.18500161 -0.020530181
v 0.58548981 1.18497717 -0.0208073966
v 0.577442706 1.18826163 -0.0246605128
v 0.576193333 1.18850482 -0.0246703755
v 0.586688995 1.18718982 -0.0223005414
v 0.587865829 1.1849438 -0.0209009815
v 0.576193273 1.18770182 -0.0272744372
v 0.564960718 1.18785286 -0.027024705
v 0.570507765 1.18776131 -0.0271335468
v 0.574967563 1.18773472 -0.0272711683
v 0.560448825 1.18919516 -0.0239232257
v 0.556949914 1.19019473 -0.0223446172
v 0.554687619 1.19273198 -0.0181837752
v 0.577442706 1.18748116 -0.0272792783
v 0.576193333 1.18487632 -0.029140668
v 0.573753953 1.18501854 -0.0291964673
v 0.570365191 1.18476844 -0.029166434
v 0.566480279 1.18449104 -0.029071087
v 0.563158154 1.18443274 -0.0290059224
v 0.5786587 1.18483829 -0.029083401
v 0.559826076 1.1880933 -0.0268693361
v 0.55771631 1.1836673 -0.0292066354
v 0.582202494 1.18792653 -0.0247319434
v 0.582202494 1.18718851 -0.0271868613
v 0.582202494 1.18498755 -0.0288846996
v 0.58548981 1.18498588 -0.0287899245
v 0.586688995 1.18713355 -0.0272738766
v 0.587865829 1.18497562 -0.0286743436
v 0.586688995 1.18757093 -0.0247576237
v 0.554940581 1.1888324 -0.026604373
v 0.587865829 1.18709981 -0.0222243331
v 0.587865829 1.18755519 -0.0247319881
v 0.587865829 1.18719172 -0.0272827409
v 0.58905822 1.18711162 -0.022284789
v 0.590253949 1.18470728 -0.0210357308
v 0.593050003 1.1865741 -0.0224593617
v 0.593050003 1.18436718 -0.0211266484
v 0.595449924 1.18407047 -0.0212961119
v 0.58905822 1.18747318 -0.0247030538
v 0.58905822 1.18713021 -0.0271453485
v 0.590253949 1.18472397 -0.0284539815
v 0.593050003 1.18706393 -0.0248105768
v 0.593050003 1.18672264 -0.0269227847
v 0.595659256 1.18626118 -0.0267151445
v 0.593050003 1.18429339 -0.028285034
v 0.595489621 1.18395698 -0.0280780699
v 0.598205805 1.18388081 -0.0277118273
v 0.595219851 1.1867497 -0.0248288028
v 0.595779538 1.18624389 -0.0226156972
v 0.597677231 1.18607044 -0.0224340893
v 0.598095298 1.1839875 -0.0217666365
v 0.600477278 1.18444824 -0.0223735254
v 0.595725477 1.18655002 -0.0248140171
v 0.596444011 1.18627298 -0.0230844691
v 0.596367002 1.18602407 -0.0262854993
v 0.597739637 1.18618357 -0.0228108168
v 0.59996587 1.18611455 -0.0229291059
v 0.597720504 1.18614185 -0.0266588852
v 0.60006088 1.18600261 -0.0227304474
v 0.602056086 1.18612742 -0.0232785866
v 0.602337658 1.18607068 -0.0230772737
v 0.602126479 1.18501258 -0.0229251757
v 0.597737491 1.18604183 -0.0269021392
v 0.599731565 1.18601966 -0.0268942975
v 0.599651694 1.18614697 -0.0266723838
v 0.602064073 1.18611133 -0.0265312474
v 0.600516558 1.18440354 -0.0272946302
v 0.602205098 1.18598855 -0.026653247
v 0.602312922 1.18511951 -0.026681589
v 0.566201448 1.16609263 0.0371177383
v 0.563365161 1.16648996 0.0372738987
v 0.562578917 1.16941226 0.0381464846
v 0.566221297 1.1695714 0.0385396369
v 0.563264132 1.17194915 0.0376907326
v 0.566398203 1.17254746 0.0377926715
v 0.569838047 1.16945827 0.0384955183
v 0.569014609 1.17231369 0.0376733169
v 0.569437981 1.16625798 0.0370155573
v 0.571731985 1.17148387 0.0377670005
v 0.571921945 1.17128456 0.0370494574
v 0.572772622 1.16939282 0.037003994
v 0.571403503 1.16657567 0.0373306423
v 0.571989834 1.1672591 0.0368491411
v 0.572664797 1.16762292 0.0374791026
v 0.572692871 1.17039263 0.0378341377
v 0.573091269 1.16913462 0.0376769528
v 0.503996909 1.17308509 0.0120489551
v 0.498181015 1.17650485 0.0117707811
v 0.49877584 1.17794967 0.0174449161
v 0.505020022 1.17425621 0.0207943581
v 0.501431167 1.18452501 0.0205163695
v 0.510955036 1.16786432 0.0170233231
v 0.507073998 1.1792469 0.0245418549
v 0.510860682 1.16911197 0.0246803667
v 0.509503603 1.18375611 0.0252279602
v 0.501480579 1.18885517 0.0205507372
v 0.518575132 1.1639353 0.0286128186
v 0.520608842 1.16286433 0.0217010453
v 0.527772605 1.16180027 0.0274726022
v 0.511986315 1.1754297 0.0277287811
v 0.513405085 1.18959272 0.0221164655
v 0.502525032 1.19779122 0.0128533905
v 0.525822759 1.16246307 0.033011876
v 0.534267247 1.16219795 0.0290243085
v 0.518726587 1.17194331 0.0324018188
v 0.512800694 1.18165362 0.0276525132
v 0.524829686 1.16837132 0.0355099402
v 0.530979514 1.16264832 0.0348704867
v 0.537281692 1.16220129 0.0296243392
v 0.521108449 1.17818642 0.0324179344
v 0.515816391 1.19789827 0.012829097
v 0.502727807 1.20042098 0.00304400292
v 0.523397565 1.1827575 0.0301512312
v 0.527307034 1.17526078 0.0356500745
v 0.533486307 1.18134665 0.0309518483
v 0.528210282 1.19162381 0.0236587711
v 0.517554402 1.20006919 0.00352582335
v 0.502961159 1.19943368 -0.00742929615
v 0.530778944 1.17469025 0.0368986242
v 0.535179257 1.17856216 0.0310413241
v 0.537677169 1.17726302 0.0311624948
v 0.531237185 1.1972785 0.0133180926
v 0.547259152 1.19388795 0.0232546031
v 0.518022954 1.19864953 -0.00865433272
v 0.50288552 1.19620645 -0.0155140264
v 0.534471631 1.17418551 0.0371768177
v 0.542223454 1.17613649 0.0312686302
v 0.554861963 1.19570518 0.0216296986
v 0.547982335 1.1968869 0.0137119684
v 0.531558573 1.19954419 0.00407403242
v 0.517111421 1.19494307 -0.0192282163
v 0.505127668 1.19088149 -0.0188649874
v 0.556592405 1.19584596 0.0215466022
v 0.555101812 1.19627023 0.0183029193
v 0.556819975 1.19633532 0.0187009573
v 0.549062192 1.19920707 0.0042740982
v 0.556789339 1.20007002 0.00586650381
v 0.558361828 1.19982553 0.00518076355
v 0.556727946 1.20008755 0.00274427817
v 0.558355033 1.19982886 0.00307304994
v 0.549180388 1.19725657 -0.00361305731
v 0.532147288 1.19746327 -0.00963571947
v 0.553700507 1.19756973 -0.00956350286
v 0.548962235 1.19684243 -0.011316929
v 0.547406971 1.19381154 -0.0182074383
v 0.557709277 1.19740915 -0.00985915773
v 0.553619385 1.19708514 -0.012690261
v 0.557731628 1.19706428 -0.0123959361
v 0.532232285 1.19341397 -0.0228123795
v 0.531755567 1.1882112 -0.0260544885
v 0.545939803 1.19057679 -0.0254006609
v 0.516228378 1.19049835 -0.0225112438
v 0.515373468 1.18581653 -0.0232045222
v 0.530903816 1.18214965 -0.0264544319
v 0.544227362 1.1853689 -0.0283545647
v 0.544488609 1.18079734 -0.0278209317
v 0.550753951 1.17980766 -0.0281142667
v 0.550862134 1.1840812 -0.0290690586
v 0.552032173 1.18908465 -0.0269289296
v 0.552274108 1.19182408 -0.0246718731
v 0.555244863 1.1914618 -0.0247161034
v 0.552338362 1.19241846 -0.0226217955
v 0.555300653 1.19211304 -0.0228755306
v 0.55711019 1.19050956 -0.0249135401
v 0.0424265526 0.0521555357 -0.000411231216
v 0.0438055359 0.0548237376 -0.0257296041
v 0.0474316888 0.0706566349 -0.0214968771
v 0.0472298525 0.055049412 -0.0355487727
v 0.0509964079 0.0710174814 -0.0311241616
v 0.0539058298 0.0555940904 -0.0400704294
v 0.0485048369 0.106305674 -0.0247667078
v 0.0469000898 0.105215773 -0.0170810577
v 0.0523604937 0.106389463 -0.0311175846
v 0.0561491325 0.106628008 -0.0337020941
v 0.0547215864 0.0712932125 -0.0353694335
v 0.0616591424 0.071450673 -0.036364045
v 0.0629382432 0.0552200153 -0.0402021036
v 0.063114129 0.106152177 -0.0352050662
v 0.0694792941 0.104995199 -0.031154491
v 0.0713321492 0.0539918803 -0.034153197
v 0.0681666955 0.0701059923 -0.0313400514
v 0.07482481 0.101624474 -0.0234785341
v 0.0750842094 0.0684008226 -0.0220904276
v 0.0796339959 0.0508470573 -0.021530509
v 0.0789643228 0.0991081148 -0.0185592584
v 0.0807743371 0.061425142 0.000512519153
v 0.0823929086 0.0488696657 0.000698927033
v 0.0829909667 0.0770126879 -0.0146222441
v 0.0781562403 0.0993433297 -0.00539510045
v 0.0797519684 0.0802245438 -0.00293633225
v 0.0730341822 0.100181691 0.00879608002
v 0.081537962 0.0547017753 0.0189934075
v 0.0832863599 0.0463212021 0.0177453961
v 0.0825692415 0.0423474349 0.0433764793
v 0.0724383667 0.0794508085 0.0152623253
v 0.07251928 0.0614119023 0.0370893702
v 0.0741880238 0.0496899895 0.0550148897
v 0.0629561469 0.0558743663 0.061544802
v 0.0629371703 0.0856586471 0.0205940679
v 0.0616228171 0.101658858 0.0139775015
v 0.0624408275 0.0683980733 0.0433804393
v 0.0531581789 0.067391865 0.0399727821
v 0.051681947 0.0540954471 0.0602966882
v 0.0404021442 0.0476498492 0.0546489954
v 0.0535056107 0.0840310305 0.0180636626
v 0.0529626124 0.104130961 0.00756716169
v 0.0427965783 0.061505679 0.0324804001
v 0.0381801501 0.0363459848 0.0488594286
v 0.040300902 0.0427354835 0.0295365043
v 0.0424265526 0.0521555357 -0.000411231216
v 0.0441498272 0.0757513493 0.00631633727
v 0.0483377315 0.105105445 -0.00371582224
v 0.0436629765 0.0704469383 -0.00677845441
v 0.0474316888 0.0706566349 -0.0214968771
v 0.0432918109 0.0888904333 -0.0139507549
v 0.0469000898 0.105215773 -0.0170810577
v 0.0127742346 0.709395528 0.00742947729
v 0.0075982823 0.738932192 -0.0225015655
v 0.0145225013 0.743540227 0.00702888658
v 0.00766682671 0.707656205 -0.0241792332
v 0.014702756 0.663679123 0.0051935697
v 0.0222642254 0.732341647 -0.050828699
v 0.010946773 0.662980914 -0.0264939032
v 0.017128922 0.618011057 0.00249304739
v 0.0154094864 0.61833775 -0.0266620219
v 0.0214901008 0.568497598 0.000203229181
v 0.0239869617 0.704685092 -0.0526644029
v 0.0439611077 0.703236878 -0.0666739866
v 0.0428487249 0.728433669 -0.0656293258
v 0.0652305409 0.730545998 -0.0695384219
v 0.0255207364 0.661136329 -0.0516249463
v 0.027935518 0.617679596 -0.0491494983
v 0.0663393214 0.703538954 -0.0702039078
v 0.0897871405 0.735207021 -0.0712324306
v 0.0210818294 0.569655418 -0.0257967785
v 0.0310615916 0.570426404 -0.0453896858
v 0.0234788507 0.527202308 -0.0276782475
v 0.0234481134 0.523242414 -0.00510000158
v 0.0243135188 0.484659731 -0.0280380808
v 0.0251802318 0.48196727 -0.00790730678
v 0.0245184731 0.453796297 -0.00871354342
v 0.0320816003 0.530179918 -0.043792285
v 0.0667116195 0.66046536 -0.0686698407
v 0.0921438858 0.704762638 -0.0714754015
v 0.045692943 0.66024673 -0.0642207861
v 0.0468110554 0.617332697 -0.0603886396
v 0.0476537272 0.571006715 -0.0552768297
v 0.066801399 0.61753267 -0.0647370592
v 0.0470284298 0.531506121 -0.0521581434
v 0.0336548239 0.489928275 -0.0431235097
v 0.121071316 0.707941175 -0.0565444417
v 0.121609978 0.744825721 -0.0553644933
v 0.0916873738 0.660916328 -0.0704008639
v 0.137461767 0.710187197 -0.0226698443
v 0.140596524 0.754776001 -0.018048415
v 0.115374438 0.66250205 -0.0565554984
v 0.0254764929 0.460486323 -0.0282246303
v 0.0269239172 0.445193142 -0.0282631516
v 0.0247264002 0.439657331 -0.0100781275
v 0.0261823442 0.424921989 -0.0119217848
v 0.036741823 0.465069026 -0.0410194956
v 0.131424114 0.710931301 0.0133801894
v 0.132560715 0.754049838 0.0151431188
v 0.0477707386 0.492145866 -0.047703594
v 0.0651598126 0.494313389 -0.0498909168
v 0.119032495 0.71169591 0.0406069271
v 0.118273064 0.755124509 0.0421811417
v 0.0972732976 0.754740894 0.0591680892
v 0.0959912464 0.712237179 0.0585528463
v 0.0704110637 0.75306797 0.0585126914
v 0.115108944 0.664507568 0.0369020365
v 0.125578523 0.664578676 0.00970230531
v 0.0502336361 0.466938287 -0.0413111858
v 0.0646277815 0.53296417 -0.0557932854
v 0.13187921 0.663778305 -0.0254588388
v 0.109258741 0.617379844 -0.0536379889
v 0.0659009367 0.57187885 -0.0596196316
v 0.0897506326 0.617273688 -0.0662694499
v 0.123601884 0.617666781 -0.025172092
v 0.0867798999 0.572143018 -0.0600757152
v 0.101590037 0.571505964 -0.0491148606
v 0.0827278495 0.533238649 -0.0551959462
v 0.0957221314 0.532081962 -0.0455283485
v 0.118153706 0.61844337 0.00611452945
v 0.108976498 0.617652476 0.0320640914
v 0.111884423 0.571013272 -0.0243398212
v 0.109894022 0.57135129 0.00257960823
v 0.101696402 0.570013404 0.0266326591
v 0.0902199522 0.617688596 0.0516768433
v 0.103844829 0.530776262 -0.0237223357
v 0.103160188 0.529512823 6.10572097E-05
v 0.0995546952 0.490048468 -0.0212327428
v 0.0916697308 0.492691994 -0.0417198688
v 0.0934528932 0.664874077 0.0560656823
v 0.0952461436 0.526671946 0.0219996534
v 0.079219982 0.494496822 -0.0488646775
v 0.0654483512 0.664584875 0.0558984131
v 0.0639057606 0.617307961 0.0525814332
v 0.0679662675 0.71186316 0.0585052222
v 0.0434557721 0.711790681 0.0489889458
v 0.0433462337 0.75173229 0.0494665578
v 0.0435599871 0.66461575 0.0460587256
v 0.0235099457 0.711075723 0.0306060612
v 0.0247027986 0.74767226 0.0332124233
v 0.0127742346 0.709395528 0.00742947729
v 0.0145225013 0.743540227 0.00702888658
v 0.014702756 0.663679123 0.0051935697
v 0.0241133366 0.664084256 0.028925525
v 0.017128922 0.618011057 0.00249304739
v 0.0269003194 0.617253542 0.0255691912
v 0.0214901008 0.568497598 0.000203229181
v 0.0436868407 0.617524028 0.0419953763
v 0.0292189028 0.567974746 0.0204027649
v 0.0234481134 0.523242414 -0.00510000158
v 0.0438931398 0.568703473 0.0371184163
v 0.0311769787 0.522532165 0.0153451534
v 0.0251802318 0.48196727 -0.00790730678
v 0.0633804351 0.568745553 0.0468921922
v 0.0442164615 0.522427738 0.0324140079
v 0.0328911953 0.481044859 0.0117192492
v 0.0245184731 0.453796297 -0.00871354342
v 0.0863133967 0.569503069 0.0454258509
v 0.0628249049 0.524645388 0.039363049
v 0.0446991809 0.481448919 0.0287016481
v 0.0453836955 0.448519349 0.0268008467
v 0.082037963 0.525553286 0.0377967246
v 0.0625131279 0.48018679 0.0344175287
v 0.0313453525 0.449353904 0.00623065652
v 0.0247264002 0.439657331 -0.0100781275
v 0.0362740718 0.448983252 0.0115565201
v 0.0310842264 0.432410926 0.00417355634
v 0.0261823442 0.424921989 -0.0119217848
v 0.0342768058 0.417807847 0.00221557333
v 0.0302972905 0.407851756 -0.0156523157
v 0.0370125249 0.403472006 -0.000606375397
v 0.0392781347 0.384879291 -0.00396820484
v 0.0296694823 0.388610959 -0.0172074027
v 0.0284091234 0.364339948 -0.0198425297
v 0.0386866927 0.429300994 0.0122215254
v 0.049193278 0.40138942 0.00927250646
v 0.0384485349 0.360560954 -0.00457902206
v 0.0264488366 0.342394769 -0.0216896776
v 0.0493358299 0.382694572 0.00811032765
v 0.0501226559 0.358886302 0.00600269204
v 0.0369409397 0.339463264 -0.00485326769
v 0.0627842471 0.397297323 0.018094657
v 0.0459170006 0.41486606 0.0125380522
v 0.0355079584 0.321270734 -0.00459377607
v 0.025438074 0.322063863 -0.0229264665
v 0.0366711505 0.298570067 -0.00463773683
v 0.0251746941 0.299086511 -0.0221731625
v 0.0284883305 0.274209708 -0.0221862067
v 0.0483672991 0.321343482 0.00469603064
v 0.0390110612 0.274213433 -0.00606253091
v 0.0331467055 0.249243781 -0.0217442699
v 0.0489714891 0.33866781 0.00553242117
v 0.0624976605 0.380529284 0.0175402407
v 0.0775234625 0.401690274 0.010805713
v 0.0475661643 0.298743844 0.00560931256
v 0.0630962923 0.358641505 0.0166572109
v 0.0627230853 0.32188037 0.0152930114
v 0.063155964 0.406561255 0.0194366183
v 0.0789480135 0.384284198 0.0101024862
v 0.0629280433 0.338925391 0.0163209178
v 0.0811438262 0.362271994 0.00919955038
v 0.0517637134 0.420733035 0.0182170644
v 0.0478893071 0.431607306 0.0228854958
v 0.0637906939 0.421785116 0.0274463464
v 0.0639056265 0.432943493 0.0325307399
v 0.0762379542 0.420439333 0.0138880294
v 0.0746884197 0.426792681 0.0198606458
v 0.0762092322 0.437655389 0.0262611881
v 0.0846029744 0.424951285 0.00896464195
v 0.0778268501 0.453538269 0.0293823536
v 0.0635845661 0.450133234 0.0347579159
v 0.0785371736 0.48144266 0.0307274908
v 0.08572568 0.457664669 0.0155233508
v 0.0891244262 0.483242214 0.0177690294
v 0.0971156135 0.487538487 -0.0018457229
v 0.0936741605 0.460096717 -0.00265040714
v 0.0884580016 0.441065401 0.0089616105
v 0.0966553465 0.465702415 -0.0194876678
v 0.0880217627 0.469074398 -0.0396718867
v 0.0971596986 0.450357586 -0.0204256885
v 0.0925244391 0.444072604 -0.00201243418
v 0.0766827911 0.47085464 -0.042871695
v 0.0917141065 0.428810537 -0.00412477087
v 0.0975772813 0.435548782 -0.0216067974
v 0.087361671 0.454619288 -0.0386009142
v 0.0655251071 0.468596041 -0.0475927107
v 0.0919313207 0.410357356 -0.0057735038
v 0.097128883 0.418948323 -0.0245801471
v 0.0949197561 0.391536236 -0.00640864251
v 0.0895743668 0.440396369 -0.0389212407
v 0.0786696523 0.455894887 -0.0405223295
v 0.0841184407 0.440741956 -0.0414030068
v 0.0902898088 0.423793256 -0.0434049554
v 0.0669998974 0.454154491 -0.0459233597
v 0.0795698985 0.441798627 -0.0433598608
v 0.0533086434 0.450876176 -0.0402954519
v 0.0672872066 0.438454926 -0.0488732345
v 0.0807726011 0.425426245 -0.0489117652
v 0.0550161339 0.436208457 -0.0427853875
v 0.0586656444 0.422645301 -0.0477248318
v 0.0395396277 0.449077338 -0.0401136912
v 0.0490075536 0.435052812 -0.0431615934
v 0.0404856876 0.43364352 -0.0413449407
v 0.042452421 0.419529706 -0.0427286625
v 0.0279272962 0.430228084 -0.0289789718
v 0.0305822287 0.413356543 -0.0313290544
v 0.0302972905 0.407851756 -0.0156523157
v 0.0689019039 0.425330579 -0.0499547943
v 0.0523724705 0.401294768 -0.0552925281
v 0.0306171216 0.394337028 -0.0342357829
v 0.0296694823 0.388610959 -0.0172074027
v 0.0367812328 0.396983266 -0.0476282313
v 0.0664053783 0.404008985 -0.0569004826
v 0.0287532397 0.368014187 -0.0392745212
v 0.0284091234 0.364339948 -0.0198425297
v 0.0348633416 0.370357782 -0.0541525781
v 0.0511580631 0.373680711 -0.0638876632
v 0.0264688097 0.344731748 -0.0425480977
v 0.0264488366 0.342394769 -0.0216896776
v 0.025438074 0.322063863 -0.0229264665
v 0.0336951129 0.346874565 -0.0588635989
v 0.0803805068 0.405225128 -0.0548879281
v 0.0673876554 0.376212656 -0.0661564842
v 0.0507250689 0.34935841 -0.0679959059
v 0.0938959643 0.403854489 -0.0460860431
v 0.0844542086 0.377098918 -0.0627303496
v 0.0677347407 0.351378769 -0.0711280927
v 0.0860369503 0.351599604 -0.0668258294
v 0.0673978329 0.326680392 -0.0735462382
v 0.0503983237 0.325613022 -0.0697760507
v 0.100294426 0.398530394 -0.0277948901
v 0.0967923552 0.3675358 -0.00758657837
v 0.1064445 0.372318655 -0.0320726037
v 0.0986238495 0.376686275 -0.0508207083
v 0.0823371783 0.341875643 0.00859796535
v 0.102066942 0.351866931 -0.0532612503
v 0.0990653858 0.346091956 -0.00826866925
v 0.109931171 0.350999832 -0.0340056568
v 0.0821469352 0.323526382 0.00741665997
v 0.0994431749 0.325704753 -0.00890486222
v 0.11168737 0.328175575 -0.0343096778
v 0.102718525 0.327460706 -0.0543777831
v 0.0631900951 0.299267858 0.0144681204
v 0.0857218504 0.327251911 -0.0683705211
v 0.101991735 0.302487999 -0.0525329448
v 0.0683171526 0.302112043 -0.0704954192
v 0.110521488 0.302219599 -0.0345684513
v 0.0823646933 0.300268948 0.00654485403
v 0.0489127003 0.274210781 0.00448276335
v 0.0640731528 0.274212897 0.0132939573
v 0.0984938666 0.301411271 -0.00814385898
v 0.0495063066 0.249312282 0.0025159847
v 0.0821789429 0.274214447 0.00505581824
v 0.09480948 0.274220586 -0.0101210475
v 0.0647411719 0.249314278 0.0110710328
v 0.105546519 0.274246544 -0.0314362869
v 0.0816323832 0.24931857 0.00322222756
v 0.0407686122 0.24930194 -0.00658402406
v 0.0450893901 0.199677661 -0.00655550463
v 0.0395101197 0.199610516 -0.0190305449
v 0.0498040766 0.1995029 0.00168665417
v 0.0474840067 0.150130749 -0.00635793991
v 0.0444873124 0.150128603 -0.0172921047
v 0.0636147037 0.199845031 0.00979851652
v 0.051584702 0.149697632 0.00154011603
v 0.0483377315 0.105105445 -0.00371582224
v 0.0469000898 0.105215773 -0.0170810577
v 0.0529626124 0.104130961 0.00756716169
v 0.0619024634 0.150336683 0.00964134932
v 0.0616228171 0.101658858 0.0139775015
v 0.0785143748 0.2001746 0.00248434721
v 0.0754023343 0.150956795 0.00432338659
v 0.0730341822 0.100181691 0.00879608002
v 0.087499626 0.200521365 -0.00939846039
v 0.0818755776 0.151607066 -0.00876478013
v 0.084783636 0.151958093 -0.0223376323
v 0.0781562403 0.0993433297 -0.00539510045
v 0.0789643228 0.0991081148 -0.0185592584
v 0.07482481 0.101624474 -0.0234785341
v 0.092742011 0.249347925 -0.0101680942
v 0.0930716768 0.200830907 -0.0260942355
v 0.0803382471 0.151598707 -0.0306344908
v 0.0694792941 0.104995199 -0.031154491
v 0.101529546 0.249458179 -0.0300233699
v 0.0879846811 0.200501665 -0.0395607352
v 0.0727143809 0.151107952 -0.0372899845
v 0.063114129 0.106152177 -0.0352050662
v 0.0979911983 0.274260968 -0.0513091162
v 0.0948984772 0.249509811 -0.0475517735
v 0.0858808085 0.302435935 -0.0659056306
v 0.0845950842 0.274273306 -0.0624395087
v 0.082976155 0.249448195 -0.0567483455
v 0.0771320015 0.200305536 -0.0476453863
v 0.0639828891 0.150814876 -0.0400424413
v 0.0687445402 0.274230421 -0.0673857257
v 0.0672402903 0.200165331 -0.0502768159
v 0.0550885983 0.150599509 -0.0389921814
v 0.0561491325 0.106628008 -0.0337020941
v 0.0523604937 0.106389463 -0.0311175846
v 0.0692994595 0.249390051 -0.0611338876
v 0.0558514334 0.199838564 -0.0500440672
v 0.0498723686 0.150749311 -0.0341343768
v 0.0485048369 0.106305674 -0.0247667078
v 0.0511930175 0.301005483 -0.0669501647
v 0.0535683557 0.274223328 -0.064816229
v 0.0549831428 0.249322623 -0.0599283837
v 0.0475092195 0.199842259 -0.0442696698
v 0.0467101559 0.150625318 -0.0275851116
v 0.0469000898 0.105215773 -0.0170810577
v 0.0444873124 0.150128603 -0.0172921047
v 0.0395101197 0.199610516 -0.0190305449
v 0.0331427529 0.324010313 -0.061157573
v 0.0339670852 0.299995422 -0.0591267459
v 0.0252139475 0.323041439 -0.0438182503
v 0.0248129815 0.299652785 -0.0422110558
v 0.0251746941 0.299086511 -0.0221731625
v 0.0370860659 0.27421248 -0.0569829829
v 0.028797185 0.274207354 -0.0419470221
v 0.0284883305 0.274209708 -0.0221862067
v 0.0413321815 0.249269754 -0.0523710251
v 0.0336354859 0.249245584 -0.0395632125
v 0.0331467055 0.249243781 -0.0217442699
v 0.0408700518 0.199809268 -0.0336590633
v 0.455616206 1.17476022 0.0017192252
v 0.433597445 1.17231822 0.00192956941
v 0.434392273 1.17725384 0.0150449378
v 0.455585629 1.17901719 0.0135058574
v 0.434056014 1.18885458 0.0218757987
v 0.484293848 1.17737627 0.00110335299
v 0.45689109 1.18951106 0.0197122693
v 0.434227318 1.20005906 0.0143490797
v 0.483917236 1.18023694 0.0113795828
v 0.491408825 1.17659354 0.000728850486
v 0.458300531 1.19939637 0.0126100397
v 0.435067445 1.20605612 0.00348444539
v 0.491017938 1.17821312 0.0116502009
v 0.49908179 1.17614067 0.000622478663
v 0.498181015 1.17650485 0.0117707811
v 0.49877584 1.17794967 0.0174449161
v 0.485674739 1.18905604 0.0182644799
v 0.492736429 1.18868852 0.0185643565
v 0.501431167 1.18452501 0.0205163695
v 0.501480579 1.18885517 0.0205507372
v 0.459603101 1.20411313 0.00226539886
v 0.434964716 1.20572746 -0.00787835661
v 0.487752855 1.19782484 0.0118642645
v 0.494248956 1.19781435 0.012671195
v 0.502525032 1.19779122 0.0128533905
v 0.459948838 1.20323181 -0.00735334214
v 0.435123593 1.20036054 -0.0178911332
v 0.488460422 1.20046437 0.00240500062
v 0.494012415 1.20072258 0.00281254621
v 0.502727807 1.20042098 0.00304400292
v 0.459935665 1.19890606 -0.0151827931
v 0.434378922 1.18958569 -0.0232052933
v 0.488527566 1.20012927 -0.00634709187
v 0.494832188 1.19986045 -0.00715684332
v 0.502961159 1.19943368 -0.00742929615
v 0.45886454 1.19007576 -0.0204424001
v 0.434239388 1.17873406 -0.0161163975
v 0.488610864 1.19795585 -0.0146778272
v 0.496209949 1.19689608 -0.0162393991
v 0.50288552 1.19620645 -0.0155140264
v 0.496203899 1.19008493 -0.0185109768
v 0.505127668 1.19088149 -0.0188649874
v 0.457073569 1.1813308 -0.0143887084
v 0.4338229 1.17285693 -0.00738356216
v 0.489310831 1.1899724 -0.0186009277
v 0.494905651 1.18400466 -0.0148850931
v 0.503705859 1.1838845 -0.0155380834
v 0.487541497 1.18380952 -0.0140055129
v 0.456216961 1.17633271 -0.00685110036
v 0.433597445 1.17231822 0.00192956941
v 0.455616206 1.17476022 0.0017192252
v 0.485476345 1.17970383 -0.00585199893
v 0.484293848 1.17737627 0.00110335299
v 0.492982477 1.17963517 -0.00633022422
v 0.501300037 1.18019509 -0.00817075837
v 0.491408825 1.17659354 0.000728850486
v 0.49908179 1.17614067 0.000622478663
v 0.0168657769 0.762939036 0.00684705935
v 0.012665919 0.76900351 -0.021325618
v 0.018031979 0.769839525 0.00587721169
v 0.00984143652 0.757634878 -0.0219473448
v 0.0145225013 0.743540227 0.00702888658
v 0.0075982823 0.738932192 -0.0225015655
v 0.023787152 0.753998995 -0.0498785563
v 0.0222642254 0.732341647 -0.050828699
v 0.0428487249 0.728433669 -0.0656293258
v 0.0481446795 0.751438379 -0.0659761056
v 0.0652305409 0.730545998 -0.0695384219
v 0.0256980956 0.761633754 -0.048880592
v 0.0850489214 0.76013577 -0.0752183944
v 0.0897871405 0.735207021 -0.0712324306
v 0.0509067513 0.758884788 -0.0698574185
v 0.0211794376 0.762741506 -0.0595846735
v 0.116372019 0.769611895 -0.0582062006
v 0.121609978 0.744825721 -0.0553644933
v 0.128570944 0.778245807 -0.0423010811
v 0.140596524 0.754776001 -0.018048415
v 0.113527849 0.782913327 -0.0654062033
v 0.0836585611 0.771732569 -0.08127442
v 0.137964576 0.794358492 -0.0141523182
v 0.132560715 0.754049838 0.0151431188
v 0.12810567 0.802506864 -0.044739075
v 0.0501186103 0.770498514 -0.0862001777
v 0.109543972 0.801844597 -0.072666198
v 0.129345775 0.797216535 0.0146467555
v 0.118273064 0.755124509 0.0421811417
v 0.0798056647 0.796561897 -0.0928153098
v 0.0213482901 0.775669515 -0.079258509
v 0.0476361327 0.796177804 -0.100860208
v 0.00817155186 0.767633259 -0.0551863983
v 0.00365219312 0.770080447 -0.0537112989
v -4.44089179E-19 0.767235935 -0.0180634167
v -1.33226754E-18 0.772745132 -0.0529705137
v -8.88178358E-19 0.780171216 -0.0687342435
v 0.00739645399 0.778689921 -0.073518604
v 0.0221917462 0.799201965 -0.0963725373
v 0.0063457936 0.801853776 -0.0930021927
v -2.22044579E-18 0.801782668 -0.0915754363
v 0.00792890694 0.8213557 -0.0955576673
v -1.77635672E-18 0.819597602 -0.0943275169
v 0.0208942201 0.824947178 -0.0989783481
v 0.0451276861 0.828872561 -0.102688007
v 0.0421148948 0.854421973 -0.0964930505
v 0.0754339248 0.831650436 -0.0962013602
v 0.00674373005 0.847842097 -0.0896858349
v -4.44089179E-19 0.846524119 -0.0888397396
v 0.0190016553 0.849961996 -0.0928132609
v 0.00906017795 0.872025132 -0.080658026
v -0 0.87074858 -0.0787762329
v -0 0.901338875 -0.0664734393
v 0.0203419458 0.903402328 -0.0680438802
v 0.02040058 0.873944402 -0.0836241096
v 0.0368417129 0.905425906 -0.0656381696
v 0.0391822308 0.877274096 -0.0833695307
v 0.056469705 0.91002506 -0.0589034967
v 0.0620622747 0.885669291 -0.0743246078
v 0.075512439 0.920830369 -0.042785801
v 0.0692308843 0.860538721 -0.0877507254
v 0.0867501646 0.890850186 -0.0541657284
v 0.0917839184 0.916513145 -0.0269533694
v 0.0960264653 0.863901973 -0.0658640862
v 0.102038793 0.890949249 -0.0326467976
v 0.101593047 0.908230186 -0.00569847319
v 0.103989884 0.834440291 -0.074619174
v 0.112965412 0.860273719 -0.0407960676
v 0.110166617 0.885962129 -0.00920215435
v 0.102495156 0.897179186 0.0239505116
v 0.121114068 0.83391583 -0.0456482768
v 0.121243857 0.855784595 -0.0132959578
v 0.109356575 0.878254175 0.0216307174
v 0.0923518464 0.887854576 0.0454470664
v 0.126436338 0.81494236 -0.0460778512
v 0.130797952 0.82368207 -0.0172235053
v 0.127900183 0.832495153 -0.0166603383
v 0.125646576 0.826903343 0.0135154771
v 0.118526243 0.850632012 0.016245557
v 0.0983281434 0.868774772 0.0432555228
v 0.113544382 0.79828614 0.0422773063
v 0.109411463 0.824897468 0.0418919735
v 0.0955195799 0.796300709 0.0571948737
v 0.0972732976 0.754740894 0.0591680892
v 0.0704110637 0.75306797 0.0585126914
v 0.105504245 0.843756318 0.0414876081
v 0.0836790055 0.861735344 0.0511538684
v 0.0785505325 0.880004942 0.0523517206
v 0.0710466579 0.790102541 0.0544166453
v 0.0433462337 0.75173229 0.0494665578
v 0.0930983052 0.821412027 0.0541556254
v 0.0901108459 0.839393079 0.0496601239
v 0.0642679185 0.853545725 0.0535027683
v 0.0613916926 0.869558454 0.0554917119
v 0.0431841761 0.78320998 0.0468387082
v 0.0247027986 0.74767226 0.0332124233
v 0.0709461942 0.812808573 0.0539320037
v 0.0429272167 0.803471327 0.0402859077
v 0.0687973872 0.831778824 0.0500475205
v 0.0265432 0.768999338 0.0317862444
v 0.0145225013 0.743540227 0.00702888658
v 0.0168657769 0.762939036 0.00684705935
v 0.0289088357 0.784424126 0.0276276972
v 0.018031979 0.769839525 0.00587721169
v 0.0435205512 0.821581006 0.0504555963
v 0.0119219767 0.769516647 0.00598708494
v 0.012665919 0.76900351 -0.021325618
v 0.0170727558 0.781839728 0.0266021788
v -0 0.779446781 0.0284615345
v -0 0.76875335 0.00667700637
v -4.44089179E-19 0.767235935 -0.0180634167
v -0.012665919 0.76900351 -0.021325618
v 0.0190681927 0.792833984 0.0410294011
v -0.0119219767 0.769516647 0.00598708494
v -0.018031979 0.769839525 0.00587721169
v 0.043221496 0.845521748 0.054774899
v 0.0411340892 0.864921689 0.0605177209
v 0.021809468 0.813906789 0.0525914021
v 0.022562461 0.837477148 0.0554589257
v 0.0217333119 0.860630929 0.0623828508
v -0 0.859698951 0.0639610067
v -0.0289088357 0.784424126 0.0276276972
v -0.0168657769 0.762939036 0.00684705935
v -0 0.790202141 0.0422003418
v -0 0.810250521 0.0538333915
v -0 0.835597873 0.0563693047
v -0.022562461 0.837477148 0.0554589257
v -0.0217333119 0.860630929 0.0623828508
v -0.0411340892 0.864921689 0.0605177209
v -0.0170727558 0.781839728 0.0266021788
v -0.0429272167 0.803471327 0.0402859077
v -0.0265432 0.768999338 0.0317862444
v -0.0145225013 0.743540227 0.00702888658
v -0.0247027986 0.74767226 0.0332124233
v -0.0190681927 0.792833984 0.0410294011
v -0.0431841761 0.78320998 0.0468387082
v -0.0433462337 0.75173229 0.0494665578
v -0.043221496 0.845521748 0.054774899
v -0.0613916926 0.869558454 0.0554917119
v -0.021809468 0.813906789 0.0525914021
v -0.0435205512 0.821581006 0.0504555963
v -0.0642679185 0.853545725 0.0535027683
v -0.0785505325 0.880004942 0.0523517206
v -0.0710466579 0.790102541 0.0544166453
v -0.0704110637 0.75306797 0.0585126914
v -0.0709461942 0.812808573 0.0539320037
v -0.0687973872 0.831778824 0.0500475205
v -0.0836790055 0.861735344 0.0511538684
v -0.0923518464 0.887854576 0.0454470664
v -0.0955195799 0.796300709 0.0571948737
v -0.0972732976 0.754740894 0.0591680892
v -0.118273064 0.755124509 0.0421811417
v -0.0930983052 0.821412027 0.0541556254
v -0.0901108459 0.839393079 0.0496601239
v -0.0983281434 0.868774772 0.0432555228
v -0.105504245 0.843756318 0.0414876081
v -0.109411463 0.824897468 0.0418919735
v -0.113544382 0.79828614 0.0422773063
v -0.109356575 0.878254175 0.0216307174
v -0.102495156 0.897179186 0.0239505116
v -0.118526243 0.850632012 0.016245557
v -0.129345775 0.797216535 0.0146467555
v -0.132560715 0.754049838 0.0151431188
v -0.125646576 0.826903343 0.0135154771
v -0.137964576 0.794358492 -0.0141523182
v -0.140596524 0.754776001 -0.018048415
v -0.110166617 0.885962129 -0.00920215435
v -0.101593047 0.908230186 -0.00569847319
v -0.121243857 0.855784595 -0.0132959578
v -0.127900183 0.832495153 -0.0166603383
v -0.102038793 0.890949249 -0.0326467976
v -0.0917839184 0.916513145 -0.0269533694
v -0.130797952 0.82368207 -0.0172235053
v -0.128570944 0.778245807 -0.0423010811
v -0.121609978 0.744825721 -0.0553644933
v -0.112965412 0.860273719 -0.0407960676
v -0.121114068 0.83391583 -0.0456482768
v -0.0867501646 0.890850186 -0.0541657284
v -0.075512439 0.920830369 -0.042785801
v -0.12810567 0.802506864 -0.044739075
v -0.116372019 0.769611895 -0.0582062006
v -0.0897871405 0.735207021 -0.0712324306
v -0.0960264653 0.863901973 -0.0658640862
v -0.0620622747 0.885669291 -0.0743246078
v -0.056469705 0.91002506 -0.0589034967
v -0.113527849 0.782913327 -0.0654062033
v -0.0850489214 0.76013577 -0.0752183944
v -0.0652305409 0.730545998 -0.0695384219
v -0.103989884 0.834440291 -0.074619174
v -0.0692308843 0.860538721 -0.0877507254
v -0.0421148948 0.854421973 -0.0964930505
v -0.0391822308 0.877274096 -0.0833695307
v -0.0368417129 0.905425906 -0.0656381696
v -0.0754339248 0.831650436 -0.0962013602
v -0.02040058 0.873944402 -0.0836241096
v -0.0203419458 0.903402328 -0.0680438802
v -0.00906017795 0.872025132 -0.080658026
v -0 0.901338875 -0.0664734393
v -0 0.87074858 -0.0787762329
v -4.44089179E-19 0.846524119 -0.0888397396
v -0.00674373005 0.847842097 -0.0896858349
v -1.77635672E-18 0.819597602 -0.0943275169
v -0.0190016553 0.849961996 -0.0928132609
v -0.00792890694 0.8213557 -0.0955576673
v -2.22044579E-18 0.801782668 -0.0915754363
v -0.0208942201 0.824947178 -0.0989783481
v -0.0063457936 0.801853776 -0.0930021927
v -8.88178358E-19 0.780171216 -0.0687342435
v -0.0451276861 0.828872561 -0.102688007
v -0.0221917462 0.799201965 -0.0963725373
v -0.00739645399 0.778689921 -0.073518604
v -0.0476361327 0.796177804 -0.100860208
v -0.00365219312 0.770080447 -0.0537112989
v -1.33226754E-18 0.772745132 -0.0529705137
v -4.44089179E-19 0.767235935 -0.0180634167
v -0.012665919 0.76900351 -0.021325618
v -0.0213482901 0.775669515 -0.079258509
v -0.00817155186 0.767633259 -0.0551863983
v -0.0798056647 0.796561897 -0.0928153098
v -0.0501186103 0.770498514 -0.0862001777
v -0.0211794376 0.762741506 -0.0595846735
v -0.109543972 0.801844597 -0.072666198
v -0.0836585611 0.771732569 -0.08127442
v -0.0509067513 0.758884788 -0.0698574185
v -0.0256980956 0.761633754 -0.048880592
v -0.126436338 0.81494236 -0.0460778512
v -0.0481446795 0.751438379 -0.0659761056
v -0.0428487249 0.728433669 -0.0656293258
v -0.023787152 0.753998995 -0.0498785563
v -0.0222642254 0.732341647 -0.050828699
v -0.0075982823 0.738932192 -0.0225015655
v -0.00984143652 0.757634878 -0.0219473448
v -0.0145225013 0.743540227 0.00702888658
v -0.0168657769 0.762939036 0.00684705935
v -0.018031979 0.769839525 0.00587721169
v 0.631079495 1.19276214 0.00605708687
v 0.630721509 1.19283378 0.0058008465
v 0.631602466 1.19330955 0.00351930526
v 0.631907403 1.19302654 0.00351589522
v 0.632330596 1.19182754 0.00350546744
v 0.630956471 1.19118142 0.00621054554
v 0.630911112 1.19265795 0.00132848532
v 0.630731106 1.19281423 0.00149440044
v 0.631058872 1.19155931 0.00107513624
v 0.631173432 1.1902411 0.00490265572
v 0.628606617 1.19051635 0.00712567149
v 0.62900424 1.1884172 0.00543734664
v 0.62567687 1.18956828 0.00788721163
v 0.631393313 1.19017076 0.00217446196
v 0.629247129 1.18838286 0.00164119294
v 0.62824887 1.19038796 0.000236119013
v 0.625769615 1.18965101 -0.000166413665
v 0.631469131 1.1898874 0.00344607723
v 0.629328132 1.18777156 0.00349010271
v 0.626572847 1.18739569 0.00116052711
v 0.622513056 1.18957269 -0.00057287229
v 0.626864135 1.18648553 0.00354591291
v 0.622308016 1.18637788 0.000880380278
v 0.617796183 1.19012308 -0.000877064595
v 0.626278579 1.18727183 0.00573666487
v 0.621995807 1.1851958 0.00366555224
v 0.617547452 1.18456697 0.00372652547
v 0.622432828 1.18622661 0.00615200261
v 0.622514009 1.18948364 0.00826840103
v 0.617781043 1.19010758 0.00859002676
v 0.617552161 1.18611193 0.000680637197
v 0.613222361 1.18621087 0.000576380873
v 0.613222301 1.19098127 -0.00105202605
v 0.610316992 1.19098854 -0.00103743735
v 0.617613256 1.18583691 0.00655198656
v 0.613222361 1.18591785 0.00662686583
v 0.613222301 1.19096446 0.00885822065
v 0.610316992 1.19096625 0.00899711158
v 0.607393503 1.18575048 0.000593626406
v 0.607393503 1.19090581 -0.00112304394
v 0.613222361 1.18451357 0.00368215074
v 0.607393503 1.18586576 0.00686137192
v 0.607393503 1.19096732 0.00917213783
v 0.631079495 1.19276214 0.00605708687
v 0.630956471 1.19118142 0.00621054554
v 0.628606617 1.19051635 0.00712567149
v 0.62962091 1.19279695 0.00633499864
v 0.62674123 1.19288027 0.00673146173
v 0.630721509 1.19283378 0.0058008465
v 0.628065646 1.19281781 0.0063184849
v 0.62567687 1.18956828 0.00788721163
v 0.625236869 1.19290566 0.00649495237
v 0.623857737 1.19301808 0.00612255372
v 0.623216927 1.19310462 0.00664932653
v 0.622686625 1.19336998 0.00377454935
v 0.622335851 1.19355941 0.00367535371
v 0.623758972 1.19270122 0.00179020595
v 0.622651279 1.19295418 0.00130938785
v 0.625212491 1.19285333 0.00132710871
v 0.61767149 1.19368362 0.00359822507
v 0.611737788 1.19336569 0.000532375881
v 0.613222301 1.19098127 -0.00105202605
v 0.617824972 1.19311988 0.000842829759
v 0.617796183 1.19012308 -0.000877064595
v 0.622513056 1.18957269 -0.00057287229
v 0.625769615 1.18965101 -0.000166413665
v 0.626814544 1.19284534 0.00103149889
v 0.629222929 1.19281745 0.00106908719
v 0.62766701 1.19285905 0.00133696164
v 0.630731106 1.19281423 0.00149440044
v 0.62824887 1.19038796 0.000236119013
v 0.630911112 1.19265795 0.00132848532
v 0.631058872 1.19155931 0.00107513624
v 0.624205828 1.19063795 -0.00875269994
v 0.623951495 1.18944335 -0.0086199427
v 0.621868372 1.18863344 -0.00782869291
v 0.621470988 1.19056118 -0.00838052388
v 0.618608475 1.19064569 -0.0081499517
v 0.623867154 1.19070184 -0.00897076074
v 0.621356785 1.19068778 -0.00860548392
v 0.619099259 1.18778825 -0.00726987654
v 0.618683279 1.19077253 -0.0085749086
v 0.617101073 1.19088769 -0.00897560455
v 0.616599083 1.19090378 -0.00848656613
v 0.61626035 1.19121087 -0.0110179577
v 0.615879476 1.19143641 -0.0110179586
v 0.617007971 1.19060183 -0.012776792
v 0.616376221 1.19086921 -0.0134994797
v 0.618660033 1.19072473 -0.0130845448
v 0.612471402 1.19161332 -0.0109800864
v 0.605709016 1.19125879 -0.0138555011
v 0.607169569 1.18858063 -0.0154848192
v 0.612495959 1.19120371 -0.0135956276
v 0.611415982 1.18793488 -0.0154412445
v 0.616081893 1.18773162 -0.0151340347
v 0.619188011 1.18786228 -0.0147220204
v 0.618680775 1.19061077 -0.0133742448
v 0.621074677 1.19058013 -0.0132275606
v 0.620980144 1.19072413 -0.0129655516
v 0.623875678 1.19068444 -0.0127430828
v 0.621559143 1.18845284 -0.0142199062
v 0.624045789 1.1905452 -0.01289389
v 0.624186873 1.18956423 -0.0131422719
v 0.602337658 1.18607068 -0.0230772737
v 0.602056086 1.18612742 -0.0232785866
v 0.602749825 1.18650353 -0.0249588732
v 0.602989316 1.18627977 -0.0249592699
v 0.603322804 1.18533242 -0.0249562003
v 0.602126479 1.18501258 -0.0229251757
v 0.602205098 1.18598855 -0.026653247
v 0.602064073 1.18611133 -0.0265312474
v 0.602406204 1.18417895 -0.0239154771
v 0.600477278 1.18444824 -0.0223735254
v 0.602582574 1.18412328 -0.0260090902
v 0.602640152 1.18389833 -0.024946494
v 0.601033807 1.1826247 -0.0249791108
v 0.600734591 1.1829896 -0.0233839918
v 0.598095298 1.1839875 -0.0217666365
v 0.598720789 1.18232322 -0.0231778733
v 0.595322609 1.18163919 -0.0228450242
v 0.595449924 1.18407047 -0.0212961119
v 0.571651578 1.1718874 0.0353369378
v 0.569511294 1.17319536 0.0355639271
v 0.567057431 1.17392886 0.0348889679
v 0.568972945 1.17273736 0.0325875655
v 0.570412636 1.17002702 0.0319231711
v 0.563625991 1.17448688 0.0341430046
v 0.564610422 1.17284989 0.0302435886
v 0.558859706 1.1748513 0.0328672156
v 0.559379935 1.17258251 0.0280766841
v 0.564700663 1.17005455 0.0289816689
v 0.559587061 1.16561437 0.0284455605
v 0.564247847 1.16582429 0.0295346342
v 0.554340899 1.16559327 0.0271088351
v 0.559355021 1.16397786 0.0326314569
v 0.5632025 1.16434669 0.0333042555
v 0.569013834 1.16649735 0.031657394
v 0.566957653 1.16479588 0.0341415554
v 0.569908798 1.16544735 0.0346294902
v 0.571846426 1.16681433 0.0347926207
v 0.572908342 1.16972744 0.0350534134
v 0.572772622 1.16939282 0.037003994
v 0.571989834 1.1672591 0.0368491411
v 0.571921945 1.17128456 0.0370494574
v 0.571921945 1.17128456 0.0370494574
v 0.569511294 1.17319536 0.0355639271
v 0.571651578 1.1718874 0.0353369378
v 0.569131613 1.1726768 0.037536066
v 0.569014609 1.17231369 0.0376733169
v 0.566398203 1.17254746 0.0377926715
v 0.56638211 1.17313325 0.0377665386
v 0.567057431 1.17392886 0.0348889679
v 0.562553465 1.17311883 0.0373717695
v 0.563264132 1.17194915 0.0376907326
v 0.563625991 1.17448688 0.0341430046
v 0.562578917 1.16941226 0.0381464846
v 0.558859706 1.1748513 0.0328672156
v 0.5619362 1.16957378 0.0383657627
v 0.563365161 1.16648996 0.0372738987
v 0.562551737 1.16521835 0.0365519337
v 0.566201448 1.16609263 0.0371177383
v 0.558944345 1.1732955 0.0369885378
v 0.558982074 1.16945183 0.0380606949
v 0.552802563 1.17353129 0.036068473
v 0.553633094 1.17501879 0.0315143205
v 0.55918622 1.16516054 0.0363080911
v 0.553020537 1.16938496 0.0377943665
v 0.550512433 1.17350543 0.0360397324
v 0.550634027 1.17525554 0.0312644318
v 0.548396528 1.17360282 0.0362092331
v 0.548221409 1.17536235 0.0311939754
v 0.540740907 1.17392814 0.0364147685
v 0.539571583 1.16871393 0.0376945473
v 0.548482299 1.16932666 0.0379011855
v 0.550465345 1.16940284 0.037897788
v 0.553217471 1.16517603 0.0357848667
v 0.550687373 1.16505289 0.0359836631
v 0.548337877 1.16490352 0.0360634513
v 0.550901353 1.16358888 0.0311953351
v 0.553464592 1.16367948 0.0314088799
v 0.559355021 1.16397786 0.0326314569
v 0.5632025 1.16434669 0.0333042555
v 0.548309028 1.16337311 0.0309686176
v 0.566957653 1.16479588 0.0341415554
v 0.540588796 1.16381645 0.0357509404
v 0.542304277 1.16259468 0.0304252934
v 0.534385026 1.16307199 0.0358053185
v 0.533863604 1.16835988 0.0378746316
v 0.529653013 1.16780496 0.0371133722
v 0.566337824 1.16539025 0.0368701257
v 0.569518328 1.16596675 0.0369946808
v 0.569437981 1.16625798 0.0370155573
v 0.569908798 1.16544735 0.0346294902
v 0.571989834 1.1672591 0.0368491411
v 0.571846426 1.16681433 0.0347926207
v -0.625728488 1.18930948 0.021982057
v -0.626255393 1.1897819 0.0198027305
v -0.625399768 1.18937111 0.0217531081
v -0.626538277 1.18953729 0.0198074356
v -0.626932263 1.18850386 0.0198172983
v -0.625475049 1.18815517 0.0221613981
v -0.625645995 1.18921959 0.0179244224
v -0.62547636 1.18935406 0.0180619191
v -0.625787139 1.18827164 0.017721191
v -0.625930786 1.18719077 0.0210205279
v -0.623408973 1.18737185 0.0230391659
v -0.6239779 1.18533349 0.0216075126
v -0.620670199 1.18661559 0.0237291399
v -0.626178563 1.18712997 0.0186828598
v -0.624186933 1.18526149 0.0181677658
v -0.623218656 1.18719745 0.0167942513
v -0.620889783 1.1866858 0.0165118147
v -0.626226783 1.18687749 0.019994637
v -0.624236345 1.18484926 0.0200593229
v -0.621817827 1.18431842 0.0178091247
v -0.617946327 1.18639457 0.0162683893
v -0.621904969 1.18383157 0.0201345198
v -0.617780685 1.18346262 0.0176062286
v -0.613613904 1.18617678 0.0159444362
v -0.621570945 1.18436348 0.0220293701
v -0.617701411 1.18274081 0.0202701632
v -0.613613904 1.18222153 0.0202687755
v -0.617756367 1.18353713 0.022440616
v -0.618083894 1.18633032 0.0240561888
v -0.613613904 1.18698764 0.0243138112
v -0.613613904 1.18312132 0.0172117464
v -0.608228087 1.18294168 0.0169848539
v -0.608228087 1.18752146 0.0157026052
v -0.605343282 1.1874814 0.0156203341
v -0.613613904 1.18315244 0.0226862896
v -0.608228087 1.18283498 0.022732731
v -0.608228087 1.1874299 0.0245189536
v -0.605343282 1.18739259 0.024652699
v -0.608228087 1.18190634 0.020208139
v -0.60241425 1.18141115 0.020124469
v -0.60241431 1.18301272 0.0169313829
v -0.60241431 1.18736458 0.0156388357
v -0.596265078 1.18757737 0.0153473485
v -0.60241431 1.18291759 0.0227534436
v -0.60241431 1.18733835 0.0249293018
v -0.596265078 1.1871016 0.0254840478
v -0.596265078 1.18217492 0.0167540107
v -0.589362562 1.18757093 0.0151635511
v -0.596265078 1.1819191 0.0228444785
v -0.589362562 1.18729913 0.0261553563
v -0.596265078 1.18118203 0.0200607479
v -0.589362562 1.18204522 0.0166956671
v -0.586578965 1.1876235 0.0149850398
v -0.589362562 1.18081439 0.0199389998
v -0.58350426 1.18012023 0.0198993385
v -0.589362562 1.18162203 0.0232863259
v -0.586578965 1.18736768 0.0265169665
v -0.58350426 1.18137789 0.0166716967
v -0.58350426 1.18768537 0.015012281
v -0.578089654 1.18761742 0.0148648042
v -0.58350426 1.18110442 0.023313079
v -0.58350426 1.18743145 0.0267744139
v -0.578087091 1.18706858 0.0271590222
v -0.578152061 1.180915 0.0163483582
v -0.578056335 1.18045783 0.0239029638
v -0.571323097 1.18013966 0.0161830764
v -0.570319116 1.17879784 0.0198444612
v -0.571710646 1.18750238 0.0146573661
v -0.569360912 1.18508828 0.0141611453
v -0.578030109 1.17949462 0.0198728684
v -0.570259631 1.179968 0.0242303871
v -0.570139468 1.18633354 0.0276827756
v -0.564013958 1.18590021 0.0278415866
v -0.564842641 1.17974246 0.0243821274
v -0.55877763 1.1852684 0.0279225446
v -0.570729911 1.18107927 0.0143706938
v -0.567840755 1.17965341 0.0156083638
v -0.56157136 1.17839313 0.0136115737
v -0.570835471 1.18138456 0.0132381171
v -0.569507599 1.18508649 0.0120847048
v -0.565088272 1.17824364 0.0196573548
v -0.561854839 1.1776073 0.0196137726
v -0.56190747 1.17939568 0.0244826414
v -0.57094121 1.18177009 0.0117340917
v -0.555564463 1.17890716 0.0249425881
v -0.553694844 1.18490267 0.0280548036
v -0.555301368 1.17669642 0.0195150506
v -0.550445676 1.17895746 0.0250895917
v -0.54479599 1.1841116 0.0290958881
v -0.57345444 1.18311203 0.00917219371
v -0.573017895 1.18971837 0.0119291479
v -0.581051648 1.19040012 0.0112125529
v -0.544139981 1.17918503 0.025871465
v -0.533486307 1.18134665 0.0309518483
v -0.550262868 1.17606854 0.0193804018
v -0.542342126 1.17587745 0.0250024889
v -0.535179257 1.17856216 0.0310413241
v -0.541678667 1.17413414 0.0256163608
v -0.537677169 1.17726302 0.0311624948
v -0.542223454 1.17613649 0.0312686302
v -0.542190015 1.17449987 0.0186107028
v -0.554551303 1.17846644 0.0135828983
v -0.543788493 1.17314005 0.0259376373
v -0.548221409 1.17536235 0.0311939754
v -0.53782934 1.16546702 0.0198979676
v -0.549872756 1.17818654 0.0135395415
v -0.548546433 1.17282844 0.0265339483
v -0.543149531 1.16543841 0.025963461
v -0.537947297 1.16523409 0.0252853725
v -0.551317632 1.1726923 0.0267995335
v -0.551211178 1.16542292 0.0267413892
v -0.550634027 1.17525554 0.0312644318
v -0.553633094 1.17501879 0.0315143205
v -0.547922134 1.1654166 0.0264001656
v -0.554792762 1.17259729 0.0271214545
v -0.542304277 1.16259468 0.0304252934
v -0.548309028 1.16337311 0.0309686176
v -0.537281692 1.16220129 0.0296243392
v -0.534267247 1.16219795 0.0290243085
v -0.550901353 1.16358888 0.0311953351
v -0.527772605 1.16180027 0.0274726022
v -0.553464592 1.16367948 0.0314088799
v -0.531628311 1.16675007 0.0119552407
v -0.520608842 1.16286433 0.0217010453
v -0.554340899 1.16559327 0.0271088351
v -0.559587061 1.16561437 0.0284455605
v -0.559355021 1.16397786 0.0326314569
v -0.535146832 1.17452383 0.0100110108
v -0.515129924 1.16833246 0.00504080579
v -0.510955036 1.16786432 0.0170233231
v -0.521160841 1.17380738 0.0010859936
v -0.505741417 1.17485499 -0.000212651415
v -0.503996909 1.17308509 0.0120489551
v -0.549215853 1.1784817 0.00538772764
v -0.49908179 1.17614067 0.000622478663
v -0.498181015 1.17650485 0.0117707811
v -0.501300037 1.18019509 -0.00817075837
v -0.508180678 1.17704356 -0.00810747035
v -0.529478133 1.17655456 0.000528015313
v -0.510941446 1.17818761 -0.0159177314
v -0.503705859 1.1838845 -0.0155380834
v -0.52927798 1.17302668 -0.00833256077
v -0.51331526 1.18205369 -0.0209379289
v -0.505127668 1.19088149 -0.0188649874
v -0.515373468 1.18581653 -0.0232045222
v -0.530903816 1.18214965 -0.0264544319
v -0.528871655 1.17428231 -0.0172071587
v -0.529315948 1.17833436 -0.023702519
v -0.544777572 1.1779933 -0.0261535663
v -0.544488609 1.18079734 -0.0278209317
v -0.550753951 1.17980766 -0.0281142667
v -0.545302451 1.17607391 -0.0233776141
v -0.545995831 1.17450929 -0.019897623
v -0.551035762 1.17755497 -0.0268251225
v -0.551466107 1.17614365 -0.0247084275
v -0.547271013 1.17505586 -0.0146427751
v -0.557103813 1.17781401 -0.0264343526
v -0.56370312 1.17921376 -0.0273581874
v -0.55771631 1.1836673 -0.0292066354
v -0.563158154 1.18443274 -0.0290059224
v -0.566480279 1.18449104 -0.029071087
v -0.551990211 1.17510927 -0.0215678234
v -0.558479428 1.17664063 -0.0229520574
v -0.559353948 1.17891908 -0.0177502688
v -0.56624794 1.17960143 -0.0208241753
v -0.552392542 1.1768651 -0.0154882902
v -0.563769698 1.17794931 -0.0238589384
v -0.568132401 1.17862701 -0.0243541561
v -0.56665051 1.17954278 -0.0272508617
v -0.570365191 1.18005633 -0.0273575727
v -0.570365191 1.18476844 -0.029166434
v -0.548213363 1.1766479 -0.00776452664
v -0.573753953 1.18060327 -0.0273702685
v -0.573753953 1.17910123 -0.0245464891
v -0.573753953 1.18501854 -0.0291964673
v -0.576193333 1.18487632 -0.029140668
v -0.5786587 1.18070674 -0.0273702685
v -0.5786587 1.18483829 -0.029083401
v -0.582202494 1.18131089 -0.0273271594
v -0.582202494 1.18498755 -0.0288846996
v -0.58548981 1.18498588 -0.0287899245
v -0.548809946 1.17773366 -0.00158097455
v -0.553997517 1.17943287 0.00490531093
v -0.553390443 1.17910528 -0.00195174664
v -0.5786587 1.17957175 -0.0245464891
v -0.58548981 1.18141139 -0.0275372807
v -0.58548981 1.18046343 -0.0247484483
v -0.587865829 1.18497562 -0.0286743436
v -0.590253949 1.18167245 -0.0272995904
v -0.590253949 1.18472397 -0.0284539815
v -0.593050003 1.18429339 -0.028285034
v -0.561731339 1.17989612 0.010495455
v -0.568517923 1.18175828 0.00976625551
v -0.572928667 1.18124962 0.00448154984
v -0.561090171 1.17978418 0.00423206575
v -0.581051648 1.18411624 0.0085186353
v -0.56065774 1.18096483 -0.000956246688
v -0.560434103 1.18085146 -0.00323139899
v -0.552754521 1.17842603 -0.00935573224
v -0.56690979 1.18062365 0.00453820219
v -0.568540335 1.18312109 -0.000615152356
v -0.559372723 1.18018699 -0.0167996194
v -0.587418199 1.18487549 0.00811713561
v -0.587418199 1.18330514 0.00407216838
v -0.587418199 1.1906122 0.0107188486
v -0.590345681 1.19081628 0.010533384
v -0.59323734 1.18520296 0.00785645563
v -0.59323734 1.19090664 0.0103281196
v -0.600921512 1.19090486 0.00983812567
v -0.581051648 1.18242586 0.00424885144
v -0.581051648 1.18376243 0.000151064189
v -0.560009301 1.1788826 -0.0103249978
v -0.572775364 1.18357241 -0.00049943768
v -0.571346104 1.18308973 -0.00283570075
v -0.600921512 1.18540752 0.00747406948
v -0.59323734 1.18388915 0.00409109611
v -0.607393503 1.18586576 0.00686137192
v -0.607393503 1.18447328 0.00378380856
v -0.613222361 1.18591785 0.00662686583
v -0.607393503 1.19096732 0.00917213783
v -0.610316992 1.19096625 0.00899711158
v -0.613222301 1.19096446 0.00885822065
v -0.617781043 1.19010758 0.00859002676
v -0.600921512 1.18427444 0.00389869651
v -0.600921512 1.18560374 0.000489027996
v -0.59323734 1.18541956 0.000269149896
v -0.587418199 1.18500507 -6.85248815E-05
v -0.581051648 1.190606 -0.0018647433
v -0.587418199 1.19071257 -0.00180124014
v -0.57251519 1.18960953 -0.00221114536
v -0.590345681 1.19084227 -0.00179667154
v -0.59323734 1.1909374 -0.00169999257
v -0.569147229 1.18638194 -0.00258077099
v -0.600921512 1.19091976 -0.00136123376
v -0.607393503 1.18575048 0.000593626406
v -0.607393503 1.19090581 -0.00112304394
v -0.610316992 1.19098854 -0.00103743735
v -0.613222361 1.18621087 0.000576380873
v -0.613222301 1.19098127 -0.00105202605
v -0.617796183 1.19012308 -0.000877064595
v -0.571220934 1.18304706 -0.00345036876
v -0.569167316 1.18627906 -0.00436787028
v -0.571094811 1.18300378 -0.00424754573
v -0.571879447 1.18280292 -0.00690722046
v -0.571950436 1.18812215 -0.00451120967
v -0.578573346 1.18752038 -0.00496831769
v -0.567785382 1.18177342 -0.00650236243
v -0.571695387 1.18049526 -0.0111317383
v -0.578573346 1.18306971 -0.00660446286
v -0.566656649 1.17970955 -0.0107957264
v -0.567776978 1.18188715 -0.0158245247
v -0.582688153 1.18383896 -0.00669379579
v -0.582688153 1.18173003 -0.0110149439
v -0.582688153 1.18772078 -0.00519366749
v -0.585590482 1.18777299 -0.00531130796
v -0.588518798 1.1841203 -0.00675788615
v -0.588518798 1.18846154 -0.00553012546
v -0.595805287 1.18820977 -0.00576246949
v -0.578573346 1.18120933 -0.0109380325
v -0.578573346 1.18320024 -0.0154255759
v -0.565208435 1.18139386 -0.0173102282
v -0.571136534 1.18264771 -0.0156894196
v -0.564639509 1.18376338 -0.0174064711
v -0.569910645 1.18674695 -0.0174606722
v -0.578573346 1.18752038 -0.0170610417
v -0.565112054 1.18129587 -0.0179159548
v -0.564513922 1.18352902 -0.0186450947
v -0.582688153 1.18383896 -0.0153378434
v -0.582688153 1.18772078 -0.0168366544
v -0.585590482 1.18777299 -0.0166905802
v -0.564977944 1.18120563 -0.0185061134
v -0.56692338 1.18562675 -0.0192158464
v -0.588518798 1.1841203 -0.0152772749
v -0.588518798 1.18846154 -0.0164777078
v -0.568393826 1.17981136 -0.0213295296
v -0.570365191 1.185408 -0.0194842089
v -0.588518798 1.18215227 -0.0110184615
v -0.595805287 1.18430221 -0.0149330003
v -0.595805287 1.18820977 -0.0162753295
v -0.570365191 1.18017614 -0.0216568653
v -0.595805287 1.18430221 -0.00710447785
v -0.601362228 1.18483162 -0.0142855905
v -0.601362228 1.18292356 -0.0110188434
v -0.607169569 1.18463635 -0.0140838977
v -0.601362228 1.18854797 -0.015872648
v -0.604270518 1.18859959 -0.0157175958
v -0.607169569 1.18858063 -0.0154848192
v -0.611415982 1.18793488 -0.0154412445
v -0.595805287 1.18247497 -0.0110187419
v -0.601362228 1.18483162 -0.00775164459
v -0.607169569 1.18463635 -0.0079525793
v -0.601362228 1.18854797 -0.0061647743
v -0.604270518 1.18859959 -0.00631960016
v -0.607169569 1.18858063 -0.00655147666
v -0.611415982 1.18793488 -0.00659467466
v -0.607169569 1.18338192 -0.0110179847
v -0.610945225 1.18349206 -0.0110179698
v -0.611182749 1.18485832 -0.0139420265
v -0.611182749 1.18485832 -0.00809398759
v -0.615972042 1.1852169 -0.0135773439
v -0.616081893 1.18773162 -0.0151340347
v -0.615927398 1.18413818 -0.0110179605
v -0.615836084 1.185094 -0.00883321278
v -0.616216004 1.18767488 -0.00685925409
v -0.619099259 1.18778825 -0.00726987654
v -0.619853318 1.18581939 -0.0129845534
v -0.619188011 1.18786228 -0.0147220204
v -0.622252405 1.18677783 -0.0125552434
v -0.621559143 1.18845284 -0.0142199062
v -0.624186873 1.18956423 -0.0131422719
v -0.62009263 1.18522668 -0.0110179586
v -0.619776189 1.18584692 -0.00914866012
v -0.622263014 1.18693185 -0.00938514713
v -0.621868372 1.18863344 -0.00782869291
v -0.622517407 1.18622744 -0.0110179577
v -0.624241471 1.1883955 -0.00981681608
v -0.623951495 1.18944335 -0.0086199427
v -0.625381052 1.18980908 -0.0110179577
v -0.624205828 1.19063795 -0.00875269994
v -0.624515891 1.18808436 -0.0110179577
v -0.624450266 1.1883328 -0.0122029148
v -0.624045789 1.1905452 -0.01289389
v -0.624979854 1.19087791 -0.0110179568
v -0.624692678 1.19113028 -0.0110179568
v -0.623867154 1.19070184 -0.00897076074
v -0.623875678 1.19068444 -0.0127430828
v -0.625728488 1.18930948 0.021982057
v -0.623408973 1.18737185 0.0230391659
v -0.625475049 1.18815517 0.0221613981
v -0.623028815 1.18923426 0.0224158
v -0.620205164 1.18930185 0.0227842666
v -0.625399768 1.18937111 0.0217531081
v -0.622920752 1.18935668 0.0221927837
v -0.620670199 1.18661559 0.0237291399
v -0.620286047 1.18942475 0.0223563407
v -0.618800879 1.18951249 0.022053076
v -0.618083894 1.18633032 0.0240561888
v -0.618396878 1.18958497 0.0224967673
v -0.617947876 1.18980944 0.0200761762
v -0.613613904 1.18978667 0.0229608957
v -0.613613904 1.18698764 0.0243138112
v -0.608228087 1.1874299 0.0245189536
v -0.617715001 1.19010019 0.0200958326
v -0.618776202 1.18924356 0.0183962025
v -0.606770933 1.18992782 0.0230162181
v -0.605343282 1.18739259 0.024652699
v -0.613613904 1.19030726 0.0202143621
v -0.618048906 1.18944812 0.0180740207
v -0.620344341 1.1893822 0.0179666728
v -0.606770933 1.19066083 0.0202899911
v -0.605343282 1.18987262 0.0231371596
v -0.613613904 1.18966269 0.0179148056
v -0.603887081 1.18987072 0.0232304577
v -0.60241431 1.18733835 0.0249293018
v -0.606770933 1.18990874 0.0176489186
v -0.596037984 1.19018841 0.0234528873
v -0.596265078 1.1871016 0.0254840478
v -0.589362562 1.18729913 0.0261553563
v -0.587901056 1.19040656 0.0239561442
v -0.586578965 1.18736768 0.0265169665
v -0.603887081 1.19070959 0.0204345696
v -0.605343282 1.19075 0.0203690697
v -0.605343282 1.18987143 0.0176212601
v -0.596037984 1.19125915 0.0207608286
v -0.587901056 1.19172752 0.0209302586
v -0.586579025 1.1904676 0.0239894092
v -0.603887081 1.18984544 0.017596785
v -0.605343282 1.1874814 0.0156203341
v -0.608228087 1.18752146 0.0157026052
v -0.613613904 1.18617678 0.0159444362
v -0.617946327 1.18639457 0.0162683893
v -0.60241431 1.18736458 0.0156388357
v -0.620889783 1.1866858 0.0165118147
v -0.596037984 1.1903137 0.0175789539
v -0.596265078 1.18757737 0.0153473485
v -0.589362562 1.18757093 0.0151635511
v -0.587901056 1.19066978 0.0174561497
v -0.586578965 1.1876235 0.0149850398
v -0.62037003 1.18927264 0.0176893417
v -0.622726142 1.18925261 0.0176873319
v -0.622627497 1.18939149 0.0179407597
v -0.62547636 1.18935406 0.0180619191
v -0.623218656 1.18719745 0.0167942513
v -0.625645995 1.18921959 0.0179244224
v -0.625787139 1.18827164 0.017721191
v -0.586578965 1.19084454 0.0174543895
v -0.586578965 1.1921711 0.0210632458
v -0.584990621 1.19104552 0.0174825769
v -0.58350426 1.18768537 0.015012281
v -0.578089654 1.18761742 0.0148648042
v -0.584990621 1.19212365 0.021091111
v -0.578524947 1.19162703 0.0176342223
v -0.570212066 1.19221687 0.0175444596
v -0.571710646 1.18750238 0.0146573661
v -0.584990621 1.19060957 0.0240876041
v -0.58350426 1.18743145 0.0267744139
v -0.578442633 1.1924392 0.0211848449
v -0.578476906 1.19105399 0.0245599616
v -0.578087091 1.18706858 0.0271590222
v -0.569893301 1.19279504 0.0211319569
v -0.569890261 1.19106948 0.0249139257
v -0.570139468 1.18633354 0.0276827756
v -0.564013958 1.18590021 0.0278415866
v -0.562878966 1.19130576 0.0250551961
v -0.55877763 1.1852684 0.0279225446
v -0.559469581 1.19270647 0.0245966148
v -0.553694844 1.18490267 0.0280548036
v -0.562357724 1.1933639 0.0208191574
v -0.554429233 1.19249713 0.0252591986
v -0.54479599 1.1841116 0.0290958881
v -0.563849151 1.19241035 0.0173640959
v -0.55809021 1.19465363 0.0165690258
v -0.565020502 1.19116211 0.0145132989
v -0.569360912 1.18508828 0.0141611453
v -0.565430582 1.19111359 0.0125663253
v -0.569507599 1.18508649 0.0120847048
v -0.573017895 1.18971837 0.0119291479
v -0.55989629 1.19478559 0.0209132005
v -0.559007704 1.19293904 0.0126539748
v -0.571603775 1.19463658 0.0086539425
v -0.581051648 1.19040012 0.0112125529
v -0.564783514 1.1948899 0.00903613027
v -0.581421018 1.19447625 0.00810778979
v -0.587418199 1.1906122 0.0107188486
v -0.571544349 1.19666731 0.00413208734
v -0.58889097 1.19433951 0.00790410396
v -0.590345681 1.19081628 0.010533384
v -0.581421018 1.19618022 0.00407310855
v -0.560678959 1.19578314 0.00924054906
v -0.564637244 1.19715118 0.00419970555
v -0.556172311 1.19678235 0.0131557835
v -0.571081281 1.19530439 0.000289762509
v -0.590345681 1.19428515 0.00781018287
v -0.58889097 1.19589388 0.00417133281
v -0.581421018 1.19508278 0.000568722899
v -0.591781616 1.19421411 0.00763732288
v -0.59323734 1.19090664 0.0103281196
v -0.600921512 1.19381928 0.00751749426
v -0.600921512 1.19090486 0.00983812567
v -0.607393503 1.19096732 0.00917213783
v -0.591781616 1.19533074 0.00405194657
v -0.608868062 1.19345903 0.00727657415
v -0.610316992 1.19096625 0.00899711158
v -0.590345681 1.19578314 0.00410681218
v -0.590345681 1.19450879 0.000881003041
v -0.600921512 1.19466424 0.00387511356
v -0.58889097 1.19460332 0.000793825602
v -0.591781616 1.19438183 0.000933383184
v -0.590345681 1.19084227 -0.00179667154
v -0.587418199 1.19071257 -0.00180124014
v -0.581051648 1.190606 -0.0018647433
v -0.57251519 1.18960953 -0.00221114536
v -0.59323734 1.1909374 -0.00169999257
v -0.600921512 1.19398904 0.000774152693
v -0.600921512 1.19091976 -0.00136123376
v -0.607393503 1.19090581 -0.00112304394
v -0.608868062 1.19345999 0.000527735334
v -0.610316992 1.19098854 -0.00103743735
v -0.565290689 1.19241989 -0.00266303425
v -0.569147229 1.18638194 -0.00258077099
v -0.608868062 1.19408882 0.00371141755
v -0.610316992 1.19340181 0.000525270356
v -0.610316992 1.19355094 0.00728058675
v -0.564373195 1.19576621 5.12179176E-05
v -0.565311432 1.19136894 -0.00443594018
v -0.569167316 1.18627906 -0.00436787028
v -0.571950436 1.18812215 -0.00451120967
v -0.560077071 1.19651377 -0.00445384951
v -0.560249686 1.19629335 6.56763996E-06
v -0.570043266 1.19322944 -0.00726782344
v -0.578573346 1.18752038 -0.00496831769
v -0.610316992 1.19407511 0.00372008234
v -0.611737788 1.19394207 0.00366201089
v -0.560894251 1.19865251 0.00457115332
v -0.563906252 1.19373822 -0.00692028459
v -0.578969896 1.1921618 -0.00724869175
v -0.582688153 1.18772078 -0.00519366749
v -0.611737788 1.19348025 0.00721858069
v -0.617898524 1.19314468 0.00709896255
v -0.613222301 1.19096446 0.00885822065
v -0.617781043 1.19010758 0.00859002676
v -0.622514009 1.18948364 0.00826840103
v -0.569652379 1.19381654 -0.0109010888
v -0.5841465 1.19216394 -0.00733577646
v -0.5841465 1.19296896 -0.0110144969
v -0.585590482 1.18777299 -0.00531130796
v -0.585590482 1.19208503 -0.00746969506
v -0.578969896 1.19341195 -0.0110144978
v -0.587069392 1.19195008 -0.00753236702
v -0.588518798 1.18846154 -0.00553012546
v -0.595805287 1.19144988 -0.00765822455
v -0.595805287 1.18820977 -0.00576246949
v -0.601362228 1.18854797 -0.0061647743
v -0.587069392 1.19259942 -0.0110188983
v -0.585590482 1.19290018 -0.011016259
v -0.602803469 1.19137073 -0.00792419817
v -0.604270518 1.18859959 -0.00631960016
v -0.585590482 1.19210708 -0.0145442653
v -0.569265544 1.19231951 -0.014809438
v -0.578969896 1.1921618 -0.0147804283
v -0.5841465 1.19216394 -0.0146936644
v -0.563408971 1.19442785 -0.0109766843
v -0.561279953 1.19533706 -0.00754033308
v -0.556704342 1.19751918 -0.00373950764
v -0.587069392 1.19195008 -0.0145054311
v -0.585590482 1.18777299 -0.0166905802
v -0.582688153 1.18772078 -0.0168366544
v -0.578573346 1.18752038 -0.0170610417
v -0.569910645 1.18674695 -0.0174606722
v -0.588518798 1.18846154 -0.0164777078
v -0.595805287 1.1919291 -0.0110188983
v -0.595805287 1.19144988 -0.014379574
v -0.595805287 1.18820977 -0.0162753295
v -0.601362228 1.18854797 -0.015872648
v -0.602803469 1.19122195 -0.0139684742
v -0.604270518 1.18859959 -0.0157175958
v -0.602803469 1.19153953 -0.0110188508
v -0.563231707 1.18829942 -0.0175200738
v -0.564639509 1.18376338 -0.0174064711
v -0.604270518 1.19137454 -0.013894802
v -0.604270518 1.19137454 -0.00801357627
v -0.563573539 1.19261003 -0.0150194727
v -0.563338161 1.18672431 -0.0191322081
v -0.564513922 1.18352902 -0.0186450947
v -0.56692338 1.18562675 -0.0192158464
v -0.556267142 1.19012094 -0.0189963076
v -0.560851097 1.19344246 -0.0150508368
v -0.565567315 1.1881367 -0.0212991089
v -0.570365191 1.185408 -0.0194842089
v -0.604270518 1.19169724 -0.0109735001
v -0.605709016 1.1915803 -0.0109247621
v -0.560729146 1.19531047 -0.0111331651
v -0.560603201 1.1885314 -0.0210812278
v -0.570507765 1.18805361 -0.0215524882
v -0.573753953 1.18501854 -0.0198041331
v -0.605709016 1.19125879 -0.0080754431
v -0.612495959 1.19120371 -0.00806754548
v -0.607169569 1.18858063 -0.00655147666
v -0.611415982 1.18793488 -0.00659467466
v -0.616216004 1.18767488 -0.00685925409
v -0.565251231 1.18895996 -0.023986496
v -0.574967563 1.18789423 -0.021725744
v -0.574967563 1.1885643 -0.0244993735
v -0.576193333 1.18487632 -0.0199862849
v -0.576193273 1.18797731 -0.0216327645
v -0.570507765 1.18879879 -0.0242839158
v -0.577442706 1.18783331 -0.0217766091
v -0.5786587 1.18483829 -0.0201752651
v -0.582202494 1.18736506 -0.0220297016
v -0.582202494 1.18500161 -0.020530181
v -0.58548981 1.18497717 -0.0208073966
v -0.577442706 1.18826163 -0.0246605128
v -0.576193333 1.18850482 -0.0246703755
v -0.586688995 1.18718982 -0.0223005414
v -0.587865829 1.1849438 -0.0209009815
v -0.576193273 1.18770182 -0.0272744372
v -0.564960718 1.18785286 -0.027024705
v -0.570507765 1.18776131 -0.0271335468
v -0.574967563 1.18773472 -0.0272711683
v -0.560448825 1.18919516 -0.0239232257
v -0.556949914 1.19019473 -0.0223446172
v -0.554687619 1.19273198 -0.0181837752
v -0.577442706 1.18748116 -0.0272792783
v -0.576193333 1.18487632 -0.029140668
v -0.573753953 1.18501854 -0.0291964673
v -0.570365191 1.18476844 -0.029166434
v -0.566480279 1.18449104 -0.029071087
v -0.563158154 1.18443274 -0.0290059224
v -0.5786587 1.18483829 -0.029083401
v -0.559826076 1.1880933 -0.0268693361
v -0.55771631 1.1836673 -0.0292066354
v -0.582202494 1.18792653 -0.0247319434
v -0.582202494 1.18718851 -0.0271868613
v -0.582202494 1.18498755 -0.0288846996
v -0.58548981 1.18498588 -0.0287899245
v -0.586688995 1.18713355 -0.0272738766
v -0.587865829 1.18497562 -0.0286743436
v -0.586688995 1.18757093 -0.0247576237
v -0.554940581 1.1888324 -0.026604373
v -0.587865829 1.18709981 -0.0222243331
v -0.587865829 1.18755519 -0.0247319881
v -0.587865829 1.18719172 -0.0272827409
v -0.58905822 1.18711162 -0.022284789
v -0.590253949 1.18470728 -0.0210357308
v -0.593050003 1.1865741 -0.0224593617
v -0.593050003 1.18436718 -0.0211266484
v -0.595449924 1.18407047 -0.0212961119
v -0.58905822 1.18747318 -0.0247030538
v -0.58905822 1.18713021 -0.0271453485
v -0.590253949 1.18472397 -0.0284539815
v -0.593050003 1.18706393 -0.0248105768
v -0.593050003 1.18672264 -0.0269227847
v -0.595659256 1.18626118 -0.0267151445
v -0.593050003 1.18429339 -0.028285034
v -0.595489621 1.18395698 -0.0280780699
v -0.598205805 1.18388081 -0.0277118273
v -0.595219851 1.1867497 -0.0248288028
v -0.595779538 1.18624389 -0.0226156972
v -0.597677231 1.18607044 -0.0224340893
v -0.598095298 1.1839875 -0.0217666365
v -0.600477278 1.18444824 -0.0223735254
v -0.595725477 1.18655002 -0.0248140171
v -0.596444011 1.18627298 -0.0230844691
v -0.596367002 1.18602407 -0.0262854993
v -0.597739637 1.18618357 -0.0228108168
v -0.59996587 1.18611455 -0.0229291059
v -0.597720504 1.18614185 -0.0266588852
v -0.60006088 1.18600261 -0.0227304474
v -0.602056086 1.18612742 -0.0232785866
v -0.602337658 1.18607068 -0.0230772737
v -0.602126479 1.18501258 -0.0229251757
v -0.597737491 1.18604183 -0.0269021392
v -0.599731565 1.18601966 -0.0268942975
v -0.599651694 1.18614697 -0.0266723838
v -0.602064073 1.18611133 -0.0265312474
v -0.600516558 1.18440354 -0.0272946302
v -0.602205098 1.18598855 -0.026653247
v -0.602312922 1.18511951 -0.026681589
v -0.566201448 1.16609263 0.0371177383
v -0.562578917 1.16941226 0.0381464846
v -0.563365161 1.16648996 0.0372738987
v -0.566221297 1.1695714 0.0385396369
v -0.563264132 1.17194915 0.0376907326
v -0.566398203 1.17254746 0.0377926715
v -0.569838047 1.16945827 0.0384955183
v -0.569014609 1.17231369 0.0376733169
v -0.569437981 1.16625798 0.0370155573
v -0.571731985 1.17148387 0.0377670005
v -0.571921945 1.17128456 0.0370494574
v -0.572772622 1.16939282 0.037003994
v -0.571403503 1.16657567 0.0373306423
v -0.571989834 1.1672591 0.0368491411
v -0.572664797 1.16762292 0.0374791026
v -0.572692871 1.17039263 0.0378341377
v -0.573091269 1.16913462 0.0376769528
v -0.498181015 1.17650485 0.0117707811
v -0.503996909 1.17308509 0.0120489551
v -0.49877584 1.17794967 0.0174449161
v -0.505020022 1.17425621 0.0207943581
v -0.510955036 1.16786432 0.0170233231
v -0.501431167 1.18452501 0.0205163695
v -0.510860682 1.16911197 0.0246803667
v -0.507073998 1.1792469 0.0245418549
v -0.509503603 1.18375611 0.0252279602
v -0.501480579 1.18885517 0.0205507372
v -0.518575132 1.1639353 0.0286128186
v -0.520608842 1.16286433 0.0217010453
v -0.527772605 1.16180027 0.0274726022
v -0.511986315 1.1754297 0.0277287811
v -0.513405085 1.18959272 0.0221164655
v -0.502525032 1.19779122 0.0128533905
v -0.525822759 1.16246307 0.033011876
v -0.534267247 1.16219795 0.0290243085
v -0.518726587 1.17194331 0.0324018188
v -0.512800694 1.18165362 0.0276525132
v -0.524829686 1.16837132 0.0355099402
v -0.530979514 1.16264832 0.0348704867
v -0.537281692 1.16220129 0.0296243392
v -0.521108449 1.17818642 0.0324179344
v -0.515816391 1.19789827 0.012829097
v -0.502727807 1.20042098 0.00304400292
v -0.523397565 1.1827575 0.0301512312
v -0.527307034 1.17526078 0.0356500745
v -0.533486307 1.18134665 0.0309518483
v -0.528210282 1.19162381 0.0236587711
v -0.517554402 1.20006919 0.00352582335
v -0.502961159 1.19943368 -0.00742929615
v -0.530778944 1.17469025 0.0368986242
v -0.535179257 1.17856216 0.0310413241
v -0.537677169 1.17726302 0.0311624948
v -0.531237185 1.1972785 0.0133180926
v -0.547259152 1.19388795 0.0232546031
v -0.518022954 1.19864953 -0.00865433272
v -0.50288552 1.19620645 -0.0155140264
v -0.534471631 1.17418551 0.0371768177
v -0.542223454 1.17613649 0.0312686302
v -0.554861963 1.19570518 0.0216296986
v -0.531558573 1.19954419 0.00407403242
v -0.517111421 1.19494307 -0.0192282163
v -0.505127668 1.19088149 -0.0188649874
v -0.547982335 1.1968869 0.0137119684
v -0.529653013 1.16780496 0.0371133722
v -0.533863604 1.16835988 0.0378746316
v -0.539571583 1.16871393 0.0376945473
v -0.534385026 1.16307199 0.0358053185
v -0.542304277 1.16259468 0.0304252934
v -0.540588796 1.16381645 0.0357509404
v -0.548309028 1.16337311 0.0309686176
v -0.548337877 1.16490352 0.0360634513
v -0.550901353 1.16358888 0.0311953351
v -0.540740907 1.17392814 0.0364147685
v -0.548396528 1.17360282 0.0362092331
v -0.548221409 1.17536235 0.0311939754
v -0.550634027 1.17525554 0.0312644318
v -0.548482299 1.16932666 0.0379011855
v -0.550512433 1.17350543 0.0360397324
v -0.553633094 1.17501879 0.0315143205
v -0.550687373 1.16505289 0.0359836631
v -0.553217471 1.16517603 0.0357848667
v -0.553464592 1.16367948 0.0314088799
v -0.550465345 1.16940284 0.037897788
v -0.552802563 1.17353129 0.036068473
v -0.558859706 1.1748513 0.0328672156
v -0.553020537 1.16938496 0.0377943665
v -0.55918622 1.16516054 0.0363080911
v -0.559355021 1.16397786 0.0326314569
v -0.562551737 1.16521835 0.0365519337
v -0.5632025 1.16434669 0.0333042555
v -0.566957653 1.16479588 0.0341415554
v -0.558944345 1.1732955 0.0369885378
v -0.562553465 1.17311883 0.0373717695
v -0.563625991 1.17448688 0.0341430046
v -0.558982074 1.16945183 0.0380606949
v -0.5619362 1.16957378 0.0383657627
v -0.56638211 1.17313325 0.0377665386
v -0.567057431 1.17392886 0.0348889679
v -0.569511294 1.17319536 0.0355639271
v -0.563365161 1.16648996 0.0372738987
v -0.562578917 1.16941226 0.0381464846
v -0.563264132 1.17194915 0.0376907326
v -0.566398203 1.17254746 0.0377926715
v -0.566201448 1.16609263 0.0371177383
v -0.569131613 1.1726768 0.037536066
v -0.569014609 1.17231369 0.0376733169
v -0.571921945 1.17128456 0.0370494574
v -0.571651578 1.1718874 0.0353369378
v -0.566337824 1.16539025 0.0368701257
v -0.569518328 1.16596675 0.0369946808
v -0.569437981 1.16625798 0.0370155573
v -0.569908798 1.16544735 0.0346294902
v -0.571989834 1.1672591 0.0368491411
v -0.571846426 1.16681433 0.0347926207
v -0.0424265526 0.0521555357 -0.000411231216
v -0.0474316888 0.0706566349 -0.0214968771
v -0.0438055359 0.0548237376 -0.0257296041
v -0.0472298525 0.055049412 -0.0355487727
v -0.0509964079 0.0710174814 -0.0311241616
v -0.0539058298 0.0555940904 -0.0400704294
v -0.0485048369 0.106305674 -0.0247667078
v -0.0469000898 0.105215773 -0.0170810577
v -0.0523604937 0.106389463 -0.0311175846
v -0.0561491325 0.106628008 -0.0337020941
v -0.0547215864 0.0712932125 -0.0353694335
v -0.0616591424 0.071450673 -0.036364045
v -0.0629382432 0.0552200153 -0.0402021036
v -0.063114129 0.106152177 -0.0352050662
v -0.0694792941 0.104995199 -0.031154491
v -0.0713321492 0.0539918803 -0.034153197
v -0.0681666955 0.0701059923 -0.0313400514
v -0.07482481 0.101624474 -0.0234785341
v -0.0750842094 0.0684008226 -0.0220904276
v -0.0796339959 0.0508470573 -0.021530509
v -0.0789643228 0.0991081148 -0.0185592584
v -0.0807743371 0.061425142 0.000512519153
v -0.0823929086 0.0488696657 0.000698927033
v -0.0829909667 0.0770126879 -0.0146222441
v -0.0781562403 0.0993433297 -0.00539510045
v -0.0797519684 0.0802245438 -0.00293633225
v -0.0730341822 0.100181691 0.00879608002
v -0.081537962 0.0547017753 0.0189934075
v -0.0832863599 0.0463212021 0.0177453961
v -0.0825692415 0.0423474349 0.0433764793
v -0.0724383667 0.0794508085 0.0152623253
v -0.07251928 0.0614119023 0.0370893702
v -0.0741880238 0.0496899895 0.0550148897
v -0.0629561469 0.0558743663 0.061544802
v -0.0629371703 0.0856586471 0.0205940679
v -0.0616228171 0.101658858 0.0139775015
v -0.0624408275 0.0683980733 0.0433804393
v -0.0531581789 0.067391865 0.0399727821
v -0.051681947 0.0540954471 0.0602966882
v -0.0404021442 0.0476498492 0.0546489954
v -0.0535056107 0.0840310305 0.0180636626
v -0.0529626124 0.104130961 0.00756716169
v -0.0427965783 0.061505679 0.0324804001
v -0.0381801501 0.0363459848 0.0488594286
v -0.040300902 0.0427354835 0.0295365043
v -0.0424265526 0.0521555357 -0.000411231216
v -0.0441498272 0.0757513493 0.00631633727
v -0.0483377315 0.105105445 -0.00371582224
v -0.0436629765 0.0704469383 -0.00677845441
v -0.0474316888 0.0706566349 -0.0214968771
v -0.0432918109 0.0888904333 -0.0139507549
v -0.0469000898 0.105215773 -0.0170810577
v -0.433597445 1.17231822 0.00192956941
v -0.455616206 1.17476022 0.0017192252
v -0.434392273 1.17725384 0.0150449378
v -0.455585629 1.17901719 0.0135058574
v -0.484293848 1.17737627 0.00110335299
v -0.434056014 1.18885458 0.0218757987
v -0.483917236 1.18023694 0.0113795828
v -0.491408825 1.17659354 0.000728850486
v -0.45689109 1.18951106 0.0197122693
v -0.434227318 1.20005906 0.0143490797
v -0.491017938 1.17821312 0.0116502009
v -0.49908179 1.17614067 0.000622478663
v -0.498181015 1.17650485 0.0117707811
v -0.49877584 1.17794967 0.0174449161
v -0.458300531 1.19939637 0.0126100397
v -0.435067445 1.20605612 0.00348444539
v -0.485674739 1.18905604 0.0182644799
v -0.492736429 1.18868852 0.0185643565
v -0.501431167 1.18452501 0.0205163695
v -0.501480579 1.18885517 0.0205507372
v -0.459603101 1.20411313 0.00226539886
v -0.434964716 1.20572746 -0.00787835661
v -0.487752855 1.19782484 0.0118642645
v -0.494248956 1.19781435 0.012671195
v -0.502525032 1.19779122 0.0128533905
v -0.459948838 1.20323181 -0.00735334214
v -0.435123593 1.20036054 -0.0178911332
v -0.488460422 1.20046437 0.00240500062
v -0.494012415 1.20072258 0.00281254621
v -0.502727807 1.20042098 0.00304400292
v -0.459935665 1.19890606 -0.0151827931
v -0.434378922 1.18958569 -0.0232052933
v -0.488527566 1.20012927 -0.00634709187
v -0.494832188 1.19986045 -0.00715684332
v -0.502961159 1.19943368 -0.00742929615
v -0.45886454 1.19007576 -0.0204424001
v -0.434239388 1.17873406 -0.0161163975
v -0.488610864 1.19795585 -0.0146778272
v -0.496209949 1.19689608 -0.0162393991
v -0.50288552 1.19620645 -0.0155140264
v -0.496203899 1.19008493 -0.0185109768
v -0.505127668 1.19088149 -0.0188649874
v -0.457073569 1.1813308 -0.0143887084
v -0.4338229 1.17285693 -0.00738356216
v -0.489310831 1.1899724 -0.0186009277
v -0.494905651 1.18400466 -0.0148850931
v -0.503705859 1.1838845 -0.0155380834
v -0.487541497 1.18380952 -0.0140055129
v -0.456216961 1.17633271 -0.00685110036
v -0.433597445 1.17231822 0.00192956941
v -0.455616206 1.17476022 0.0017192252
v -0.485476345 1.17970383 -0.00585199893
v -0.484293848 1.17737627 0.00110335299
v -0.492982477 1.17963517 -0.00633022422
v -0.501300037 1.18019509 -0.00817075837
v -0.491408825 1.17659354 0.000728850486
v -0.49908179 1.17614067 0.000622478663
v -0.631079495 1.19276214 0.00605708687
v -0.631602466 1.19330955 0.00351930526
v -0.630721509 1.19283378 0.0058008465
v -0.631907403 1.19302654 0.00351589522
v -0.632330596 1.19182754 0.00350546744
v -0.630956471 1.19118142 0.00621054554
v -0.630911112 1.19265795 0.00132848532
v -0.630731106 1.19281423 0.00149440044
v -0.631058872 1.19155931 0.00107513624
v -0.631173432 1.1902411 0.00490265572
v -0.628606617 1.19051635 0.00712567149
v -0.62900424 1.1884172 0.00543734664
v -0.62567687 1.18956828 0.00788721163
v -0.631393313 1.19017076 0.00217446196
v -0.629247129 1.18838286 0.00164119294
v -0.62824887 1.19038796 0.000236119013
v -0.625769615 1.18965101 -0.000166413665
v -0.631469131 1.1898874 0.00344607723
v -0.629328132 1.18777156 0.00349010271
v -0.626572847 1.18739569 0.00116052711
v -0.622513056 1.18957269 -0.00057287229
v -0.626864135 1.18648553 0.00354591291
v -0.622308016 1.18637788 0.000880380278
v -0.626278579 1.18727183 0.00573666487
v -0.621995807 1.1851958 0.00366555224
v -0.617547452 1.18456697 0.00372652547
v -0.617552161 1.18611193 0.000680637197
v -0.622432828 1.18622661 0.00615200261
v -0.622514009 1.18948364 0.00826840103
v -0.617613256 1.18583691 0.00655198656
v -0.613222361 1.18451357 0.00368215074
v -0.631079495 1.19276214 0.00605708687
v -0.628606617 1.19051635 0.00712567149
v -0.630956471 1.19118142 0.00621054554
v -0.62962091 1.19279695 0.00633499864
v -0.62674123 1.19288027 0.00673146173
v -0.630721509 1.19283378 0.0058008465
v -0.628065646 1.19281781 0.0063184849
v -0.62567687 1.18956828 0.00788721163
v -0.625236869 1.19290566 0.00649495237
v -0.623857737 1.19301808 0.00612255372
v -0.623216927 1.19310462 0.00664932653
v -0.622686625 1.19336998 0.00377454935
v -0.622335851 1.19355941 0.00367535371
v -0.623758972 1.19270122 0.00179020595
v -0.622651279 1.19295418 0.00130938785
v -0.625212491 1.19285333 0.00132710871
v -0.61767149 1.19368362 0.00359822507
v -0.611737788 1.19336569 0.000532375881
v -0.613222301 1.19098127 -0.00105202605
v -0.617824972 1.19311988 0.000842829759
v -0.617796183 1.19012308 -0.000877064595
v -0.622513056 1.18957269 -0.00057287229
v -0.625769615 1.18965101 -0.000166413665
v -0.626814544 1.19284534 0.00103149889
v -0.629222929 1.19281745 0.00106908719
v -0.62766701 1.19285905 0.00133696164
v -0.630731106 1.19281423 0.00149440044
v -0.62824887 1.19038796 0.000236119013
v -0.630911112 1.19265795 0.00132848532
v -0.631058872 1.19155931 0.00107513624
v -0.624205828 1.19063795 -0.00875269994
v -0.621868372 1.18863344 -0.00782869291
v -0.623951495 1.18944335 -0.0086199427
v -0.621470988 1.19056118 -0.00838052388
v -0.618608475 1.19064569 -0.0081499517
v -0.623867154 1.19070184 -0.00897076074
v -0.621356785 1.19068778 -0.00860548392
v -0.619099259 1.18778825 -0.00726987654
v -0.618683279 1.19077253 -0.0085749086
v -0.617101073 1.19088769 -0.00897560455
v -0.616599083 1.19090378 -0.00848656613
v -0.61626035 1.19121087 -0.0110179577
v -0.615879476 1.19143641 -0.0110179586
v -0.617007971 1.19060183 -0.012776792
v -0.616376221 1.19086921 -0.0134994797
v -0.618660033 1.19072473 -0.0130845448
v -0.612471402 1.19161332 -0.0109800864
v -0.605709016 1.19125879 -0.0138555011
v -0.607169569 1.18858063 -0.0154848192
v -0.612495959 1.19120371 -0.0135956276
v -0.611415982 1.18793488 -0.0154412445
v -0.616081893 1.18773162 -0.0151340347
v -0.619188011 1.18786228 -0.0147220204
v -0.618680775 1.19061077 -0.0133742448
v -0.621074677 1.19058013 -0.0132275606
v -0.620980144 1.19072413 -0.0129655516
v -0.623875678 1.19068444 -0.0127430828
v -0.621559143 1.18845284 -0.0142199062
v -0.624045789 1.1905452 -0.01289389
v -0.624186873 1.18956423 -0.0131422719
v -0.602337658 1.18607068 -0.0230772737
v -0.602749825 1.18650353 -0.0249588732
v -0.602056086 1.18612742 -0.0232785866
v -0.602989316 1.18627977 -0.0249592699
v -0.603322804 1.18533242 -0.0249562003
v -0.602126479 1.18501258 -0.0229251757
v -0.602205098 1.18598855 -0.026653247
v -0.602064073 1.18611133 -0.0265312474
v -0.602312922 1.18511951 -0.026681589
v -0.602406204 1.18417895 -0.0239154771
v -0.600477278 1.18444824 -0.0223735254
v -0.600734591 1.1829896 -0.0233839918
v -0.598095298 1.1839875 -0.0217666365
v -0.602582574 1.18412328 -0.0260090902
v -0.60097301 1.18321419 -0.0264327563
v -0.600516558 1.18440354 -0.0272946302
v -0.598205805 1.18388081 -0.0277118273
v -0.602640152 1.18389833 -0.024946494
v -0.601033807 1.1826247 -0.0249791108
v -0.598723173 1.18232274 -0.0266951844
v -0.595489621 1.18395698 -0.0280780699
v -0.598913431 1.18169534 -0.0249728579
v -0.595446587 1.18176913 -0.0269743986
v -0.598720789 1.18232322 -0.0231778733
v -0.593050003 1.18169725 -0.0271535348
v -0.595448494 1.18105364 -0.024851162
v -0.595322609 1.18163919 -0.0228450242
v -0.595449924 1.18407047 -0.0212961119
v -0.593050003 1.18436718 -0.0211266484
v -0.590253949 1.18084574 -0.0247675627
v -0.593050003 1.18157983 -0.0227173958
v -0.593050003 1.18083262 -0.0248276852
v -0.590253949 1.18160343 -0.022470193
v -0.590253949 1.18470728 -0.0210357308
v -0.587865829 1.1849438 -0.0209009815
v -0.58548981 1.18144333 -0.0221773889
v -0.582202494 1.18119824 -0.0222184248
v -0.58548981 1.18497717 -0.0208073966
v -0.582202494 1.18500161 -0.020530181
v -0.5786587 1.18483829 -0.0201752651
v -0.582202494 1.18007743 -0.0246797707
v -0.5786587 1.18070102 -0.021881938
v -0.576193333 1.18487632 -0.0199862849
v -0.573753953 1.18061149 -0.0218819343
v -0.573753953 1.18501854 -0.0198041331
v -0.570365191 1.1788547 -0.024445774
v -0.571651578 1.1718874 0.0353369378
v -0.567057431 1.17392886 0.0348889679
v -0.569511294 1.17319536 0.0355639271
v -0.568972945 1.17273736 0.0325875655
v -0.570412636 1.17002702 0.0319231711
v -0.563625991 1.17448688 0.0341430046
v -0.564610422 1.17284989 0.0302435886
v -0.558859706 1.1748513 0.0328672156
v -0.559379935 1.17258251 0.0280766841
v -0.564700663 1.17005455 0.0289816689
v -0.564247847 1.16582429 0.0295346342
v -0.5632025 1.16434669 0.0333042555
v -0.569013834 1.16649735 0.031657394
v -0.566957653 1.16479588 0.0341415554
v -0.569908798 1.16544735 0.0346294902
v -0.571846426 1.16681433 0.0347926207
v -0.572908342 1.16972744 0.0350534134
v -0.572772622 1.16939282 0.037003994
v -0.571989834 1.1672591 0.0368491411
v -0.571921945 1.17128456 0.0370494574
v 0.0550161339 0.436208457 -0.0427853875
v 0.042452421 0.419529706 -0.0427286625
v 0.0586656444 0.422645301 -0.0477248318
v 0.0490075536 0.435052812 -0.0431615934
v 0.0533086434 0.450876176 -0.0402954519
v 0.0902898088 0.423793256 -0.0434049554
v 0.0841184407 0.440741956 -0.0414030068
v 0.0807726011 0.425426245 -0.0489117652
v 0.0795698985 0.441798627 -0.0433598608
v 0.0786696523 0.455894887 -0.0405223295
v 0.0819694251 0.438267052 0.0134511311
v 0.0762379542 0.420439333 0.0138880294
v 0.0746884197 0.426792681 0.0198606458
v 0.0762092322 0.437655389 0.0262611881
v 0.0778268501 0.453538269 0.0293823536
v 0.08572568 0.457664669 0.0155233508
v 0.0370125249 0.403472006 -0.000606375397
v 0.0459170006 0.41486606 0.0125380522
v 0.049193278 0.40138942 0.00927250646
v 0.0342768058 0.417807847 0.00221557333
v 0.0386866927 0.429300994 0.0122215254
v 0.0310842264 0.432410926 0.00417355634
v 0.0313453525 0.449353904 0.00623065652
v 0.0362740718 0.448983252 0.0115565201
v 0.08572568 0.457664669 0.0155233508
v 0.0884580016 0.441065401 0.0089616105
v 0.0819694251 0.438267052 0.0134511311
v 0.0846029744 0.424951285 0.00896464195
v 0.0762379542 0.420439333 0.0138880294
v -0.549062192 1.19920707 0.0042740982
v -0.549180388 1.19725657 -0.00361305731
v -0.532147288 1.19746327 -0.00963571947
v -0.556789339 1.20007002 0.00586650381
v -0.556727946 1.20008755 0.00274427817
v -0.555101812 1.19627023 0.0183029193
v -0.556819975 1.19633532 0.0187009573
v -0.556592405 1.19584596 0.0215466022
v -0.558361828 1.19982553 0.00518076355
v -0.558355033 1.19982886 0.00307304994
v -0.553700507 1.19756973 -0.00956350286
v -0.548962235 1.19684243 -0.011316929
v -0.547406971 1.19381154 -0.0182074383
v -0.557709277 1.19740915 -0.00985915773
v -0.557731628 1.19706428 -0.0123959361
v -0.553619385 1.19708514 -0.012690261
v -0.532232285 1.19341397 -0.0228123795
v -0.531755567 1.1882112 -0.0260544885
v -0.545939803 1.19057679 -0.0254006609
v -0.516228378 1.19049835 -0.0225112438
v -0.515373468 1.18581653 -0.0232045222
v -0.530903816 1.18214965 -0.0264544319
v -0.544227362 1.1853689 -0.0283545647
v -0.544488609 1.18079734 -0.0278209317
v -0.550753951 1.17980766 -0.0281142667
v -0.550862134 1.1840812 -0.0290690586
v -0.552032173 1.18908465 -0.0269289296
v -0.552274108 1.19182408 -0.0246718731
v -0.555244863 1.1914618 -0.0247161034
v -0.552338362 1.19241846 -0.0226217955
v -0.555300653 1.19211304 -0.0228755306
v -0.55711019 1.19050956 -0.0249135401
v 0.00693372544 1.25046539 0.0235120226
v 0.00667043868 1.24273419 0.0222345367
v -0 1.24978364 0.0256117098
v 0.0134200854 1.25174725 0.0195031594
v 0.0131974109 1.24422288 0.0185098127
v 0.0203035809 1.25409126 0.0128925722
v 0.0200830046 1.24699676 0.0123939216
v 0.0244544223 1.25702631 0.00262095686
v 0.0246273112 1.2503047 0.00233879616
v 0.0266931001 1.26198971 -0.0140669756
v 0.0281116199 1.24510312 -0.0161306746
v -0 1.24227345 0.0234745331
v 0.00640807906 1.23041642 0.020956235
v 0.0134037538 1.23220789 0.0178897269
v 0.0208161604 1.23509908 0.0112859868
v 0.0254993476 1.23866642 0.000461981428
v 0.0288683437 1.22852385 -0.000843242684
v 0.0317568406 1.23776376 -0.0173803046
v 0.0484398678 1.22903419 -0.0188039523
v 0.0225867741 1.22280812 0.0106359646
v 0.0513833016 1.22023034 0.000276169187
v 0.0698111653 1.22291255 -0.019261295
v 0.070140779 1.21824479 -0.00607303018
v 0.0659607649 1.21650326 0.0037285632
v 0.0528332368 1.21432877 0.013030543
v 0.0306643154 1.21023393 0.0237699393
v 0.0673962757 1.21395135 0.0148047693
v 0.0142154405 1.21983731 0.0179149378
v 0.0540509485 1.21173728 0.0212537814
v 0.0554483086 1.20913529 0.0257345531
v 0.00600758195 1.21801376 0.0223649088
v 0.0361681841 1.20632493 0.0313621834
v 0.0365491584 1.19971514 0.0349348895
v 0.0207671449 1.1974256 0.0389113203
v 0.0338765197 1.20850635 0.0283097699
v 0.0200622678 1.20429158 0.0344094373
v 0.0163847711 1.20654178 0.0318300352
v 0.0104511771 1.20096529 0.0364663079
v 0.00946633518 1.19458842 0.0405340046
v 0.0134751508 1.20739365 0.0280968249
v -0 1.19685137 0.0392005295
v -0 1.19263887 0.0421047583
v -0.00946633518 1.19458842 0.0405340046
v -0 1.20017862 0.0326689221
v -0.0104511771 1.20096529 0.0364663079
v -0.0207671449 1.1974256 0.0389113203
v -0 1.20697618 0.0283264965
v -0.0134751508 1.20739365 0.0280968249
v -0 1.21778095 0.0232238248
v -0.00600758195 1.21801376 0.0223649088
v -0.0306643154 1.21023393 0.0237699393
v -0.0163847711 1.20654178 0.0318300352
v -0.0200622678 1.20429158 0.0344094373
v -0 1.23002779 0.0213898234
v -0.00640807906 1.23041642 0.020956235
v -0.0361681841 1.20632493 0.0313621834
v -0.0365491584 1.19971514 0.0349348895
v -0.0554483086 1.20913529 0.0257345531
v -0.0338765197 1.20850635 0.0283097699
v -0.0540509485 1.21173728 0.0212537814
v -0.0673962757 1.21395135 0.0148047693
v -0.0528332368 1.21432877 0.013030543
v -0.0659607649 1.21650326 0.0037285632
v -0.0513833016 1.22023034 0.000276169187
v -0.070140779 1.21824479 -0.00607303018
v -0.0698111653 1.22291255 -0.019261295
v -0.0484398678 1.22903419 -0.0188039523
v -0.0225867741 1.22280812 0.0106359646
v -0.0288683437 1.22852385 -0.000843242684
v -0.0317568406 1.23776376 -0.0173803046
v -0.0281116199 1.24510312 -0.0161306746
v -0.0254993476 1.23866642 0.000461981428
v -0.0142154405 1.21983731 0.0179149378
v -0.0246273112 1.2503047 0.00233879616
v -0.0266931001 1.26198971 -0.0140669756
v -0.0244544223 1.25702631 0.00262095686
v -0.0203035809 1.25409126 0.0128925722
v -0.0208161604 1.23509908 0.0112859868
v -0.0134037538 1.23220789 0.0178897269
v -0.0200830046 1.24699676 0.0123939216
v -0.0134200864 1.25174725 0.0195031594
v -0.0131974109 1.24422288 0.0185098127
v -0.00693372544 1.25046539 0.0235120226
v -0.00667043868 1.24273419 0.0222345367
v 0.0247151516 1.26920354 0.00285326038
v 0.0272695199 1.28103316 0.000485649012
v 0.0267825406 1.27696979 -0.013226103
v 0.0272547286 1.28721797 -0.0133001776
v 0.0236572064 1.27251256 0.0131574329
v 0.0217483658 1.26352203 0.0135994609
v 0.0294770766 1.29122281 -0.00232144026
v 0.0284415446 1.29625857 -0.0139699914
v 0.015462447 1.26720393 0.0218620393
v 0.0140021238 1.25954163 0.0212720931
v 0.026440898 1.28328013 0.0111702532
v 0.0338675343 1.30200362 -0.00429333886
v 0.0334778763 1.30536056 -0.0134700723
v 0.00736240484 1.26404321 0.0274028741
v 0.0070079295 1.25751245 0.0252131987
v 0.0177454166 1.27416587 0.0222016815
v 0.0320288017 1.29369366 0.00849869382
v 0.0414148048 1.31196237 -0.011130414
v 0.0386053883 1.31583345 -0.0246576313
v -0 1.26260865 0.0298518408
v -0 1.25619614 0.0275399908
v -0.0070079295 1.25751245 0.0252131987
v 0.00796229858 1.27014804 0.029719213
v -0 1.26794457 0.0324562974
v -0.00736240484 1.26404321 0.0274028741
v -0.0140021238 1.25954163 0.0212720931
v -0.015462447 1.26720393 0.0218620393
v -0.0217483658 1.26352203 0.0135994609
v -0.00796229858 1.27014804 0.029719213
v -0.0236572064 1.27251256 0.0131574329
v -0.0247151516 1.26920354 0.00285326038
v -0 1.26915264 0.0338641964
v 0.0044765505 1.27011132 0.0328369364
v 0.00872124359 1.2721926 0.0306592006
v -0.0044765505 1.27011132 0.0328369364
v 0.0138147529 1.27532387 0.0276190862
v 0.0214652661 1.28093803 0.0221398864
v 0.0288829599 1.28626847 0.0185754169
v -0.00872124359 1.2721926 0.0306592006
v 0.0384415872 1.29415798 0.0125507591
v -0.0177454166 1.27416587 0.0222016815
v -0.0138147529 1.27532387 0.0276190862
v -0.0214652661 1.28093803 0.0221398864
v 0.0385111906 1.30284941 0.00325107388
v 0.0451052375 1.30157626 0.0102621885
v 0.0533347316 1.3166678 0.00610106345
v -0.026440898 1.28328013 0.0111702532
v -0.0288829599 1.28626847 0.0185754169
v 0.0478217751 1.3144635 -0.00226680189
v 0.0583045185 1.32309937 -0.00553581025
v 0.0502976887 1.32200849 -0.0122615788
v 0.0617272444 1.33416486 -0.0119711123
v 0.0444516875 1.32418013 -0.0287618265
v 0.0530443192 1.33520782 -0.028507553
v -0.0272695199 1.28103316 0.000485649012
v -0.0267825406 1.27696979 -0.013226103
v -0.0272547286 1.28721797 -0.0133001776
v -0.0294770766 1.29122281 -0.00232144026
v -0.0284415446 1.29625857 -0.0139699914
v -0.0320288017 1.29369366 0.00849869382
v -0.0384415872 1.29415798 0.0125507591
v -0.0338675343 1.30200362 -0.00429333886
v -0.0334778763 1.30536056 -0.0134700723
v -0.0385111906 1.30284941 0.00325107388
v -0.0451052375 1.30157626 0.0102621885
v -0.0533347316 1.3166678 0.00610106345
v -0.0414148048 1.31196237 -0.011130414
v -0.0386053883 1.31583345 -0.0246576313
v -0.0478217751 1.3144635 -0.00226680189
v -0.0583045185 1.32309937 -0.00553581025
v -0.0502976887 1.32200849 -0.0122615788
v -0.0444516875 1.32418013 -0.0287618265
v -0.0617272444 1.33416486 -0.0119711123
v -0.0530443192 1.33520782 -0.028507553
v -0.599722326 1.18707931 -0.0249752142
v -0.597720504 1.18614185 -0.0266588852
v -0.596367002 1.18602407 -0.0262854993
v -0.595725477 1.18655002 -0.0248140171
v -0.596444011 1.18627298 -0.0230844691
v -0.597739637 1.18618357 -0.0228108168
v -0.599651694 1.18614697 -0.0266723838
v -0.59996587 1.18611455 -0.0229291059
v -0.602235019 1.18626416 -0.0265609492
v -0.602064073 1.18611133 -0.0265312474
v -0.603411674 1.1865108 -0.0258666351
v -0.602749825 1.18650353 -0.0249588732
v -0.603588045 1.18680215 -0.0250198431
v -0.603426397 1.18657529 -0.0241074413
v -0.602056086 1.18612742 -0.0232785866
v -0.602317095 1.18627107 -0.0232187156
v -0.621058285 1.19178069 -0.0110179568
v -0.618660033 1.19072473 -0.0130845448
v -0.617007971 1.19060183 -0.012776792
v -0.61626035 1.19121087 -0.0110179577
v -0.617101073 1.19088769 -0.00897560455
v -0.618683279 1.19077253 -0.0085749086
v -0.620980144 1.19072413 -0.0129655516
v -0.621356785 1.19068778 -0.00860548392
v -0.624081492 1.1908567 -0.0127735455
v -0.623875678 1.19068444 -0.0127430828
v -0.625495076 1.19113517 -0.0119718211
v -0.624692678 1.19113028 -0.0110179568
v -0.625698507 1.19146836 -0.0110179568
v -0.62551254 1.19120812 -0.00992908888
v -0.623867154 1.19070184 -0.00897076074
v -0.624179721 1.19086432 -0.00890107173
v -0.627756238 1.19403899 0.00361009012
v -0.625212491 1.19285333 0.00132710871
v -0.623758972 1.19270122 0.00179020595
v -0.622686625 1.19336998 0.00377454935
v -0.623857737 1.19301808 0.00612255372
v -0.625236869 1.19290566 0.00649495237
v -0.62766701 1.19285905 0.00133696164
v -0.628065646 1.19281781 0.0063184849
v -0.630948246 1.19300699 0.00145514729
v -0.630731106 1.19281423 0.00149440044
v -0.632443428 1.19331884 0.00234027579
v -0.631602466 1.19330955 0.00351930526
v -0.632667005 1.19368768 0.00345646939
v -0.632461667 1.1934005 0.00466794893
v -0.630721509 1.19283378 0.0058008465
v -0.631052434 1.19301569 0.00587423658
v -0.622675598 1.19040918 0.019880861
v -0.620344341 1.1893822 0.0179666728
v -0.618776202 1.18924356 0.0183962025
v -0.617947876 1.18980944 0.0200761762
v -0.618800879 1.18951249 0.022053076
v -0.620286047 1.18942475 0.0223563407
v -0.622627497 1.18939149 0.0179407597
v -0.622920752 1.18935668 0.0221927837
v -0.625679135 1.1895206 0.0180291105
v -0.62547636 1.18935406 0.0180619191
v -0.627055943 1.18978989 0.0188018214
v -0.626255393 1.1897819 0.0198027305
v -0.627246082 1.19010806 0.0197627805
v -0.627036512 1.18986011 0.020798523
v -0.625399768 1.18937111 0.0217531081
v -0.625706851 1.18952775 0.0218187273
v 0.599722326 1.18707931 -0.0249752142
v 0.596367002 1.18602407 -0.0262854993
v 0.597720504 1.18614185 -0.0266588852
v 0.595725477 1.18655002 -0.0248140171
v 0.596444011 1.18627298 -0.0230844691
v 0.597739637 1.18618357 -0.0228108168
v 0.599651694 1.18614697 -0.0266723838
v 0.59996587 1.18611455 -0.0229291059
v 0.602235019 1.18626416 -0.0265609492
v 0.602064073 1.18611133 -0.0265312474
v 0.603411674 1.1865108 -0.0258666351
v 0.602749825 1.18650353 -0.0249588732
v 0.603588045 1.18680215 -0.0250198431
v 0.603426397 1.18657529 -0.0241074413
v 0.602056086 1.18612742 -0.0232785866
v 0.602317095 1.18627107 -0.0232187156
v 0.621058285 1.19178069 -0.0110179568
v 0.617007971 1.19060183 -0.012776792
v 0.618660033 1.19072473 -0.0130845448
v 0.61626035 1.19121087 -0.0110179577
v 0.617101073 1.19088769 -0.00897560455
v 0.618683279 1.19077253 -0.0085749086
v 0.620980144 1.19072413 -0.0129655516
v 0.621356785 1.19068778 -0.00860548392
v 0.624081492 1.1908567 -0.0127735455
v 0.623875678 1.19068444 -0.0127430828
v 0.625495076 1.19113517 -0.0119718211
v 0.624692678 1.19113028 -0.0110179568
v 0.625698507 1.19146836 -0.0110179568
v 0.62551254 1.19120812 -0.00992908888
v 0.623867154 1.19070184 -0.00897076074
v 0.624179721 1.19086432 -0.00890107173
v 0.627756238 1.19403899 0.00361009012
v 0.623758972 1.19270122 0.00179020595
v 0.625212491 1.19285333 0.00132710871
v 0.622686625 1.19336998 0.00377454935
v 0.623857737 1.19301808 0.00612255372
v 0.625236869 1.19290566 0.00649495237
v 0.62766701 1.19285905 0.00133696164
v 0.628065646 1.19281781 0.0063184849
v 0.630948246 1.19300699 0.00145514729
v 0.630731106 1.19281423 0.00149440044
v 0.632443428 1.19331884 0.00234027579
v 0.631602466 1.19330955 0.00351930526
v 0.632667005 1.19368768 0.00345646939
v 0.632461667 1.1934005 0.00466794893
v 0.630721509 1.19283378 0.0058008465
v 0.631052434 1.19301569 0.00587423658
v 0.622675598 1.19040918 0.019880861
v 0.618776202 1.18924356 0.0183962025
v 0.620344341 1.1893822 0.0179666728
v 0.617947876 1.18980944 0.0200761762
v 0.618800879 1.18951249 0.022053076
v 0.620286047 1.18942475 0.0223563407
v 0.622627497 1.18939149 0.0179407597
v 0.622920752 1.18935668 0.0221927837
v 0.625679135 1.1895206 0.0180291105
v 0.62547636 1.18935406 0.0180619191
v 0.627055943 1.18978989 0.0188018214
v 0.626255393 1.1897819 0.0198027305
v 0.627246082 1.19010806 0.0197627805
v 0.627036512 1.18986011 0.020798523
v 0.625399768 1.18937111 0.0217531081
v 0.625706851 1.18952775 0.0218187273
vt 0.465983689 0.975799918
vt 0.469114602 0.978889287
vt 0.470532894 0.976329148
vt 0.468197703 0.971122921
vt 0.471647084 0.974317908
vt 0.473451078 0.969786227
vt 0.469780266 0.963879406
vt 0.474176407 0.966959059
vt 0.474753559 0.96470958
vt 0.471828043 0.956234515
vt 0.47571969 0.957214534
vt 0.475756168 0.954426229
vt 0.47378397 0.949406743
vt 0.4757936 0.951574802
vt 0.482740641 0.943710864
vt 0.481903732 0.941864848
vt 0.485368013 0.946205854
vt 0.490653485 0.943240047
vt 0.489826143 0.947150707
vt 0.489678502 0.940544724
vt 0.491905153 0.947591364
vt 0.495486826 0.944857121
vt 0.494607747 0.941010118
vt 0.496032953 0.951083422
vt 0.5 0.941328883
vt 0.5 0.946179688
vt 0.5 0.95259279
vt 0.503967047 0.951083422
vt 0.504512072 0.944857121
vt 0.505393326 0.94101274
vt 0.508094847 0.947591364
vt 0.510322094 0.940552473
vt 0.509345233 0.943245411
vt 0.510173857 0.947150707
vt 0.518096268 0.941864848
vt 0.514631987 0.946205854
vt 0.517259359 0.943710864
vt 0.5242064 0.951574802
vt 0.52621603 0.949406743
vt 0.524243832 0.954426229
vt 0.528171957 0.956234515
vt 0.52428031 0.957214534
vt 0.525246441 0.96470958
vt 0.530219674 0.963879406
vt 0.525823593 0.966959059
vt 0.526548922 0.969786227
vt 0.531802297 0.971122921
vt 0.528352916 0.974317908
vt 0.529467106 0.976329148
vt 0.534016311 0.975799918
vt 0.530885398 0.978889287
vt 0.719313145 0.902201653
vt 0.711141169 0.918338478
vt 0.723188698 0.920989633
vt 0.731341302 0.912422717
vt 0.745135605 0.896057963
vt 0.729080081 0.924310923
vt 0.749977887 0.913211584
vt 0.762910366 0.894900203
vt 0.762910366 0.913468838
vt 0.740813196 0.923074961
vt 0.733864665 0.928198636
vt 0.752975166 0.92424804
vt 0.762910366 0.924755156
vt 0.743026733 0.927636206
vt 0.753152668 0.9291206
vt 0.762949049 0.93021673
vt 0.762943268 0.931381047
vt 0.753361285 0.930710375
vt 0.743740261 0.930586934
vt 0.734947622 0.932260573
vt 0.288858831 0.918338478
vt 0.280686796 0.902201653
vt 0.276811302 0.920989633
vt 0.268658578 0.912422717
vt 0.254864216 0.896057963
vt 0.270919919 0.924310923
vt 0.250021935 0.913211823
vt 0.237089634 0.894900203
vt 0.237089634 0.913468838
vt 0.259186715 0.923074961
vt 0.266135365 0.928198636
vt 0.247024775 0.92424804
vt 0.237089634 0.924755156
vt 0.256973267 0.927636206
vt 0.265052348 0.932260633
vt 0.25625968 0.930586994
vt 0.246847302 0.9291206
vt 0.237050951 0.93021673
vt 0.246638685 0.930710375
vt 0.237056702 0.931381047
vt 0.76290673 0.947442591
vt 0.762926221 0.940083086
vt 0.754086554 0.946749747
vt 0.753822505 0.939219892
vt 0.762943268 0.935180128
vt 0.745421171 0.945110261
vt 0.753361285 0.934227407
vt 0.744419992 0.938044846
vt 0.735969424 0.943117857
vt 0.743740261 0.93405211
vt 0.735278428 0.939000666
vt 0.734947622 0.936429441
vt 0.722309411 0.971984625
vt 0.715861201 0.980608821
vt 0.72941637 0.985956728
vt 0.73626852 0.974728882
vt 0.728155017 0.96514535
vt 0.749394476 0.977034152
vt 0.746235192 0.99061209
vt 0.742657304 0.962662756
vt 0.732069075 0.9596349
vt 0.762910366 0.979853988
vt 0.762910366 0.992882013
vt 0.762910366 0.96659416
vt 0.751922131 0.965748668
vt 0.753140986 0.958348334
vt 0.762910366 0.960963607
vt 0.762910366 0.952498436
vt 0.744082391 0.955684364
vt 0.734898984 0.953959227
vt 0.753968477 0.953230858
vt 0.76290673 0.947442591
vt 0.754086554 0.946749747
vt 0.745093226 0.951181173
vt 0.736338794 0.949759007
vt 0.745421171 0.945110261
vt 0.735969424 0.943117857
vt 0.544617772 0.937236309
vt 0.54388237 0.93236351
vt 0.535531759 0.936211824
vt 0.535307884 0.93191582
vt 0.54377228 0.929798841
vt 0.52709651 0.93408072
vt 0.527045846 0.931649923
vt 0.518948436 0.932256877
vt 0.519158721 0.929412544
vt 0.509189844 0.930511057
vt 0.509349108 0.927712858
vt 0.5 0.927500606
vt 0.5 0.929786384
vt 0.490810007 0.930511057
vt 0.490650743 0.927712858
vt 0.48084116 0.929412603
vt 0.481051415 0.932256877
vt 0.472954094 0.931649923
vt 0.47290343 0.93408072
vt 0.464692682 0.931916118
vt 0.464469761 0.936212718
vt 0.45611763 0.93236351
vt 0.455382228 0.937236309
vt 0.45622772 0.929798901
vt 0.2370933 0.947442591
vt 0.245913371 0.946749747
vt 0.237073764 0.940083086
vt 0.246177465 0.939219892
vt 0.237056702 0.935180128
vt 0.254578829 0.945110261
vt 0.246638685 0.934227407
vt 0.255579948 0.938044846
vt 0.264030576 0.943117857
vt 0.25625968 0.934052169
vt 0.264721572 0.939000666
vt 0.265052348 0.936429501
vt 0.284138799 0.980608821
vt 0.277690589 0.971984625
vt 0.27058363 0.985956728
vt 0.26373136 0.974728882
vt 0.271844864 0.96514535
vt 0.250605404 0.977034152
vt 0.253764808 0.99061209
vt 0.257342637 0.962662756
vt 0.267930865 0.9596349
vt 0.237089634 0.979853988
vt 0.237089634 0.992882013
vt 0.237089634 0.96659416
vt 0.248077691 0.965748668
vt 0.24685885 0.958348334
vt 0.237089634 0.960963607
vt 0.237089634 0.952498436
vt 0.255917549 0.955684364
vt 0.265101016 0.953959227
vt 0.246031389 0.953230858
vt 0.2370933 0.947442591
vt 0.245913371 0.946749747
vt 0.254906744 0.951181173
vt 0.263661265 0.949759007
vt 0.254578829 0.945110261
vt 0.264030576 0.943117857
vt 0.176519275 0.42232573
vt 0.173746169 0.44594425
vt 0.195587516 0.44594425
vt 0.200093746 0.42232573
vt 0.188923657 0.391679466
vt 0.222099185 0.44594425
vt 0.209702969 0.391679466
vt 0.204284757 0.35898
vt 0.2215527 0.35898
vt 0.229143023 0.301624209
vt 0.227098554 0.42232573
vt 0.245918542 0.42232573
vt 0.242439091 0.44594425
vt 0.26170367 0.44594425
vt 0.234767944 0.391679466
vt 0.246297777 0.35898
vt 0.265878767 0.42232573
vt 0.28164053 0.44594425
vt 0.245288655 0.309418768
vt 0.260812461 0.31642586
vt 0.257607698 0.276411861
vt 0.243320584 0.267941117
vt 0.266347468 0.249544501
vt 0.254453719 0.238859028
vt 0.260859072 0.222752094
vt 0.271693707 0.283967167
vt 0.252595544 0.391679466
vt 0.272365391 0.391679466
vt 0.261391729 0.35898
vt 0.273533523 0.320671439
vt 0.279990047 0.35898
vt 0.282757193 0.288112462
vt 0.279306918 0.258903742
vt 0.284869969 0.42232573
vt 0.289806992 0.391679466
vt 0.30665046 0.42232573
vt 0.304069161 0.44594425
vt 0.309139043 0.391679466
vt 0.334797204 0.42232573
vt 0.33426404 0.44594425
vt 0.271833479 0.231979728
vt 0.274593294 0.220294088
vt 0.264049709 0.212527514
vt 0.266879976 0.201650321
vt 0.283918738 0.238982573
vt 0.361580908 0.42232573
vt 0.363124967 0.44594425
vt 0.289008707 0.263030201
vt 0.302173197 0.26746285
vt 0.386889547 0.42232573
vt 0.389550596 0.44594425
vt 0.412059695 0.44594425
vt 0.409615844 0.42232573
vt 0.433250546 0.44594425
vt 0.384040236 0.391679466
vt 0.359366596 0.391679466
vt 0.293847263 0.242647633
vt 0.295981765 0.293093175
vt 0.335693121 0.391679466
vt 0.314556241 0.35898
vt 0.288097382 0.325515628
vt 0.297537982 0.35898
vt 0.336821496 0.35898
vt 0.303065121 0.329468876
vt 0.318392724 0.331091225
vt 0.310089409 0.297544837
vt 0.324216425 0.299020916
vt 0.358830988 0.35898
vt 0.382705808 0.35898
vt 0.339422524 0.331739157
vt 0.360858202 0.331306249
vt 0.381049693 0.329986334
vt 0.40469265 0.35898
vt 0.343162239 0.298543543
vt 0.362436175 0.296303511
vt 0.34714371 0.269317895
vt 0.329960495 0.27117908
vt 0.405939311 0.391679466
vt 0.380662769 0.295269489
vt 0.316156387 0.271333218
vt 0.425731689 0.391679466
vt 0.423370242 0.35898
vt 0.43053323 0.42232573
vt 0.450295329 0.42232573
vt 0.453072548 0.44594425
vt 0.445015818 0.391679466
vt 0.47015661 0.42232573
vt 0.47236675 0.44594425
vt 0.49156785 0.423477829
vt 0.49382174 0.44594425
vt 0.487400651 0.391679466
vt 0.463972628 0.391679466
vt 0.483460784 0.35898
vt 0.46091336 0.35898
vt 0.473673224 0.316926211
vt 0.442154855 0.35898
vt 0.453272134 0.319778591
vt 0.465199053 0.282838702
vt 0.435029626 0.322495878
vt 0.4473041 0.285152316
vt 0.458835542 0.253443956
vt 0.417952865 0.325381339
vt 0.428321034 0.286689639
vt 0.442594618 0.253652245
vt 0.45655334 0.235445112
vt 0.400674343 0.328077585
vt 0.413212717 0.290764779
vt 0.425206691 0.255649149
vt 0.422687352 0.233195677
vt 0.397405595 0.293457836
vt 0.409533739 0.258976012
vt 0.442169785 0.233189374
vt 0.454133511 0.2244412
vt 0.43480283 0.232432634
vt 0.439986944 0.22049883
vt 0.451412082 0.212789834
vt 0.437767744 0.208635032
vt 0.448623121 0.198117971
vt 0.435583621 0.196219236
vt 0.433329105 0.184045807
vt 0.447104216 0.185486943
vt 0.44558537 0.172855929
vt 0.430865943 0.218913436
vt 0.418775618 0.195029825
vt 0.4310745 0.171872362
vt 0.442216218 0.15620859
vt 0.418395489 0.18338947
vt 0.41801542 0.171749175
vt 0.428752601 0.156078905
vt 0.406801462 0.192436323
vt 0.4237625 0.207374081
vt 0.426566958 0.141212955
vt 0.439044952 0.140538931
vt 0.423187256 0.126058504
vt 0.434797704 0.125499874
vt 0.430780888 0.111725457
vt 0.414447576 0.142035916
vt 0.420039654 0.11224319
vt 0.426816165 0.0990585759
vt 0.416177571 0.156443089
vt 0.406073511 0.18101874
vt 0.391887218 0.194724455
vt 0.412456393 0.127356112
vt 0.4053455 0.169601202
vt 0.402867138 0.143595085
vt 0.406535089 0.201092914
vt 0.391371369 0.183580801
vt 0.404068887 0.15620476
vt 0.390855491 0.172437161
vt 0.418237686 0.212709978
vt 0.420681208 0.221664652
vt 0.40661183 0.215420261
vt 0.406989574 0.224138126
vt 0.391394496 0.21075508
vt 0.394914567 0.217517361
vt 0.396154523 0.226804599
vt 0.38194418 0.212787241
vt 0.395409793 0.238027394
vt 0.407861382 0.236116827
vt 0.395917177 0.260226935
vt 0.38219744 0.240563273
vt 0.380762815 0.262450695
vt 0.364457101 0.26505813
vt 0.366858512 0.243128777
vt 0.377200305 0.227123156
vt 0.351491064 0.247533977
vt 0.335316658 0.249708131
vt 0.352925241 0.233116955
vt 0.367980421 0.229246646
vt 0.318812311 0.250726283
vt 0.369608611 0.215439796
vt 0.353782773 0.218960077
vt 0.33620441 0.235466391
vt 0.306433797 0.246780917
vt 0.371357024 0.199408576
vt 0.353569806 0.203469694
vt 0.372332543 0.188387528
vt 0.337076992 0.221460074
vt 0.323729187 0.237138212
vt 0.331255198 0.22146228
vt 0.337119251 0.206780389
vt 0.309363186 0.233444676
vt 0.325314939 0.220487237
vt 0.297204912 0.228978097
vt 0.312573731 0.218065217
vt 0.327572763 0.205920577
vt 0.299690843 0.214991987
vt 0.302624762 0.200378209
vt 0.286430538 0.225584209
vt 0.294053525 0.21334523
vt 0.288817465 0.211523592
vt 0.29076463 0.195769608
vt 0.277245283 0.207671821
vt 0.280195713 0.192660451
vt 0.269546688 0.187522799
vt 0.314724684 0.203746304
vt 0.305415809 0.187300742
vt 0.282918215 0.179862574
vt 0.271386504 0.1750606
vt 0.293597639 0.182978868
vt 0.316817522 0.19064118
vt 0.285640836 0.167064697
vt 0.273226261 0.162598386
vt 0.296430707 0.170188159
vt 0.308206975 0.174223229
vt 0.289362788 0.151595414
vt 0.277500451 0.146256089
vt 0.281523585 0.130873561
vt 0.300501287 0.15527162
vt 0.328875422 0.192694262
vt 0.318910301 0.177536026
vt 0.311468005 0.159055218
vt 0.339722574 0.19357866
vt 0.330178142 0.179467946
vt 0.321947336 0.162097245
vt 0.332889497 0.16414842
vt 0.324805707 0.147565186
vt 0.314537346 0.144778013
vt 0.35490343 0.192442894
vt 0.373308122 0.17736648
vt 0.356237054 0.18141602
vt 0.342325836 0.180376932
vt 0.390134156 0.158949912
vt 0.34465313 0.165301085
vt 0.374112546 0.16310297
vt 0.358002484 0.165788978
vt 0.389454871 0.146254748
vt 0.374869734 0.149677143
vt 0.359664023 0.15107961
vt 0.346843779 0.15111059
vt 0.400824964 0.12912491
vt 0.335441351 0.149728581
vt 0.348907351 0.136513218
vt 0.328123569 0.13297753
vt 0.360578001 0.136567771
vt 0.387926936 0.131632522
vt 0.410521924 0.113867477
vt 0.39895463 0.115743317
vt 0.374581993 0.134548396
vt 0.408506811 0.101371109
vt 0.386524737 0.118102871
vt 0.374305785 0.12058112
vt 0.397234797 0.103163972
vt 0.361385882 0.123031363
vt 0.385229468 0.105368339
vt 0.417034507 0.0996771753
vt 0.411486089 0.0779261589
vt 0.419196904 0.0767970383
vt 0.40439719 0.0791870877
vt 0.403873742 0.0453974605
vt 0.410400152 0.0455944501
vt 0.394212723 0.0803975761
vt 0.401766717 0.00272007287
vt 0.409250319 0.00272007287
vt 0.397282809 0.045163732
vt 0.393869519 0.00272007287
vt 0.389943838 0.0448162258
vt 0.388132989 0.00272007287
vt 0.382938862 0.0822835043
vt 0.380771905 0.0464112349
vt 0.379522741 0.00272007287
vt 0.37346369 0.0839425921
vt 0.372841716 0.0484035127
vt 0.364738554 0.0502273329
vt 0.374048352 0.00272007566
vt 0.367119193 0.00272007287
vt 0.36284411 0.00272007287
vt 0.374024212 0.107500426
vt 0.363113344 0.086005792
vt 0.358538687 0.0495036915
vt 0.358042598 0.00272007287
vt 0.362066507 0.110060371
vt 0.354913116 0.0860102847
vt 0.352214038 0.0486428365
vt 0.354051173 0.00272007287
vt 0.350751042 0.122921526
vt 0.352347136 0.109948993
vt 0.33793956 0.13497752
vt 0.340251029 0.121297017
vt 0.342426598 0.108353771
vt 0.346370935 0.0847335011
vt 0.346681058 0.0477120504
vt 0.331192374 0.119440593
vt 0.339307249 0.0831724927
vt 0.341229677 0.0468880236
vt 0.35024339 0.00272007287
vt 0.346890867 0.00272007287
vt 0.334078968 0.10661602
vt 0.331923604 0.0808868557
vt 0.335299015 0.0460769869
vt 0.34305042 0.00272007287
vt 0.318286061 0.13036029
vt 0.321822345 0.116963901
vt 0.325293958 0.104236588
vt 0.329458147 0.0440507755
vt 0.338021457 0.00272007473
vt 0.324402213 0.0405146964
vt 0.309471667 0.0697559118
vt 0.324776471 0.0783721358
vt 0.304332614 0.141231075
vt 0.308582723 0.127099767
vt 0.292866051 0.137034565
vt 0.297819495 0.122700118
vt 0.287427843 0.116326302
vt 0.312642217 0.113953263
vt 0.302568316 0.109463133
vt 0.293036222 0.103039362
vt 0.316731691 0.10142906
vt 0.307387829 0.0970600322
vt 0.298622429 0.0908999294
vt 0.316947103 0.0747076049
vt 0.299690843 0.214991987
vt 0.302624762 0.200378209
vt 0.29076463 0.195769608
vt 0.294053525 0.21334523
vt 0.297204912 0.228978097
vt 0.337119251 0.206780389
vt 0.327572763 0.205920577
vt 0.331255198 0.22146228
vt 0.325314939 0.220487237
vt 0.323729187 0.237138212
vt 0.391394496 0.21075508
vt 0.385005385 0.225325644
vt 0.394914567 0.217517361
vt 0.396154523 0.226804599
vt 0.395409793 0.238027394
vt 0.38219744 0.240563273
vt 0.435583621 0.196219236
vt 0.418775618 0.195029825
vt 0.4237625 0.207374081
vt 0.437767744 0.208635032
vt 0.430865943 0.218913436
vt 0.439986944 0.22049883
vt 0.442169785 0.233189374
vt 0.43480283 0.232432634
vt 0.38219744 0.240563273
vt 0.385005385 0.225325644
vt 0.377200305 0.227123156
vt 0.38194418 0.212787241
vt 0.391394496 0.21075508
vt 0.984660804 0.940461397
vt 0.985316634 0.939888597
vt 0.984512568 0.936101377
vt 0.983943403 0.936338186
vt 0.982282579 0.936845839
vt 0.982026041 0.942090392
vt 0.982449412 0.933038533
vt 0.982900679 0.933000982
vt 0.980647087 0.933303475
vt 0.980300486 0.939336121
vt 0.977446675 0.945583463
vt 0.975909472 0.941296518
vt 0.971484542 0.947146535
vt 0.979814053 0.935938239
vt 0.975516379 0.935538709
vt 0.975878954 0.931239247
vt 0.971665442 0.930571437
vt 0.979825437 0.937571585
vt 0.975548744 0.93865484
vt 0.971682489 0.935176253
vt 0.966336906 0.930200994
vt 0.971729219 0.939000726
vt 0.965065479 0.935115457
vt 0.957873344 0.930030942
vt 0.971711278 0.942248046
vt 0.964868605 0.939323127
vt 0.959369957 0.939487159
vt 0.965310216 0.942805767
vt 0.966881275 0.947781801
vt 0.959519327 0.948577762
vt 0.95925808 0.935184181
vt 0.95196116 0.935348153
vt 0.950106561 0.929801106
vt 0.946487784 0.929693818
vt 0.959871352 0.942976713
vt 0.952438891 0.942876101
vt 0.951640487 0.949172378
vt 0.947925925 0.949379981
vt 0.952280045 0.939721525
vt 0.943090618 0.939723909
vt 0.942911923 0.935383558
vt 0.943161845 0.92959559
vt 0.932444632 0.929278433
vt 0.943313241 0.943394959
vt 0.943976164 0.949549198
vt 0.933686376 0.950093687
vt 0.932343662 0.935684323
vt 0.921929598 0.928967297
vt 0.932780981 0.943384409
vt 0.924103498 0.950649917
vt 0.921043754 0.935704887
vt 0.916986763 0.929141343
vt 0.932495654 0.939784229
vt 0.921006262 0.940076172
vt 0.911280274 0.940287352
vt 0.921586335 0.944268644
vt 0.918448925 0.950929165
vt 0.911354423 0.936308503
vt 0.912332833 0.929003835
vt 0.901726842 0.92935884
vt 0.911429346 0.944374144
vt 0.91327858 0.951259971
vt 0.899963737 0.952025115
vt 0.902186453 0.936002433
vt 0.902292728 0.943996608
vt 0.890651226 0.934325814
vt 0.889434218 0.938802302
vt 0.8952806 0.929378092
vt 0.890171885 0.92929244
vt 0.902402639 0.940078557
vt 0.890427887 0.943975866
vt 0.890562713 0.952480972
vt 0.882044733 0.952749848
vt 0.883086503 0.944599152
vt 0.875389695 0.953085423
vt 0.888906002 0.93045938
vt 0.88615787 0.932855725
vt 0.876156628 0.929162085
vt 0.888990879 0.928208828
vt 0.890150309 0.928106725
vt 0.882686138 0.938476264
vt 0.877447069 0.938108206
vt 0.876710415 0.944879591
vt 0.890169799 0.925569654
vt 0.867926598 0.944786429
vt 0.867918253 0.954124391
vt 0.86666882 0.938030481
vt 0.861481071 0.945387304
vt 0.860323787 0.953354597
vt 0.894444287 0.921028554
vt 0.895861149 0.927280664
vt 0.905132174 0.926454365
vt 0.853213191 0.948753297
vt 0.853253543 0.951375246
vt 0.857232928 0.936985433
vt 0.847792029 0.95114094
vt 0.853677273 0.95434171
vt 0.853080273 0.958841145
vt 0.859491944 0.956350744
vt 0.866662621 0.95642364
vt 0.845548153 0.940295577
vt 0.864413083 0.92915529
vt 0.841059446 0.958167732
vt 0.861569762 0.960427582
vt 0.872033 0.957178831
vt 0.855485201 0.928448021
vt 0.875724137 0.924347281
vt 0.861928344 0.915612042
vt 0.886771441 0.92234093
vt 0.893040299 0.91495508
vt 0.872617841 0.915089011
vt 0.906200707 0.919963241
vt 0.883528888 0.914879382
vt 0.884792745 0.907333434
vt 0.871805072 0.905103087
vt 0.873482049 0.901100814
vt 0.861186624 0.904188931
vt 0.916231632 0.919446111
vt 0.915539324 0.914061069
vt 0.918443084 0.924801946
vt 0.92362833 0.924372971
vt 0.926163316 0.9179039
vt 0.928775191 0.923612714
vt 0.940456748 0.922589779
vt 0.905984581 0.914779305
vt 0.905488551 0.909782708
vt 0.85381645 0.915444374
vt 0.892068982 0.908422053
vt 0.834517062 0.926716805
vt 0.886840224 0.904174387
vt 0.827441514 0.942039788
vt 0.852334499 0.904515862
vt 0.82415688 0.910924017
vt 0.861407101 0.891761005
vt 0.810863495 0.912541628
vt 0.850702584 0.894602954
vt 0.848276436 0.883547544
vt 0.822094917 0.895549536
vt 0.860409737 0.881528497
vt 0.829076588 0.975604951
vt 0.847145736 0.971596599
vt 0.835148633 0.978079379
vt 0.844151258 0.981468499
vt 0.810806513 0.964214563
vt 0.855622351 0.982305467
vt 0.857600391 0.973569095
vt 0.803702891 0.926128924
vt 0.796081066 0.951815426
vt 0.784603119 0.912631512
vt 0.780940056 0.934536695
vt 0.868055344 0.975541651
vt 0.867093205 0.983142197
vt 0.871635854 0.976254523
vt 0.871426225 0.983043849
vt 0.875342846 0.98338449
vt 0.870059133 0.963135362
vt 0.873387158 0.963714957
vt 0.875213981 0.957205713
vt 0.878512979 0.957911134
vt 0.776786447 0.913434386
vt 0.771979928 0.931758344
vt 0.778010607 0.898287237
vt 0.876954257 0.964175999
vt 0.786340833 0.89719677
vt 0.790281475 0.881923914
vt 0.77851069 0.878727496
vt 0.822478056 0.877593994
vt 0.796257913 0.870923758
vt 0.777490497 0.863006532
vt 0.795601487 0.860803008
vt 0.827022076 0.856283665
vt 0.826143026 0.866393983
vt 0.848773122 0.870338142
vt 0.851041317 0.859130442
vt 0.852733612 0.853946805
vt 0.867055058 0.853557348
vt 0.85009712 0.864264488
vt 0.860830724 0.870793521
vt 0.872710347 0.877232015
vt 0.863907635 0.860207677
vt 0.86199671 0.864787877
vt 0.872205436 0.862204194
vt 0.881655693 0.861557901
vt 0.878932118 0.851777554
vt 0.885745525 0.852116823
vt 0.89000833 0.852916002
vt 0.872114241 0.868295193
vt 0.883372426 0.871414304
vt 0.872221649 0.880139291
vt 0.883687496 0.866243541
vt 0.887513816 0.865878582
vt 0.886228025 0.861432195
vt 0.892798364 0.861488163
vt 0.894271255 0.853715181
vt 0.873009622 0.890447676
vt 0.900272071 0.860670924
vt 0.899709523 0.865167677
vt 0.902863979 0.855132818
vt 0.90630722 0.855500817
vt 0.909655094 0.861057401
vt 0.910679579 0.855318308
vt 0.917177022 0.86086005
vt 0.917779207 0.855575562
vt 0.924878299 0.855871797
vt 0.892491519 0.865403652
vt 0.892605662 0.869246244
vt 0.909259856 0.865123689
vt 0.924525857 0.861138463
vt 0.924419224 0.86517328
vt 0.92831099 0.856084347
vt 0.933206141 0.861509144
vt 0.932831347 0.856362045
vt 0.937247634 0.856680274
vt 0.887751698 0.870020509
vt 0.91682601 0.865071058
vt 0.91697216 0.868970871
vt 0.909534931 0.869237244
vt 0.900018275 0.869621098
vt 0.892745495 0.87619555
vt 0.887965024 0.876731157
vt 0.901775897 0.8754251
vt 0.9061957 0.875183344
vt 0.910783291 0.87499088
vt 0.917567372 0.874644756
vt 0.924521506 0.874524117
vt 0.883184969 0.877178311
vt 0.924348116 0.868934751
vt 0.927480221 0.874602199
vt 0.932975113 0.869146168
vt 0.932818711 0.874331295
vt 0.936564565 0.874077797
vt 0.880180061 0.87682718
vt 0.880215049 0.878097653
vt 0.883237004 0.878957391
vt 0.880250096 0.879368126
vt 0.884269238 0.882564843
vt 0.933127642 0.865469575
vt 0.937829494 0.869386554
vt 0.937931538 0.861353517
vt 0.889135897 0.884508431
vt 0.889667153 0.890541613
vt 0.889712334 0.879196644
vt 0.896187782 0.879435837
vt 0.882733703 0.890140831
vt 0.883865118 0.896934688
vt 0.899475455 0.884416401
vt 0.937678754 0.86557132
vt 0.94209981 0.865693688
vt 0.908517361 0.883894742
vt 0.908643723 0.889406085
vt 0.909139156 0.879914343
vt 0.914408207 0.879394948
vt 0.919010758 0.883906603
vt 0.919915438 0.879981637
vt 0.930298507 0.883712292
vt 0.930953741 0.879746735
vt 0.900552571 0.889914155
vt 0.90067625 0.895409346
vt 0.94232434 0.861887276
vt 0.943191171 0.857977211
vt 0.947793901 0.86311084
vt 0.948005438 0.858905494
vt 0.950933933 0.863666415
vt 0.951608181 0.860069156
vt 0.955358803 0.862330556
vt 0.947986245 0.866099
vt 0.89011991 0.896594882
vt 0.886770189 0.901668787
vt 0.886805177 0.902921557
vt 0.890009284 0.901946366
vt 0.89511168 0.901319027
vt 0.890088439 0.903863549
vt 0.900214076 0.90069145
vt 0.896876812 0.903894186
vt 0.903664947 0.903924465
vt 0.90927583 0.895066559
vt 0.910418868 0.899436235
vt 0.915118337 0.899412274
vt 0.915797353 0.909204364
vt 0.917241335 0.903985202
vt 0.923144579 0.903508484
vt 0.919075191 0.894177139
vt 0.919762969 0.898897052
vt 0.930954337 0.898155928
vt 0.925934494 0.909603417
vt 0.928160191 0.903774738
vt 0.939822793 0.903321981
vt 0.918792665 0.88892144
vt 0.930163741 0.893402874
vt 0.925588012 0.913470209
vt 0.939324617 0.908935189
vt 0.939537704 0.916827798
vt 0.929980278 0.888439119
vt 0.940860152 0.888346553
vt 0.941104233 0.892666876
vt 0.94961822 0.892288387
vt 0.942145824 0.897414804
vt 0.945429564 0.897549808
vt 0.948693752 0.897045135
vt 0.955860078 0.89669019
vt 0.939291596 0.912652314
vt 0.951010585 0.91206789
vt 0.941420019 0.884051859
vt 0.949670255 0.884581327
vt 0.941991925 0.879511833
vt 0.945237517 0.879559278
vt 0.948542595 0.87995398
vt 0.955530703 0.879976392
vt 0.94978708 0.888431787
vt 0.95462954 0.888446867
vt 0.954815447 0.884550273
vt 0.954859138 0.892241001
vt 0.962554336 0.884711802
vt 0.963263929 0.880810738
vt 0.962495148 0.888403893
vt 0.962957859 0.89161545
vt 0.965026379 0.895841897
vt 0.969189644 0.89500165
vt 0.967958331 0.884815395
vt 0.967677236 0.880856991
vt 0.971036494 0.88521868
vt 0.971361935 0.881604075
vt 0.975409687 0.883511782
vt 0.968156576 0.887841284
vt 0.968538105 0.890767574
vt 0.971447289 0.88972348
vt 0.973276079 0.893139482
vt 0.971054316 0.88751024
vt 0.974836528 0.888607383
vt 0.976024806 0.890748203
vt 0.976605535 0.88681376
vt 0.977982461 0.890238523
vt 0.974488795 0.887110174
vt 0.974516094 0.88571775
vt 0.977086902 0.883424103
vt 0.978125989 0.88662231
vt 0.978664756 0.886526108
vt 0.978587687 0.89004159
vt 0.977508128 0.883440256
vt 0.954245567 0.747995496
vt 0.953476071 0.746502161
vt 0.950457096 0.746076703
vt 0.950759292 0.748903334
vt 0.947032332 0.749931693
vt 0.953972697 0.74846679
vt 0.950753808 0.749302864
vt 0.946764231 0.745564222
vt 0.947342157 0.750522614
vt 0.945064068 0.751800299
vt 0.943344176 0.745567203
vt 0.94462657 0.751117587
vt 0.944455266 0.755653858
vt 0.938110948 0.751008809
vt 0.937579155 0.745550394
vt 0.933382273 0.745582521
vt 0.943855464 0.755592704
vt 0.944709778 0.758724809
vt 0.930916131 0.750946701
vt 0.928750396 0.745617688
vt 0.938224316 0.755772769
vt 0.9438833 0.759069622
vt 0.946613073 0.759622037
vt 0.930888236 0.755617857
vt 0.928876221 0.750877857
vt 0.938104272 0.75964731
vt 0.926845372 0.750847638
vt 0.925795078 0.745615244
vt 0.930952549 0.75969559
vt 0.917588532 0.750847638
vt 0.91743958 0.745704174
vt 0.90881741 0.74576956
vt 0.906294465 0.750848293
vt 0.904965162 0.745799184
vt 0.926825047 0.755449533
vt 0.928850174 0.755583525
vt 0.928920627 0.760010421
vt 0.91751343 0.755299687
vt 0.906256497 0.755150616
vt 0.904763699 0.750692487
vt 0.926990867 0.759932518
vt 0.928970098 0.763515472
vt 0.93347615 0.763121724
vt 0.937838435 0.762858093
vt 0.942974091 0.763422728
vt 0.925084829 0.763369203
vt 0.946444213 0.763651729
vt 0.917785823 0.759959638
vt 0.917631626 0.763507485
vt 0.908882022 0.763670564
vt 0.906350434 0.759986758
vt 0.905054331 0.76402092
vt 0.946546674 0.759988725
vt 0.949258924 0.760497451
vt 0.949233532 0.760128438
vt 0.952442884 0.760691106
vt 0.9493047 0.763401985
vt 0.952578425 0.760953903
vt 0.952584982 0.762184858
vt 0.904803872 0.759809732
vt 0.904701829 0.754992723
vt 0.903028071 0.759358227
vt 0.90120554 0.763635576
vt 0.891064167 0.764579952
vt 0.902713418 0.754968166
vt 0.891801894 0.759483576
vt 0.884623468 0.759455085
vt 0.885993481 0.764467299
vt 0.902869046 0.750929892
vt 0.900330722 0.745834231
vt 0.891588986 0.755554676
vt 0.891499817 0.751541615
vt 0.890331984 0.745910168
vt 0.884028614 0.755917251
vt 0.883994818 0.751770318
vt 0.883804083 0.745959997
vt 0.876611054 0.746014953
vt 0.876331329 0.752372444
vt 0.871304572 0.745972872
vt 0.869236648 0.752774119
vt 0.860780478 0.745706081
vt 0.876193166 0.757156372
vt 0.860436141 0.754362226
vt 0.84928745 0.746502757
vt 0.877983332 0.760911584
vt 0.868533134 0.763812542
vt 0.878823757 0.764906287
vt 0.881774008 0.765550733
vt 0.879376352 0.766981125
vt 0.881939948 0.766720712
vt 0.887375712 0.767616272
vt 0.871243119 0.757936537
vt 0.87033236 0.766725779
vt 0.887381732 0.772492766
vt 0.893663049 0.767791867
vt 0.8802194 0.772619188
vt 0.895891488 0.772488058
vt 0.906238317 0.768143654
vt 0.888133466 0.77717346
vt 0.908698261 0.7721892
vt 0.910493612 0.768263817
vt 0.896195829 0.776992261
vt 0.871832013 0.771617711
vt 0.880825341 0.777674794
vt 0.86452651 0.767695129
vt 0.888179719 0.780965149
vt 0.910784781 0.771779299
vt 0.908581853 0.776579916
vt 0.896292567 0.7807616
vt 0.912835121 0.77196759
vt 0.914731741 0.768655777
vt 0.924705505 0.772212207
vt 0.924321413 0.76897192
vt 0.933182597 0.769279838
vt 0.912832081 0.77665472
vt 0.933992088 0.772391081
vt 0.936507881 0.769346774
vt 0.910715222 0.776387691
vt 0.910828531 0.781520009
vt 0.924659789 0.776805401
vt 0.90875411 0.780927241
vt 0.912907958 0.781324148
vt 0.911026239 0.785330594
vt 0.90618217 0.785203218
vt 0.895093083 0.785857141
vt 0.889548659 0.786183894
vt 0.915111899 0.784889698
vt 0.924862623 0.781508625
vt 0.924659967 0.784740567
vt 0.932441771 0.784588039
vt 0.934083104 0.781606555
vt 0.936474502 0.784438908
vt 0.881656766 0.786200166
vt 0.884003997 0.787200809
vt 0.933972657 0.777041197
vt 0.936223865 0.781392455
vt 0.936165214 0.77247113
vt 0.880844235 0.781694412
vt 0.881647766 0.789819658
vt 0.884024501 0.788716316
vt 0.888221145 0.789692819
vt 0.872473717 0.788478434
vt 0.871794939 0.78345871
vt 0.886415303 0.794582427
vt 0.892417789 0.789978564
vt 0.936133683 0.776853561
vt 0.938456357 0.776910722
vt 0.874052286 0.777858913
vt 0.880413115 0.794080853
vt 0.892914057 0.794623435
vt 0.900810838 0.790550053
vt 0.938395739 0.772599757
vt 0.946603894 0.772856116
vt 0.940004706 0.769460201
vt 0.946335316 0.769551992
vt 0.950865269 0.768918633
vt 0.88608098 0.798322082
vt 0.903139114 0.794334531
vt 0.90282023 0.798593044
vt 0.904651761 0.790359914
vt 0.905042827 0.793891966
vt 0.892779469 0.798450053
vt 0.907051742 0.793765247
vt 0.909576714 0.790587425
vt 0.918035328 0.793828666
vt 0.917751431 0.790683925
vt 0.926140666 0.790782273
vt 0.907109439 0.798283339
vt 0.904974222 0.798582852
vt 0.927162826 0.793891191
vt 0.929497361 0.790534198
vt 0.905146301 0.803038061
vt 0.885604501 0.802268505
vt 0.892773986 0.802316189
vt 0.903195143 0.802728951
vt 0.879724264 0.798254788
vt 0.87406677 0.793010592
vt 0.86520648 0.788318038
vt 0.907174706 0.802986622
vt 0.905151367 0.806567609
vt 0.900675535 0.806518734
vt 0.892006338 0.807326019
vt 0.887059093 0.807786942
vt 0.909518957 0.805935979
vt 0.918143153 0.798232555
vt 0.918353558 0.802807152
vt 0.918511271 0.80567199
vt 0.926574707 0.80543524
vt 0.927441001 0.802627683
vt 0.930042326 0.80519557
vt 0.927238524 0.798146665
vt 0.878915727 0.808344603
vt 0.879513741 0.809165776
vt 0.929618657 0.802505791
vt 0.929311335 0.793646991
vt 0.879792035 0.802789569
vt 0.879063725 0.811471879
vt 0.879555345 0.810536265
vt 0.883494496 0.811354935
vt 0.870577812 0.810778439
vt 0.873435378 0.804127336
vt 0.882935405 0.815416574
vt 0.887433767 0.811497808
vt 0.929390669 0.797957838
vt 0.931576788 0.797846973
vt 0.874357402 0.7981686
vt 0.877365172 0.815358758
vt 0.888601482 0.815604389
vt 0.894526184 0.811745763
vt 0.931507766 0.793771148
vt 0.938382268 0.793839812
vt 0.932186723 0.790801466
vt 0.938056827 0.790772438
vt 0.942538381 0.789930403
vt 0.883227229 0.819452047
vt 0.896851897 0.815325081
vt 0.896921396 0.819011807
vt 0.898412049 0.811689556
vt 0.898747861 0.815060556
vt 0.888897657 0.819424927
vt 0.900816202 0.814822614
vt 0.902255654 0.811699033
vt 0.908064365 0.814390957
vt 0.907764077 0.811673403
vt 0.912940145 0.811464787
vt 0.900706291 0.818779349
vt 0.898827255 0.819021821
vt 0.914275944 0.814100266
vt 0.915882707 0.811247706
vt 0.898751855 0.822720528
vt 0.883351624 0.824116766
vt 0.889091551 0.82366538
vt 0.896997869 0.822892785
vt 0.877403855 0.819342673
vt 0.871393681 0.81438607
vt 0.863897979 0.809930265
vt 0.900742173 0.822433531
vt 0.899599016 0.827640593
vt 0.895388186 0.828166127
vt 0.88933444 0.829065561
vt 0.885625601 0.829582334
vt 0.881916642 0.830099046
vt 0.90311116 0.827028811
vt 0.877312064 0.823963761
vt 0.875331819 0.831036091
vt 0.908047855 0.818073511
vt 0.908383012 0.82185626
vt 0.908701897 0.826467395
vt 0.913741708 0.826191425
vt 0.914612651 0.821736991
vt 0.917114139 0.826108277
vt 0.91435349 0.817709863
vt 0.870993614 0.824259996
vt 0.915692627 0.813859642
vt 0.915874839 0.817480803
vt 0.916217864 0.821570456
vt 0.917948365 0.813864172
vt 0.920023322 0.811384857
vt 0.923602819 0.813889921
vt 0.923199236 0.81129384
vt 0.927259803 0.810005665
vt 0.918045044 0.81731385
vt 0.918242574 0.821273267
vt 0.919920325 0.825523615
vt 0.923876584 0.817195177
vt 0.923998594 0.820657253
vt 0.929102302 0.819961607
vt 0.924159169 0.825074196
vt 0.929232717 0.824796557
vt 0.932922363 0.824001074
vt 0.928252757 0.816905618
vt 0.92833358 0.813636303
vt 0.930401444 0.81295079
vt 0.930197835 0.809785485
vt 0.9329952 0.810200572
vt 0.928973436 0.816759109
vt 0.929064393 0.814105749
vt 0.92997551 0.819214523
vt 0.93058908 0.813391805
vt 0.933081746 0.812735438
vt 0.932087064 0.819770217
vt 0.933103025 0.812429011
vt 0.935552597 0.812396169
vt 0.935787439 0.812048316
vt 0.935285091 0.810796142
vt 0.932093561 0.820167243
vt 0.934845686 0.820076764
vt 0.934743524 0.819704056
vt 0.937993765 0.819612861
vt 0.935506582 0.823002577
vt 0.938179135 0.819863439
vt 0.938413978 0.821123362
vt 0.787229538 0.506429851
vt 0.776349068 0.508903384
vt 0.774982452 0.51986891
vt 0.788468659 0.519096017
vt 0.777608037 0.528802454
vt 0.790231466 0.529513597
vt 0.800687194 0.517300427
vt 0.79978478 0.527395666
vt 0.79893589 0.506170154
vt 0.80787611 0.521736264
vt 0.810194135 0.522737205
vt 0.812426031 0.514959335
vt 0.805167913 0.508648515
vt 0.808356643 0.508100808
vt 0.808377624 0.511142015
vt 0.809420884 0.518036306
vt 0.810040712 0.514801085
vt 0.791161418 0.70070374
vt 0.784648418 0.704916835
vt 0.787304759 0.714183152
vt 0.797648668 0.71167928
vt 0.790863276 0.727538466
vt 0.806195736 0.696429968
vt 0.80036974 0.721289992
vt 0.809530497 0.707222044
vt 0.803345442 0.731292784
vt 0.792536855 0.738305509
vt 0.819175243 0.705150545
vt 0.818726063 0.69441247
vt 0.832208872 0.695577383
vt 0.809550047 0.718892574
vt 0.808469236 0.741636932
vt 0.79528296 0.76451391
vt 0.82910043 0.704807281
vt 0.836789489 0.695535064
vt 0.819500029 0.716705441
vt 0.808688283 0.729337931
vt 0.82881546 0.71395731
vt 0.833929241 0.705403805
vt 0.840794802 0.695538998
vt 0.820534348 0.726478517
vt 0.812817991 0.765515447
vt 0.797526717 0.78145349
vt 0.821841121 0.737069905
vt 0.83251369 0.723230243
vt 0.837895274 0.734451771
vt 0.825652122 0.751071632
vt 0.814545393 0.780285954
vt 0.800250888 0.797316492
vt 0.835456371 0.721834302
vt 0.844827652 0.733419299
vt 0.848945737 0.732047915
vt 0.829639435 0.767317951
vt 0.850244522 0.757710397
vt 0.816132545 0.797249854
vt 0.800050974 0.810235679
vt 0.840126693 0.721230507
vt 0.855108261 0.729756594
vt 0.86054486 0.758597851
vt 0.851829886 0.768456995
vt 0.831106782 0.779833198
vt 0.816709161 0.81401664
vt 0.794096947 0.82945317
vt 0.865677655 0.757508636
vt 0.860925317 0.762079477
vt 0.866000175 0.760394931
vt 0.855438232 0.77914691
vt 0.864112914 0.776478589
vt 0.869441092 0.777090549
vt 0.864371419 0.780166149
vt 0.869867682 0.779004991
vt 0.854587734 0.788423777
vt 0.833157897 0.797820032
vt 0.86139518 0.796332717
vt 0.854449093 0.799281836
vt 0.853543997 0.809644759
vt 0.869141519 0.796752989
vt 0.861330926 0.801456451
vt 0.869020283 0.799818873
vt 0.83485651 0.816573143
vt 0.833352447 0.828505516
vt 0.855134726 0.822089195
vt 0.811885118 0.827027202
vt 0.806929588 0.836897433
vt 0.833313584 0.841099322
vt 0.85742861 0.829181969
vt 0.857680082 0.838320911
vt 0.865431905 0.837275565
vt 0.867770135 0.831315458
vt 0.863735855 0.824938655
vt 0.862409413 0.819315374
vt 0.867329657 0.81965977
vt 0.861730635 0.815333843
vt 0.867317855 0.815628111
vt 0.872080386 0.81885469
vt 0.848392665 0.127565935
vt 0.849274397 0.146471232
vt 0.861366749 0.144299775
vt 0.850462198 0.154170588
vt 0.862187207 0.152275965
vt 0.85110718 0.159355432
vt 0.882119954 0.144319609
vt 0.880326807 0.13703528
vt 0.882210314 0.149825051
vt 0.882557511 0.154807329
vt 0.862538338 0.157523826
vt 0.863626719 0.16455017
vt 0.851981819 0.166084379
vt 0.884078503 0.160502598
vt 0.885508358 0.166387439
vt 0.852930725 0.172844529
vt 0.864037633 0.170841232
vt 0.885458469 0.173656046
vt 0.865597606 0.182203263
vt 0.853383183 0.183019891
vt 0.885448813 0.180151373
vt 0.865267038 0.196040377
vt 0.854418814 0.196223214
vt 0.873093486 0.188238695
vt 0.888838053 0.190289125
vt 0.876203179 0.195457801
vt 0.89342463 0.198489815
vt 0.860955358 0.20972392
vt 0.852864802 0.208568603
vt 0.848097801 0.227629364
vt 0.879123151 0.209439442
vt 0.86429739 0.228206247
vt 0.852365911 0.240422741
vt 0.860624313 0.249694541
vt 0.888103604 0.221469626
vt 0.901504695 0.210131481
vt 0.874384522 0.23653169
vt 0.880924046 0.243550539
vt 0.867043078 0.258023471
vt 0.874094248 0.263684273
vt 0.894005835 0.227871776
vt 0.908283293 0.217275634
vt 0.888278723 0.248498514
vt 0.881284654 0.273056865
vt 0.894965351 0.260112226
vt 0.912423432 0.246347621
vt 0.908158898 0.233182758
vt 0.915902555 0.221763238
vt 0.916009009 0.239223853
vt 0.925285518 0.240272701
vt 0.91896826 0.231589988
vt 0.921824276 0.224989414
vt 0.823480725 0.42232573
vt 0.804412365 0.44594425
vt 0.826253831 0.44594425
vt 0.799906194 0.42232573
vt 0.811076343 0.391679466
vt 0.777900815 0.44594425
vt 0.790296972 0.391679466
vt 0.795715213 0.35898
vt 0.77844727 0.35898
vt 0.770856977 0.301624209
vt 0.772901297 0.42232573
vt 0.754081428 0.42232573
vt 0.757560849 0.44594425
vt 0.73829633 0.44594425
vt 0.765232086 0.391679466
vt 0.753702223 0.35898
vt 0.734121084 0.42232573
vt 0.718359411 0.44594425
vt 0.75471133 0.309418768
vt 0.739187479 0.31642586
vt 0.742392242 0.276411861
vt 0.756679416 0.267941117
vt 0.733652472 0.249544501
vt 0.745546281 0.238859028
vt 0.739140928 0.222752094
vt 0.728306234 0.283967167
vt 0.72763449 0.391679466
vt 0.715130031 0.42232573
vt 0.747404337 0.391679466
vt 0.738608241 0.35898
vt 0.726466298 0.320671439
vt 0.720009923 0.35898
vt 0.717242658 0.288112462
vt 0.720692873 0.258903742
vt 0.693349361 0.42232573
vt 0.695930779 0.44594425
vt 0.710193038 0.391679466
vt 0.665202677 0.42232573
vt 0.66573596 0.44594425
vt 0.690860808 0.391679466
vt 0.728166521 0.231979728
vt 0.725406647 0.220294088
vt 0.735950291 0.212527514
vt 0.733120024 0.201650321
vt 0.716081142 0.238982573
vt 0.638418913 0.42232573
vt 0.636874974 0.44594425
vt 0.710991144 0.263030201
vt 0.697826743 0.26746285
vt 0.613110423 0.42232573
vt 0.610449255 0.44594425
vt 0.587940276 0.44594425
vt 0.590383947 0.42232573
vt 0.566749334 0.44594425
vt 0.615959764 0.391679466
vt 0.640633345 0.391679466
vt 0.706152737 0.242647633
vt 0.704018116 0.293093175
vt 0.664306819 0.391679466
vt 0.68544364 0.35898
vt 0.711902559 0.325515628
vt 0.702462018 0.35898
vt 0.663178504 0.35898
vt 0.69693476 0.329468876
vt 0.681607187 0.331091225
vt 0.689910531 0.297544837
vt 0.675783515 0.299020916
vt 0.641169012 0.35898
vt 0.617294192 0.35898
vt 0.660577416 0.331739247
vt 0.63914156 0.331306249
vt 0.618950307 0.329986334
vt 0.59530735 0.35898
vt 0.656837642 0.298543572
vt 0.637563527 0.29630354
vt 0.652856171 0.269317895
vt 0.670039356 0.27117908
vt 0.5940606 0.391679466
vt 0.619337142 0.295269489
vt 0.683843613 0.271333218
vt 0.574268281 0.391679466
vt 0.576629758 0.35898
vt 0.56946671 0.42232573
vt 0.549704492 0.42232573
vt 0.546927273 0.44594425
vt 0.554984152 0.391679466
vt 0.52984339 0.42232573
vt 0.527633071 0.44594425
vt 0.50843215 0.423477829
vt 0.50617826 0.44594425
vt 0.512599349 0.391679466
vt 0.536027193 0.391679466
vt 0.516539216 0.35898
vt 0.53908658 0.35898
vt 0.526326776 0.316926211
vt 0.557845056 0.35898
vt 0.546727777 0.319778591
vt 0.534800887 0.282838702
vt 0.564970315 0.322495878
vt 0.55269587 0.285152316
vt 0.541164458 0.253443956
vt 0.582047045 0.325381339
vt 0.571678936 0.286689639
vt 0.557405353 0.253652245
vt 0.54344666 0.235445112
vt 0.599325597 0.328077585
vt 0.586787283 0.290764779
vt 0.57479322 0.255649149
vt 0.577312469 0.233195677
vt 0.602594376 0.293457836
vt 0.590466261 0.258976012
vt 0.557830155 0.233189374
vt 0.545866489 0.2244412
vt 0.565197051 0.232432634
vt 0.560012996 0.22049883
vt 0.548587918 0.212789834
vt 0.562232196 0.208635032
vt 0.551376879 0.198117971
vt 0.564416289 0.196219236
vt 0.566670835 0.184045807
vt 0.552895784 0.185486943
vt 0.55441463 0.172855929
vt 0.569134057 0.218913436
vt 0.581224263 0.195029825
vt 0.56892544 0.171872362
vt 0.557783782 0.15620859
vt 0.581604362 0.18338947
vt 0.58198452 0.171749175
vt 0.571247399 0.156078905
vt 0.593198478 0.192436323
vt 0.57623744 0.207374081
vt 0.573432982 0.141212955
vt 0.560955048 0.140538901
vt 0.576812744 0.126058504
vt 0.565202296 0.125499874
vt 0.569219112 0.111725457
vt 0.585552394 0.142035916
vt 0.579960346 0.11224319
vt 0.573183835 0.0990585759
vt 0.583822429 0.156443089
vt 0.59392643 0.18101874
vt 0.608112633 0.194724485
vt 0.587543607 0.127356112
vt 0.594654441 0.169601202
vt 0.597132802 0.143595085
vt 0.593464851 0.201092914
vt 0.608628511 0.183580801
vt 0.595931113 0.15620476
vt 0.609144449 0.172437161
vt 0.581762314 0.212709978
vt 0.579318643 0.221664652
vt 0.593388021 0.215420261
vt 0.593010366 0.224138126
vt 0.608605444 0.21075508
vt 0.605085313 0.217517361
vt 0.603845358 0.226804599
vt 0.61805582 0.212787241
vt 0.604590058 0.238027394
vt 0.592138529 0.236116827
vt 0.604082704 0.260226935
vt 0.617802441 0.240563273
vt 0.619237125 0.262450695
vt 0.635542691 0.26505813
vt 0.633141339 0.243128777
vt 0.622799695 0.227123201
vt 0.648508787 0.247533977
vt 0.664683282 0.249708131
vt 0.647074759 0.233117014
vt 0.63201946 0.229246646
vt 0.68118757 0.250726283
vt 0.63039124 0.215439796
vt 0.646217167 0.218960077
vt 0.663795531 0.235466391
vt 0.693566203 0.246780917
vt 0.628642976 0.199408576
vt 0.646430135 0.203469694
vt 0.627667427 0.188387528
vt 0.662922859 0.221460074
vt 0.676270664 0.237138212
vt 0.668744624 0.22146228
vt 0.662880599 0.206780404
vt 0.690636814 0.233444676
vt 0.674685061 0.220487237
vt 0.702795088 0.228978097
vt 0.687426209 0.218065217
vt 0.672427237 0.205920577
vt 0.700309038 0.214991987
vt 0.697375178 0.200378209
vt 0.713569403 0.225584209
vt 0.705946326 0.21334523
vt 0.711182475 0.211523592
vt 0.70923537 0.195769623
vt 0.722754598 0.207671821
vt 0.719804168 0.192660451
vt 0.730453312 0.187522799
vt 0.685275316 0.203746304
vt 0.694584012 0.187300742
vt 0.717081606 0.179862574
vt 0.728613496 0.1750606
vt 0.706402302 0.182978868
vt 0.683182478 0.19064118
vt 0.714359164 0.167064697
vt 0.726773739 0.162598386
vt 0.703569233 0.170188159
vt 0.691792905 0.174223229
vt 0.710637212 0.151595414
vt 0.722499549 0.146256089
vt 0.718476415 0.130873561
vt 0.699498713 0.15527162
vt 0.671124458 0.192694262
vt 0.68108964 0.177536026
vt 0.688531995 0.159055218
vt 0.660277426 0.19357866
vt 0.669821858 0.179467946
vt 0.678052664 0.162097245
vt 0.667110503 0.16414842
vt 0.675194144 0.147565186
vt 0.685462594 0.144778013
vt 0.645096421 0.192442894
vt 0.626691878 0.17736648
vt 0.643762827 0.181416035
vt 0.657674074 0.180376932
vt 0.609865844 0.158949912
vt 0.65534687 0.165301085
vt 0.625887454 0.16310297
vt 0.641997516 0.165788978
vt 0.61054498 0.146254748
vt 0.625130177 0.149677143
vt 0.640335917 0.15107961
vt 0.653156161 0.15111059
vt 0.599175036 0.12912491
vt 0.66455853 0.149728581
vt 0.651092649 0.136513218
vt 0.671876431 0.13297753
vt 0.639421999 0.136567771
vt 0.612073064 0.131632522
vt 0.589478076 0.113867477
vt 0.60104537 0.115743317
vt 0.625418007 0.134548396
vt 0.591493189 0.101371109
vt 0.613475263 0.118102871
vt 0.625694215 0.12058112
vt 0.602765203 0.103163972
vt 0.638614118 0.123031363
vt 0.614770532 0.105368339
vt 0.582965493 0.0996771753
vt 0.588513911 0.0779261589
vt 0.580803096 0.0767970383
vt 0.59560281 0.0791870877
vt 0.596126199 0.0453974605
vt 0.589599848 0.0455944501
vt 0.605787277 0.0803975761
vt 0.602717161 0.045163732
vt 0.598233283 0.00272007287
vt 0.590749681 0.00272007287
vt 0.606130481 0.00272007287
vt 0.610055983 0.0448162258
vt 0.611867011 0.00272007287
vt 0.617061138 0.0822835043
vt 0.619228005 0.0464112349
vt 0.620477259 0.00272007287
vt 0.62653631 0.0839425921
vt 0.627158284 0.0484035127
vt 0.635261297 0.0502273329
vt 0.625951648 0.00272007287
vt 0.632880807 0.00272007287
vt 0.63715589 0.00272007287
vt 0.625975788 0.107500426
vt 0.636886656 0.086005792
vt 0.641461313 0.0495036915
vt 0.641957402 0.00272007287
vt 0.637933493 0.110060371
vt 0.645086884 0.0860102847
vt 0.647785962 0.0486428365
vt 0.645948827 0.00272007287
vt 0.649248958 0.122921526
vt 0.647652864 0.109948993
vt 0.66206044 0.13497752
vt 0.659748971 0.121297017
vt 0.657573402 0.108353771
vt 0.653629065 0.0847335011
vt 0.653318882 0.0477120504
vt 0.668807626 0.119440593
vt 0.660692751 0.0831724927
vt 0.658770263 0.0468880236
vt 0.64975661 0.00272007287
vt 0.653109133 0.00272007287
vt 0.665921032 0.10661602
vt 0.668076396 0.0808868557
vt 0.664700866 0.0460769869
vt 0.65694958 0.00272007287
vt 0.681713939 0.13036029
vt 0.678177655 0.116963901
vt 0.674706042 0.104236588
vt 0.675223529 0.0783721358
vt 0.670541704 0.0440507755
vt 0.661978543 0.00272007473
vt 0.675597787 0.0405146964
vt 0.690528333 0.0697559118
vt 0.695667207 0.141231075
vt 0.691417277 0.127099767
vt 0.70713383 0.137034521
vt 0.702180505 0.122700118
vt 0.712572157 0.116326302
vt 0.687357783 0.113953263
vt 0.697431684 0.109463133
vt 0.706963778 0.103039362
vt 0.683268309 0.10142906
vt 0.692612171 0.0970600322
vt 0.701377571 0.0908999294
vt 0.683052897 0.0747076049
vt 0.852323353 0.402064025
vt 0.850204229 0.419785202
vt 0.860736251 0.420545459
vt 0.862398267 0.402513444
vt 0.87358433 0.421114355
vt 0.853555262 0.388591111
vt 0.875001013 0.402226835
vt 0.887666941 0.421830535
vt 0.863191366 0.388602287
vt 0.853563905 0.380780995
vt 0.888363719 0.402029216
vt 0.898485243 0.422075301
vt 0.863499761 0.380952626
vt 0.852059841 0.370308638
vt 0.861417055 0.371111125
vt 0.865966678 0.370655328
vt 0.876201868 0.387352526
vt 0.875777781 0.378506899
vt 0.872191429 0.36800611
vt 0.876834273 0.36831674
vt 0.898773551 0.40147984
vt 0.908094406 0.42233488
vt 0.889429033 0.386104852
vt 0.8895123 0.37737751
vt 0.889781475 0.36884883
vt 0.907911956 0.401600212
vt 0.917330444 0.42252031
vt 0.899436355 0.384791642
vt 0.89944911 0.375962496
vt 0.899222136 0.368585855
vt 0.916644692 0.401821285
vt 0.930189431 0.422531039
vt 0.907784402 0.384785503
vt 0.908429742 0.375289679
vt 0.90874052 0.36793521
vt 0.928697705 0.402554423
vt 0.941314161 0.421656221
vt 0.915942669 0.385092705
vt 0.91639775 0.375581831
vt 0.91675806 0.367447853
vt 0.927668571 0.377606869
vt 0.927816391 0.363358974
vt 0.939179122 0.402383506
vt 0.951247633 0.420506567
vt 0.927178264 0.386591703
vt 0.936389983 0.379250258
vt 0.935577631 0.36499989
vt 0.937105954 0.387203902
vt 0.948893905 0.40196529
vt 0.959934711 0.419016272
vt 0.957657337 0.40102908
vt 0.946649432 0.387686819
vt 0.955380201 0.387300342
vt 0.945607066 0.37942487
vt 0.944848061 0.367089748
vt 0.954226136 0.379251748
vt 0.952706635 0.369207174
vt 0.75664854 0.480076045
vt 0.74671793 0.486816406
vt 0.756649315 0.486816406
vt 0.749176383 0.481371522
vt 0.757260203 0.465972394
vt 0.748698711 0.465589553
vt 0.737441659 0.48246026
vt 0.734445632 0.465589553
vt 0.721359074 0.465589553
vt 0.723320961 0.482516319
vt 0.712831497 0.465682268
vt 0.737712085 0.485978693
vt 0.705410242 0.490519553
vt 0.702291965 0.467974663
vt 0.722590446 0.489668876
vt 0.738175631 0.489310026
vt 0.689587355 0.492454618
vt 0.685923517 0.470237792
vt 0.676959991 0.495843142
vt 0.660877585 0.473353833
vt 0.690132141 0.503147364
vt 0.706384659 0.499416858
vt 0.656801879 0.504442096
vt 0.639082193 0.472020686
vt 0.67477715 0.514105022
vt 0.722713292 0.501268923
vt 0.691551447 0.517042756
vt 0.63547343 0.50686878
vt 0.613695621 0.473262727
vt 0.708690107 0.517246902
vt 0.737150908 0.500917315
vt 0.724546552 0.519153357
vt 0.744713366 0.492463738
vt 0.746843398 0.493238568
vt 0.750410795 0.487281978
vt 0.750410795 0.493864387
vt 0.750410795 0.501704395
vt 0.745023847 0.500737011
vt 0.737543821 0.519157529
vt 0.746587455 0.517063916
vt 0.750410795 0.517337859
vt 0.745892167 0.537518382
vt 0.750410795 0.5372383
vt 0.738241076 0.539700449
vt 0.724160016 0.540902436
vt 0.724137127 0.559146583
vt 0.709176123 0.540293872
vt 0.746497393 0.557002187
vt 0.750410795 0.556615174
vt 0.738818586 0.55913949
vt 0.744393885 0.580967069
vt 0.750263929 0.581122339
vt 0.750607967 0.60265708
vt 0.730170012 0.602425098
vt 0.737043202 0.580657244
vt 0.720250726 0.605470538
vt 0.722499311 0.580441475
vt 0.702259541 0.609741926
vt 0.703661799 0.584222734
vt 0.687125266 0.615025043
vt 0.705364406 0.561444342
vt 0.686528444 0.587004066
vt 0.666257203 0.611022294
vt 0.687872112 0.561803222
vt 0.66606456 0.585171342
vt 0.645554543 0.602179587
vt 0.690462112 0.539317429
vt 0.66923362 0.558092535
vt 0.646658599 0.580077052
vt 0.618772388 0.592414081
vt 0.672256589 0.537234008
vt 0.648593545 0.553564668
vt 0.621105492 0.574485362
vt 0.596175492 0.586126029
vt 0.674030781 0.522233486
vt 0.654267788 0.527300656
vt 0.653068721 0.534406185
vt 0.631797671 0.529650271
vt 0.627016664 0.549724162
vt 0.599871099 0.568253934
vt 0.610025764 0.507341683
vt 0.605530858 0.529181302
vt 0.589286089 0.506470501
vt 0.590980113 0.473788351
vt 0.569247842 0.473105192
vt 0.603327572 0.545473039
vt 0.581958055 0.56396234
vt 0.57804358 0.580797195
vt 0.568471611 0.50315547
vt 0.545847178 0.470749766
vt 0.588069558 0.527542531
vt 0.586802244 0.543521106
vt 0.563513994 0.560152829
vt 0.562390924 0.574830592
vt 0.544699728 0.496611118
vt 0.534161031 0.468286306
vt 0.567629755 0.522898495
vt 0.5395239 0.518533468
vt 0.565874457 0.539908528
vt 0.530041456 0.487313479
vt 0.519400418 0.463392884
vt 0.514321685 0.474023163
vt 0.52489382 0.5
vt 0.512376964 0.480795592
vt 0.540739119 0.535856843
vt 0.506385267 0.479238927
vt 0.509761453 0.462146848
vt 0.513780355 0.5
vt 0.5 0.50187391
vt 0.5 0.481979668
vt 0.5 0.464923561
vt 0.490238547 0.462146848
vt 0.516863704 0.519607842
vt 0.493614733 0.479238927
vt 0.487623036 0.480795592
vt 0.542348266 0.556385219
vt 0.541064024 0.573451042
vt 0.519880235 0.534445941
vt 0.5218063 0.552188098
vt 0.521626234 0.57254225
vt 0.499999762 0.572702467
vt 0.475144804 0.5
vt 0.485678315 0.474023163
vt 0.5 0.519598603
vt 0.5 0.533446133
vt 0.5 0.551704407
vt 0.478183955 0.552188098
vt 0.478377551 0.572543204
vt 0.458942801 0.573450804
vt 0.486219645 0.5
vt 0.460466594 0.518533468
vt 0.469955564 0.487313479
vt 0.480601907 0.463392884
vt 0.465843201 0.468286306
vt 0.483133018 0.519607842
vt 0.455290109 0.496611118
vt 0.454158515 0.470749766
vt 0.457625598 0.556385219
vt 0.437619001 0.574830592
vt 0.480115652 0.534445941
vt 0.459252298 0.535856843
vt 0.436451107 0.560152829
vt 0.421948761 0.580797195
vt 0.431505412 0.50315547
vt 0.430760801 0.473105192
vt 0.432359129 0.522898495
vt 0.43411538 0.539908528
vt 0.418004155 0.56396234
vt 0.403790712 0.586126029
vt 0.41068989 0.506470501
vt 0.409034312 0.473788321
vt 0.38633287 0.473262757
vt 0.411919415 0.527542531
vt 0.413184553 0.543521106
vt 0.400073916 0.568253934
vt 0.396656722 0.545473039
vt 0.394452542 0.529181302
vt 0.389946103 0.507341683
vt 0.378859073 0.574485362
vt 0.38117829 0.592414081
vt 0.372964084 0.549724162
vt 0.36448735 0.50686878
vt 0.360948473 0.472020686
vt 0.368178338 0.529650271
vt 0.343167186 0.504442096
vt 0.339158058 0.473353833
vt 0.353246957 0.580077052
vt 0.354424953 0.602179587
vt 0.351377606 0.553564668
vt 0.346895963 0.534406185
vt 0.333879143 0.585171342
vt 0.33389774 0.611022294
vt 0.34570688 0.527300656
vt 0.322967708 0.495843142
vt 0.314117849 0.470237792
vt 0.330748707 0.558092535
vt 0.327718288 0.537234008
vt 0.313441604 0.587004066
vt 0.312939763 0.615025043
vt 0.325232148 0.514105022
vt 0.310335577 0.492454618
vt 0.297719717 0.467974663
vt 0.312110424 0.561803222
vt 0.296297491 0.584222734
vt 0.297806591 0.609741926
vt 0.309855878 0.503147364
vt 0.294519782 0.490519553
vt 0.287180811 0.465682268
vt 0.30950889 0.539317429
vt 0.29461953 0.561444342
vt 0.275862873 0.559146583
vt 0.277419001 0.580441475
vt 0.279784471 0.605470538
vt 0.29082793 0.540293872
vt 0.262956828 0.580657244
vt 0.269829929 0.602425098
vt 0.255606115 0.580967069
vt 0.249392033 0.602657139
vt 0.249736041 0.581122339
vt 0.249589235 0.556615174
vt 0.253502637 0.557002187
vt 0.249589235 0.5372383
vt 0.261181355 0.55913949
vt 0.254107922 0.537518382
vt 0.249581248 0.517337859
vt 0.261758924 0.539700449
vt 0.253412157 0.517063916
vt 0.249581248 0.501704395
vt 0.275839955 0.540902436
vt 0.262455761 0.519157529
vt 0.254975736 0.500737011
vt 0.275546342 0.519153357
vt 0.253156185 0.493238568
vt 0.249581307 0.493864387
vt 0.249581248 0.487281978
vt 0.25328207 0.486816406
vt 0.262847126 0.500917315
vt 0.255286634 0.492463738
vt 0.291294992 0.517246902
vt 0.27732107 0.501268923
vt 0.261824399 0.489310026
vt 0.308406115 0.517042756
vt 0.29362765 0.499416858
vt 0.277339846 0.489668876
vt 0.262287915 0.485978693
vt 0.325935394 0.522233486
vt 0.276720017 0.482516319
vt 0.278640926 0.465589553
vt 0.262558371 0.48246026
vt 0.265554339 0.465589553
vt 0.251301259 0.465589553
vt 0.250823617 0.481371522
vt 0.242739826 0.465972394
vt 0.24335146 0.480076045
vt 0.243350685 0.486816406
vt 0.989794195 0.912396789
vt 0.990421414 0.91219461
vt 0.990529537 0.908530474
vt 0.989965022 0.908625841
vt 0.988375962 0.908821046
vt 0.987750351 0.912904322
vt 0.988892913 0.905293226
vt 0.989328623 0.905315459
vt 0.987133265 0.905381322
vt 0.986529529 0.911096275
vt 0.984927297 0.915328681
vt 0.983055532 0.912116289
vt 0.980775893 0.917216063
vt 0.986064851 0.907386899
vt 0.982628644 0.906971753
vt 0.982961655 0.903432131
vt 0.979193926 0.902678072
vt 0.986055374 0.909092605
vt 0.982545972 0.909487963
vt 0.979077995 0.906413674
vt 0.974748135 0.902607203
vt 0.979166269 0.909827054
vt 0.973133862 0.906868696
vt 0.966384292 0.902485847
vt 0.97935909 0.913312733
vt 0.972506642 0.910508335
vt 0.966506064 0.911085308
vt 0.973859072 0.914391398
vt 0.976781726 0.918166876
vt 0.967285037 0.920419216
vt 0.966436207 0.907333016
vt 0.959440112 0.907697976
vt 0.95845288 0.902761102
vt 0.954276323 0.902946472
vt 0.966571808 0.915126264
vt 0.95976758 0.915441632
vt 0.959644139 0.921076477
vt 0.954915106 0.921393037
vt 0.950790584 0.908474565
vt 0.950416684 0.903041542
vt 0.959684491 0.911518157
vt 0.951077938 0.916160345
vt 0.951304913 0.921601832
vt 0.959837198 0.77145499
vt 0.959316254 0.770072043
vt 0.956817627 0.769385695
vt 0.956884384 0.771832049
vt 0.953889608 0.772410631
vt 0.95957005 0.771830797
vt 0.956852555 0.772161484
vt 0.953754246 0.768833876
vt 0.954112351 0.772907376
vt 0.952339888 0.773853838
vt 0.951986074 0.773286939
vt 0.951918125 0.776974797
vt 0.951433778 0.777106881
vt 0.952400446 0.77983439
vt 0.951512396 0.78027916
vt 0.954164445 0.780686736
vt 0.946713388 0.776991427
vt 0.938474655 0.781200171
vt 0.939844131 0.784420252
vt 0.946604431 0.781033576
vt 0.946397305 0.784242928
vt 0.950876713 0.784652412
vt 0.954060972 0.784560144
vt 0.954100609 0.781033874
vt 0.956556439 0.781461477
vt 0.956536591 0.781111002
vt 0.959461093 0.781643629
vt 0.956571996 0.784186125
vt 0.959584892 0.781899452
vt 0.959550381 0.783078969
vt 0.951637745 0.792168975
vt 0.951063156 0.790833592
vt 0.948557615 0.790272534
vt 0.948697925 0.792672396
vt 0.945705771 0.793287218
vt 0.951380253 0.792553604
vt 0.948671818 0.793005705
vt 0.9454813 0.789836228
vt 0.945922256 0.793766975
vt 0.944178462 0.794610083
vt 0.943683505 0.794040859
vt 0.943773866 0.797528446
vt 0.943242908 0.797578275
vt 0.944313407 0.800096571
vt 0.943539143 0.800833344
vt 0.945910215 0.801086128
vt 0.938603818 0.797720194
vt 0.93176198 0.80187732
vt 0.932729483 0.804772556
vt 0.938628912 0.801528692
vt 0.938544631 0.804422081
vt 0.942792177 0.804774821
vt 0.945754647 0.804598629
vt 0.945819795 0.801407576
vt 0.948067784 0.801898837
vt 0.948062658 0.801584244
vt 0.950688362 0.802196681
vt 0.948018312 0.804332972
vt 0.950789571 0.802432775
vt 0.950721502 0.803473771
vt 0.95721525 0.869026542
vt 0.957802117 0.868893445
vt 0.958206892 0.865557909
vt 0.957682014 0.865594864
vt 0.956200719 0.865643322
vt 0.955311179 0.869332671
vt 0.956990659 0.862421751
vt 0.957387328 0.862482309
vt 0.954336762 0.867213368
vt 0.952577949 0.871335149
vt 0.954269111 0.864397168
vt 0.954120696 0.865748942
vt 0.950789928 0.865892112
vt 0.951027513 0.868017912
vt 0.948749304 0.872787774
vt 0.948454499 0.868815303
vt 0.942376673 0.869140685
vt 0.944751501 0.873496532
vt 0.906254053 0.970598757
vt 0.903409123 0.965183735
vt 0.899759114 0.963642955
vt 0.898240805 0.968844056
vt 0.897120655 0.972928226
vt 0.896109104 0.962102413
vt 0.893972814 0.967556119
vt 0.886693001 0.959105074
vt 0.885443449 0.965627849
vt 0.892627656 0.972263873
vt 0.883025527 0.977481961
vt 0.892504811 0.977383673
vt 0.875117123 0.976737618
vt 0.882576585 0.983199596
vt 0.892289102 0.982966125
vt 0.897024095 0.977199018
vt 0.896434009 0.982771337
vt 0.900578678 0.982576728
vt 0.904135585 0.978064358
vt 0.906291187 0.974329114
vt 0.90924561 0.974794269
vt 0.907410681 0.979391098
vt 0.908923209 0.970931232
vt 0.899083018 0.713008404
vt 0.893342376 0.71833694
vt 0.898590088 0.717152119
vt 0.891903102 0.713757992
vt 0.891930699 0.712434828
vt 0.886013865 0.712558746
vt 0.886116266 0.71407342
vt 0.888136506 0.7200284
vt 0.878923476 0.715320826
vt 0.879236341 0.713315845
vt 0.881924033 0.722156882
vt 0.877398968 0.710493088
vt 0.875049949 0.724242747
vt 0.876559436 0.710881114
vt 0.877996087 0.706891894
vt 0.876828671 0.70519048
vt 0.883632064 0.706010222
vt 0.873322606 0.716632903
vt 0.872485161 0.711602807
vt 0.866815686 0.718334734
vt 0.867507339 0.725736856
vt 0.87170577 0.705999076
vt 0.865512848 0.712151825
vt 0.862929285 0.719353795
vt 0.864104033 0.726077974
vt 0.858165026 0.719514787
vt 0.861270189 0.727465868
vt 0.84914571 0.720372617
vt 0.846498489 0.713081002
vt 0.85580194 0.713030219
vt 0.860689342 0.712599874
vt 0.865005493 0.705979347
vt 0.860010386 0.706312656
vt 0.855112314 0.706339538
vt 0.860170126 0.698368192
vt 0.863965392 0.69891268
vt 0.870613694 0.699655712
vt 0.877146363 0.699067473
vt 0.855933189 0.697856069
vt 0.884161592 0.698693156
vt 0.846789658 0.705982566
vt 0.848363638 0.69669795
vt 0.838466942 0.705625594
vt 0.8371948 0.713132501
vt 0.833518147 0.713607609
vt 0.883712769 0.704620302
vt 0.891171694 0.703614235
vt 0.890900135 0.704775214
vt 0.890359402 0.698432922
vt 0.89758265 0.703378081
vt 0.896475673 0.698532581
vt 0.0153391957 0.940461397
vt 0.0154874921 0.936101377
vt 0.0146833658 0.939888597
vt 0.016056478 0.936338186
vt 0.0177174211 0.936845839
vt 0.0179739539 0.942090392
vt 0.0175505877 0.933038533
vt 0.0170993209 0.933000982
vt 0.0193529129 0.933303475
vt 0.0196994543 0.939336121
vt 0.0225533247 0.945583463
vt 0.0240905285 0.941296518
vt 0.0285154581 0.947146535
vt 0.0201858878 0.935938239
vt 0.0244836211 0.935538709
vt 0.0241210461 0.931239247
vt 0.028334558 0.930571437
vt 0.0201745629 0.937571585
vt 0.0244512558 0.93865484
vt 0.0283175111 0.935176253
vt 0.033663094 0.930200994
vt 0.028270781 0.939000726
vt 0.0349345207 0.935115457
vt 0.0421266556 0.930030942
vt 0.028288722 0.942248046
vt 0.0351313911 0.939323127
vt 0.0406300426 0.939487159
vt 0.034689784 0.942805767
vt 0.0331187248 0.947781801
vt 0.0404807329 0.948577762
vt 0.0407419205 0.935184181
vt 0.0480388403 0.935348153
vt 0.0498934388 0.929801106
vt 0.0535122156 0.929693818
vt 0.0401286483 0.942976713
vt 0.0475611091 0.942876101
vt 0.0483595133 0.949172378
vt 0.0520740747 0.949379981
vt 0.0477199554 0.939721525
vt 0.0569093823 0.939723909
vt 0.0570880771 0.935383558
vt 0.0568381548 0.92959559
vt 0.0675553679 0.929278433
vt 0.056686759 0.943394959
vt 0.0560238361 0.949549198
vt 0.0663136244 0.950093687
vt 0.0676563382 0.935684323
vt 0.0780704021 0.928967297
vt 0.0672190189 0.943384409
vt 0.0758964717 0.950649917
vt 0.0675043464 0.939784229
vt 0.0789562464 0.935704887
vt 0.0830132365 0.929141343
vt 0.0789937377 0.940076172
vt 0.0887197182 0.940287411
vt 0.0784136653 0.944268644
vt 0.081551075 0.950929165
vt 0.0886455774 0.936308503
vt 0.0876671672 0.929003835
vt 0.0982731581 0.92935884
vt 0.0885706544 0.944374144
vt 0.0867214203 0.951259971
vt 0.100036263 0.952025115
vt 0.0978135467 0.936002433
vt 0.0977072716 0.943996608
vt 0.109348767 0.934325814
vt 0.110565782 0.938802302
vt 0.1047194 0.929378092
vt 0.109828107 0.92929244
vt 0.0975973606 0.940078557
vt 0.109572113 0.943975866
vt 0.109437287 0.952480972
vt 0.117955267 0.952749848
vt 0.116913497 0.944599152
vt 0.124610513 0.953085363
vt 0.111093998 0.93045938
vt 0.11384213 0.932855725
vt 0.123843357 0.929162025
vt 0.111009121 0.928208828
vt 0.109849691 0.928106725
vt 0.117313862 0.938476264
vt 0.122552931 0.938108206
vt 0.123289593 0.944879591
vt 0.109830201 0.925569713
vt 0.132073402 0.944786429
vt 0.132081747 0.954124391
vt 0.13333118 0.938030481
vt 0.138518929 0.945387304
vt 0.139676213 0.953354597
vt 0.105555713 0.921028554
vt 0.104138851 0.927280664
vt 0.0948678553 0.926454425
vt 0.146786794 0.948753297
vt 0.146746457 0.951375246
vt 0.142767072 0.936985433
vt 0.152207777 0.951141059
vt 0.146322727 0.95434171
vt 0.146919161 0.958841145
vt 0.140508026 0.956350744
vt 0.133337349 0.95642364
vt 0.154451847 0.940295577
vt 0.135586917 0.92915529
vt 0.138429821 0.960427582
vt 0.12796697 0.957178831
vt 0.158940315 0.958167672
vt 0.144514799 0.928448021
vt 0.129940569 0.963135064
vt 0.142399251 0.973568797
vt 0.152853876 0.97159642
vt 0.126612276 0.963714719
vt 0.128363967 0.976254404
vt 0.124785841 0.957205713
vt 0.121486843 0.957911253
vt 0.13194415 0.975541651
vt 0.123045497 0.964175999
vt 0.144377381 0.982305467
vt 0.132906407 0.983142197
vt 0.155848414 0.981468618
vt 0.164851263 0.978079259
vt 0.128573626 0.983043849
vt 0.170923471 0.975605071
vt 0.124657013 0.98338449
vt 0.172558486 0.942039788
vt 0.189193502 0.964214563
vt 0.124882579 0.976737499
vt 0.116973817 0.977481782
vt 0.117423177 0.983199596
vt 0.165482938 0.926716805
vt 0.196297035 0.926128924
vt 0.203918934 0.951815426
vt 0.189136505 0.912541628
vt 0.215396643 0.912631512
vt 0.219059929 0.934536636
vt 0.14618355 0.915444374
vt 0.223213553 0.913434386
vt 0.228020072 0.931758344
vt 0.221989393 0.898287237
vt 0.213658929 0.897196949
vt 0.17584312 0.910924017
vt 0.209718466 0.881923914
vt 0.22148931 0.878727496
vt 0.177905083 0.895549536
vt 0.203741908 0.870923758
vt 0.222509503 0.863006532
vt 0.204398513 0.860803008
vt 0.172977924 0.856283665
vt 0.177521944 0.877593994
vt 0.173856929 0.866393983
vt 0.148958683 0.859130442
vt 0.147266388 0.853946805
vt 0.132944942 0.853557348
vt 0.14990288 0.864264488
vt 0.151226878 0.870338142
vt 0.136092365 0.860207677
vt 0.13800329 0.864787877
vt 0.151723564 0.883547544
vt 0.127794564 0.862204194
vt 0.118344307 0.861557901
vt 0.121067882 0.851777554
vt 0.114254467 0.852116823
vt 0.10999167 0.852916002
vt 0.139169276 0.870793521
vt 0.127885759 0.868295193
vt 0.127289653 0.877232015
vt 0.116627567 0.871414304
vt 0.139590263 0.881528497
vt 0.116312496 0.866243541
vt 0.112486184 0.865878582
vt 0.113771982 0.861432195
vt 0.107201643 0.861488163
vt 0.105728753 0.853715181
vt 0.149297431 0.894602895
vt 0.0997279286 0.860670924
vt 0.100290477 0.865167677
vt 0.0971360207 0.855132818
vt 0.093696855 0.855501473
vt 0.0903449059 0.861057401
vt 0.0893302932 0.855317295
vt 0.0828229785 0.86086005
vt 0.0822207928 0.855575562
vt 0.0751843974 0.855870068
vt 0.147665501 0.904515862
vt 0.138071656 0.915612042
vt 0.138813376 0.904188931
vt 0.0907401443 0.865123689
vt 0.075474143 0.861138463
vt 0.0755807757 0.86517328
vt 0.0716887712 0.856084347
vt 0.066793859 0.861509144
vt 0.0671671703 0.856363058
vt 0.062752381 0.856680274
vt 0.124275863 0.924347281
vt 0.113228559 0.92234093
vt 0.106959701 0.91495508
vt 0.127382159 0.915089011
vt 0.093799293 0.919963241
vt 0.128194928 0.905103087
vt 0.126517951 0.901100814
vt 0.138592899 0.891761005
vt 0.116471112 0.914879382
vt 0.115207247 0.907333434
vt 0.127778351 0.880139291
vt 0.0837683752 0.919446111
vt 0.0844606757 0.914061069
vt 0.0815569162 0.924801946
vt 0.0763716698 0.924372971
vt 0.0738366842 0.9179039
vt 0.0712248087 0.923612714
vt 0.059543252 0.922589779
vt 0.094015412 0.914779305
vt 0.0945114493 0.909782708
vt 0.126990378 0.890447676
vt 0.10793101 0.908422053
vt 0.113159768 0.904174507
vt 0.060462296 0.916827798
vt 0.0744119883 0.913470268
vt 0.0489220619 0.916160345
vt 0.0489894189 0.912067831
vt 0.04023242 0.915441632
vt 0.0486950874 0.921601832
vt 0.0450848937 0.921393037
vt 0.0403558612 0.921076477
vt 0.0327149257 0.920419216
vt 0.0607084036 0.912652314
vt 0.0606753826 0.908935189
vt 0.0740655065 0.909603417
vt 0.0842026472 0.909204364
vt 0.0963350534 0.903924465
vt 0.0827586651 0.903985202
vt 0.103123188 0.903894186
vt 0.0768554211 0.903508484
vt 0.0718398094 0.903774738
vt 0.109911561 0.903863549
vt 0.060177207 0.903321981
vt 0.0492094159 0.908474565
vt 0.0495833158 0.903041542
vt 0.0457236767 0.902946472
vt 0.0405598879 0.907697976
vt 0.04175926 0.902788281
vt 0.0336157084 0.902485847
vt 0.113194689 0.902921677
vt 0.109990723 0.901946366
vt 0.11322961 0.901668787
vt 0.10988009 0.896594882
vt 0.10488832 0.901319027
vt 0.099785924 0.90069145
vt 0.116134882 0.896934688
vt 0.110332847 0.890541494
vt 0.0993237495 0.895409346
vt 0.117266297 0.890140831
vt 0.115730762 0.882564843
vt 0.0907241702 0.895066559
vt 0.0913562775 0.889406085
vt 0.0895811319 0.899436235
vt 0.0848816633 0.899412274
vt 0.080924809 0.894177139
vt 0.080237031 0.898897052
vt 0.0690456629 0.898155928
vt 0.0994474292 0.889914155
vt 0.100524537 0.884416401
vt 0.119749904 0.879368126
vt 0.11086411 0.884508431
vt 0.116762981 0.878957331
vt 0.110287666 0.879196644
vt 0.103812218 0.879435837
vt 0.119784951 0.878097653
vt 0.116815031 0.877178311
vt 0.0914826393 0.883894742
vt 0.0908608437 0.879914343
vt 0.0855917931 0.879394948
vt 0.119819939 0.87682718
vt 0.112034976 0.876731157
vt 0.0809892416 0.883906603
vt 0.0800845623 0.879981637
vt 0.112248302 0.870020449
vt 0.107254513 0.87619555
vt 0.081207335 0.88892144
vt 0.0697014928 0.883712292
vt 0.0690462589 0.879746735
vt 0.107394338 0.869246244
vt 0.0698362589 0.893402874
vt 0.0585799813 0.884051859
vt 0.0591398478 0.888346553
vt 0.0503297448 0.884581327
vt 0.0580080748 0.879511833
vt 0.0547624677 0.879559278
vt 0.0514574051 0.87995398
vt 0.0444692634 0.879976392
vt 0.070019722 0.888439119
vt 0.0588957667 0.892666876
vt 0.0503817797 0.892288387
vt 0.0578541756 0.897414804
vt 0.0545704216 0.897549808
vt 0.0513062477 0.897045135
vt 0.0441399813 0.89669019
vt 0.0502129197 0.888431787
vt 0.0453704596 0.888446867
vt 0.0451845527 0.884550273
vt 0.0451408625 0.892241001
vt 0.0374456644 0.884711802
vt 0.0367360711 0.880810738
vt 0.0375048518 0.888403893
vt 0.037042141 0.89161545
vt 0.0349735618 0.895841897
vt 0.0308104157 0.89500165
vt 0.0320416689 0.884815395
vt 0.0323227048 0.880856991
vt 0.0289633777 0.88521868
vt 0.0286380649 0.881604075
vt 0.024590306 0.883511782
vt 0.0318430625 0.887841284
vt 0.0314616561 0.890767574
vt 0.0285524353 0.88972348
vt 0.0267239213 0.893139482
vt 0.0289456788 0.88751024
vt 0.0251632798 0.888607383
vt 0.0239751935 0.890748143
vt 0.023394404 0.886813819
vt 0.0220175385 0.890238523
vt 0.0255111977 0.887110114
vt 0.0254839621 0.88571775
vt 0.0229130983 0.883424103
vt 0.0218740497 0.88662231
vt 0.021335246 0.886526108
vt 0.021412313 0.89004159
vt 0.0224918723 0.883440256
vt 0.0457544327 0.747995496
vt 0.0495429039 0.746076703
vt 0.0465239286 0.746502161
vt 0.0492404699 0.748903334
vt 0.0529676601 0.749931693
vt 0.0460273027 0.74846679
vt 0.049246192 0.749302864
vt 0.0532357693 0.745564222
vt 0.0526578426 0.750522614
vt 0.0549359322 0.751800299
vt 0.0566558242 0.745567203
vt 0.0553734303 0.751117587
vt 0.055544734 0.755653858
vt 0.0618889295 0.751008809
vt 0.062420845 0.745550394
vt 0.0666177273 0.745582521
vt 0.0561444722 0.755592704
vt 0.0552902222 0.758724809
vt 0.0690838695 0.750946701
vt 0.0712496042 0.745617688
vt 0.0617754459 0.755772769
vt 0.0561166964 0.759069562
vt 0.0533869267 0.759622037
vt 0.0691117644 0.755617857
vt 0.0711237788 0.750877857
vt 0.0618956015 0.75964731
vt 0.0731546283 0.750847638
vt 0.0742049217 0.745615244
vt 0.069047451 0.75969559
vt 0.0824112818 0.750847638
vt 0.08256042 0.745704174
vt 0.0911825895 0.74576956
vt 0.0937055349 0.750848293
vt 0.0950348377 0.745799184
vt 0.0731749535 0.755449533
vt 0.071149826 0.755583525
vt 0.0710793734 0.760010421
vt 0.0824864879 0.755299687
vt 0.0937435031 0.755150616
vt 0.0952392668 0.750692487
vt 0.0730091333 0.759932518
vt 0.0710299015 0.763515472
vt 0.06652385 0.763121724
vt 0.0621615611 0.762858093
vt 0.0570259094 0.763422728
vt 0.0749151707 0.763369203
vt 0.0535557866 0.763651729
vt 0.0822139978 0.759959638
vt 0.0823683739 0.763507485
vt 0.0911179781 0.763670564
vt 0.0936495662 0.759986758
vt 0.0949456692 0.76402092
vt 0.053453207 0.759988725
vt 0.0507410616 0.760497451
vt 0.050766468 0.760128438
vt 0.0475571156 0.760691106
vt 0.0506953001 0.763401985
vt 0.0474215746 0.760953903
vt 0.0474150181 0.762184858
vt 0.0951961279 0.759809732
vt 0.095298171 0.754992723
vt 0.0969719291 0.759358227
vt 0.0987944603 0.763635576
vt 0.108935833 0.764579952
vt 0.097286582 0.754968166
vt 0.108198106 0.759483576
vt 0.115376532 0.759455085
vt 0.114006519 0.764467299
vt 0.0971309543 0.750929892
vt 0.0996692777 0.745834231
vt 0.108411007 0.755554676
vt 0.108500183 0.751541615
vt 0.109668016 0.745910168
vt 0.115971386 0.755917251
vt 0.116005182 0.751770318
vt 0.116195917 0.745959997
vt 0.123388737 0.746014953
vt 0.123668671 0.752372444
vt 0.128695413 0.745972872
vt 0.130763352 0.752774119
vt 0.139219522 0.745706081
vt 0.123806827 0.757156372
vt 0.139563859 0.754362226
vt 0.150712371 0.746502757
vt 0.122016668 0.760911584
vt 0.131466866 0.763812542
vt 0.121176243 0.764906287
vt 0.118225992 0.765550733
vt 0.120623648 0.766981125
vt 0.118060052 0.766720712
vt 0.112624288 0.767616272
vt 0.128756881 0.757936537
vt 0.12966764 0.766725779
vt 0.112618268 0.772492766
vt 0.106336951 0.767791867
vt 0.1197806 0.772619188
vt 0.104108512 0.772488058
vt 0.0937616825 0.768143654
vt 0.111866526 0.77717346
vt 0.0913017392 0.7721892
vt 0.0895063877 0.768263817
vt 0.103804171 0.776992261
vt 0.128167987 0.771617711
vt 0.119174659 0.777674794
vt 0.13547349 0.767695129
vt 0.111820281 0.780965149
vt 0.089215219 0.771779299
vt 0.0914181471 0.776579916
vt 0.103707433 0.7807616
vt 0.0871648788 0.77196759
vt 0.085268259 0.768655777
vt 0.0752944872 0.772212207
vt 0.075678587 0.76897192
vt 0.0668174028 0.769279838
vt 0.0871679187 0.77665472
vt 0.0660079122 0.772391081
vt 0.0634921193 0.769346774
vt 0.0892847776 0.776387691
vt 0.0891714692 0.781520009
vt 0.0753400251 0.776805401
vt 0.0912458897 0.780927241
vt 0.087092042 0.781324148
vt 0.0889737606 0.785330594
vt 0.0938178301 0.785203218
vt 0.104906917 0.785857141
vt 0.110451341 0.786183894
vt 0.0848881006 0.784889698
vt 0.0751373768 0.781508625
vt 0.0753400326 0.784740567
vt 0.067558229 0.784588039
vt 0.0659168959 0.781606555
vt 0.0635254979 0.784438908
vt 0.118343227 0.786200166
vt 0.115995973 0.787200809
vt 0.0660273433 0.777041197
vt 0.0637760758 0.781392455
vt 0.0638347864 0.77247113
vt 0.119155757 0.781694412
vt 0.118352227 0.789819658
vt 0.115975469 0.788716316
vt 0.111778863 0.789692819
vt 0.127526283 0.788478434
vt 0.128205061 0.78345871
vt 0.113584697 0.794582427
vt 0.107582211 0.789978564
vt 0.0638663173 0.776853561
vt 0.0615436435 0.776910722
vt 0.125947714 0.777858913
vt 0.119586878 0.794080853
vt 0.107085943 0.794623435
vt 0.0991891623 0.790550053
vt 0.0616042614 0.772599757
vt 0.0533961058 0.772856116
vt 0.0600305498 0.769441307
vt 0.0536646843 0.769551992
vt 0.0491347313 0.768918633
vt 0.11391902 0.798322082
vt 0.0968608856 0.794334531
vt 0.0971797705 0.798593044
vt 0.0953482389 0.790359914
vt 0.0949571952 0.793891966
vt 0.107220531 0.798450053
vt 0.0929482579 0.793765247
vt 0.090423286 0.790587425
vt 0.0819644928 0.793828666
vt 0.0822485685 0.790683925
vt 0.073859334 0.790782273
vt 0.0928905606 0.798283339
vt 0.0950257778 0.798582852
vt 0.0728371739 0.793891191
vt 0.0705026388 0.790534198
vt 0.0948537514 0.803038061
vt 0.114395499 0.802268505
vt 0.107226007 0.802316189
vt 0.0968048573 0.802728951
vt 0.120275743 0.798254788
vt 0.12593323 0.793010592
vt 0.13479352 0.788318038
vt 0.0928252935 0.802986622
vt 0.0948486328 0.806567609
vt 0.0993244648 0.806518734
vt 0.107993662 0.807326019
vt 0.112940907 0.807786942
vt 0.0904810429 0.805935979
vt 0.0818568468 0.798232555
vt 0.0816464424 0.802807152
vt 0.0814887285 0.80567199
vt 0.073425293 0.80543524
vt 0.0725589991 0.802627683
vt 0.0699576735 0.80519557
vt 0.072761476 0.798146665
vt 0.121084273 0.808344603
vt 0.12048623 0.809165776
vt 0.0703813434 0.802505791
vt 0.0706886649 0.793646991
vt 0.120207973 0.802789569
vt 0.120936267 0.811471879
vt 0.120444663 0.810536265
vt 0.116505504 0.811354935
vt 0.129422188 0.810778439
vt 0.126564622 0.804127336
vt 0.117064603 0.815416574
vt 0.112566233 0.811497808
vt 0.0706093311 0.797957838
vt 0.0684232116 0.797846973
vt 0.125642598 0.7981686
vt 0.122634828 0.815358758
vt 0.111398518 0.815604389
vt 0.10503336 0.811726391
vt 0.0684922338 0.793771148
vt 0.0616177283 0.793839812
vt 0.0678132772 0.790801466
vt 0.0619431771 0.790772438
vt 0.0574616194 0.789930403
vt 0.116772771 0.819452047
vt 0.103133358 0.815324426
vt 0.10307847 0.819011807
vt 0.101571299 0.81168884
vt 0.101252139 0.815060556
vt 0.111102343 0.819424927
vt 0.0991837904 0.814822614
vt 0.0977443233 0.811699033
vt 0.0919356346 0.814390957
vt 0.0922359228 0.811673403
vt 0.0869440585 0.811443686
vt 0.0992936715 0.818779349
vt 0.101172753 0.819021821
vt 0.0857250318 0.814100444
vt 0.0841172934 0.811247706
vt 0.101248153 0.822720528
vt 0.116648383 0.824116766
vt 0.110908449 0.82366538
vt 0.102991767 0.822891176
vt 0.122596137 0.819342673
vt 0.128606319 0.81438607
vt 0.136102021 0.809930265
vt 0.0992577523 0.822433531
vt 0.100378178 0.827637076
vt 0.104384638 0.828131258
vt 0.11066556 0.829065561
vt 0.114374399 0.829582334
vt 0.118083358 0.830099046
vt 0.0968888104 0.827028811
vt 0.122687943 0.823963761
vt 0.124668181 0.831036091
vt 0.0919520855 0.818073511
vt 0.091616869 0.82185626
vt 0.0912981033 0.826467395
vt 0.0860719755 0.826182425
vt 0.0853854939 0.821736932
vt 0.0828858614 0.826108277
vt 0.0856464505 0.817709863
vt 0.129006386 0.824259996
vt 0.0843072981 0.813859642
vt 0.0841251612 0.817480803
vt 0.0837820619 0.821570456
vt 0.082051605 0.813864172
vt 0.0799767002 0.811384857
vt 0.0763971657 0.813889921
vt 0.0768007636 0.81129384
vt 0.0727401972 0.810005665
vt 0.0819548741 0.81731385
vt 0.0817573145 0.821273267
vt 0.0800796822 0.825523615
vt 0.0761233419 0.817195177
vt 0.0760012642 0.820657253
vt 0.0708975717 0.819961607
vt 0.0758408308 0.825074196
vt 0.0707672834 0.824796557
vt 0.0670776367 0.824001074
vt 0.0717471689 0.816905618
vt 0.071666345 0.813636303
vt 0.0695982948 0.81295079
vt 0.069802165 0.809785485
vt 0.0670047998 0.810200572
vt 0.0710265636 0.816759109
vt 0.070935607 0.814105749
vt 0.0700244904 0.819214523
vt 0.0694109201 0.813391805
vt 0.0669182539 0.812735438
vt 0.0679129362 0.819770217
vt 0.0668967962 0.812429011
vt 0.064447403 0.812396169
vt 0.0642125607 0.812048316
vt 0.0647149086 0.810796142
vt 0.0679063722 0.820167243
vt 0.0651542991 0.820076764
vt 0.0652564764 0.819704056
vt 0.0620062351 0.819612861
vt 0.0644934177 0.823002577
vt 0.0618208647 0.819863439
vt 0.0615860224 0.821123362
vt 0.212770462 0.506429851
vt 0.225017548 0.51986891
vt 0.223650932 0.508903384
vt 0.211531132 0.519096017
vt 0.222391963 0.528802454
vt 0.209768534 0.529513597
vt 0.199312657 0.517300367
vt 0.20021522 0.527395666
vt 0.20106411 0.506170154
vt 0.19212389 0.521736264
vt 0.189805865 0.522737205
vt 0.18757391 0.514959335
vt 0.194832087 0.508648515
vt 0.191643357 0.508100808
vt 0.191622257 0.511142015
vt 0.190579057 0.518036306
vt 0.189959139 0.514801085
vt 0.215351582 0.704916835
vt 0.208838582 0.70070374
vt 0.212695241 0.714183152
vt 0.202351287 0.71167928
vt 0.193804264 0.696429968
vt 0.209136724 0.727538466
vt 0.190469474 0.707222044
vt 0.19963026 0.721289992
vt 0.196654543 0.731292784
vt 0.207463145 0.738305509
vt 0.180824503 0.705150545
vt 0.181273937 0.69441247
vt 0.167791128 0.695577383
vt 0.190449834 0.718892574
vt 0.19153069 0.741636932
vt 0.20471704 0.76451391
vt 0.17089951 0.704807281
vt 0.163210511 0.695535064
vt 0.180499792 0.716705441
vt 0.191311598 0.729337931
vt 0.171184525 0.71395731
vt 0.1660707 0.705403805
vt 0.159205198 0.695538998
vt 0.179465488 0.726478517
vt 0.187182009 0.765515447
vt 0.202473283 0.78145349
vt 0.178158879 0.737069905
vt 0.16748625 0.723230243
vt 0.162104726 0.734451771
vt 0.174347878 0.751071632
vt 0.185454592 0.780285954
vt 0.199749112 0.797316492
vt 0.164543614 0.721834302
vt 0.155172348 0.733419299
vt 0.151054263 0.732047915
vt 0.170360565 0.767317951
vt 0.149755478 0.757710397
vt 0.18386741 0.797249854
vt 0.199949026 0.810235679
vt 0.159873128 0.721230507
vt 0.144891739 0.729756594
vt 0.13945514 0.758597851
vt 0.168893203 0.779833198
vt 0.183290705 0.81401664
vt 0.205903053 0.82945317
vt 0.148170114 0.768456995
vt 0.166481823 0.713607609
vt 0.162805185 0.713132501
vt 0.153501391 0.713081002
vt 0.161532879 0.705625594
vt 0.151636362 0.69669795
vt 0.153210267 0.705982566
vt 0.144066811 0.697856069
vt 0.144887686 0.706339538
vt 0.139829874 0.698368192
vt 0.1508542 0.720372617
vt 0.14183484 0.719514787
vt 0.138729811 0.727465868
vt 0.135895967 0.726077974
vt 0.14419806 0.713030219
vt 0.137070626 0.719353795
vt 0.132492661 0.725736856
vt 0.139989614 0.706312656
vt 0.134994492 0.705979347
vt 0.136034608 0.69891268
vt 0.139310449 0.712599874
vt 0.133184314 0.718334734
vt 0.124950051 0.724242747
vt 0.134487033 0.712151825
vt 0.128294095 0.705999076
vt 0.129386306 0.699655712
vt 0.123171091 0.70519048
vt 0.122853637 0.699067473
vt 0.115838408 0.698693156
vt 0.126677155 0.716632903
vt 0.121076234 0.715320885
vt 0.118075967 0.722156882
vt 0.127514601 0.711602807
vt 0.123440377 0.710881114
vt 0.113883726 0.71407342
vt 0.111863486 0.7200284
vt 0.106657617 0.71833694
vt 0.122003913 0.706891894
vt 0.12260104 0.710493088
vt 0.120763659 0.713315845
vt 0.113986127 0.712558746
vt 0.116367944 0.706010222
vt 0.108096719 0.713757992
vt 0.108069301 0.712434828
vt 0.100916982 0.713008404
vt 0.101409912 0.717152119
vt 0.116287082 0.704620302
vt 0.108828314 0.703614235
vt 0.109099858 0.704775214
vt 0.109640598 0.698432922
vt 0.10241735 0.703378081
vt 0.103524327 0.698532581
vt 0.151607335 0.127565935
vt 0.138633102 0.144299775
vt 0.150725454 0.146471232
vt 0.149537742 0.154170588
vt 0.137812793 0.152275994
vt 0.14889282 0.159355432
vt 0.117880046 0.144319609
vt 0.119673193 0.13703528
vt 0.117789693 0.149825051
vt 0.117442489 0.154807329
vt 0.137461573 0.157523826
vt 0.136373252 0.16455017
vt 0.148018107 0.166084379
vt 0.115921497 0.160502598
vt 0.114491642 0.166387439
vt 0.147069275 0.172844529
vt 0.135962307 0.170841232
vt 0.114541531 0.173656046
vt 0.134402394 0.182203263
vt 0.146616802 0.183019891
vt 0.114551187 0.180151373
vt 0.134732962 0.196040362
vt 0.145581052 0.196223214
vt 0.126906365 0.188238621
vt 0.111161947 0.190289125
vt 0.123796642 0.195457801
vt 0.10657537 0.198489815
vt 0.139044493 0.20972392
vt 0.147135198 0.208568603
vt 0.151902169 0.227629349
vt 0.120876692 0.209439442
vt 0.135702491 0.228206247
vt 0.147634059 0.240422741
vt 0.139375627 0.249694541
vt 0.111896403 0.221469626
vt 0.0984953046 0.210131481
vt 0.125615343 0.23653169
vt 0.119075932 0.243550539
vt 0.132956862 0.258023471
vt 0.125905693 0.263684273
vt 0.105994113 0.227871776
vt 0.0917167068 0.217275634
vt 0.11172121 0.248498514
vt 0.118715353 0.273056865
vt 0.105034627 0.260112226
vt 0.0875765085 0.246347621
vt 0.0918409824 0.233182758
vt 0.084097445 0.221763238
vt 0.083991088 0.239223883
vt 0.0747144818 0.240272701
vt 0.0810318887 0.231590122
vt 0.0781757236 0.224989414
vt 0.149795771 0.419785202
vt 0.147676647 0.402064025
vt 0.13926363 0.420545459
vt 0.137601584 0.402513444
vt 0.146444738 0.388591111
vt 0.12641561 0.421114355
vt 0.136808559 0.388602287
vt 0.146436095 0.380780995
vt 0.124998987 0.402226835
vt 0.112332918 0.421830535
vt 0.136500239 0.380952626
vt 0.147940159 0.370308638
vt 0.138582945 0.371111125
vt 0.134033322 0.370655328
vt 0.111636281 0.402029216
vt 0.101514637 0.422075301
vt 0.123798013 0.387352526
vt 0.124222033 0.378506899
vt 0.127808571 0.36800611
vt 0.123165719 0.36831674
vt 0.10122633 0.40147984
vt 0.0919054747 0.42233488
vt 0.110570952 0.386104852
vt 0.110487677 0.37737751
vt 0.110218517 0.36884883
vt 0.092087917 0.401600212
vt 0.0826695561 0.42252031
vt 0.100563534 0.384791642
vt 0.10055089 0.375962496
vt 0.100777857 0.368585855
vt 0.0833553001 0.401821285
vt 0.069810383 0.422531039
vt 0.0922154784 0.384785503
vt 0.0915701315 0.375289679
vt 0.0912594795 0.36793521
vt 0.0713021085 0.402554423
vt 0.0586857796 0.421656221
vt 0.0840573162 0.385092705
vt 0.0836021751 0.375581831
vt 0.0832419395 0.367447853
vt 0.0723313019 0.377606869
vt 0.072183609 0.363358974
vt 0.0608207583 0.402383506
vt 0.04875236 0.420506567
vt 0.0728216022 0.386591703
vt 0.0636098385 0.379250258
vt 0.064422369 0.36499989
vt 0.0628940463 0.387203902
vt 0.0511060357 0.40196529
vt 0.0400652885 0.419016272
vt 0.0423426628 0.40102908
vt 0.0533504486 0.387686819
vt 0.0446197987 0.387300342
vt 0.0543928109 0.37942487
vt 0.0551519394 0.367089748
vt 0.0457738638 0.379251748
vt 0.047293365 0.369207174
vt 0.0102055669 0.912396789
vt 0.00947046559 0.908530533
vt 0.00957858562 0.91219461
vt 0.0100348592 0.908625841
vt 0.0116238641 0.908821106
vt 0.0122494064 0.912904322
vt 0.0111068236 0.905293286
vt 0.0106713772 0.905315459
vt 0.012866498 0.905381322
vt 0.0134704709 0.911096275
vt 0.015072763 0.915328681
vt 0.016944468 0.912116289
vt 0.0192241073 0.917216063
vt 0.0139351487 0.907386899
vt 0.0173713565 0.906971753
vt 0.0170383453 0.903432131
vt 0.0208060145 0.902678072
vt 0.0139446259 0.909092605
vt 0.0174540281 0.909487963
vt 0.0209220052 0.906413674
vt 0.025251925 0.902607203
vt 0.0208337307 0.909827054
vt 0.026866138 0.906868696
vt 0.0206409097 0.913312733
vt 0.0274933577 0.910508335
vt 0.0334939361 0.911085308
vt 0.0335637964 0.907333016
vt 0.0261409283 0.914391398
vt 0.0232182145 0.918166876
vt 0.0334281921 0.915126264
vt 0.0403155088 0.911518157
vt 0.0401628017 0.77145499
vt 0.043182373 0.769385695
vt 0.0406837463 0.770072043
vt 0.0431156158 0.771832049
vt 0.0461103916 0.772410631
vt 0.0404299498 0.771830797
vt 0.0431474447 0.772161484
vt 0.0462458134 0.768833876
vt 0.0458875895 0.772907376
vt 0.0476601124 0.773853838
vt 0.0480139218 0.773286939
vt 0.0480818748 0.776974797
vt 0.048566211 0.777106881
vt 0.0475995541 0.77983439
vt 0.0484875441 0.78027916
vt 0.0458356142 0.780686736
vt 0.0532865524 0.776991427
vt 0.0615253448 0.781200171
vt 0.0601126254 0.784402072
vt 0.0533955097 0.781033576
vt 0.0536026955 0.784242928
vt 0.0491232872 0.784652412
vt 0.0459390879 0.784560144
vt 0.0458993874 0.781033874
vt 0.0434434414 0.781461477
vt 0.0434633493 0.781111002
vt 0.0405389071 0.781643629
vt 0.0434280634 0.784186125
vt 0.0404150486 0.781899452
vt 0.0404496193 0.783078969
vt 0.0483622551 0.792168975
vt 0.0514423847 0.790272534
vt 0.0489368439 0.790833592
vt 0.0513020679 0.792672396
vt 0.0542942137 0.793287218
vt 0.0486197472 0.792553604
vt 0.0513281822 0.793005705
vt 0.0545186996 0.789836228
vt 0.0540777445 0.793766975
vt 0.055821538 0.794610083
vt 0.05631648 0.794040859
vt 0.0562261343 0.797528446
vt 0.0567570925 0.797578275
vt 0.0556865931 0.800096571
vt 0.0564608499 0.800833344
vt 0.0540897846 0.801086128
vt 0.0613960028 0.797720194
vt 0.0682380199 0.80187732
vt 0.0672705173 0.804772556
vt 0.0613709651 0.801528692
vt 0.061455369 0.804422081
vt 0.0572078228 0.804774821
vt 0.0542453527 0.804598629
vt 0.0541801453 0.801407576
vt 0.0519320928 0.801898837
vt 0.0519373417 0.801584244
vt 0.0493116379 0.802196681
vt 0.0519816875 0.804332972
vt 0.0492104292 0.802432775
vt 0.0492784977 0.803473771
vt 0.042784512 0.869026542
vt 0.0417930521 0.865557909
vt 0.0421978831 0.868893445
vt 0.0423178077 0.865594864
vt 0.0437990949 0.865643084
vt 0.0446888208 0.869332671
vt 0.0430091023 0.862421751
vt 0.0426126719 0.862482309
vt 0.0446411967 0.862330556
vt 0.0456631556 0.867213309
vt 0.0474220514 0.871335149
vt 0.0489724912 0.868017912
vt 0.0512506962 0.872787774
vt 0.0457308181 0.864397168
vt 0.0490658134 0.863666415
vt 0.048391819 0.860069156
vt 0.0519945621 0.858905494
vt 0.0458793044 0.865748942
vt 0.049209822 0.865892112
vt 0.052206099 0.86311084
vt 0.0568088293 0.857977211
vt 0.0520137399 0.866099179
vt 0.0576756597 0.861887276
vt 0.0515455008 0.868815303
vt 0.0620684624 0.861353517
vt 0.0579001904 0.865693688
vt 0.0576233268 0.869140685
vt 0.0552484989 0.873496532
vt 0.0634354353 0.874077797
vt 0.0668723583 0.865469575
vt 0.0621705055 0.869386554
vt 0.0623212457 0.86557132
vt 0.0670248866 0.869146168
vt 0.0671800748 0.874331057
vt 0.072519511 0.874602199
vt 0.0756518841 0.868934751
vt 0.0830278397 0.868970871
vt 0.0755603835 0.874549627
vt 0.0824326277 0.874644756
vt 0.0892198235 0.874990821
vt 0.0831739902 0.865071058
vt 0.0904650688 0.869237244
vt 0.0937416553 0.875184298
vt 0.0999817252 0.869621098
vt 0.0973398685 0.875436366
vt 0.107508481 0.865403652
vt 0.0937456489 0.970598757
vt 0.100240767 0.963643074
vt 0.096590817 0.965183794
vt 0.101759017 0.968844056
vt 0.102879263 0.972928226
vt 0.103890657 0.962102532
vt 0.106026888 0.967556119
vt 0.113306791 0.959105074
vt 0.114556253 0.96562767
vt 0.107371926 0.972263694
vt 0.107494801 0.977383375
vt 0.10771051 0.982966125
vt 0.102975793 0.97719872
vt 0.103565812 0.982771337
vt 0.0994209647 0.982576668
vt 0.0958644152 0.978064239
vt 0.0937084854 0.974328995
vt 0.0907541811 0.974793971
vt 0.0925893188 0.979391098
vt 0.0910767019 0.970931411
vt 0.700309038 0.214991987
vt 0.70923537 0.195769623
vt 0.697375178 0.200378209
vt 0.705946326 0.21334523
vt 0.702795088 0.228978097
vt 0.662880599 0.206780404
vt 0.668744624 0.22146228
vt 0.672427237 0.205920577
vt 0.674685061 0.220487237
vt 0.676270664 0.237138212
vt 0.614994526 0.225325644
vt 0.608605444 0.21075508
vt 0.605085313 0.217517361
vt 0.603845358 0.226804599
vt 0.604590058 0.238027394
vt 0.617802441 0.240563273
vt 0.564416289 0.196219236
vt 0.57623744 0.207374081
vt 0.581224263 0.195029825
vt 0.562232196 0.208635032
vt 0.569134057 0.218913436
vt 0.560012996 0.22049883
vt 0.557830155 0.233189374
vt 0.565197051 0.232432634
vt 0.617802441 0.240563273
vt 0.622799695 0.227123201
vt 0.614994526 0.225325644
vt 0.61805582 0.212787241
vt 0.608605444 0.21075508
vt 0.144561768 0.77914691
vt 0.145412266 0.788423777
vt 0.166842103 0.797820032
vt 0.135887086 0.776478589
vt 0.135628581 0.780166149
vt 0.139074683 0.762079477
vt 0.133999825 0.760394931
vt 0.134322345 0.757508636
vt 0.130558908 0.777090549
vt 0.130132318 0.779004991
vt 0.13860482 0.796332717
vt 0.145550907 0.799281836
vt 0.146456003 0.809644759
vt 0.130858481 0.796752989
vt 0.130979717 0.799818873
vt 0.138669074 0.801456451
vt 0.16514349 0.816572964
vt 0.166647553 0.828505516
vt 0.144865274 0.822089195
vt 0.188114867 0.827027202
vt 0.193070412 0.836897433
vt 0.166686416 0.841099322
vt 0.142571315 0.829181969
vt 0.142319918 0.838320911
vt 0.134568095 0.837275565
vt 0.132229716 0.831315458
vt 0.136264145 0.824938655
vt 0.137590587 0.819315374
vt 0.132670343 0.81965977
vt 0.138269365 0.815333843
vt 0.132682145 0.815628111
vt 0.127919614 0.81885469
vt 0.509349108 0.925530434
vt 0.508826911 0.919377923
vt 0.5 0.925537646
vt 0.519158721 0.927067041
vt 0.517747998 0.92058748
vt 0.527045846 0.929089785
vt 0.526980877 0.92514044
vt 0.535307884 0.92933017
vt 0.535194159 0.927356839
vt 0.54377228 0.927416325
vt 0.543411911 0.924905121
vt 0.5 0.917993724
vt 0.507333994 0.906544805
vt 0.518732548 0.908289969
vt 0.528802752 0.912462592
vt 0.536935031 0.918546796
vt 0.539797306 0.908724785
vt 0.545435369 0.914384365
vt 0.552705705 0.911181569
vt 0.534876227 0.903764307
vt 0.553718567 0.9029001
vt 0.559801102 0.916398406
vt 0.559777498 0.906894863
vt 0.555851877 0.898273587
vt 0.552471995 0.895602286
vt 0.539039731 0.891212642
vt 0.558018804 0.890668154
vt 0.521654069 0.899712741
vt 0.546463788 0.886490285
vt 0.547372162 0.879661262
vt 0.509408474 0.897960484
vt 0.540866733 0.878111243
vt 0.532251358 0.868421435
vt 0.518514872 0.866571784
vt 0.54009521 0.883304536
vt 0.520929933 0.875380218
vt 0.518465996 0.88102901
vt 0.510580301 0.870109141
vt 0.509390712 0.865299582
vt 0.516371429 0.887176275
vt 0.5 0.865606844
vt 0.5 0.864344597
vt 0.490609229 0.865299582
vt 0.5 0.87360847
vt 0.489419639 0.870109141
vt 0.481485009 0.866571784
vt 0.5 0.886489451
vt 0.483628422 0.887176275
vt 0.5 0.897762656
vt 0.490591496 0.897960484
vt 0.460960239 0.891212642
vt 0.481533945 0.88102901
vt 0.479069978 0.875380218
vt 0.5 0.906402469
vt 0.492665917 0.906544805
vt 0.459133208 0.878111243
vt 0.467748642 0.868421435
vt 0.452627659 0.879661262
vt 0.45990473 0.883304536
vt 0.453536093 0.886490285
vt 0.441981137 0.890668154
vt 0.447528005 0.895602226
vt 0.444148123 0.898273587
vt 0.446281314 0.9029001
vt 0.440222383 0.906894922
vt 0.440198898 0.916398406
vt 0.447294265 0.911181569
vt 0.465123773 0.903764307
vt 0.460202485 0.908724785
vt 0.454564631 0.914384365
vt 0.456588089 0.924905121
vt 0.463064998 0.918546796
vt 0.47834596 0.899712741
vt 0.464805931 0.927356839
vt 0.45622772 0.927416325
vt 0.464692682 0.929330468
vt 0.472954094 0.929089785
vt 0.471197158 0.912462592
vt 0.481267422 0.908289969
vt 0.473019123 0.92514044
vt 0.48084116 0.927067101
vt 0.482251823 0.92058748
vt 0.490650743 0.925530434
vt 0.491173089 0.919377923
vt 0.535531759 0.936211824
vt 0.536791146 0.942570567
vt 0.544617772 0.937236309
vt 0.545571744 0.943842053
vt 0.527212143 0.939628959
vt 0.52709651 0.93408072
vt 0.538587391 0.950509191
vt 0.546904147 0.949552417
vt 0.518181264 0.935891151
vt 0.518948436 0.932256877
vt 0.528441906 0.947308004
vt 0.54031229 0.960058868
vt 0.549194217 0.958328426
vt 0.509662688 0.934052527
vt 0.509189844 0.930511057
vt 0.518342495 0.940580308
vt 0.533735335 0.958382845
vt 0.542222142 0.967567325
vt 0.550661862 0.966059029
vt 0.5 0.933084846
vt 0.5 0.929786384
vt 0.490810007 0.930511057
vt 0.509589612 0.938513696
vt 0.5 0.937706828
vt 0.490337342 0.934052527
vt 0.481051415 0.932256877
vt 0.481818646 0.935891151
vt 0.47290343 0.93408072
vt 0.490408868 0.938512862
vt 0.472787857 0.939628959
vt 0.464469761 0.936212718
vt 0.5 0.941328883
vt 0.505393326 0.94101274
vt 0.510322094 0.940552473
vt 0.494607747 0.941010118
vt 0.518096268 0.941864848
vt 0.52621603 0.949406743
vt 0.528171957 0.956234515
vt 0.489678502 0.940544724
vt 0.530219674 0.963879406
vt 0.481657505 0.940580308
vt 0.481903732 0.941864848
vt 0.47378397 0.949406743
vt 0.536511421 0.968290627
vt 0.531802297 0.971122921
vt 0.534016311 0.975799918
vt 0.471558094 0.947308004
vt 0.471828043 0.956234515
vt 0.53988874 0.975323558
vt 0.542261481 0.980451286
vt 0.547985315 0.976708889
vt 0.547979176 0.988708854
vt 0.553662181 0.975037873
vt 0.557522476 0.985742629
vt 0.463208854 0.942570567
vt 0.455382228 0.937236309
vt 0.454428256 0.943842053
vt 0.461412609 0.950509191
vt 0.453095853 0.949552417
vt 0.466264665 0.958382845
vt 0.469780266 0.963879406
vt 0.45968771 0.960058868
vt 0.450805813 0.958328426
vt 0.463488579 0.968290627
vt 0.468197703 0.971122921
vt 0.465983689 0.975799918
vt 0.457777858 0.967567325
vt 0.449338168 0.966059029
vt 0.46011126 0.975323558
vt 0.457738519 0.980451286
vt 0.452014595 0.976708889
vt 0.446337819 0.975037873
vt 0.452020824 0.988708854
vt 0.442477524 0.985742629
vt 0.202398986 0.622837305
vt 0.209165096 0.6293993
vt 0.214659572 0.628455639
vt 0.216822624 0.623262167
vt 0.215239763 0.616133332
vt 0.210082054 0.614539862
vt 0.20225212 0.628754854
vt 0.202057719 0.614306629
vt 0.193000555 0.627688587
vt 0.190565705 0.628635526
vt 0.18964681 0.624562144
vt 0.186488122 0.619940817
vt 0.189165831 0.621483624
vt 0.190008044 0.617878973
vt 0.192438602 0.613853633
vt 0.193516731 0.614942491
vt 0.204561085 0.600243092
vt 0.214118719 0.609085441
vt 0.221152663 0.608020306
vt 0.223333001 0.601219475
vt 0.221483231 0.592536807
vt 0.21502316 0.590590358
vt 0.20537138 0.608249128
vt 0.204945445 0.590310335
vt 0.193558931 0.606805921
vt 0.189649433 0.608010292
vt 0.188078642 0.603212774
vt 0.18416667 0.597626746
vt 0.187127456 0.59917444
vt 0.188369006 0.594851136
vt 0.190254092 0.590237856
vt 0.194011569 0.590951145
vt 0.204587206 0.573854804
vt 0.215387106 0.584527135
vt 0.223105192 0.583450317
vt 0.225289345 0.575434089
vt 0.223340034 0.56596154
vt 0.216310501 0.563845813
vt 0.205837131 0.58357501
vt 0.205332875 0.563572228
vt 0.191329479 0.580253541
vt 0.188390464 0.580830336
vt 0.187291846 0.5779562
vt 0.182870507 0.571616828
vt 0.185642362 0.572870374
vt 0.187074065 0.568232298
vt 0.191542387 0.56236726
vt 0.193339705 0.564140439
vt 0.206885919 0.546070099
vt 0.216638923 0.556501865
vt 0.223870397 0.555656374
vt 0.226160407 0.548012674
vt 0.224220157 0.539601922
vt 0.217556119 0.537702262
vt 0.207633018 0.555580854
vt 0.207172513 0.537441313
vt 0.193330646 0.553490937
vt 0.189752191 0.554548085
vt 0.18985638 0.549816728
vt 0.185631141 0.542765737
vt 0.188901171 0.545280039
vt 0.190152287 0.541245162
vt 0.194523692 0.536261916
vt 0.195926517 0.537783206
vt 0.797601044 0.622837424
vt 0.785340428 0.628455639
vt 0.790834904 0.6293993
vt 0.783177376 0.623262167
vt 0.784760237 0.616133332
vt 0.789917946 0.614539862
vt 0.79774785 0.628754854
vt 0.797942281 0.614306629
vt 0.806999445 0.627688587
vt 0.809434175 0.628635526
vt 0.810353041 0.624562144
vt 0.813511729 0.619940817
vt 0.81083405 0.621483624
vt 0.809991837 0.617878973
vt 0.807561398 0.613853633
vt 0.806483269 0.614942491
vt 0.795438886 0.600243092
vt 0.778847337 0.608020306
vt 0.785881281 0.609085441
vt 0.776666999 0.601219475
vt 0.778516769 0.592536807
vt 0.78497684 0.590590358
vt 0.79462862 0.608249128
vt 0.795054555 0.590310335
vt 0.806441069 0.606805921
vt 0.810350418 0.608010292
vt 0.811921179 0.603212774
vt 0.815833211 0.597626746
vt 0.81287235 0.59917444
vt 0.811630785 0.594851136
vt 0.809745789 0.590237856
vt 0.805988431 0.590951145
vt 0.795412779 0.573854983
vt 0.776894808 0.583450317
vt 0.784612894 0.584527135
vt 0.774710655 0.575434089
vt 0.776659966 0.56596154
vt 0.783689499 0.563845813
vt 0.794162869 0.58357501
vt 0.794667125 0.563572228
vt 0.808670521 0.580253541
vt 0.811609387 0.580830336
vt 0.812707961 0.5779562
vt 0.817129493 0.571616828
vt 0.814357638 0.572870374
vt 0.812925756 0.568232298
vt 0.808457613 0.56236726
vt 0.806660295 0.564140439
vt 0.793114126 0.546070158
vt 0.776129603 0.555656374
vt 0.783361077 0.556501865
vt 0.773839593 0.548012674
vt 0.775779843 0.539601922
vt 0.782443881 0.537702262
vt 0.792366982 0.555580854
vt 0.792827487 0.537441313
vt 0.806669354 0.553490937
vt 0.81024766 0.554548085
vt 0.810143471 0.549816728
vt 0.814368725 0.542765737
vt 0.811098695 0.545280039
vt 0.809847713 0.541245103
vt 0.805476308 0.536261916
vt 0.804073453 0.537783206
vn 0.00802436192 -0.88788718 -0.459991395
vn -0.376843482 -0.846675515 -0.375671983
vn -0.76393187 -0.350535393 -0.541786909
vn -0.545544147 -0.551026046 -0.631467998
vn -0.679150224 -0.498372197 -0.538869262
vn -0.530442894 -0.710973024 -0.461679131
vn -0.41670233 -0.707677126 -0.570571899
vn -0.46875906 -0.757599175 -0.454211861
vn -0.413043082 -0.776990831 -0.475058645
vn -0.597686052 -0.766022682 -0.236602396
vn -0.369526803 -0.778964579 -0.506620228
vn -0.292333513 -0.787908196 -0.541979611
vn -0.724107981 -0.681989908 0.102749243
vn -0.244257018 -0.808893085 -0.534818232
vn -0.400208861 -0.878970206 -0.259315073
vn -0.672085464 -0.613695443 0.414341658
vn -0.259208828 -0.847645998 -0.462933093
vn -0.372478187 -0.912713587 -0.167970031
vn -0.27575773 -0.881240249 -0.383892298
vn -0.622787833 -0.650735319 0.434371978
vn -0.24174577 -0.905988991 -0.347480953
vn -0.288803786 -0.952603042 -0.0956019536
vn -0.345271885 -0.902412295 0.257758498
vn -0.147963718 -0.928320467 -0.341068923
vn -0 -0.89766109 0.440686375
vn -0 -0.990019321 -0.140931487
vn -0 -0.945802629 -0.324742049
vn 0.147963136 -0.9283216 -0.341065973
vn 0.288803726 -0.952603042 -0.095602192
vn 0.34527123 -0.902412295 0.257759273
vn 0.241746485 -0.905992985 -0.347469926
vn 0.622784078 -0.650733352 0.434380203
vn 0.372478187 -0.912713885 -0.167968735
vn 0.275751561 -0.881241679 -0.38389343
vn 0.672090232 -0.613698721 0.414329261
vn 0.259204209 -0.847640932 -0.462944925
vn 0.400207669 -0.87896812 -0.259323955
vn 0.244255781 -0.808895409 -0.534815192
vn 0.724107862 -0.681989729 0.102751195
vn 0.292334318 -0.787913799 -0.541970968
vn 0.59768641 -0.766023278 -0.236599609
vn 0.369526535 -0.778965592 -0.506618917
vn 0.413042277 -0.776991069 -0.475058883
vn 0.41670233 -0.707677126 -0.570571899
vn 0.468757391 -0.757598221 -0.454215169
vn 0.530439138 -0.710971951 -0.461685091
vn 0.545544863 -0.551026881 -0.631466746
vn 0.679183125 -0.498392761 -0.538808823
vn 0.763962746 -0.350559175 -0.54172802
vn -0.00804124866 -0.887892902 -0.459979802
vn 0.376886725 -0.846660256 -0.375663251
vn 0.215051785 0.857823431 -0.466788858
vn 0.263918281 0.964238286 -0.0243222564
vn 0.328129023 0.944471955 -0.0174369868
vn 0.261970758 0.759744048 -0.595113754
vn 0.143049523 0.578268409 -0.803207636
vn 0.644225955 0.763532639 0.0446184129
vn 0.197307289 0.528000593 -0.826005578
vn -0 0.42791149 -0.903820634
vn -0 0.451223195 -0.892411113
vn 0.537635744 0.583511949 -0.608655691
vn 0.970104396 0.208611235 -0.124011219
vn 0.266813099 0.483826905 -0.833499968
vn -0 0.436467528 -0.899720013
vn 0.665340006 0.2363507 -0.708139122
vn 0.307526499 0.260037184 -0.915318549
vn -2.2244491E-07 0.250294834 -0.968169749
vn -1.73047098E-07 0.19359675 -0.981081188
vn 0.306740403 0.202275872 -0.930050969
vn 0.620870054 0.201059699 -0.757690728
vn 0.952816069 0.135228187 -0.271762729
vn -0.263918221 0.964238405 -0.024320947
vn -0.215051785 0.857823431 -0.466788858
vn -0.328129053 0.944471955 -0.017435953
vn -0.261970729 0.759744108 -0.595113754
vn -0.143049538 0.578268409 -0.803207636
vn -0.644225955 0.763532639 0.0446186326
vn -0.197307289 0.528000534 -0.826005578
vn -0 0.42791149 -0.903820634
vn -0 0.451223195 -0.892411113
vn -0.537635684 0.583511829 -0.608655691
vn -0.970104516 0.20861119 -0.124010988
vn -0.266813248 0.483826816 -0.833499968
vn -0 0.436467528 -0.899720013
vn -0.665341377 0.236350745 -0.708137929
vn -0.952816188 0.135228246 -0.271762222
vn -0.620871007 0.201059699 -0.757690012
vn -0.30752632 0.260037482 -0.915318549
vn -2.2244491E-07 0.250294834 -0.968169749
vn -0.306740493 0.202276021 -0.93005091
vn -1.73047098E-07 0.19359675 -0.981081188
vn -0 -0.00104378676 -0.999999523
vn 1.00854201E-07 0.115457512 -0.993312418
vn 0.361409038 -0.00837937184 -0.932369769
vn 0.322426796 0.13650614 -0.936700046
vn -1.73047098E-07 0.19359675 -0.981081188
vn 0.563426495 0.0153009742 -0.826024473
vn 0.306740403 0.202275872 -0.930050969
vn 0.56661272 0.148474798 -0.810496867
vn 0.963803351 -0.0438622534 -0.262981504
vn 0.620870054 0.201059699 -0.757690728
vn 0.976434112 0.0329681598 -0.213283017
vn 0.952816069 0.135228187 -0.271762729
vn 0.646700025 -0.570461571 -0.506312788
vn 0.768212438 0.112843513 -0.630171299
vn 0.759408653 0.168318242 -0.628464401
vn 0.520657003 -0.581798315 -0.624841571
vn 0.571951151 -0.673805118 -0.467823207
vn 0.303124368 -0.524173319 -0.795837879
vn 0.560347259 0.106928207 -0.821326554
vn 0.492933273 -0.649617612 -0.578803599
vn 0.675398111 -0.618661761 -0.401366383
vn -0 -0.504251659 -0.863556802
vn 0.0024849663 0.0564870462 -0.998400271
vn -0 -0.703421891 -0.710772574
vn 0.255224168 -0.701761544 -0.665125012
vn 0.262695819 -0.598711431 -0.756660819
vn -0 -0.606540263 -0.795052826
vn 2.91385163E-07 -0.256782919 -0.966469109
vn 0.560908675 -0.460852385 -0.6877473
vn 0.836335719 -0.320610166 -0.444692731
vn 0.317872435 -0.259632707 -0.911892533
vn -0 -0.00104378676 -0.999999523
vn 0.361409038 -0.00837937184 -0.932369769
vn 0.55789268 -0.197535992 -0.806061566
vn 0.921588361 -0.125835806 -0.367205948
vn 0.563426495 0.0153009742 -0.826024473
vn 0.963803351 -0.0438622534 -0.262981504
vn 0.963803351 -0.0438622534 -0.262981504
vn 0.976434112 0.0329681598 -0.213283017
vn 0.982179999 -0.107811734 0.153945073
vn 0.969535947 -0.0408229977 0.24152337
vn 0.952816069 0.135228187 -0.271762729
vn 0.889808595 -0.13380377 0.436276525
vn 0.854755819 -0.103815287 0.508541822
vn 0.661138415 -0.197252542 0.723869801
vn 0.639060974 -0.158114746 0.752728879
vn 0.466575831 -0.255998105 0.846623838
vn 0.46408534 -0.184105679 0.866446614
vn -4.08799622E-07 -0.239409938 0.970918536
vn -0 -0.312777787 0.94982636
vn -0.466577053 -0.255998373 0.846623063
vn -0.464086205 -0.184106097 0.866446197
vn -0.639061272 -0.158114985 0.752728581
vn -0.66113925 -0.19725284 0.723868847
vn -0.854755998 -0.103815317 0.508541644
vn -0.889808476 -0.13380374 0.436276615
vn -0.969536006 -0.04082302 0.241522908
vn -0.982179999 -0.107811734 0.153944939
vn -0.976434112 0.0329680778 -0.213283002
vn -0.96380347 -0.0438620672 -0.262980908
vn -0.952816188 0.135228246 -0.271762222
vn -0 -0.00104378676 -0.999999523
vn -0.36140883 -0.00837939326 -0.932369828
vn 1.00854201E-07 0.115457512 -0.993312418
vn -0.322426617 0.1365062 -0.936700165
vn -1.73047098E-07 0.19359675 -0.981081188
vn -0.563426733 0.0153010655 -0.826024294
vn -0.306740493 0.202276021 -0.93005091
vn -0.566612542 0.148474947 -0.810497046
vn -0.96380347 -0.0438620672 -0.262980908
vn -0.620871007 0.201059699 -0.757690012
vn -0.976434112 0.0329680778 -0.213283002
vn -0.952816188 0.135228246 -0.271762222
vn -0.768213868 0.112842977 -0.630169809
vn -0.646700084 -0.570461631 -0.506312728
vn -0.759411216 0.168319255 -0.628461003
vn -0.520657063 -0.581798315 -0.624841571
vn -0.57195127 -0.673805118 -0.467823088
vn -0.30312416 -0.524173021 -0.795838177
vn -0.560351729 0.106929526 -0.821323335
vn -0.492933065 -0.649617493 -0.578804135
vn -0.675397933 -0.618661582 -0.40136683
vn -0 -0.504251659 -0.863556802
vn 0.0024849663 0.0564870462 -0.998400271
vn -0 -0.703421891 -0.710772574
vn -0.255224198 -0.701761305 -0.66512531
vn -0.262695223 -0.598710656 -0.756661534
vn -0 -0.606540263 -0.795052826
vn 2.91385163E-07 -0.256782919 -0.966469109
vn -0.560907602 -0.460851043 -0.687749267
vn -0.836335719 -0.320610166 -0.444692671
vn -0.317871451 -0.259630889 -0.911893427
vn -0 -0.00104378676 -0.999999523
vn -0.36140883 -0.00837939326 -0.932369828
vn -0.557891965 -0.197535515 -0.806062222
vn -0.921588361 -0.125835687 -0.367205948
vn -0.563426733 0.0153010655 -0.826024294
vn -0.96380347 -0.0438620672 -0.262980908
vn 0.96172744 -0.0205954239 0.273232818
vn 0.957995474 0.0520163812 0.282026619
vn 0.995548606 0.0455528647 -0.0825094134
vn 0.987265587 -0.0279451311 -0.156606987
vn 0.967969656 -0.0664279163 0.242119923
vn 0.78418684 0.025739776 -0.619990766
vn 0.979683757 -0.0680294931 -0.188657314
vn 0.97414577 -0.0881759077 0.208002478
vn 0.975790679 -0.0942572057 -0.197352633
vn 0.978619397 -0.0838821605 0.1877978
vn 0.759158731 -0.0259460639 -0.6503883
vn 0.385357767 -0.02607489 -0.922398746
vn 0.405331939 0.0342125334 -0.913529217
vn 0.129734471 -0.0045617437 -0.991538286
vn 0.742994249 -0.0653585941 -0.666098893
vn 0.734435916 -0.0952521935 -0.671960413
vn 0.111147426 -0.0170059521 -0.993658364
vn -0.279133379 -0.00737373484 -0.960224092
vn 0.976356149 -0.0800081491 -0.200816572
vn 0.735444546 -0.0814442039 -0.672672331
vn 0.974728048 -0.0383706167 -0.220074818
vn 0.982404172 -0.0575611331 0.177675784
vn 0.968300521 -0.0397169515 -0.246610299
vn 0.980515718 -0.0336736999 0.193533227
vn 0.977347732 -0.0158813242 0.211042821
vn 0.713620186 -0.0475633554 -0.698916256
vn 0.378811836 -0.0705329701 -0.922782004
vn 0.123253979 -0.0646169707 -0.990269184
vn 0.374250144 -0.0972922221 -0.922209859
vn 0.367019832 -0.0901034847 -0.925839007
vn 0.129490241 -0.103214666 -0.986194193
vn 0.319553912 -0.0857318118 -0.943681777
vn 0.645093739 -0.0804462433 -0.75985682
vn -0.259591579 -0.0120126773 -0.965643764
vn -0.250595689 -0.0717676505 -0.965428054
vn -0.748460948 -0.0363680683 -0.66218096
vn -0.759482265 0.00420724088 -0.650514364
vn -0.74487865 -0.106474862 -0.658649325
vn -0.986780822 -0.0783129036 -0.14188312
vn -0.999055922 -0.00223730458 -0.0433850065
vn 0.957672536 -0.0511870123 -0.283272475
vn 0.90013206 -0.0618961938 -0.431197345
vn 0.991235256 -0.0632848442 0.115964122
vn 0.968658984 -0.195521861 0.1532024
vn 0.522540689 -0.130673945 -0.842541218
vn -0.952583134 -0.0885458514 0.291109771
vn -0.939746737 0.0108195534 0.341699958
vn 0.249201655 -0.129885331 -0.959702194
vn 0.0458930843 -0.156327099 -0.986638546
vn -0.792766154 -0.0693292543 0.605570316
vn -0.783711433 0.0269383676 0.620540798
vn -0.325565428 0.0269106571 0.945136487
vn -0.338903874 -0.0492929146 0.939528763
vn 0.177737534 0.039267458 0.983294249
vn -0.812617242 -0.133950576 0.567195296
vn -0.953903794 -0.148917243 0.260559469
vn 0.192159072 -0.16022487 -0.968195677
vn 0.0811967626 -0.119116314 -0.989554644
vn -0.978457749 -0.1436546 -0.14826946
vn -0.765628219 -0.167347983 -0.62113446
vn 0.115652248 -0.107884072 -0.987413645
vn -0.257517517 -0.127097011 -0.95787847
vn -0.970491827 -0.192984357 -0.144577965
vn -0.277707607 -0.145810291 -0.949535549
vn -0.790505946 -0.188771039 -0.582636952
vn -0.29150182 -0.150828719 -0.944604337
vn -0.804873466 -0.163529754 -0.570470512
vn -0.95442462 -0.182660609 0.236026734
vn -0.839317501 -0.166585445 0.517489552
vn -0.967235625 -0.203285575 -0.152086556
vn -0.960894406 -0.188853636 0.2025249
vn -0.857672989 -0.178089023 0.482370555
vn -0.405750364 -0.136858821 0.903679252
vn -0.974444509 -0.157154858 -0.160499901
vn -0.968509674 -0.160240069 0.190557793
vn -0.979611933 -0.133016959 -0.15055573
vn -0.794496894 -0.158224836 -0.586293161
vn -0.361250699 -0.0978994742 0.927315295
vn -0.865801513 -0.170964733 0.470275164
vn -0.298560917 -0.171084985 -0.938930929
vn 0.193516016 -0.0625059977 0.979103923
vn 0.198503315 -0.094359152 0.975547493
vn 0.180339485 -0.0271215923 0.983230472
vn 0.519947171 -0.0267830063 0.853778422
vn 0.481023878 0.0366655812 0.875940502
vn 0.550785244 -0.0569779016 0.832700014
vn 0.811095119 -0.0215705484 0.584516227
vn 0.793192208 0.027079504 0.608368933
vn 0.96172744 -0.0205954239 0.273232818
vn 0.957995474 0.0520163812 0.282026619
vn 0.967969656 -0.0664279163 0.242119923
vn 0.813796461 -0.0606239811 0.577979326
vn 0.97414577 -0.0881759077 0.208002478
vn 0.828386426 -0.0854471326 0.553601563
vn 0.978619397 -0.0838821605 0.1877978
vn 0.580826521 -0.0825047866 0.809835494
vn 0.850411534 -0.0882699266 0.518660545
vn 0.982404172 -0.0575611331 0.177675784
vn 0.59995991 -0.0996235237 0.793803096
vn 0.869954884 -0.0780795887 0.48691079
vn 0.980515718 -0.0336736999 0.193533227
vn 0.181745723 -0.131445989 0.974520624
vn 0.601349473 -0.097946316 0.792959869
vn 0.878769219 -0.0589746684 0.473589242
vn 0.977347732 -0.0158813242 0.211042821
vn -0.445925951 -0.171944141 0.878399193
vn 0.133770511 -0.13815935 0.981334448
vn 0.613624573 -0.0749061853 0.786036909
vn 0.637684226 -0.0810091048 0.766026318
vn -0.478585422 -0.179478735 0.859501839
vn 0.0921785831 -0.0822875872 0.992336571
vn 0.889651418 -0.0276397634 0.455802947
vn 0.991235256 -0.0632848442 0.115964122
vn 0.822991848 -0.0737439394 0.563246191
vn 0.859118819 -0.134304985 0.493839085
vn 0.968658984 -0.195521861 0.1532024
vn 0.816304028 -0.282436281 0.5038625
vn 0.964552164 -0.16408357 0.206677839
vn 0.801372945 -0.223268315 0.55493474
vn 0.788602948 -0.0576969124 0.612189829
vn 0.941522121 0.0200252999 0.336355567
vn 0.948309541 0.0486525632 0.313595057
vn 0.730617762 -0.228976935 0.643247485
vn 0.644991934 -0.172015727 0.744577765
vn 0.773791313 0.0205837414 0.633106112
vn 0.963748991 0.0604471713 0.259873241
vn 0.656342983 -0.0782798305 0.750390649
vn 0.64386189 -0.015780922 0.764979005
vn 0.770581126 0.0352111571 0.636368454
vn 0.0710146502 -0.0660760105 0.995284379
vn 0.607369661 -0.29216671 0.738742709
vn 0.776531219 0.0145111987 0.629911661
vn 0.966118157 0.0250479653 0.256881893
vn 0.778945386 -0.0537014119 0.624788105
vn 0.958535612 -0.0667046085 0.277056068
vn 0.954705417 -0.144678414 0.260011077
vn 0.597423077 0.00299786334 0.801920652
vn 0.794689119 -0.0986538157 0.598946333
vn 0.970385969 -0.132667169 0.20186761
vn 0.627151251 0.00657868199 0.778869689
vn 0.0902754366 -0.0407651216 0.99508214
vn -0.65785867 -0.0200939439 0.752873302
vn 0.591955125 -0.0353576727 0.805194974
vn 0.0894865394 -0.0258815587 0.995651662
vn 0.0618899278 -0.0313982144 0.997588992
vn -0.117034577 -0.260369688 0.958389521
vn -0.600963533 0.0190756358 0.799048781
vn 0.0836621672 -0.0294741075 0.996058226
vn -0.584708869 0.014780228 0.81110853
vn 0.530480266 -0.386204302 0.754610419
vn 0.574905992 -0.337429136 0.745402336
vn -0.0679116175 -0.475940794 0.876851439
vn 0.0565327853 -0.283032507 0.95744276
vn -0.606648326 -0.212338164 0.766087592
vn -0.740118027 -0.385293365 0.551157176
vn -0.72997117 -0.272115648 0.626973033
vn -0.790740013 -0.14668636 0.594317615
vn -0.593852699 -0.0853783786 0.800030887
vn 0.0887857452 -0.0501927026 0.994785368
vn -0.528877497 -0.127747595 0.839028716
vn -0.882107913 -0.11995928 0.455516785
vn -0.87130326 -0.148801073 0.467641979
vn -0.964865148 -0.138771415 0.223109379
vn -0.955696106 -0.107146837 0.274161756
vn -0.853984773 -0.115076542 0.507412374
vn -0.987175405 -0.100441352 -0.124081753
vn -0.758422554 -0.156708151 -0.632643461
vn -0.9929865 0.0257770028 -0.115383312
vn -0.956919253 -0.0619631037 0.283665597
vn -0.306065947 -0.169550464 -0.936790466
vn -0.904901981 -0.108350478 0.41159761
vn -0.998725355 0.00914036576 -0.0496387966
vn -0.731570244 0.0181107372 -0.681525469
vn 0.0424828231 -0.165842086 -0.985236824
vn -0.880020201 0.016532423 0.474648267
vn -0.994353652 0.0934179425 0.0503376201
vn -0.858813524 0.0859614536 0.505024672
vn -0.837325394 0.145264253 -0.527052581
vn -0.329709321 0.0275969356 -0.943679094
vn -0.420899451 0.22368224 -0.879096031
vn -0.811541319 0.198767081 -0.549447298
vn 0.0103812572 0.0300230272 -0.999495268
vn -0.370165169 0.253802508 -0.893622994
vn 0.218800887 0.0168753825 -0.975623608
vn 0.0774465799 0.201650903 -0.976390719
vn -0.273337007 0.273962349 -0.92207998
vn 0.308369428 0.166995123 -0.936493933
vn 0.268880367 0.302749246 -0.914355695
vn 0.422994971 -0.0282205399 -0.905692458
vn 0.181624189 0.151078254 -0.971693337
vn 0.560261965 0.0138343628 -0.828199983
vn 0.532211125 0.232987761 -0.813921332
vn 0.8986305 -0.0605025105 -0.434514344
vn 0.923168421 0.032295499 -0.383036673
vn 0.964552164 -0.16408357 0.206677839
vn 0.0438782126 0.265410632 -0.963136494
vn 0.299022615 0.317961693 -0.899714351
vn 0.975671411 0.0827684626 -0.203013986
vn 0.941522121 0.0200252999 0.336355567
vn 0.698849797 0.239787683 -0.673877537
vn 0.0330570005 0.31567955 -0.948289871
vn 0.984310925 0.102832884 -0.143378228
vn 0.948309541 0.0486525632 0.313595057
vn 0.690321088 0.179942355 -0.700769246
vn 0.333209604 0.225516573 -0.915485442
vn 0.988299847 0.0856119618 -0.126230001
vn 0.963748991 0.0604471713 0.259873241
vn 0.966118157 0.0250479653 0.256881893
vn 0.6454373 0.124349795 -0.753623247
vn -0.266471982 0.293302178 -0.918132126
vn -0.00636532111 0.24645263 -0.969133914
vn 0.351520747 0.133012399 -0.926682711
vn -0.836650848 0.246167511 -0.489302397
vn -0.392615527 0.226308346 -0.891424417
vn -0.0293542761 0.133936256 -0.990555108
vn -0.457425237 0.116808511 -0.881542981
vn -0.0326856077 -0.0152980573 -0.999348581
vn 0.331897348 -0.0141573884 -0.943209291
vn -0.983328938 0.172264054 0.0582189374
vn -0.845969141 0.0745495409 0.527994871
vn -0.985796392 0.162066847 0.0440440476
vn -0.82725656 0.207228109 -0.522209942
vn -0.572791636 -0.0141214114 0.819579303
vn -0.801101506 0.111696124 -0.588013947
vn -0.837262392 0.040417932 0.545305431
vn -0.99419421 0.0967070386 0.0471771918
vn -0.557488561 -0.0314268172 0.829589546
vn -0.831738472 -0.0111651933 0.55505532
vn -0.998103738 0.00260105985 0.0614993647
vn -0.79324156 -0.00566866575 -0.608880699
vn 0.0319515057 -0.036839392 0.998810291
vn -0.466196805 -0.0133700408 -0.884580076
vn -0.799042106 -0.108591959 -0.591387749
vn -0.0501570553 -0.114038162 -0.992209435
vn -0.992993295 -0.104573771 0.0550323762
vn -0.562696815 -0.0469533764 0.825328767
vn 0.596016288 -0.0770973191 0.799262464
vn 0.0147389621 -0.0722670928 0.997276366
vn -0.826798737 -0.0719126984 0.557882071
vn 0.616651535 -0.0448227748 0.785959125
vn -0.588511884 -0.0715746805 0.805314124
vn -0.838051498 -0.1031866 0.535744488
vn 0.016896477 -0.0505684465 0.998577714
vn -0.984766483 -0.155018717 0.0787666515
vn -0.614133418 -0.0592180938 0.786977291
vn 0.840497911 -0.0776208788 0.536225855
vn 0.884599447 -0.0602650978 0.462441266
vn 0.982650816 -0.107025571 0.151468962
vn 0.662325859 -0.0214988459 0.748907268
vn 0.937483191 -0.031437628 0.346607804
vn 0.993287265 -0.0713960975 0.0910113454
vn 0.0455408506 -0.0174293108 0.99881041
vn 0.956588745 0.0531094745 0.286561489
vn 0.999484062 0.00105521909 0.0321005844
vn 0.738197386 0.0160744041 0.674393237
vn 0.758517206 0.113115899 0.641760468
vn 0.0777111351 0.0375467055 0.99626863
vn 0.0139387008 0.147312194 0.988991857
vn -0.633909345 -0.0443896055 0.772132337
vn -0.69123739 -0.0078216996 0.72258544
vn -0.743698418 0.0535440072 0.666367471
vn -0.890959978 -0.0942439139 0.444194108
vn -0.939900041 -0.0744556114 0.333232939
vn -0.989839673 -0.141364962 -0.0152729237
vn -0.963912547 -0.0184286162 0.265580416
vn -0.995520353 -0.0496142209 -0.0804829672
vn -0.783262253 -0.0783366337 -0.616736233
vn -0.863057852 -0.0899927095 0.497023672
vn -0.986934423 -0.16016227 0.0175660215
vn -0.7799806 -0.200364083 -0.592861354
vn -0.692451954 -0.080786407 -0.716926694
vn -0.987390161 -0.15233916 0.0430523269
vn -0.789209545 -0.210825771 -0.576802135
vn -0.481707156 -0.199377969 -0.853350282
vn -0.146835983 -0.0589786656 -0.987400949
vn -0.798520505 -0.169821665 -0.577516675
vn -0.800754786 -0.200469464 -0.564449966
vn -0.475730389 -0.105208516 -0.873276472
vn -0.468974054 -0.164424509 -0.867771804
vn -0.461612821 -0.217203066 -0.860079408
vn -0.459203899 -0.219843522 -0.860697746
vn -0.0703970417 -0.18056117 -0.981041253
vn -0.0717385858 -0.164929345 -0.983692944
vn -0.110891961 -0.213356718 -0.970660567
vn 0.335173935 -0.169602603 -0.926765025
vn 0.321076602 -0.0404753871 -0.946187913
vn 0.759143651 -0.0220315456 -0.650550127
vn -0.10775771 -0.219092086 -0.969735503
vn 0.300117105 -0.202969745 -0.932058573
vn 0.773868084 -0.144218475 -0.616708338
vn 0.933859229 -0.0297663175 -0.356400013
vn 0.313719362 -0.112343468 -0.942846298
vn 0.300155997 -0.161478579 -0.940122962
vn 0.28847453 -0.210522965 -0.934056997
vn 0.948088467 -0.115811288 -0.296168894
vn 0.999484062 0.00105521909 0.0321005844
vn 0.993287265 -0.0713960975 0.0910113454
vn 0.982650816 -0.107025571 0.151468962
vn 0.718908012 -0.182955861 -0.670595646
vn 0.662689567 -0.0119036231 -0.748799682
vn 0.686275899 -0.106904902 -0.71944201
vn 0.981417239 0.0163945928 -0.191184059
vn 0.972033381 -0.0804591104 -0.220629945
vn 0.958535612 -0.0667046085 0.277056068
vn 0.666303337 -0.177600935 -0.724222302
vn 0.953242004 -0.176750526 -0.245130375
vn 0.954705417 -0.144678414 0.260011077
vn 0.683746636 -0.20701386 -0.699739873
vn 0.945908487 -0.18394129 -0.267250299
vn 0.970385969 -0.132667169 0.20186761
vn 0.946357548 -0.153813601 -0.284163356
vn 0.308369428 0.166995123 -0.936493933
vn 0.268880367 0.302749246 -0.914355695
vn 0.532211125 0.232987761 -0.813921332
vn 0.181624189 0.151078254 -0.971693337
vn 0.218800887 0.0168753825 -0.975623608
vn -0.811541319 0.198767081 -0.549447298
vn -0.273337007 0.273962349 -0.92207998
vn -0.420899451 0.22368224 -0.879096031
vn -0.370165169 0.253802508 -0.893622994
vn -0.329709321 0.0275969356 -0.943679094
vn -0.606648326 -0.212338164 0.766087592
vn -0.784477592 -0.214255273 0.581970394
vn -0.740118027 -0.385293365 0.551157176
vn -0.72997117 -0.272115648 0.626973033
vn -0.593852699 -0.0853783786 0.800030887
vn -0.882107913 -0.11995928 0.455516785
vn 0.801372945 -0.223268315 0.55493474
vn 0.644991934 -0.172015727 0.744577765
vn 0.607369661 -0.29216671 0.738742709
vn 0.816304028 -0.282436281 0.5038625
vn 0.730617762 -0.228976935 0.643247485
vn 0.859118819 -0.134304985 0.493839085
vn 0.889651418 -0.0276397634 0.455802947
vn 0.822991848 -0.0737439394 0.563246191
vn -0.882107913 -0.11995928 0.455516785
vn -0.784477592 -0.214255273 0.581970394
vn -0.853984773 -0.115076542 0.507412374
vn -0.790740013 -0.14668636 0.594317615
vn -0.606648326 -0.212338164 0.766087592
vn 0.480441332 0.334674329 0.810659707
vn 0.380058408 0.696575046 0.608554661
vn 0.81247437 -0.582705855 0.0184218958
vn 0.819437921 0.572785676 -0.0209312607
vn 0.999565899 0.0162857808 0.0245528854
vn 0.505707502 -0.128408074 0.853095114
vn 0.305615306 0.429628253 -0.849716842
vn 0.370768785 0.517509103 -0.77117753
vn 0.44373253 -0.0182423908 -0.895973682
vn 0.680746257 -0.481377423 0.552141547
vn 0.327001572 -0.116567343 0.937807024
vn 0.478013873 -0.623066902 0.619104505
vn 0.187291786 -0.156395257 0.969774306
vn 0.683217704 -0.50044018 -0.531764209
vn 0.483253211 -0.658389688 -0.577052355
vn 0.240982175 -0.0605722032 -0.968637466
vn 0.0982467979 -0.0569510162 -0.993531168
vn 0.761066258 -0.644743383 0.0713026673
vn 0.549183369 -0.834276438 0.0487905964
vn 0.252035439 -0.750820339 -0.610530019
vn 0.0764573738 0.0497955084 -0.995828688
vn 0.298586071 -0.954213262 0.0179852676
vn 0.153680146 -0.75314182 -0.639656007
vn 0.0803907812 0.164417103 -0.983109534
vn 0.286613673 -0.724922895 0.626369953
vn 0.173297569 -0.984758258 0.0148053141
vn 0.0918537155 -0.995760381 0.00491439272
vn 0.131863251 -0.708626568 0.693152547
vn 0.100747734 -0.0912513733 0.990718544
vn 0.0603881739 0.0804225132 0.99492985
vn 0.0918395147 -0.732092083 -0.674986541
vn 0.0294600669 -0.659758151 -0.750900269
vn 0.0691939071 0.308038592 -0.948854268
vn 0.00655740825 -0.00714069232 -0.999953032
vn 0.0607760623 -0.663729131 0.745499849
vn 0.0288316887 -0.642328322 0.765887141
vn 0.0357606784 0.146221265 0.98860532
vn 0.0428246483 -0.153045788 0.9872908
vn 0.0725661591 -0.997201204 -0.0180015564
vn 0.073721461 -0.997163594 -0.0151569908
vn 0.0502249859 -0.588657558 -0.80682075
vn 0.0385640189 0.300141037 -0.953114986
vn 0.042536214 0.294814318 -0.954607308
vn 0.0677896738 -0.617096305 0.78396219
vn 0.0786593705 0.177392721 0.980991542
vn 0.0836774632 0.152765676 0.984713495
vn 0.0521768704 -0.590971529 -0.805003226
vn 0.0359460302 0.275801063 -0.960542381
vn 0.0781585574 -0.676524758 0.732260585
vn 0.0977609456 0.156835362 0.982774317
vn 0.0429354124 -0.579475224 -0.813858092
vn 0.0312248711 0.00350248581 -0.999506235
vn 0.046265211 -0.998079658 -0.0411904864
vn 0.0791550279 -0.994946778 -0.0617693663
vn 0.114894785 -0.992232919 -0.0476763509
vn 0.0764600188 -0.693034232 0.716838419
vn 0.0856542066 -0.17345345 0.981110215
vn 0.0741534978 -0.559660316 -0.825397789
vn 0.020466296 0.253923595 -0.967007697
vn 0.0413002707 0.208191559 -0.977215767
vn 0.107631117 -0.688978016 0.716745913
vn 0.0854424611 0.142634377 0.986080647
vn 0.0694641396 0.159170389 0.984804392
vn 0.0829561427 -0.528493762 -0.844874263
vn 0.106392197 -0.684553623 0.721156836
vn 0.163213536 -0.649329603 -0.742786884
vn 0.0958734006 -0.995129347 0.0229315795
vn 0.111523598 0.177667916 -0.977750778
vn 0.728956223 0.305176914 -0.612772226
vn 0.0995041355 -0.99326694 -0.0593270808
vn 0.0682491437 -0.663491964 0.74506408
vn 0.0517839305 -0.0321306624 0.998141289
vn 0.0366042815 -0.133154795 0.99041909
vn 0.072375387 -0.635802329 0.768451214
vn 0.0381440856 -0.0309983529 0.998791397
vn 0.741873324 -0.595960617 -0.307335168
vn 0.219017774 -0.939140141 -0.264664084
vn 0.126664683 -0.953918874 -0.272020042
vn 0.653719783 -0.741606057 -0.150568679
vn 0.613889515 0.130161732 0.778586984
vn 0.144336 -0.986839116 0.0729081556
vn 0.164600626 -0.984381437 0.0624493957
vn 0.110467114 -0.730629683 0.673778415
vn 0.619427204 -0.784945905 0.013030434
vn 0.0622197017 -0.724380851 0.686586499
vn 0.0842127725 0.000218182846 0.996447682
vn 0.0844815448 -0.996363342 -0.01108908
vn 0.0709377453 -0.715699911 0.694795907
vn 0.0327001996 0.29000023 0.956467688
vn 0.253303707 -0.67963165 0.688431621
vn 0.121162288 0.252432317 0.959998727
vn 0.0732210279 0.270316422 0.95998323
vn 0.236825004 -0.644282341 0.727196038
vn 0.135033429 0.420646638 0.897118986
vn 0.132248014 -0.990225732 0.0443111844
vn 0.791035891 -0.408040494 0.455812573
vn 0.468037128 0.628782332 0.62094599
vn 0.928791285 0.129052371 -0.347407967
vn 0.223254159 0.909685135 0.350186229
vn 0.140096694 0.981415272 0.131137177
vn 0.571208537 -0.799411952 -0.186175585
vn 0.0952582955 -0.975095689 -0.200285167
vn 0.509290874 -0.78414166 -0.354604989
vn 0.158479705 0.465285778 -0.870857775
vn 0.0958270654 0.994538009 -0.0413677692
vn 0.195412695 -0.965866864 -0.170044497
vn 0.160618052 -0.974401057 -0.157303676
vn 0.16411826 -0.9857077 -0.0380216688
vn 0.224500388 -0.973694086 -0.0389808379
vn 0.131938681 -0.989183426 -0.0640967861
vn 0.131453454 -0.984435797 -0.116645455
vn 0.13874504 -0.657886982 0.740225971
vn 0.129202411 -0.983869612 -0.12372271
vn 0.172461361 -0.975865006 -0.133957312
vn 0.219020352 -0.969796538 -0.107353814
vn 0.211648196 -0.96317941 0.165802777
vn 0.274461448 -0.959570348 0.0624161959
vn 0.0986951664 -0.668168724 0.737434626
vn 0.124132544 -0.992220223 -0.00948987156
vn 0.0618704855 0.238104105 0.969266951
vn 0.0672811419 -0.0680615008 0.995409906
vn 0.0657096133 -0.671973169 0.737654507
vn 0.0594550744 0.235128194 0.970144212
vn 0.0807897002 0.11578735 0.989982963
vn 0.141576856 -0.989071846 0.041145049
vn 0.0904022008 -0.614261568 -0.783907056
vn 0.16921863 -0.984826684 -0.0384884663
vn 0.142442629 -0.637967825 -0.756774187
vn 0.397685111 -0.789240479 -0.467916727
vn 0.597301781 -0.797448099 -0.0854808614
vn 0.306104541 -0.798922479 -0.517709255
vn 0.152688324 -0.981797695 0.112958401
vn 0.228417829 -0.973321021 0.0217120275
vn 0.295311719 -0.94843483 0.115162484
vn 0.0714481398 -0.916243792 -0.394198447
vn 0.16899462 -0.970163643 0.173849121
vn 0.178151488 -0.968585253 0.173506767
vn 0.0100186272 -0.99768889 0.067206271
vn 0.388342977 -0.895520389 0.217331707
vn 0.0503368974 -0.991124272 -0.123040266
vn 0.399290562 -0.817950487 -0.414154679
vn 0.151106432 -0.984743595 -0.0862962306
vn 0.0957217366 -0.99101007 -0.0934683904
vn -0.122154117 -0.971108496 -0.2050042
vn 0.115803219 -0.9902125 -0.0779020861
vn 0.132911921 -0.491137832 -0.860882103
vn -0.137643769 -0.876704931 -0.460915059
vn -0.506544948 -0.858627081 -0.0785608813
vn -0.23175481 -0.912792027 -0.336304098
vn -0.519683838 -0.853391945 -0.0406321771
vn 0.117597446 -0.438901335 -0.890806675
vn 0.104364425 -0.993596435 -0.0432906561
vn 0.109274499 -0.415207505 -0.903140008
vn 0.0689084232 -0.995242596 -0.0688756108
vn 0.056887567 -0.996573925 -0.0600353293
vn 0.118609242 0.441355377 -0.889459014
vn 0.107520536 0.401665926 -0.909452498
vn 0.0652346537 0.989717126 -0.127296895
vn 0.0548023656 0.993257165 -0.102161191
vn -0.180153415 -0.959291399 -0.217496395
vn -0.364137232 -0.926628947 0.0936095119
vn -0.231205836 -0.869812131 -0.435856432
vn 0.175151482 0.41739592 -0.891685188
vn -0.223806158 -0.947871625 -0.226826221
vn -0.324810714 -0.841886103 -0.430959135
vn -0.347088039 -0.586399257 -0.73189193
vn -0.134978026 -0.94226253 -0.306467444
vn -0.370390564 -0.517197967 -0.771567941
vn -0.258747101 0.128055885 -0.957419276
vn -0.302197248 -0.0951735675 -0.948482394
vn -0.191368639 -0.210875958 -0.9585976
vn -0.189526901 -0.724332631 -0.662888944
vn 0.0373796523 -0.987660229 -0.1520859
vn -0.122270562 -0.710043907 -0.693460584
vn -0.113123424 -0.295293391 -0.948685884
vn -0.0435273275 -0.341880947 -0.93873477
vn -0.078932181 -0.879169285 -0.469926506
vn 0.171525881 -0.98395431 -0.0491197482
vn 0.30376938 -0.853192985 0.424011707
vn -0.0505680777 -0.726320744 -0.68549329
vn -0.00834279228 -0.89733547 -0.441270202
vn 0.0891823694 -0.789738595 -0.606926203
vn 0.0752803981 -0.56257683 -0.823310494
vn 0.0228813887 0.0147320479 -0.999629617
vn 0.0127558578 0.135974169 -0.990630329
vn -0.00419379538 0.10465645 -0.994499564
vn 0.238222063 -0.968708217 0.0696751699
vn 0.307331502 -0.758501768 0.574649751
vn 0.257400841 -0.965703309 0.0340865739
vn 0.208652079 -0.977636397 -0.0262951106
vn 0.14613995 -0.988969445 -0.0241342988
vn 0.0541228987 -0.535315216 -0.842916548
vn 0.0603988096 -0.597932279 -0.799267769
vn -0.0147657907 0.244136512 -0.969628513
vn 0.133853883 -0.990738988 0.0227874871
vn 0.0441507883 -0.620718539 -0.782789409
vn 0.0772938579 -0.997006357 0.00200491026
vn -0.00875719637 0.221579224 -0.97510308
vn 0.0206574313 -0.0887552947 -0.995839238
vn 0.0726731047 -0.666315913 -0.74211973
vn 0.0474301577 0.200107619 -0.978625238
vn 0.0654882342 -0.646367133 -0.760211051
vn 0.0369933732 0.264457673 -0.963687539
vn 0.0136117525 0.230138049 -0.973062813
vn 0.085030809 -0.996150494 0.0213101208
vn 0.157488376 -0.604245126 0.78107959
vn 0.121841565 -0.9925493 -0.000679563615
vn 0.0271024294 -0.68558526 -0.727487683
vn 0.0703863874 -0.99751091 -0.00420916686
vn 0.0720129162 -0.0587571748 -0.995671511
vn 0.0572499856 -0.705978274 -0.705915868
vn 0.0908148065 0.212926149 -0.9728387
vn 0.102706142 0.157179043 -0.982214987
vn 0.207020372 -0.572042763 0.793668509
vn 0.129043385 -0.99134022 -0.0243400894
vn 0.112386964 -0.641421616 0.758912086
vn 0.0910902619 -0.649986923 0.754466414
vn 0.0607730411 -0.618913889 0.783104241
vn 0.0874751955 0.25074178 0.964093685
vn 0.146707386 0.287783831 0.946391821
vn 0.0790300593 0.155723199 0.984634221
vn 0.0518242307 -0.116869181 0.991794288
vn 0.0981841236 0.147039667 0.984245479
vn 0.093184188 0.200484857 0.975255132
vn 0.0649639815 0.178850621 0.981729209
vn 0.615535796 -0.0313842036 0.787483811
vn 0.051865112 -0.67359972 0.737274349
vn 0.0578823499 -0.103269123 0.992967844
vn 0.0525685437 -0.707509398 0.704746008
vn 0.0652347133 0.163966253 0.984306574
vn 0.0818609744 0.0911703184 0.992465019
vn 0.616152942 -0.540652215 0.572757125
vn 0.70799166 -0.706073761 -0.0144113898
vn 0.281418592 -0.0772005618 -0.956474662
vn 0.451091588 -0.853190541 -0.261882037
vn 0.184841469 -0.872035265 -0.453197539
vn 0.0553826578 -0.998351455 -0.0150731113
vn 0.0474490896 -0.738325953 0.672772884
vn 0.0508705489 -0.719061375 -0.693082213
vn 0.12461371 -0.646226227 -0.752903104
vn 0.124019824 -0.992003202 -0.0234269816
vn 0.0581376851 0.197391212 -0.978599429
vn 0.0263277944 0.250743568 -0.967695415
vn 0.133082718 -0.990998983 -0.0144952517
vn 0.208788007 -0.933615923 0.291150987
vn 0.0937512815 -0.686149836 -0.721393883
vn 0.0419968404 -0.99864918 -0.0305944663
vn 0.142403767 -0.989686072 -0.0155787589
vn 0.0781516433 -0.702087224 -0.707789302
vn 0.099685207 -0.995005071 -0.00527256355
vn 0.0375340357 0.211435556 -0.97667104
vn 0.0448289663 -0.0255761351 -0.99866724
vn 0.055997476 -0.677602351 -0.733293533
vn 0.044188343 0.264892757 -0.963264942
vn 0.0751513541 -0.662183046 -0.745564163
vn 0.0551155098 0.241822436 -0.968753934
vn 0.111398205 -0.993739009 -0.00855714362
vn 0.0575905479 -0.678578258 0.732267022
vn 0.114986084 -0.747812867 -0.653876245
vn 0.110730492 -0.00364108104 -0.993843794
vn 0.232091442 -0.749733686 -0.619703889
vn 0.137110382 -0.098582685 -0.985637963
vn 0.416915566 -0.672196448 -0.61182797
vn 0.235796243 -0.103716545 -0.966252029
vn 0.442430943 -0.0549889207 -0.895115137
vn 0.267489225 -0.963322341 -0.0214382876
vn 0.15253818 -0.714154422 0.683165848
vn 0.645147264 -0.736911952 0.201855555
vn 0.598667383 -0.80020088 -0.0357220471
vn 0.691950679 0.271766961 0.66884011
vn 0.104711927 0.235315815 0.966261744
vn 0.552789092 0.225643799 -0.802190185
vn 0.0511193015 0.222115695 0.973679364
vn 0.0806928799 0.201662213 -0.976125538
vn 0.0319756195 0.223120913 -0.974266171
vn 0.0859169513 -0.698434591 0.710498035
vn 0.0353433006 0.211523578 0.976733565
vn 0.0426837467 -0.0274381246 0.998711824
vn 0.0815123618 -0.607159615 -0.790387809
vn 0.0230925567 0.231316477 -0.972604394
vn 0.0371080078 -0.00322752818 -0.999306083
vn 0.0488219857 -0.609469175 0.791305125
vn 0.044128757 0.156450421 0.986699581
vn 0.0533675998 0.143451333 0.988217413
vn 0.0603661425 -0.642865121 -0.763597012
vn 0.0329472646 0.24920173 -0.967891037
vn 0.0301918183 0.145702109 -0.988867819
vn 0.0580489151 -0.998313665 -6.64779363E-05
vn 0.0687400475 -0.58209759 0.810208201
vn 0.0680429414 -0.997365892 -0.0251268204
vn 0.0333959572 -0.559701264 -0.828021228
vn 0.082283169 -0.609083533 0.788826168
vn 0.0596431792 -0.998219788 -3.72050386E-06
vn 0.0732828826 -0.997311234 -2.20002312E-05
vn 0.0730223358 -0.649898648 0.756504714
vn 0.030459417 -0.682316661 0.730421841
vn 0.0554647408 0.222293392 0.973400831
vn 0.0487704091 -0.0836546794 0.995300651
vn 0.0290903319 0.20909369 0.977462769
vn 0.0645158216 0.0612362474 0.996036112
vn 0.0406338051 -0.998745084 -0.029276289
vn 0.04721874 -0.998884022 -0.00101944851
vn 0.0730886459 -0.64987272 -0.756520689
vn 0.0305710826 -0.68234241 -0.730393231
vn 0.0654942393 0.240656957 -0.968398094
vn 0.0466134697 -0.0700959042 -0.996450543
vn 0.0452885889 0.254777372 -0.965938628
vn 0.0619528554 0.121175937 -0.990695834
vn 0.0595288612 -0.998226583 2.20166767E-05
vn 0.0982986465 -0.995119333 -0.00865854044
vn 0.0850829333 -0.727227271 -0.68110311
vn 0.0917067379 -0.721399665 0.686419964
vn 0.136916533 -0.747372329 -0.650144935
vn 0.110109642 -0.0420468412 -0.993029654
vn 0.16516389 -0.986200452 -0.011383309
vn 0.138402373 -0.759710014 0.635362446
vn 0.111976087 -0.120378017 0.986392677
vn 0.172238111 -0.239278719 0.955552042
vn 0.264688641 -0.765410662 -0.58658874
vn 0.190466046 -0.123021014 -0.973955095
vn 0.454224497 -0.679960907 -0.575615525
vn 0.295900166 -0.0978475064 -0.95019418
vn 0.460392028 -0.0407679155 -0.88677907
vn 0.295435101 -0.95533365 0.00747166574
vn 0.259209216 -0.765852213 0.588456452
vn 0.442704469 -0.684004843 0.579784632
vn 0.296777427 -0.184171319 0.937018752
vn 0.516502202 -0.855449617 0.0378350951
vn 0.640085459 -0.569086611 0.516169667
vn 0.49009338 -0.186284736 0.851531863
vn 0.999448836 -0.0291849338 0.0158185158
vn 0.478546143 0.302622706 0.824265122
vn 0.715142906 -0.697347164 0.0477232002
vn 0.627301455 -0.551619887 -0.54973489
vn 0.320093662 0.450662076 -0.833332896
vn 0.821946323 0.568481684 -0.0351136252
vn 0.813245296 -0.581814528 0.0111350957
vn 0.397282332 0.670662284 0.626401484
vn 0.372124761 0.536346257 -0.757532775
vn 0.480441332 0.334674329 0.810659707
vn 0.505707502 -0.128408074 0.853095114
vn 0.327001572 -0.116567343 0.937807024
vn 0.15157339 0.413064837 0.897999465
vn 0.065049924 0.443396598 0.893961906
vn 0.380058408 0.696575046 0.608554661
vn 0.0328697823 0.920526326 0.389295399
vn 0.187291786 -0.156395257 0.969774306
vn -0.0444760434 0.961708367 0.27044189
vn -0.0102605587 0.976713657 0.214301571
vn 0.100747734 -0.0912513733 0.990718544
vn 0.0900031179 0.683366716 0.724506319
vn 0.0166856479 0.999237657 -0.0352939703
vn 0.0659544989 0.775548875 0.627832711
vn 0.0603881739 0.0804225132 0.99492985
vn 0.0357606784 0.146221265 0.98860532
vn 0.0841281861 0.996166527 -0.0239706524
vn -0.0684049502 0.954081178 -0.291633129
vn 0.0393114649 0.831992686 0.553391933
vn 0.0428246483 -0.153045788 0.9872908
vn 0.047317639 0.998732984 -0.0171330869
vn 0.0453837067 0.669225693 -0.741671979
vn -0.109249644 0.935958207 -0.334733605
vn 0.0423504375 0.999032021 -0.0118910735
vn 0.034424983 0.789314568 0.613023162
vn 0.0716610253 0.764067888 -0.64114356
vn 0.0596681237 0.803562999 0.59222132
vn 0.0786593705 0.177392721 0.980991542
vn 0.0667583197 0.818196535 -0.571049809
vn 0.0658029765 0.77684021 0.626250267
vn 0.0836774632 0.152765676 0.984713495
vn 0.0977609456 0.156835362 0.982774317
vn 0.07004188 0.781873405 0.619490266
vn 0.0856542066 -0.17345345 0.981110215
vn 0.0561677702 0.998420715 0.00111952913
vn 0.0168430842 0.999857903 0.000709210348
vn -0.00540564768 0.827148676 -0.561957121
vn 0.0582255535 0.998055696 0.0222403184
vn 0.0740163177 0.996641874 0.0350217409
vn 0.0891815498 0.765241981 0.637535334
vn 0.0457261167 0.84338516 -0.535360336
vn 0.00655740825 -0.00714069232 -0.999953032
vn 0.0691939071 0.308038592 -0.948854268
vn 0.0803907812 0.164417103 -0.983109534
vn 0.0764573738 0.0497955084 -0.995828688
vn 0.0385640189 0.300141037 -0.953114986
vn 0.0982467979 -0.0569510162 -0.993531168
vn 0.0470075198 0.829004109 -0.557263374
vn 0.042536214 0.294814318 -0.954607308
vn 0.0359460302 0.275801063 -0.960542381
vn 0.0487647504 0.840446532 -0.53969574
vn 0.0312248711 0.00350248581 -0.999506235
vn -0.0160116591 0.501401186 -0.865066767
vn 0.0522025935 0.453603745 -0.889673352
vn 0.00166188937 0.89477092 -0.446522355
vn 0.370768785 0.517509103 -0.77117753
vn 0.240982175 -0.0605722032 -0.968637466
vn 0.305615306 0.429628253 -0.849716842
vn 0.44373253 -0.0182423908 -0.895973682
vn 0.0967146456 0.805758417 -0.58429414
vn 0.130496919 0.989469528 0.0626146421
vn 0.0492450669 0.81523788 -0.577028632
vn 0.020466296 0.253923595 -0.967007697
vn 0.0413002707 0.208191559 -0.977215767
vn 0.0639199913 0.995345533 0.072121799
vn 0.0513679422 0.845844686 -0.530950248
vn 0.105980948 0.895627379 -0.431995094
vn 0.111523598 0.177667916 -0.977750778
vn 0.0734458491 0.773143828 0.629963756
vn 0.0854424611 0.142634377 0.986080647
vn 0.0541726314 0.992955387 0.105380796
vn 0.0430441611 0.745511293 0.665101588
vn 0.0694641396 0.159170389 0.984804392
vn 0.0485107265 0.98829788 0.14461723
vn 0.0291701593 0.751006186 0.659650505
vn 0.0517839305 -0.0321306624 0.998141289
vn 0.0366042815 -0.133154795 0.99041909
vn 0.0574741326 0.717254937 0.69443655
vn 0.0381440856 -0.0309983529 0.998791397
vn 0.134593114 0.571523666 0.809472263
vn 0.0842127725 0.000218182846 0.996447682
vn 0.165029764 0.973420739 0.158799678
vn -0.000877308368 0.523218393 0.852198243
vn 0.0327001996 0.29000023 0.956467688
vn 0.170918941 0.961025059 -0.217296317
vn 0.525032699 0.84065932 -0.132787585
vn 0.452223569 0.823056042 -0.343616813
vn 0.728956223 0.305176914 -0.612772226
vn 0.370503157 0.652620614 0.660918951
vn 0.613889515 0.130161732 0.778586984
vn 0.121162288 0.252432317 0.959998727
vn 0.464264601 0.868461728 0.173875645
vn 0.516246855 0.813963354 0.266369432
vn 0.064207837 0.795235395 0.602891505
vn 0.0732210279 0.270316422 0.95998323
vn 0.114044808 0.830197275 0.545679748
vn 0.0394467413 0.777475655 0.627674639
vn 0.0618704855 0.238104105 0.969266951
vn 0.0542866588 0.995549202 0.0770372748
vn 0.0356480591 0.794248641 0.606546223
vn 0.0672811419 -0.0680615008 0.995409906
vn 0.04323842 0.9968822 0.0660032481
vn 0.407739729 0.746576309 0.525711179
vn 0.128982723 0.989151239 0.0703088418
vn 0.249443695 0.906189799 0.341464221
vn 0.0653946474 0.75423944 -0.653334796
vn 0.103326045 0.79072392 0.603390098
vn 0.0467457883 0.997059405 0.0607224479
vn 0.0328080282 0.726801991 -0.686063111
vn 0.0586635917 0.851730525 0.520685732
vn 0.0594550744 0.235128194 0.970144212
vn 0.059652403 0.848333657 0.52609086
vn 0.0807897002 0.11578735 0.989982963
vn 0.0942257047 0.0385038108 0.994805992
vn 0.0745017678 0.99683243 0.0278304107
vn 0.0564456917 0.878979146 0.473507673
vn 0.048184339 -0.162706047 0.985497296
vn 0.187308684 0.981823444 0.0306310393
vn 0.0992247686 0.773257315 -0.626280725
vn 0.0607517287 0.997974813 0.0188535843
vn 0.04668165 0.764320612 -0.643144488
vn 0.0433494188 0.830103219 -0.555922151
vn 0.0371080078 -0.00322752818 -0.999306083
vn 0.0230925567 0.231316477 -0.972604394
vn 0.0319756195 0.223120913 -0.974266171
vn 0.0806928799 0.201662213 -0.976125538
vn 0.0329472646 0.24920173 -0.967891037
vn 0.041592937 0.822741747 -0.566891551
vn 0.0301918183 0.145702109 -0.988867819
vn 0.028123945 0.0726070032 -0.996964037
vn 0.0451955125 0.847899556 -0.528226912
vn 0.0168656521 -0.0913849473 -0.995672822
vn 0.44527337 0.56201756 -0.697042227
vn 0.552789092 0.225643799 -0.802190185
vn 0.0590098575 0.998228014 0.00766933151
vn 0.030692298 0.84030813 -0.541239381
vn 0.0116561167 0.86176461 0.507174373
vn 0.193837002 0.876401007 -0.440849692
vn 0.594716907 0.719046891 0.359559953
vn 0.691950679 0.271766961 0.66884011
vn 0.104711927 0.235315815 0.966261744
vn 0.413013041 0.898219526 -0.150405809
vn 0.365639359 0.900151014 -0.236719579
vn 0.116841629 0.836646616 0.535135925
vn 0.0511193015 0.222115695 0.973679364
vn 0.0505563878 0.998534918 -0.0192879718
vn 0.0521818995 0.998575568 -0.0111355586
vn 0.459608763 0.885948598 0.06208729
vn 0.29483813 0.92127955 0.253602713
vn 0.0658035502 0.746473849 0.662153006
vn 0.0353433006 0.211523578 0.976733565
vn 0.0676548406 0.884549618 0.461513638
vn 0.0730229765 0.816129208 0.573237062
vn 0.0556102991 0.141215891 0.988415718
vn 0.0694599599 0.021776909 0.997346997
vn 0.102748409 -0.107653081 0.988864779
vn 0.0674222112 0.993075728 -0.0962015614
vn 0.0427822322 0.759364128 0.649258018
vn 0.0457811691 0.998951435 0.000293024641
vn 0.0426837467 -0.0274381246 0.998711824
vn 0.103394866 0.751281202 0.651832819
vn 0.0505233891 0.997635126 -0.0465998538
vn 0.0607892536 0.836883485 0.543995023
vn 0.044128757 0.156450421 0.986699581
vn 0.0518419705 0.828187466 0.558048427
vn 0.0533675998 0.143451333 0.988217413
vn 0.0554647408 0.222293392 0.973400831
vn 0.0771499872 0.99701947 0.000180400675
vn 0.12410216 0.992264628 0.00310663064
vn 0.0383158177 0.872030675 0.487949073
vn 0.0487704091 -0.0836546794 0.995300651
vn 0.101446472 0.752996027 -0.650158048
vn 0.0426639728 0.730793655 -0.681263804
vn 0.0220510252 0.716684043 -0.697049379
vn 0.0427596681 0.758692622 -0.650043845
vn 0.14830026 0.977091968 -0.15263851
vn 0.409857839 0.909401536 -0.070747979
vn 0.155339375 0.965747476 -0.207849845
vn 0.0602516644 0.835872471 -0.545606971
vn 0.0448289663 -0.0255761351 -0.99866724
vn 0.0375340357 0.211435556 -0.97667104
vn 0.0263277944 0.250743568 -0.967695415
vn 0.0581376851 0.197391212 -0.978599429
vn 0.044188343 0.264892757 -0.963264942
vn 0.0567754582 0.998374701 -0.0049381759
vn 0.0573023632 0.826358974 -0.560220659
vn 0.0551155098 0.241822436 -0.968753934
vn 0.0654942393 0.240656957 -0.968398094
vn 0.0422749929 0.86918968 -0.492668301
vn 0.0466134697 -0.0700959042 -0.996450543
vn 0.0298346076 0.999488235 -0.0115369195
vn 0.219569519 0.433206618 -0.874140203
vn 0.281418592 -0.0772005618 -0.956474662
vn 0.00878275838 0.846821189 -0.531805217
vn 0.0493524782 0.841778934 0.537561715
vn 0.148770198 0.751928508 -0.642239034
vn 0.493091315 0.836236835 0.239935219
vn 0.615535796 -0.0313842036 0.787483811
vn 0.146707386 0.287783831 0.946391821
vn 0.526851118 0.684970379 -0.503233075
vn 0.259667426 0.738328576 -0.622449815
vn 0.0775646716 0.884426475 0.460188568
vn 0.0874751955 0.25074178 0.964093685
vn -0.0139154559 0.999903202 -7.77961031E-05
vn 0.0107125537 0.999942303 0.000837005326
vn 0.470935047 0.851104558 -0.232037351
vn 0.247530118 0.933980048 0.257701755
vn 0.0666050985 0.827252805 0.557867944
vn 0.0790300593 0.155723199 0.984634221
vn 0.0272941533 0.855147541 0.517665744
vn 0.0543939136 0.783045471 0.619581342
vn 0.0290903319 0.20909369 0.977462769
vn 0.0645158216 0.0612362474 0.996036112
vn 0.111976087 -0.120378017 0.986392677
vn 0.0392330736 0.997264147 -0.0626507923
vn 0.056100063 0.818684578 0.571496665
vn 0.0338918269 0.998357236 -0.0461955555
vn 0.0518242307 -0.116869181 0.991794288
vn 0.0444418751 0.774507642 0.631001472
vn 0.02887257 0.998118401 -0.0540920049
vn 0.101521775 0.835040152 0.540741324
vn 0.0981841236 0.147039667 0.984245479
vn 0.0850242972 0.829352856 0.552217901
vn 0.093184188 0.200484857 0.975255132
vn 0.0649639815 0.178850621 0.981729209
vn 0.0919354483 0.99464649 -0.0471840873
vn 0.115584344 0.991572022 -0.0585260652
vn 0.0677393153 0.859440088 0.506728768
vn 0.0578823499 -0.103269123 0.992967844
vn 0.0772425085 0.784605265 -0.615165174
vn -0.00126908312 0.76213479 -0.647417128
vn -0.0105631547 0.785392404 -0.618908167
vn -0.00028784349 0.805825472 -0.592152894
vn 0.121134564 0.986478865 -0.110389486
vn 0.552713096 0.825487018 0.114365689
vn 0.234072521 0.822962821 -0.517631352
vn 0.0644079596 0.822399795 -0.565252244
vn 0.0206574313 -0.0887552947 -0.995839238
vn -0.00875719637 0.221579224 -0.97510308
vn -0.0147657907 0.244136512 -0.969628513
vn -0.00419379538 0.10465645 -0.994499564
vn 0.0127558578 0.135974169 -0.990630329
vn 0.0474301577 0.200107619 -0.978625238
vn 0.0202278346 0.685275614 -0.728002787
vn 0.0228813887 0.0147320479 -0.999629617
vn 0.0672304183 0.997018099 -0.0378817171
vn 0.040968556 0.82960701 -0.556842625
vn 0.0369933732 0.264457673 -0.963687539
vn 0.0136117525 0.230138049 -0.973062813
vn 0.0226456206 0.851844251 -0.523305476
vn 0.0720129162 -0.0587571748 -0.995671511
vn 0.0503014773 0.998505116 -0.0213860255
vn 0.0800656676 0.503777981 -0.860114634
vn 0.0237462558 0.817933977 0.57482183
vn 0.0362759382 0.999260247 0.0127656879
vn 0.0308102779 0.831068397 -0.555316269
vn 0.108914517 0.847195745 0.51999706
vn 0.0652347133 0.163966253 0.984306574
vn 0.127478182 0.8109954 0.57099539
vn 0.0818609744 0.0911703184 0.992465019
vn 0.113880776 -0.112625457 0.987090051
vn 0.106559828 0.994104981 0.0200026445
vn 0.117762022 0.841025352 -0.528023124
vn 0.0908148065 0.212926149 -0.9728387
vn 0.127172783 0.991724312 0.0176100209
vn 0.137961209 0.798544228 -0.585912824
vn 0.150557652 0.678465843 -0.719038546
vn 0.102706142 0.157179043 -0.982214987
vn 0.110730492 -0.00364108104 -0.993843794
vn 0.137110382 -0.098582685 -0.985637963
vn 0.171534091 0.9850353 0.0167776495
vn 0.125109121 0.708664596 0.694364607
vn 0.108015709 0.462066472 0.880242705
vn 0.185437188 -0.206141904 0.960790575
vn 0.297586352 -0.165227607 0.940288305
vn 0.00457372051 0.999774039 -0.0207596552
vn -0.0285230223 0.970969439 0.237496912
vn -0.0506342128 0.956994712 -0.285652667
vn -0.044773601 0.95660913 0.28791371
vn 0.0305962618 0.915627837 0.400860757
vn -0.107772909 0.934854746 -0.338277102
vn 0.156198099 0.37688607 0.912994504
vn 0.394351691 0.683271527 0.614513457
vn 0.491275936 0.298067331 0.818415463
vn 0.482177258 -0.161963537 0.860972047
vn 0.0589643903 0.470602095 -0.88037312
vn 0.079832077 0.369323492 -0.925865591
vn 0.00752740679 0.886110127 -0.463413507
vn 0.40489617 0.49561426 -0.768391609
vn 0.235796243 -0.103716545 -0.966252029
vn 0.353267729 0.323958039 -0.877640665
vn 0.442430943 -0.0549889207 -0.895115137
vn -0.0112713771 -0.376761079 0.926241934
vn -0.0460209735 -0.362107277 0.930999696
vn -0.0461475775 -0.110040791 0.992855251
vn -0.0200785678 -0.0954837203 0.99522841
vn -0.0505784638 0.209500819 0.976499498
vn -0.0263114441 0.227737024 0.973367095
vn 0.0509508736 -0.10427139 0.993242919
vn 0.0669507533 0.262227714 0.962680817
vn 0.0256077033 -0.377992451 0.925454438
vn 0.220672041 0.424824119 0.877968252
vn 0.731281102 0.673759043 0.106191471
vn 0.999579728 0.00640531117 -0.0282720141
vn 0.085967429 -0.487738073 0.868746936
vn 0.79619503 -0.604964972 -0.00953054521
vn 0.30676356 -0.452717066 0.837223709
vn 0.40847376 0.314849198 0.856749117
vn 0.473649353 -0.134661078 0.870357811
vn -0.519683838 -0.853391945 -0.0406321771
vn -0.364137232 -0.926628947 0.0936095119
vn -0.534308374 -0.515252352 0.670096695
vn -0.702109516 -0.542663336 0.461040884
vn -0.44532612 -0.140763357 0.884234309
vn -0.506544948 -0.858627081 -0.0785608813
vn -0.608353972 -0.0651795715 0.790984869
vn -0.686912715 -0.575878918 0.443299472
vn -0.346660554 0.34440285 0.872475266
vn -0.18108131 0.51789844 0.83605665
vn -0.532112598 -0.732055485 0.425383151
vn -0.122154117 -0.971108496 -0.2050042
vn 0.0503368974 -0.991124272 -0.123040266
vn -0.578578711 -0.0659632906 0.812954783
vn -0.142847791 0.682141483 0.717131436
vn -0.0264927335 0.846843064 0.531182468
vn -0.274864048 -0.818949938 0.503756702
vn 0.151106432 -0.984743595 -0.0862962306
vn -0.547032177 -0.106832445 0.830266654
vn -0.37553367 0.351674706 0.857495964
vn -0.424546361 -0.186701447 0.885947466
vn -0.117452577 -0.831964314 0.542254806
vn 0.0957217366 -0.99101007 -0.0934683904
vn -0.292213708 0.37558639 0.879514575
vn -0.0216496903 0.891746998 0.452016085
vn 0.0226707608 0.996918201 0.0751016662
vn -0.0978809893 0.578274608 0.809949279
vn -0.24737899 0.383414507 0.889829695
vn 0.135033429 0.420646638 0.897118986
vn -0.0670511127 0.735072315 0.674664915
vn 0.0326482281 0.99844414 0.0452038422
vn 0.0386458859 0.976820052 -0.210544646
vn -0.120409697 0.367993504 0.921999037
vn 0.468037128 0.628782332 0.62094599
vn 0.223254159 0.909685135 0.350186229
vn -0.00873034075 0.933821917 0.357631773
vn -0.070949018 0.774173856 0.628984213
vn 0.0415561162 0.973801672 -0.2235699
vn -0.00034084564 0.816735208 -0.577012599
vn 0.0786421821 0.49667567 0.864365995
vn 0.140096694 0.981415272 0.131137177
vn -0.0864486024 0.904484987 0.417652577
vn -0.0105127962 0.962713718 0.270317763
vn 0.0424856022 0.998905063 0.0195899755
vn -0.0354683436 0.868076801 -0.495161206
vn -0.258747101 0.128055885 -0.957419276
vn 0.130469948 0.90172267 0.412157387
vn 0.0606393628 0.990203381 0.125778362
vn 0.256415695 0.961406171 -0.099745892
vn -0.0362541527 0.999247074 0.0138166863
vn 0.0498465858 0.958891392 0.279361337
vn 0.355468065 0.878487647 0.31922099
vn 0.0234981701 0.968704581 -0.24710159
vn 0.383013427 0.852397025 -0.355977535
vn 0.00809455104 0.987842321 -0.155248314
vn 0.0545222275 0.97358942 -0.221699938
vn 0.0148032131 0.998108387 -0.0596693754
vn -0.0220056996 0.973057747 -0.229509309
vn 0.0402131528 0.924252689 -0.379657686
vn 0.182050034 0.974905312 0.128130853
vn 0.0426502824 0.891640127 -0.450731605
vn 0.187759131 0.871682346 -0.452677041
vn 0.00224682246 0.864454091 -0.502706766
vn -0.133998916 0.331232488 -0.933985651
vn 0.00213249517 0.755201519 -0.655489147
vn -0.193002507 0.427109241 -0.883361638
vn -0.302197248 -0.0951735675 -0.948482394
vn -0.191368639 -0.210875958 -0.9585976
vn -0.0738274157 0.244786248 -0.966762185
vn -0.113123424 -0.295293391 -0.948685884
vn -0.0435273275 -0.341880947 -0.93873477
vn -0.0578511618 0.141172692 -0.98829329
vn -0.0245352965 0.480309784 -0.876755655
vn -0.0568870716 0.841266751 -0.537618935
vn 0.182703823 0.749937296 -0.635777771
vn 0.0967300683 0.976900101 -0.190550625
vn 0.432655632 0.895962775 -0.100298889
vn 0.458090067 0.70071584 -0.546946704
vn -0.99385792 0.104645401 -0.0359987803
vn -0.959878743 0.252464265 -0.122043177
vn -0.965583384 0.0769589767 -0.248447269
vn -0.77489841 0.328941762 -0.539749742
vn -0.837484002 0.103894927 -0.536494553
vn -0.236171141 0.288797468 -0.927803397
vn -0.933859229 -0.0297662783 -0.356400132
vn -0.999484062 0.00105523993 0.0321005769
vn -0.759143651 -0.022031581 -0.650550187
vn -0.321076572 -0.0404753946 -0.946187913
vn -0.366950899 0.113303035 -0.923314452
vn 0.265010506 0.104924515 -0.958519816
vn 0.335538775 0.263346404 -0.904468
vn 0.146835938 -0.0589786358 -0.987400949
vn 0.692452013 -0.0807863995 -0.716926634
vn 0.723071277 0.231881306 -0.650691152
vn 0.714814961 0.0609758236 -0.696650207
vn 0.783262253 -0.0783366114 -0.616736174
vn 0.867386281 0.0173326395 -0.497333467
vn 0.937987745 0.213839114 -0.272858441
vn 0.995520353 -0.0496140756 -0.080482997
vn 0.985914826 0.165130273 0.0265321024
vn 0.988185287 0.146389157 -0.0453885831
vn 0.947223127 -0.0826891512 -0.309727043
vn 0.963912547 -0.0184285939 0.265580356
vn 0.942804933 0.107192963 0.315639734
vn 0.743698478 0.053543929 0.666367471
vn 0.936230481 0.321442753 0.141940266
vn 0.9847911 0.172741517 0.0186266098
vn 0.841557205 0.489740461 0.227894217
vn 0.850519717 0.323149174 0.414958775
vn 0.780339122 0.525631905 0.338794827
vn 0.708863437 0.618746459 0.338622719
vn 0.258572072 0.818586767 0.5128901
vn 0.285743356 0.593719959 0.75222832
vn -0.0139386309 0.147312164 0.988991857
vn 0.319003612 0.767671525 0.555803061
vn -0.504266143 0.717262149 0.480885357
vn -0.427079052 0.770568311 0.473104626
vn -0.857010663 0.468409538 0.214767933
vn -0.689050555 0.507062793 0.517780542
vn -0.758517146 0.113115922 0.641760468
vn -0.919740498 0.36065343 0.154940322
vn -0.985614359 0.167822182 -0.020004658
vn -0.989471436 0.138266549 -0.0427618735
vn -0.99385792 0.104645401 -0.0359987803
vn -0.964863062 0.212317273 0.154792517
vn -0.956588626 0.0531094819 0.286561489
vn -0.993552208 -0.0121863801 -0.112718478
vn -0.965583384 0.0769589767 -0.248447269
vn -0.985064805 0.111767665 -0.130978703
vn -0.999484062 0.00105523993 0.0321005769
vn -0.96172744 -0.0205954164 0.273232818
vn -0.995548725 0.0455528907 -0.08250916
vn -0.957995474 0.0520163737 0.282026589
vn -0.987265587 -0.0279451311 -0.156606942
vn -0.967969656 -0.0664279163 0.242119834
vn -0.7841869 0.0257397927 -0.619990528
vn -0.979683757 -0.0680295005 -0.188657373
vn -0.97414577 -0.0881759301 0.208002493
vn -0.975790679 -0.0942572132 -0.197352648
vn -0.978619277 -0.0838821828 0.187797815
vn -0.75915885 -0.0259460639 -0.650388062
vn -0.385357797 -0.0260748956 -0.922398746
vn -0.40533182 0.0342125185 -0.913529217
vn -0.129734337 -0.00456169015 -0.991538286
vn -0.742994189 -0.0653585941 -0.666098952
vn -0.734435916 -0.0952522159 -0.671960473
vn -0.111147463 -0.0170059428 -0.993658364
vn 0.27913335 -0.00737369899 -0.960224092
vn -0.976356149 -0.0800081715 -0.200816572
vn -0.735444546 -0.0814441964 -0.672672331
vn -0.974728048 -0.0383706167 -0.220074847
vn -0.982404172 -0.0575611442 0.177675784
vn -0.968300521 -0.039716959 -0.246610299
vn -0.980515718 -0.0336737148 0.193533257
vn -0.977347732 -0.0158813391 0.211042821
vn -0.713620067 -0.0475633629 -0.698916435
vn -0.123253971 -0.0646169782 -0.990269184
vn 0.25959155 -0.012012694 -0.965643764
vn -0.378811747 -0.0705329701 -0.922782123
vn -0.374250054 -0.097292237 -0.922209978
vn -0.367019802 -0.0901034921 -0.925839007
vn -0.129490227 -0.103214659 -0.986194193
vn -0.319553971 -0.0857318267 -0.943681777
vn -0.645093679 -0.0804462954 -0.75985688
vn 0.748460948 -0.0363681465 -0.66218096
vn 0.759482205 0.00420716312 -0.650514483
vn 0.250595719 -0.0717676282 -0.965428054
vn 0.986780822 -0.0783129409 -0.141883045
vn 0.999055922 -0.00223727571 -0.0433849543
vn 0.74487859 -0.106474854 -0.658649325
vn -0.957672536 -0.0511870421 -0.283272445
vn -0.90013206 -0.0618962198 -0.431197315
vn -0.991235256 -0.0632848963 0.115964197
vn -0.968659103 -0.195521906 0.153202057
vn -0.522540748 -0.130674049 -0.842541039
vn 0.952583253 -0.0885458142 0.291109711
vn 0.939746737 0.01081964 0.341699928
vn -0.249201685 -0.129885346 -0.959702194
vn -0.0458930843 -0.156327054 -0.986638546
vn 0.792766213 -0.0693292245 0.605570197
vn 0.783711493 0.0269383863 0.620540679
vn 0.325565547 0.0269106552 0.945136487
vn 0.338904083 -0.0492929295 0.939528763
vn -0.177737489 0.0392674766 0.983294249
vn 0.812617242 -0.133950621 0.567195237
vn 0.953903675 -0.148917288 0.260559559
vn -0.192159101 -0.160224959 -0.968195677
vn -0.0811967775 -0.119116358 -0.989554644
vn 0.978457749 -0.143654644 -0.148269504
vn 0.765628099 -0.167347997 -0.621134698
vn -0.115652278 -0.107884035 -0.987413645
vn 0.257517457 -0.127096951 -0.95787847
vn 0.970491827 -0.192984357 -0.144578084
vn 0.277707577 -0.145810261 -0.949535608
vn 0.790505946 -0.188771009 -0.582637012
vn 0.29150176 -0.150828674 -0.944604337
vn 0.804873466 -0.163529664 -0.570470572
vn 0.95442462 -0.182660669 0.236026794
vn 0.839317501 -0.16658549 0.517489612
vn 0.967235625 -0.203285605 -0.15208666
vn 0.960894406 -0.188853636 0.202524871
vn 0.85767293 -0.178089023 0.482370675
vn 0.405750453 -0.136858821 0.903679252
vn 0.974444509 -0.157154843 -0.160499901
vn 0.968509555 -0.160240129 0.190557808
vn 0.979611933 -0.133017004 -0.15055567
vn 0.794496953 -0.158224866 -0.586293042
vn 0.361250788 -0.0978994891 0.927315295
vn 0.865801513 -0.170964763 0.470275283
vn 0.298560888 -0.17108494 -0.938930929
vn -0.193516031 -0.0625059977 0.979103923
vn -0.198503315 -0.0943591222 0.975547493
vn -0.180339485 -0.0271215998 0.983230472
vn -0.519947112 -0.02678301 0.853778541
vn -0.481023878 0.0366655998 0.875940502
vn -0.550785124 -0.0569778904 0.832700014
vn -0.811095119 -0.0215705335 0.584516406
vn -0.793192327 0.0270795226 0.608368814
vn -0.96172744 -0.0205954164 0.273232818
vn -0.957995474 0.0520163737 0.282026589
vn -0.967969656 -0.0664279163 0.242119834
vn -0.813796341 -0.0606239662 0.577979386
vn -0.97414577 -0.0881759301 0.208002493
vn -0.828386426 -0.0854471549 0.553601503
vn -0.978619277 -0.0838821828 0.187797815
vn -0.580826521 -0.082504794 0.809835553
vn -0.850411534 -0.0882699266 0.518660545
vn -0.982404172 -0.0575611442 0.177675784
vn -0.599959791 -0.0996235386 0.793803096
vn -0.869954824 -0.0780795887 0.48691088
vn -0.980515718 -0.0336737148 0.193533257
vn -0.181745768 -0.131445989 0.974520624
vn -0.601349413 -0.0979463086 0.792959929
vn -0.878769219 -0.0589746833 0.473589063
vn -0.977347732 -0.0158813391 0.211042821
vn 0.445925951 -0.171944097 0.878399193
vn -0.133770481 -0.13815932 0.981334448
vn -0.613624632 -0.0749061927 0.786036849
vn -0.637684405 -0.0810091645 0.766026199
vn 0.478585422 -0.17947869 0.859501839
vn -0.092178382 -0.0822875649 0.992336571
vn -0.889651537 -0.0276397802 0.455802798
vn -0.991235256 -0.0632848963 0.115964197
vn -0.822992027 -0.0737439543 0.563245952
vn -0.859118819 -0.134304971 0.493839025
vn -0.968659103 -0.195521906 0.153202057
vn -0.816304266 -0.282436341 0.503862202
vn -0.964552283 -0.164083585 0.206677333
vn -0.801373184 -0.223268375 0.554934323
vn -0.788602889 -0.0576969422 0.612189829
vn -0.941522121 0.0200252868 0.336355716
vn -0.948309481 0.0486525632 0.313595235
vn -0.730617762 -0.228976876 0.643247485
vn -0.644991875 -0.172015637 0.744577765
vn -0.773791134 0.0205837674 0.633106291
vn -0.963748872 0.0604471415 0.259873301
vn -0.656343043 -0.0782798305 0.750390589
vn -0.64386189 -0.0157809015 0.764979005
vn -0.770581067 0.035211172 0.636368573
vn -0.0710143968 -0.066075936 0.995284379
vn -0.607369423 -0.292166531 0.738742828
vn -0.77653116 0.0145111782 0.62991184
vn -0.966118157 0.0250479393 0.256881952
vn -0.778945386 -0.0537014231 0.624788105
vn -0.958535612 -0.0667046085 0.277056068
vn -0.954705417 -0.144678399 0.260010928
vn -0.597422779 0.00299782353 0.801920772
vn -0.794689178 -0.0986538082 0.598946214
vn -0.970385969 -0.132667154 0.201867655
vn -0.627151132 0.00657868618 0.778869748
vn -0.0902754888 -0.0407651626 0.99508214
vn 0.657858551 -0.0200939607 0.752873302
vn -0.591955066 -0.0353576764 0.805195034
vn -0.0894866288 -0.0258815922 0.995651662
vn -0.0618898161 -0.0313982517 0.997588992
vn 0.117035821 -0.26036942 0.958389401
vn 0.600963533 0.0190755837 0.799048781
vn -0.0836622566 -0.0294741187 0.996058226
vn 0.584708869 0.0147801768 0.81110853
vn -0.530479729 -0.386203974 0.754610956
vn -0.574905813 -0.337429106 0.745402515
vn 0.0679115728 -0.475940704 0.876851559
vn -0.0565329343 -0.283032656 0.957442641
vn 0.606648505 -0.212338224 0.766087532
vn 0.740118086 -0.385293394 0.551157176
vn 0.729971111 -0.272115678 0.626973212
vn 0.790739715 -0.146686316 0.594317973
vn 0.593852758 -0.0853783414 0.800030887
vn -0.0887855291 -0.0501927286 0.994785368
vn 0.528877497 -0.127747551 0.839028716
vn 0.882107913 -0.119959228 0.455516577
vn 0.87130326 -0.148801073 0.46764192
vn 0.964865148 -0.138771474 0.223109469
vn 0.955696106 -0.107146889 0.274161726
vn 0.853984773 -0.115076341 0.507412493
vn 0.987175405 -0.100441448 -0.124081664
vn 0.758422554 -0.15670827 -0.632643342
vn 0.9929865 0.025776824 -0.115383364
vn 0.956919253 -0.0619631112 0.283665597
vn 0.306066215 -0.169550464 -0.936790347
vn 0.904901803 -0.108350381 0.411597967
vn 0.998725355 0.0091403937 -0.049638696
vn 0.731570303 0.0181106143 -0.681525409
vn -0.0424826927 -0.165841997 -0.985236824
vn 0.880020201 0.016532477 0.474648356
vn 0.994353652 0.0934180096 0.0503375866
vn 0.858813643 0.0859615207 0.505024612
vn 0.837325394 0.145264104 -0.527052701
vn 0.329709411 0.0275969729 -0.943678975
vn 0.420899659 0.22368224 -0.879095972
vn 0.811541498 0.1987672 -0.549447119
vn -0.0103812413 0.0300229266 -0.999495268
vn 0.370165318 0.253802419 -0.893622994
vn -0.218800932 0.0168753657 -0.975623608
vn -0.0774466321 0.201650903 -0.976390839
vn 0.273337245 0.273962677 -0.922079802
vn -0.308369607 0.166995138 -0.936493814
vn -0.268880486 0.302749246 -0.914355576
vn -0.422994554 -0.028220512 -0.905692697
vn -0.181624144 0.151078299 -0.971693337
vn -0.560262024 0.0138343684 -0.828199863
vn -0.532211483 0.232987955 -0.813921213
vn -0.8986305 -0.0605025329 -0.434514314
vn -0.923168421 0.0322955437 -0.383036733
vn -0.964552283 -0.164083585 0.206677333
vn -0.0438780114 0.265410632 -0.963136494
vn -0.299022794 0.317961663 -0.899714231
vn -0.975671411 0.0827684551 -0.203013986
vn -0.941522121 0.0200252868 0.336355716
vn -0.698849678 0.239787668 -0.673877537
vn -0.0330568887 0.31567961 -0.948289871
vn -0.984310925 0.102832869 -0.143378168
vn -0.948309481 0.0486525632 0.313595235
vn -0.690321207 0.179942429 -0.700769186
vn -0.333209753 0.225516707 -0.915485382
vn -0.988299847 0.085611932 -0.126229912
vn -0.963748872 0.0604471415 0.259873301
vn -0.966118157 0.0250479393 0.256881952
vn -0.64543736 0.124349825 -0.753623068
vn 0.266472012 0.293302238 -0.918132067
vn 0.00636534719 0.246452779 -0.969133914
vn -0.351520747 0.133012444 -0.926682711
vn 0.836650968 0.246167377 -0.489302307
vn 0.392615527 0.226308405 -0.891424537
vn 0.0293543246 0.133936331 -0.990555108
vn 0.457425237 0.116808496 -0.881542981
vn 0.032685671 -0.0152980313 -0.999348581
vn -0.331897378 -0.0141573912 -0.943209291
vn 0.983328938 0.17226401 0.0582189038
vn 0.845969141 0.0745495334 0.527994812
vn 0.985796392 0.162066802 0.0440439731
vn 0.82725662 0.20722793 -0.522209823
vn 0.572791636 -0.0141214086 0.819579303
vn 0.801101446 0.111696094 -0.588014007
vn 0.837262392 0.0404178873 0.545305431
vn 0.99419421 0.0967070013 0.0471770614
vn 0.557488501 -0.031426806 0.829589665
vn 0.831738472 -0.0111652268 0.55505538
vn 0.998103738 0.00260101957 0.0614993647
vn 0.79324156 -0.0056686746 -0.608880579
vn -0.031951353 -0.0368393995 0.998810291
vn 0.466196895 -0.0133700641 -0.884579957
vn 0.799042106 -0.108592004 -0.59138763
vn 0.0501570962 -0.114038169 -0.992209435
vn 0.992993295 -0.104573831 0.0550322123
vn 0.562696815 -0.0469533913 0.825328767
vn -0.596016288 -0.0770973191 0.799262464
vn -0.0147389891 -0.0722671002 0.997276366
vn 0.826798856 -0.0719127506 0.557881892
vn -0.616651535 -0.0448227935 0.785959125
vn 0.588512003 -0.071574688 0.805314004
vn 0.838051558 -0.103186578 0.535744309
vn -0.0168963727 -0.0505684577 0.998577714
vn 0.984766483 -0.155018717 0.0787663758
vn 0.614133537 -0.0592180714 0.786977291
vn -0.840497911 -0.0776208788 0.536225975
vn -0.884599447 -0.0602651052 0.462441355
vn -0.982650816 -0.107025571 0.151468992
vn -0.662325859 -0.0214988478 0.748907268
vn -0.937483191 -0.0314376429 0.346607804
vn -0.993287265 -0.071396105 0.0910113156
vn -0.045540832 -0.0174293108 0.99881041
vn -0.738197446 0.0160743874 0.674393177
vn -0.956588626 0.0531094819 0.286561489
vn -0.999484062 0.00105523993 0.0321005769
vn -0.758517146 0.113115922 0.641760468
vn -0.0777112097 0.0375466906 0.99626863
vn -0.0139386309 0.147312164 0.988991857
vn 0.633909404 -0.0443895906 0.772132337
vn 0.69123739 -0.00782174338 0.72258544
vn 0.743698478 0.053543929 0.666367471
vn 0.890959978 -0.0942439139 0.444194019
vn 0.939900041 -0.0744555891 0.333232939
vn 0.989839792 -0.141364872 -0.0152729312
vn 0.963912547 -0.0184285939 0.265580356
vn 0.995520353 -0.0496140756 -0.080482997
vn 0.783262253 -0.0783366114 -0.616736174
vn 0.863057852 -0.0899926946 0.497023672
vn 0.986934423 -0.160162225 0.0175660029
vn 0.779980481 -0.200364023 -0.592861414
vn 0.692452013 -0.0807863995 -0.716926634
vn 0.987390161 -0.15233916 0.0430523008
vn 0.789209545 -0.210825771 -0.576802135
vn 0.481707096 -0.199377954 -0.853350282
vn 0.146835938 -0.0589786358 -0.987400949
vn 0.798520505 -0.169821799 -0.577516794
vn 0.800754726 -0.200469539 -0.564449966
vn 0.475730449 -0.105208553 -0.873276472
vn 0.468974084 -0.164424598 -0.867771745
vn 0.461612761 -0.21720314 -0.860079288
vn 0.459203899 -0.219843596 -0.860697746
vn 0.0703971311 -0.180561215 -0.981041253
vn 0.0717386231 -0.16492939 -0.983692944
vn 0.11089205 -0.213356808 -0.970660567
vn -0.335173875 -0.169602603 -0.926765025
vn -0.321076572 -0.0404753946 -0.946187913
vn -0.759143651 -0.022031581 -0.650550187
vn 0.107757725 -0.219092131 -0.969735503
vn -0.300117105 -0.20296976 -0.932058573
vn -0.773868084 -0.144218415 -0.616708338
vn -0.933859229 -0.0297662783 -0.356400132
vn -0.313719332 -0.112343483 -0.942846298
vn -0.300155908 -0.161478579 -0.940122962
vn -0.2884745 -0.210522905 -0.934056997
vn -0.718907893 -0.182955757 -0.670595646
vn -0.948088467 -0.115811266 -0.296168923
vn -0.999484062 0.00105523993 0.0321005769
vn -0.993287265 -0.071396105 0.0910113156
vn -0.982650816 -0.107025571 0.151468992
vn -0.662689626 -0.0119036408 -0.748799622
vn -0.686275899 -0.106904924 -0.71944201
vn -0.981417239 0.0163945761 -0.191183969
vn -0.972033381 -0.0804590955 -0.220629856
vn -0.958535612 -0.0667046085 0.277056068
vn -0.666303396 -0.177600935 -0.724222243
vn -0.953242004 -0.176750541 -0.245130301
vn -0.954705417 -0.144678399 0.260010928
vn -0.683746576 -0.207013816 -0.699739933
vn -0.945908487 -0.183941305 -0.267250299
vn -0.970385969 -0.132667154 0.201867655
vn -0.946357548 -0.153813541 -0.284163415
vn 0.106446713 -0.985264361 0.133877635
vn 0.124831289 -0.976543605 0.17544131
vn 0.111277528 -0.767687798 0.631088555
vn 0.0986720175 -0.767039597 0.633966923
vn 0.0961309373 0.0454543643 0.994330287
vn 0.0462354608 -0.998355806 0.0338789374
vn 0.0857282132 0.0438512713 0.995353103
vn 0.0645682588 0.727280259 0.68329674
vn 0.00354676764 -0.815341115 0.578969955
vn -0.102018312 -0.991142511 -0.0850222036
vn 0.0679208115 0.761981487 0.644027054
vn 0.0749011785 0.967149854 0.242921636
vn -0.317077488 -0.821222842 0.474399537
vn -0.180153415 -0.959291399 -0.217496395
vn -0.364137232 -0.926628947 0.0936095119
vn -0.534308374 -0.515252352 0.670096695
vn 0.0261734612 0.0275939591 0.999276459
vn -0.23745136 0.0762632564 0.968401074
vn -0.44532612 -0.140763357 0.884234309
vn -0.18108131 0.51789844 0.83605665
vn 0.0970138609 0.97856915 0.181633472
vn 0.0924728513 0.959416807 -0.2663984
vn 0.0567204058 0.807707846 0.586848259
vn -0.0633167177 0.800305724 0.596239567
vn -0.0264927335 0.846843064 0.531182468
vn 0.112057135 0.952500165 -0.283172518
vn 0.117401093 0.667105615 -0.735654175
vn 0.0894580483 0.988254428 0.123896465
vn -0.000699855096 0.994373202 0.105931439
vn 0.0226707608 0.996918201 0.0751016662
vn 0.0833846331 0.703973413 -0.705314457
vn 0.126011312 -0.103576839 -0.986606717
vn 0.0684904158 0.983904898 -0.165046245
vn 0.0399038233 0.981556773 -0.186959565
vn 0.0386458859 0.976820052 -0.210544646
vn 0.0827372521 -0.0739607438 -0.993823171
vn 0.123853512 -0.692335606 -0.710866868
vn 0.0403085202 0.765381932 -0.642312765
vn 0.0324217305 0.729576051 -0.683130682
vn -0.00034084564 0.816735208 -0.577012599
vn -0.0155066652 -0.0925096795 -0.995591044
vn -0.258747101 0.128055885 -0.957419276
vn 0.0963192508 -0.714260042 -0.693220913
vn 0.150613755 -0.93772465 -0.313030213
vn 0.0549114235 -0.0490405262 -0.997286201
vn -0.0523942485 -0.741943955 -0.668411613
vn -0.347088039 -0.586399257 -0.73189193
vn 0.0612348057 -0.762442946 -0.64415133
vn 0.117299795 -0.92755872 -0.354789615
vn 0.124831289 -0.976543605 0.17544131
vn 0.106446713 -0.985264361 0.133877635
vn 0.0807602778 -0.925254583 -0.370650321
vn 0.0462354608 -0.998355806 0.0338789374
vn -0.0424090065 -0.903123081 -0.427282453
vn -0.231205836 -0.869812131 -0.435856432
vn -0.102018312 -0.991142511 -0.0850222036
vn -0.180153415 -0.959291399 -0.217496395
vn -0.95643878 0.137571946 0.257485449
vn -0.610207081 -0.787720919 -0.0845168158
vn -0.77325654 -0.455212951 0.441424489
vn -0.987054944 0.155256271 -0.0402239151
vn -0.957995474 0.0520163737 0.282026589
vn -0.995548725 0.0455528907 -0.08250916
vn -0.74413985 0.140181422 -0.653150082
vn -0.7841869 0.0257397927 -0.619990528
vn -0.40533182 0.0342125185 -0.913529217
vn -0.385469735 -0.0224947128 -0.922446251
vn -0.129734337 -0.00456169015 -0.991538286
vn -0.660975099 -0.654468238 -0.367128432
vn 0.224334359 -0.201731488 -0.953403652
vn 0.27913335 -0.00737369899 -0.960224092
vn -0.186963245 -0.705398679 -0.683708608
vn -0.31739369 -0.904034853 -0.286325276
vn 0.625181377 -0.0739099085 -0.776972055
vn 0.759482205 0.00420716312 -0.650514483
vn 0.896282673 0.0163404606 -0.443182021
vn 0.999055922 -0.00223727571 -0.0433849543
vn 0.680480599 -0.169778764 -0.712826252
vn 0.325281262 -0.405511051 -0.854255676
vn 0.98924154 0.113350905 0.0924810469
vn 0.939746737 0.01081964 0.341699928
vn 0.916924357 0.0520613194 -0.395650655
vn -0.0515854768 -0.632346511 -0.772966266
vn 0.682523608 -0.021508852 -0.730547071
vn 0.924711466 0.110319212 0.364332676
vn 0.783711493 0.0269383863 0.620540679
vn 0.407142729 -0.180483952 -0.895354927
vn -0.317993104 -0.661362529 -0.679323196
vn 0.0283835363 -0.283571303 -0.958531022
vn -0.40794012 -0.903417289 -0.131992996
vn -0.43895191 -0.886386514 -0.147105411
vn -0 -0.999995112 -0.00315494742
vn -0 -0.968617022 -0.248557746
vn -2.36846972E-07 -0.783878565 -0.620914161
vn -0.419744134 -0.66667521 -0.615921259
vn -0.223276317 -0.355190903 -0.907737374
vn -0.236987337 -0.403631598 -0.8836959
vn -0 -0.430518895 -0.902581513
vn -0.232118979 0.0967621654 -0.967862546
vn -1.39267314E-07 0.0481545553 -0.998839915
vn -0.211808935 0.078864716 -0.974123955
vn 0.0426873267 0.079066053 -0.99595499
vn 0.0322871841 0.35402146 -0.934679806
vn 0.427671224 0.13552773 -0.893716693
vn -0.257181674 0.266775936 -0.92881012
vn -0 0.251484483 -0.967861354
vn -0.250747681 0.282761395 -0.925835669
vn -0.250338137 0.383790344 -0.888839543
vn -0 0.377961785 -0.925821245
vn -0 0.404513985 -0.914531827
vn -0.0321092978 0.442086875 -0.896397293
vn -0.187429845 0.436256468 -0.880085409
vn 0.101371586 0.518951237 -0.848771751
vn 0.0405569747 0.5201298 -0.853123724
vn 0.254850596 0.554310143 -0.792332947
vn 0.320451885 0.525744498 -0.787974119
vn 0.564241767 0.488648295 -0.665472806
vn 0.385867476 0.420648307 -0.821073234
vn 0.600039899 0.474258661 -0.644228876
vn 0.781812549 0.438968331 -0.442804605
vn 0.657048643 0.416500241 -0.628342688
vn 0.827772141 0.412080377 -0.380766332
vn 0.922020197 0.377665371 -0.0851321742
vn 0.700105906 0.210357234 -0.682350039
vn 0.856264889 0.3671166 -0.363367438
vn 0.932250977 0.358115643 -0.0515864789
vn 0.916512489 0.305502325 0.258211315
vn 0.875905991 0.27138871 -0.398919612
vn 0.947511137 0.316718578 -0.0437259413
vn 0.915533602 0.270341486 0.297848463
vn 0.72227025 0.164977685 0.671645761
vn 0.885507762 0.187298223 -0.425200552
vn 0.974751472 0.218648538 0.0453028195
vn 0.955736339 0.291693062 -0.0385107994
vn 0.916192591 0.187454775 0.354191869
vn 0.910447061 0.235155597 0.340276212
vn 0.723929644 0.149894342 0.673392594
vn 0.790241063 0.0948385373 0.60541296
vn 0.781963229 0.166138381 0.600775898
vn 0.310793042 0.0867198706 0.946513236
vn 0.325565547 0.0269106552 0.945136487
vn -0.177737489 0.0392674766 0.983294249
vn 0.745631516 0.187365234 0.63947475
vn 0.272123098 -0.0032441332 0.962256968
vn 0.306882948 0.0107453736 0.951686561
vn -0.178807229 0.0740531459 0.981093347
vn -0.481023878 0.0366655998 0.875940502
vn 0.267702132 0.176751807 0.947150707
vn 0.283523321 0.117799498 0.951702535
vn 0.132361531 -0.114826463 0.984527886
vn 0.211812779 -0.129757524 0.96865797
vn -0.470558286 0.121079884 0.874022126
vn -0.793192327 0.0270795226 0.608368814
vn -0.256838053 0.112042032 0.959937871
vn -0.234150514 -0.137355074 0.962448537
vn -0.0365073644 -0.0352908894 0.998710036
vn -0.791580319 0.12261416 0.598637104
vn -0.957995474 0.0520163737 0.282026589
vn -0.95643878 0.137571946 0.257485449
vn -0.665423036 -0.151640341 0.730901718
vn -0.77325654 -0.455212951 0.441424489
vn 0.181526437 -0.331204265 0.925933063
vn 0.0916710198 -0.960383713 0.263172269
vn -0.610207081 -0.787720919 -0.0845168158
vn 0.190884963 -0.821469069 0.537356019
vn -0 -0.844724476 0.53520149
vn -0 -0.971863508 0.235544726
vn -0 -0.999995112 -0.00315494742
vn 0.610207379 -0.78772074 -0.0845171288
vn 0.235895067 -0.64468497 0.727141559
vn -0.0916710421 -0.960384071 0.263170749
vn 0.77325654 -0.455213964 0.441423327
vn 0.144538328 -0.19809553 0.969467342
vn 0.216868401 -0.259074718 0.94119519
vn 0.156081736 -0.327408701 0.931902409
vn 0.0848571807 -0.193855792 0.977353215
vn 0.116837293 -0.280700862 0.952657342
vn -0 -0.292119384 0.956381857
vn 0.665423155 -0.151640877 0.730901599
vn 0.95643878 0.137571961 0.257485449
vn -0 -0.633637965 0.773629725
vn -0 -0.323413581 0.94625777
vn -0 -0.195978746 0.980608106
vn -0.0848569348 -0.193855464 0.977353215
vn -0.116837218 -0.280700833 0.952657342
vn -0.216868222 -0.259074748 0.94119519
vn -0.190885127 -0.821470022 0.53735441
vn 0.234150842 -0.137354895 0.962448418
vn 0.791580021 0.12261413 0.598637521
vn 0.957995474 0.0520163812 0.282026619
vn 0.793192208 0.027079504 0.608368933
vn -0.235895231 -0.644685447 0.727141082
vn 0.470558196 0.121079929 0.874022126
vn 0.481023878 0.0366655812 0.875940502
vn -0.144538328 -0.19809553 0.969467342
vn -0.21181269 -0.129757494 0.96865809
vn -0.156081617 -0.327408552 0.931902528
vn -0.181526572 -0.331204295 0.925932944
vn -0.132361487 -0.114826396 0.984527886
vn -0.306883156 0.0107453484 0.951686561
vn 0.178807244 0.0740531236 0.981093347
vn 0.177737534 0.039267458 0.983294249
vn 0.256838143 0.112041935 0.959937871
vn 0.0365072191 -0.0352912322 0.998710036
vn -0.272123247 -0.00324410526 0.962256849
vn -0.72227025 0.16497758 0.671645701
vn -0.310793072 0.0867199078 0.946513236
vn -0.325565428 0.0269106571 0.945136487
vn -0.783711433 0.0269383676 0.620540798
vn -0.267701983 0.176751778 0.947150707
vn -0.283523232 0.117799476 0.951702654
vn -0.723929644 0.149894372 0.673392475
vn -0.745631814 0.187365457 0.639474273
vn -0.78196311 0.166138455 0.600775898
vn -0.790240884 0.0948385671 0.60541302
vn -0.915533543 0.270341635 0.297848493
vn -0.916512609 0.305502504 0.258210778
vn -0.91044718 0.235155672 0.340276122
vn -0.924711347 0.11031922 0.364332855
vn -0.939746737 0.0108195534 0.341699958
vn -0.916192591 0.187454805 0.354192019
vn -0.98924154 0.113350838 0.0924810395
vn -0.999055922 -0.00223730458 -0.0433850065
vn -0.932250977 0.358115643 -0.0515864044
vn -0.922020197 0.377665341 -0.085132204
vn -0.947511137 0.316718489 -0.0437256247
vn -0.955736458 0.291692853 -0.0385110117
vn -0.8277722 0.412080288 -0.380766332
vn -0.781812727 0.438968331 -0.442804456
vn -0.974751472 0.218648404 0.0453027189
vn -0.896282792 0.0163404979 -0.443181813
vn -0.759482265 0.00420724088 -0.650514364
vn -0.856265008 0.36711657 -0.363367319
vn -0.875905991 0.27138868 -0.398919672
vn -0.600039661 0.474258751 -0.644228995
vn -0.564241707 0.488648415 -0.665472806
vn -0.916924238 0.0520612374 -0.395650774
vn -0.625181556 -0.0739101246 -0.776971936
vn -0.279133379 -0.00737373484 -0.960224092
vn -0.657048523 0.41650027 -0.628342867
vn -0.320451885 0.525744557 -0.787974119
vn -0.254850566 0.554309964 -0.792333007
vn -0.68048054 -0.169778869 -0.712826252
vn -0.224334612 -0.201731518 -0.953403533
vn 0.129734471 -0.0045617437 -0.991538286
vn -0.700105667 0.210357159 -0.682350338
vn -0.385867417 0.420648307 -0.821073234
vn -0.0322871618 0.354021519 -0.934679806
vn -0.0405569747 0.520129919 -0.853123665
vn -0.101371609 0.518951058 -0.848771811
vn -0.427670807 0.13552767 -0.893716872
vn 0.187429696 0.436256468 -0.880085528
vn 0.0321093239 0.442086816 -0.896397293
vn 0.250337899 0.383790195 -0.888839602
vn -0 0.404513985 -0.914531827
vn -0 0.377961785 -0.925821245
vn -0 0.251484483 -0.967861354
vn 0.257181704 0.266775876 -0.92881012
vn -1.39267314E-07 0.0481545553 -0.998839915
vn 0.250747681 0.282761335 -0.925835669
vn 0.232118949 0.0967620835 -0.967862546
vn -0 -0.430518895 -0.902581513
vn 0.211809099 0.0788646489 -0.974123836
vn 0.236987546 -0.403631449 -0.8836959
vn -2.36846972E-07 -0.783878565 -0.620914161
vn -0.0426872335 0.0790659487 -0.99595499
vn 0.223276511 -0.355190754 -0.907737374
vn 0.419743955 -0.666674972 -0.615921676
vn -0.0283836294 -0.283570945 -0.958531082
vn 0.43895191 -0.886386514 -0.147105396
vn -0 -0.968617022 -0.248557746
vn -0 -0.999995112 -0.00315494742
vn 0.610207379 -0.78772074 -0.0845171288
vn 0.317992985 -0.661362231 -0.679323494
vn 0.40794 -0.903417289 -0.131993309
vn -0.407142758 -0.180483922 -0.895354927
vn 0.0515853986 -0.632345438 -0.77296716
vn 0.317393512 -0.904034853 -0.286325604
vn -0.682523549 -0.0215088036 -0.730547071
vn -0.325281382 -0.405510694 -0.854255855
vn 0.18696332 -0.705397904 -0.683709502
vn 0.660975575 -0.654468477 -0.36712715
vn -0.885507584 0.187298104 -0.42520076
vn 0.385470182 -0.0224947222 -0.922446012
vn 0.405331939 0.0342125334 -0.913529217
vn 0.744139791 0.140181407 -0.65315026
vn 0.78418684 0.025739776 -0.619990766
vn 0.995548606 0.0455528647 -0.0825094134
vn 0.987054944 0.155256286 -0.0402241908
vn 0.957995474 0.0520163812 0.282026619
vn 0.95643878 0.137571961 0.257485449
vn 0.77325654 -0.455213964 0.441423327
vn 0.578351259 0.27860567 0.766739011
vn 0.500512004 0.687663615 0.525933802
vn 0.840620041 -0.541604102 0.00480060838
vn 0.835673213 0.548264563 -0.0324997418
vn 0.999957561 -0.00787710119 0.00479296362
vn 0.568671823 -0.263771296 0.779125929
vn 0.414081872 0.376425743 -0.828758061
vn 0.494781673 0.59520632 -0.633182704
vn 0.486826748 -0.111736104 -0.866322517
vn 0.667276323 -0.572196782 0.47679466
vn 0.324591994 -0.180291384 0.928512275
vn 0.469933391 -0.67402941 0.569953501
vn 0.187453941 -0.172381938 0.967029214
vn 0.653398097 -0.502545655 -0.56614387
vn 0.469411224 -0.633942187 -0.614630342
vn 0.243540809 -0.0913207754 -0.965581954
vn 0.118500754 -0.020212125 -0.992748201
vn 0.746898532 -0.662459075 0.0573632307
vn 0.55002445 -0.83452785 0.032192044
vn 0.262886226 -0.712864578 -0.650165319
vn 0.0820407048 0.0161148515 -0.996498704
vn 0.327275515 -0.944700718 -0.020766655
vn 0.12686874 -0.696771443 -0.705984294
vn 0.0701837912 0.11405538 -0.990992308
vn 0.290077537 -0.746816516 0.598431349
vn 0.17642726 -0.983723998 -0.0340669416
vn 0.0759732574 -0.996378958 -0.0381707437
vn 0.146603778 -0.725876689 0.672019541
vn 0.102748409 -0.107653081 0.988864779
vn 0.0694599599 0.021776909 0.997346997
vn 0.0458186604 -0.658770025 -0.750947773
vn 0.0104585681 -0.604180634 -0.796778679
vn 0.0477557443 0.214007705 -0.9756639
vn 0.0168656521 -0.0913849473 -0.995672822
vn 0.0562672615 -0.683411002 0.727862239
vn 0.0160502847 -0.646204591 0.762995422
vn 0.0556102991 0.141215891 0.988415718
vn 0.048184339 -0.162706047 0.985497296
vn 0.0367489569 -0.547946513 -0.835705757
vn 0.028123945 0.0726070032 -0.996964037
vn 0.00888554472 -0.998581171 -0.0525031388
vn 0.0876301378 -0.57921958 0.810447812
vn 0.0942257047 0.0385038108 0.994805992
vn 0.578351259 0.27860567 0.766739011
vn 0.568671823 -0.263771296 0.779125929
vn 0.324591994 -0.180291384 0.928512275
vn 0.197727904 0.329719305 0.923140764
vn 0.0963193998 0.387631416 0.916768551
vn 0.500512004 0.687663615 0.525933802
vn 0.032020282 0.939436197 0.341224879
vn 0.187453941 -0.172381938 0.967029214
vn -0.0505159087 0.972279608 0.228299022
vn -0.0360968523 0.97972542 0.197066516
vn 0.0727901533 0.679221332 0.73031497
vn 0.00226856163 0.999327302 -0.0366021246
vn 0.0553206652 0.998429 -0.00888825394
vn -0.0733626783 0.961634159 -0.264343768
vn 0.0774689689 0.680060387 -0.729051769
vn -0.109661244 0.95536238 -0.274330467
vn 0.0417576805 0.999054968 -0.0120591875
vn 0.0600594878 0.856157482 -0.513212621
vn 0.0477557443 0.214007705 -0.9756639
vn 0.0809197277 0.796464384 -0.599246621
vn 0.0701837912 0.11405538 -0.990992308
vn 0.0820407048 0.0161148515 -0.996498704
vn 0.118500754 -0.020212125 -0.992748201
vn 0.0255488548 0.441433787 -0.896930039
vn 0.103216238 0.396970421 -0.912009239
vn 0.00291753607 0.918026328 -0.396508485
vn 0.494781673 0.59520632 -0.633182704
vn 0.243540809 -0.0913207754 -0.965581954
vn 0.414081872 0.376425743 -0.828758061
vn 0.486826748 -0.111736104 -0.866322517
vn 0.478546143 0.302622706 0.824265122
vn 0.49009338 -0.186284736 0.851531863
vn 0.296777427 -0.184171319 0.937018752
vn 0.117919579 0.369379312 0.921766698
vn 0.0548191257 0.425023884 0.903520644
vn 0.397282332 0.670662284 0.626401484
vn 0.0201684851 0.920456707 0.390323877
vn 0.172238111 -0.239278719 0.955552042
vn -0.0475998484 0.958818734 0.280001521
vn -0.025885297 0.973036945 0.229192257
vn 0.087310642 0.654757023 0.750779688
vn 0.0242707916 0.999164224 -0.0328919701
vn 0.102737039 0.99470818 -0.000884402485
vn -0.00980819669 0.962128401 -0.272420049
vn 0.0981848463 0.664628446 -0.740694821
vn -0.0818229839 0.940852284 -0.328788638
vn 0.0261927936 0.999656677 -0.000580115418
vn 0.0376790538 0.853111327 -0.52036649
vn 0.0452885889 0.254777372 -0.965938628
vn 0.0514404029 0.799600184 -0.598325551
vn 0.0619528554 0.121175937 -0.990695834
vn 0.110109642 -0.0420468412 -0.993029654
vn 0.190466046 -0.123021014 -0.973955095
vn 0.0866523013 0.519681036 -0.849954665
vn 0.0969799235 0.482566088 -0.870473981
vn 0.0226724558 0.888658285 -0.458009124
vn 0.372124761 0.536346257 -0.757532775
vn 0.295900166 -0.0978475064 -0.95019418
vn 0.320093662 0.450662076 -0.833332896
vn 0.460392028 -0.0407679155 -0.88677907
vn 0.491275936 0.298067331 0.818415463
vn 0.394351691 0.683271527 0.614513457
vn 0.830931544 -0.55636996 0.00226748385
vn 0.837357223 0.545508921 -0.0353942253
vn 0.999751031 -0.0152988546 0.0162420664
vn 0.482177258 -0.161963537 0.860972047
vn 0.353267729 0.323958039 -0.877640665
vn 0.40489617 0.49561426 -0.768391609
vn 0.647062123 -0.576940179 0.498448163
vn 0.297586352 -0.165227607 0.940288305
vn 0.631607711 -0.556859016 -0.539425313
vn 0.687907696 -0.724871993 0.0366546474
vn 0.480501473 -0.876882672 -0.0139654819
vn 0.418042719 -0.70425868 0.573811889
vn 0.185437188 -0.206141904 0.960790575
vn 0.244874492 -0.767740667 0.592123926
vn 0.122269355 -0.76560545 0.631584167
vn 0.113880776 -0.112625457 0.987090051
vn 0.693026245 0.67973417 -0.240158379
vn 0.38244313 0.923133373 0.0395234041
vn 0.18647334 0.981705666 -0.0384941623
vn 0.44400385 0.680891812 -0.582449138
vn 0.614409685 0.0981911123 -0.782853305
vn 0.102931075 0.992623568 -0.0640601963
vn 0.27467531 0.765134454 -0.582342565
vn 0.0621791072 0.996039152 -0.0635590702
vn 0.20466651 0.511285245 -0.834684968
vn 0.360772848 0.0694337189 -0.930065513
vn 0.197600156 -0.559593439 -0.804866076
vn 0.310823292 -0.634322166 -0.707830727
vn 0.172323778 -0.441721916 -0.880446553
vn 0.0625249967 -0.997038484 -0.0447759889
vn 0.126128241 -0.98691237 -0.100476958
vn 0.48973009 -0.463025689 -0.738763571
vn 0.205057785 -0.97297895 -0.106128909
vn 0.371540487 -0.922712564 -0.102757283
vn 0.760844886 -0.521095574 -0.386748582
vn 0.894358158 0.0654266104 -0.44254151
vn 0.999579728 0.00640531117 -0.0282720141
vn 0.79619503 -0.604964972 -0.00953054521
vn 0.731281102 0.673759043 0.106191471
vn 0.731281102 0.673759043 0.106191471
vn 0.38244313 0.923133373 0.0395234041
vn 0.693026245 0.67973417 -0.240158379
vn 0.305706769 0.866580069 0.394439131
vn 0.0669507533 0.262227714 0.962680817
vn -0.0263114441 0.227737024 0.973367095
vn 0.0531936735 0.868438542 0.492935151
vn 0.18647334 0.981705666 -0.0384941623
vn -0.0311746299 0.781005919 0.623745024
vn -0.0505784638 0.209500819 0.976499498
vn 0.102931075 0.992623568 -0.0640601963
vn -0.0461475775 -0.110040791 0.992855251
vn 0.0621791072 0.996039152 -0.0635590702
vn -0.0689451993 -0.0724143088 0.994988739
vn -0.0460209735 -0.362107277 0.930999696
vn -0.00932102837 -0.805373311 0.592694581
vn -0.0112713771 -0.376761079 0.926241934
vn -0.0622366704 0.706576407 0.704894602
vn -0.0810267851 -0.0718120784 0.994121611
vn -0.035935577 0.741696417 0.669772387
vn 0.0548023656 0.993257165 -0.102161191
vn -0.0401938371 -0.72563231 0.686907649
vn -0.0423300527 -0.0483252592 0.997934222
vn 0.0336202607 0.761972666 0.646736026
vn 0.0652346537 0.989717126 -0.127296895
vn 0.0415199138 0.677195966 0.734630346
vn 0.0958270654 0.994538009 -0.0413677692
vn 0.0774825141 0.624813914 0.776919544
vn 0.035693448 -0.0775090083 0.996352553
vn 0.00984289311 -0.0300820712 0.999498963
vn 0.0426238552 -0.0206000879 0.998878777
vn -0.013912837 -0.740163982 0.672282517
vn 0.056297712 -0.758008122 0.649811029
vn 0.0595438629 -0.715890169 0.695669234
vn 0.0689084232 -0.995242596 -0.0688756108
vn 0.056887567 -0.996573925 -0.0600353293
vn 0.0625249967 -0.997038484 -0.0447759889
vn 0.126128241 -0.98691237 -0.100476958
vn 0.104364425 -0.993596435 -0.0432906561
vn 0.205057785 -0.97297895 -0.106128909
vn 0.0692696795 -0.745695233 0.662676632
vn 0.115803219 -0.9902125 -0.0779020861
vn 0.0109737357 -0.7532444 0.657649159
vn -0.02783617 -0.116188824 0.992837012
vn -0.25541082 -0.184263259 0.949111402
vn 0.0725990161 -0.910001457 0.40819931
vn 0.286874652 -0.893481672 0.34553358
vn 0.0256077033 -0.377992451 0.925454438
vn 0.371540487 -0.922712564 -0.102757283
vn 0.79619503 -0.604964972 -0.00953054521
vn 0.760844886 -0.521095574 -0.386748582
vn -0.480445504 0.334669113 0.810659409
vn -0.81247139 -0.58270812 0.0184766892
vn -0.380057245 0.696559846 0.608572841
vn -0.819436073 0.572788239 -0.0209332071
vn -0.999565899 0.0162787326 0.0245555304
vn -0.505704105 -0.128409669 0.853096843
vn -0.30561465 0.429624975 -0.849718869
vn -0.370751292 0.517461658 -0.771217823
vn -0.443737209 -0.0182399563 -0.895971239
vn -0.680736542 -0.481376052 0.552154779
vn -0.327002048 -0.116570592 0.937806427
vn -0.478009939 -0.623062074 0.619112372
vn -0.187292352 -0.156399086 0.96977365
vn -0.683218598 -0.500440061 -0.531763196
vn -0.483253539 -0.658389747 -0.577052116
vn -0.240988225 -0.0605761409 -0.968635798
vn -0.0982508659 -0.0569572262 -0.993530333
vn -0.761066675 -0.644743145 0.0712996423
vn -0.549182057 -0.834277272 0.0487911329
vn -0.252037913 -0.750824869 -0.610523582
vn -0.0764575675 0.0497940816 -0.995828688
vn -0.298584968 -0.95421356 0.0179851912
vn -0.15368025 -0.753144801 -0.639652431
vn -0.080390282 0.164417148 -0.983109653
vn -0.28661409 -0.724922001 0.626370847
vn -0.173297182 -0.984758258 0.014806685
vn -0.0918535665 -0.995760381 0.00491750659
vn -0.131863534 -0.708626926 0.69315207
vn -0.100747906 -0.091251485 0.990718424
vn -0.0603883676 0.0804242641 0.994929731
vn -0.0918390006 -0.732093334 -0.67498517
vn -0.0294600036 -0.659758747 -0.750899792
vn -0.0691938549 0.308040291 -0.948853731
vn -0.00655740779 -0.00713679614 -0.999953032
vn -0.0607761443 -0.663728893 0.745500028
vn -0.0288317148 -0.64232862 0.765886784
vn -0.0357608832 0.146222159 0.988605201
vn -0.0428246669 -0.153049186 0.987290204
vn -0.0725661367 -0.997201204 -0.0180014446
vn -0.0737213194 -0.997163713 -0.0151536958
vn -0.0502249449 -0.588658988 -0.806819737
vn -0.0385638587 0.300140172 -0.953115284
vn -0.0425361954 0.294816107 -0.954606771
vn -0.0677896962 -0.617096782 0.783961833
vn -0.0786594301 0.177395642 0.980991125
vn -0.0836779028 0.152768984 0.984712958
vn -0.0521768369 -0.590971351 -0.805003405
vn -0.0359463505 0.275805861 -0.96054095
vn -0.0781585425 -0.676525176 0.732260108
vn -0.0977616236 0.156839222 0.982773662
vn -0.0462651365 -0.998079658 -0.0411895551
vn -0.0429357029 -0.579476833 -0.8138569
vn -0.0312252343 0.00350589957 -0.999506235
vn -0.079155229 -0.994946778 -0.0617694482
vn -0.114894673 -0.992233038 -0.04767574
vn -0.0764600188 -0.693034768 0.716838062
vn -0.0856540278 -0.173457101 0.9811095
vn -0.0741536915 -0.559659779 -0.825398207
vn -0.020466486 0.253930748 -0.967005789
vn -0.0413002558 0.208190918 -0.977215886
vn -0.107631072 -0.688978791 0.716745257
vn -0.0854420885 0.142631352 0.986081123
vn -0.0694641918 0.159167781 0.984804749
vn -0.0829562545 -0.528492391 -0.844875157
vn -0.10639216 -0.684551954 0.721158326
vn -0.163212717 -0.649325967 -0.742790163
vn -0.0958733037 -0.995129347 0.0229288824
vn -0.111522958 0.177666143 -0.977751136
vn -0.728953898 0.305176198 -0.612775445
vn -0.0995040014 -0.993267059 -0.0593254901
vn -0.0682491362 -0.663491011 0.745065033
vn -0.0517838895 -0.0321313217 0.998141289
vn -0.0366037302 -0.133150816 0.990419567
vn -0.0723748952 -0.635798752 0.768454134
vn -0.0381437503 -0.0309959427 0.998791516
vn -0.741871893 -0.595953465 -0.307352483
vn -0.219018579 -0.939142525 -0.264654785
vn -0.126664668 -0.953917265 -0.272025526
vn -0.653721035 -0.741595328 -0.150616124
vn -0.613888502 0.130162403 0.77858752
vn -0.144336239 -0.986839354 0.0729048103
vn -0.164600283 -0.984381437 0.0624490716
vn -0.110466644 -0.730627537 0.673780739
vn -0.619426668 -0.784946561 0.0130144889
vn -0.0622196756 -0.724380553 0.686586857
vn -0.0842125043 0.00022276894 0.996447802
vn -0.0844814554 -0.996363342 -0.0110872434
vn -0.0709372759 -0.715699255 0.694796622
vn -0.0327000991 0.290001184 0.95646745
vn -0.25330317 -0.679629028 0.688434303
vn -0.121161841 0.252432495 0.959998727
vn -0.0732207 0.270315439 0.959983528
vn -0.236825913 -0.644286811 0.727191925
vn -0.13503328 0.420653641 0.897115648
vn -0.132247448 -0.990225852 0.0443120636
vn -0.791035235 -0.408041477 0.455812901
vn -0.468039364 0.62878865 0.620938063
vn -0.928791523 0.129051119 -0.347407877
vn -0.223255351 0.909683704 0.350189298
vn -0.140097141 0.981414378 0.131143779
vn -0.571208477 -0.79941082 -0.186180338
vn -0.0952579454 -0.975095928 -0.200284123
vn -0.158480793 0.465287596 -0.870856583
vn -0.0958271548 0.994538128 -0.0413630456
vn -0.509291828 -0.784142554 -0.354601681
vn -0.195412189 -0.965866685 -0.170045778
vn -0.11860992 0.441357642 -0.889457762
vn -0.132912815 -0.491137028 -0.860882401
vn -0.399292916 -0.817952514 -0.414148211
vn -0.107521042 0.401665777 -0.909452498
vn -0.10927517 -0.415207893 -0.90313971
vn -0.0652347729 0.989717841 -0.127291098
vn -0.0548023283 0.993257165 -0.102161154
vn -0.117598116 -0.438902795 -0.89080584
vn -0.175153911 0.417395085 -0.891685128
vn -0.115803346 -0.9902125 -0.0779021978
vn -0.10436444 -0.993596554 -0.0432889052
vn -0.0957217664 -0.991009712 -0.0934722871
vn -0.151107267 -0.984743595 -0.0862938091
vn -0.0689084232 -0.995242715 -0.0688744858
vn -0.0503372513 -0.991124332 -0.123038858
vn -0.0568876304 -0.996574163 -0.0600316897
vn -0.306104392 -0.798922598 -0.517709255
vn 0.122154102 -0.971108496 -0.205003962
vn -0.172326311 -0.441724449 -0.880444825
vn -0.197601855 -0.559595466 -0.804864228
vn -0.0625248253 -0.997038722 -0.0447701998
vn -0.397683561 -0.789238155 -0.467921913
vn 0.137643859 -0.876704633 -0.460915625
vn 0.506544709 -0.858626902 -0.0785633028
vn -0.0714481696 -0.916243494 -0.394199193
vn 0.231755018 -0.912792325 -0.336303085
vn 0.519683957 -0.853391945 -0.0406313911
vn -0.169218481 -0.984826803 -0.0384891182
vn 0.180153757 -0.959291816 -0.217494443
vn 0.364137501 -0.926628768 0.0936115831
vn 0.231205493 -0.869812667 -0.435855508
vn 0.223805979 -0.947871625 -0.226826414
vn -0.228417635 -0.973321259 0.0217067301
vn 0.324810237 -0.841886282 -0.430959195
vn 0.347087651 -0.586397886 -0.731893241
vn -0.0100186691 -0.997689009 0.0672044605
vn 0.370390505 -0.517197728 -0.771568179
vn 0.258747131 0.128057256 -0.957419038
vn 0.302197397 -0.0951720923 -0.948482513
vn 0.191370085 -0.21087651 -0.958597183
vn 0.134977832 -0.942261696 -0.306470096
vn 0.189527556 -0.724330842 -0.662890732
vn 0.122270726 -0.710042775 -0.693461776
vn 0.113123454 -0.295295 -0.948685348
vn 0.0435278304 -0.341879368 -0.938735187
vn 0.07893233 -0.879168749 -0.469927698
vn -0.0373793244 -0.987659752 -0.152088627
vn 0.050568711 -0.726323366 -0.685490489
vn 0.00834401976 -0.897335172 -0.441270798
vn -0.178151086 -0.96858561 0.173505351
vn -0.0891811103 -0.789734125 -0.606932223
vn -0.0752800405 -0.562574565 -0.823312163
vn -0.0228811689 0.0147336479 -0.999629617
vn -0.0127563411 0.135969162 -0.990630925
vn 0.00419373857 0.104653619 -0.994499922
vn -0.17152591 -0.983954191 -0.0491216257
vn -0.238221973 -0.968708515 0.0696718842
vn -0.30376941 -0.853193104 0.424011469
vn -0.307332069 -0.758503795 0.574646831
vn -0.388342947 -0.895520091 0.21733278
vn -0.208652362 -0.977636278 -0.0262958817
vn -0.146140337 -0.988969326 -0.0241402779
vn -0.0541226678 -0.535314143 -0.842917264
vn -0.0603988431 -0.597933412 -0.799266934
vn 0.0147657879 0.244133949 -0.969629049
vn -0.168995023 -0.970163822 0.173847243
vn -0.0441508628 -0.620720387 -0.7827878
vn -0.0772938877 -0.997006357 0.0020041957
vn 0.00875697285 0.221577331 -0.975103557
vn -0.0206576977 -0.0887563825 -0.995839119
vn -0.0726729184 -0.666315973 -0.74211973
vn -0.0474300385 0.200106725 -0.978625417
vn -0.0654877797 -0.646367669 -0.760210633
vn -0.0369931944 0.264454544 -0.963688314
vn -0.0136115393 0.230134383 -0.973063707
vn -0.152688831 -0.981797695 0.11295753
vn -0.164118022 -0.9857077 -0.038021367
vn -0.274461895 -0.95957011 0.0624160953
vn -0.121841483 -0.9925493 -0.000679058314
vn -0.0271021575 -0.685587287 -0.727485776
vn -0.0703862831 -0.99751091 -0.00421016756
vn -0.0720121935 -0.0587583147 -0.995671511
vn -0.0572500899 -0.705978394 -0.705915809
vn -0.0908144191 0.212926328 -0.9728387
vn -0.102705888 0.157178879 -0.982214987
vn -0.160618246 -0.974400699 -0.157305539
vn -0.224500522 -0.973693728 -0.0389864258
vn -0.131938457 -0.989183426 -0.0640964359
vn -0.131453961 -0.984436154 -0.116641767
vn -0.138745129 -0.657886565 0.740226388
vn -0.21902059 -0.969796836 -0.107349589
vn -0.211648077 -0.96317941 0.165802419
vn -0.295312256 -0.948434591 0.115162589
vn -0.129202604 -0.983870089 -0.12371894
vn -0.172461644 -0.975866139 -0.133948803
vn -0.257400811 -0.965703309 0.0340864249
vn -0.0986951217 -0.6681692 0.737434089
vn -0.124132648 -0.992220223 -0.00949110277
vn -0.0618701577 0.238102451 0.969267368
vn -0.0672811344 -0.0680612326 0.995409906
vn -0.0657095462 -0.671973705 0.73765415
vn -0.0594553538 0.235133812 0.970142841
vn -0.0807903782 0.115789525 0.989982665
vn -0.141576886 -0.989071846 0.0411447734
vn -0.0904024243 -0.61426276 -0.783906102
vn -0.133853853 -0.990738988 0.022787407
vn -0.142443046 -0.637968242 -0.75677377
vn -0.597301722 -0.797449589 -0.0854683891
vn -0.0822833776 -0.609084487 0.788825393
vn -0.0680428371 -0.997366011 -0.0251262579
vn -0.0876304582 -0.579222083 0.810446024
vn -0.0472186841 -0.998884022 -0.00101920718
vn -0.0160502382 -0.646205783 0.762994349
vn -0.0942264944 0.0385026708 0.994805992
vn -0.0481841117 -0.162709504 0.985496819
vn -0.0556108654 0.141219988 0.988415122
vn -0.06946031 0.0217804201 0.997346878
vn -0.040633738 -0.998745084 -0.0292777289
vn -0.0333959647 -0.559702218 -0.828020513
vn -0.0603661686 -0.642865062 -0.763597012
vn -0.0815127119 -0.607160091 -0.790387452
vn -0.031975437 0.223120689 -0.974266291
vn -0.0230923407 0.231314704 -0.972604871
vn -0.0806928501 0.201660663 -0.976125836
vn -0.0371078067 -0.00322396541 -0.999306083
vn -0.0329472832 0.249201387 -0.967891037
vn -0.552788377 0.225642264 -0.802191138
vn -0.0301919021 0.145705253 -0.988867223
vn -0.0367490426 -0.547947586 -0.835705101
vn -0.0281241033 0.0726129189 -0.996963561
vn -0.0168658644 -0.0913881212 -0.995672584
vn -0.0104587395 -0.604181349 -0.796778142
vn -0.0477563441 0.214009315 -0.975663543
vn -0.0701844096 0.114059627 -0.990991712
vn -0.598666489 -0.800202608 -0.0356964208
vn -0.691949725 0.27176562 0.66884166
vn -0.645147681 -0.736911595 0.201855615
vn -0.152537331 -0.71415174 0.683168769
vn -0.104711704 0.235315338 0.966261983
vn -0.051119186 0.222116426 0.973679125
vn -0.208787441 -0.933615983 0.291151166
vn -0.124019571 -0.992003202 -0.0234271772
vn -0.0575905144 -0.678577006 0.732268095
vn -0.133082584 -0.990998983 -0.014494895
vn -0.184841529 -0.872035205 -0.453197837
vn -0.085916914 -0.698431969 0.710500479
vn -0.09968514 -0.995005071 -0.00527030788
vn -0.03534339 0.211526826 0.976733029
vn -0.0426836386 -0.0274353586 0.998711824
vn -0.0488220192 -0.60946852 0.791305542
vn -0.0441287346 0.156450495 0.986699462
vn -0.0533675775 0.143451765 0.988217294
vn -0.11139816 -0.993739009 -0.00855719671
vn -0.093751289 -0.686149776 -0.721394002
vn -0.451090038 -0.853190482 -0.261884928
vn -0.124614045 -0.646226108 -0.752903104
vn -0.281418979 -0.0772012621 -0.956474423
vn -0.0581377856 0.197390124 -0.978599548
vn -0.0263276342 0.250740498 -0.96769619
vn -0.707987905 -0.706077218 -0.014426616
vn -0.615537882 -0.0313873589 0.787482023
vn -0.0781516656 -0.702089071 -0.707787514
vn -0.0375334918 0.211428985 -0.976672411
vn -0.0448291264 -0.025576381 -0.99866724
vn -0.616152287 -0.540653944 0.572756231
vn -0.146707669 0.287782907 0.946392059
vn -0.0559974201 -0.677601814 -0.73329401
vn -0.0441885702 0.264892906 -0.963264823
vn -0.207019567 -0.572041988 0.793669224
vn -0.0874752551 0.250741869 0.964093685
vn -0.058048822 -0.998313785 -6.71822854E-05
vn -0.0751513988 -0.662182868 -0.745564282
vn -0.0551157221 0.241823629 -0.968753636
vn -0.157487616 -0.604244888 0.781079888
vn -0.0687400624 -0.582097232 0.81020844
vn -0.0730886906 -0.649872541 -0.756520867
vn -0.0732828006 -0.997311234 -2.31465019E-05
vn -0.0305707585 -0.682339251 -0.730396092
vn -0.0654944628 0.240660414 -0.9683972
vn -0.046613086 -0.0700948313 -0.996450663
vn -0.0452886596 0.254777133 -0.965938747
vn -0.0619529746 0.121174537 -0.990695953
vn -0.0596431792 -0.998219788 -4.12655208E-06
vn -0.0730222538 -0.649898767 0.756504655
vn -0.0304594394 -0.682317197 0.730421424
vn -0.0554645583 0.222292274 0.973401189
vn -0.0487700813 -0.0836583525 0.995300293
vn -0.0290909577 0.209102944 0.977460861
vn -0.0645160973 0.0612412393 0.996035755
vn -0.0595286489 -0.998226583 2.01794046E-05
vn -0.0982987285 -0.995119333 -0.00865882169
vn -0.0850826353 -0.727223635 -0.681107044
vn -0.0917064846 -0.721397698 0.68642205
vn -0.136915356 -0.747368157 -0.650150001
vn -0.110109508 -0.0420535617 -0.993029416
vn -0.165163696 -0.986200452 -0.0113893561
vn -0.138401955 -0.75970751 0.635365665
vn -0.111975171 -0.120377719 0.986392796
vn -0.172237307 -0.239275724 0.955552936
vn -0.264686674 -0.765407681 -0.586593509
vn -0.190464839 -0.123022318 -0.973955214
vn -0.454224706 -0.679960608 -0.575615764
vn -0.295897543 -0.0978432074 -0.950195372
vn -0.460391551 -0.0407748818 -0.88677907
vn -0.295434713 -0.955333769 0.00746281166
vn -0.259209156 -0.765853703 0.588454545
vn -0.442706734 -0.684005439 0.579782188
vn -0.29677999 -0.184168383 0.937018573
vn -0.516502202 -0.855449796 0.0378313065
vn -0.640084147 -0.569086909 0.516170919
vn -0.49009645 -0.186288446 0.851529241
vn -0.99944824 -0.0291971993 0.0158324931
vn -0.478546709 0.30260998 0.824269593
vn -0.715142667 -0.697347105 0.0477270558
vn -0.627303064 -0.551619649 -0.549733281
vn -0.320090801 0.450650722 -0.833340168
vn -0.8219437 0.56848675 -0.0350882113
vn -0.813252449 -0.581805289 0.011090233
vn -0.397243142 0.67063725 0.626453161
vn -0.372105122 0.53626281 -0.75760144
vn -0.480445504 0.334669113 0.810659409
vn -0.327002048 -0.116570592 0.937806427
vn -0.505704105 -0.128409669 0.853096843
vn -0.151575655 0.413067818 0.897997618
vn -0.0650504231 0.443399191 0.893960595
vn -0.380057245 0.696559846 0.608572841
vn -0.0328700207 0.920528114 0.389290988
vn -0.187292352 -0.156399086 0.96977365
vn 0.0444757827 0.961708724 0.270440757
vn 0.0102600846 0.976711154 0.214313015
vn -0.100747906 -0.091251485 0.990718424
vn -0.0900034755 0.683367491 0.724505484
vn -0.0166878328 0.999237537 -0.0352956839
vn -0.065954648 0.775550246 0.627831042
vn -0.0603883676 0.0804242641 0.994929731
vn -0.0357608832 0.146222159 0.988605201
vn -0.0841285363 0.996166348 -0.0239784494
vn 0.0684025064 0.954071283 -0.29166618
vn -0.0393114947 0.831994534 0.55338937
vn -0.0428246669 -0.153049186 0.987290204
vn -0.0473176278 0.998732865 -0.0171363205
vn -0.0453837551 0.669221044 -0.741676152
vn 0.109248087 0.935949445 -0.334758937
vn -0.0423504673 0.999032021 -0.0118915299
vn -0.0344248489 0.789315224 0.613022327
vn -0.0716608465 0.764066637 -0.641145051
vn -0.0596683063 0.803563178 0.59222126
vn -0.0786594301 0.177395642 0.980991125
vn -0.0667582005 0.81819725 -0.571048677
vn -0.0658033341 0.776840687 0.626249433
vn -0.0836779028 0.152768984 0.984712958
vn -0.0977616236 0.156839222 0.982773662
vn -0.0700424165 0.781874001 0.619489312
vn -0.0856540278 -0.173457101 0.9811095
vn -0.0561678857 0.998420715 0.00112009048
vn -0.0168433357 0.999857903 0.00070828246
vn 0.00540549401 0.827147067 -0.561959445
vn -0.0582256392 0.998055696 0.0222412925
vn -0.0740161613 0.996641874 0.0350239836
vn -0.0891809091 0.765242279 0.637535095
vn -0.045726046 0.843383014 -0.535363674
vn -0.00655740779 -0.00713679614 -0.999953032
vn -0.0691938549 0.308040291 -0.948853731
vn -0.080390282 0.164417148 -0.983109653
vn -0.0764575675 0.0497940816 -0.995828688
vn -0.0385638587 0.300140172 -0.953115284
vn -0.0982508659 -0.0569572262 -0.993530333
vn -0.0470075123 0.829003751 -0.557263792
vn -0.0425361954 0.294816107 -0.954606771
vn -0.0359463505 0.275805861 -0.96054095
vn -0.0487647578 0.84044838 -0.539692998
vn -0.0312252343 0.00350589957 -0.999506235
vn 0.0160114858 0.501397133 -0.865069091
vn -0.0522029959 0.453597486 -0.889676452
vn -0.0016618045 0.894773901 -0.446516395
vn -0.370751292 0.517461658 -0.771217823
vn -0.240988225 -0.0605761409 -0.968635798
vn -0.30561465 0.429624975 -0.849718869
vn -0.443737209 -0.0182399563 -0.895971239
vn -0.0967141241 0.805757284 -0.58429569
vn -0.130495876 0.989469051 0.0626238659
vn -0.0492447875 0.815236688 -0.57703042
vn -0.020466486 0.253930748 -0.967005789
vn -0.0413002558 0.208190918 -0.977215886
vn -0.0639197379 0.995345771 0.0721178278
vn -0.0513678193 0.845845342 -0.530949056
vn -0.105981059 0.895629942 -0.431989491
vn -0.111522958 0.177666143 -0.977751136
vn -0.0734452903 0.773142695 0.629965246
vn -0.0854420885 0.142631352 0.986081123
vn -0.0541725308 0.992955148 0.105382822
vn -0.0430439524 0.745509565 0.665103555
vn -0.0694641918 0.159167781 0.984804749
vn -0.0485107191 0.988297164 0.144621834
vn -0.029170109 0.751005292 0.659651577
vn -0.0517838895 -0.0321313217 0.998141289
vn -0.0366037302 -0.133150816 0.990419567
vn -0.0574750304 0.717257023 0.694434226
vn -0.0381437503 -0.0309959427 0.998791516
vn -0.134594411 0.571525753 0.809470594
vn -0.0842125043 0.00022276894 0.996447802
vn -0.165030435 0.973421216 0.158796087
vn 0.000877422455 0.523218453 0.852198124
vn -0.0327000991 0.290001184 0.95646745
vn -0.170919359 0.96102494 -0.217296064
vn -0.525031328 0.840660036 -0.132788911
vn -0.452222615 0.823059201 -0.343610466
vn -0.728953898 0.305176198 -0.612775445
vn -0.37050119 0.652618289 0.660922348
vn -0.613888502 0.130162403 0.77858752
vn -0.121161841 0.252432495 0.959998727
vn -0.464262515 0.868461728 0.173880741
vn -0.516243458 0.813964069 0.266373932
vn -0.0642078966 0.795235515 0.602891266
vn -0.0732207 0.270315439 0.959983528
vn -0.11404483 0.830197513 0.545679331
vn -0.0394466445 0.777475238 0.627675235
vn -0.0618701577 0.238102451 0.969267368
vn -0.0542866178 0.995549083 0.077038303
vn -0.0356478468 0.794248343 0.606546521
vn -0.0672811344 -0.0680612326 0.995409906
vn -0.0432383716 0.9968822 0.0660032928
vn -0.407738209 0.746575475 0.525713444
vn -0.128982395 0.98915112 0.0703108683
vn -0.249442726 0.906189501 0.34146589
vn -0.0653944165 0.75423944 -0.653334916
vn -0.103326112 0.790724695 0.603388846
vn -0.0467458516 0.997059405 0.0607218742
vn -0.0328079984 0.726801872 -0.686063111
vn -0.0586636737 0.851731598 0.520684063
vn -0.0594553538 0.235133812 0.970142841
vn -0.059652444 0.848334312 0.526089728
vn -0.0807903782 0.115789525 0.989982665
vn -0.0942264944 0.0385026708 0.994805992
vn -0.0745020583 0.99683243 0.0278306454
vn -0.0564458072 0.878978074 0.473509759
vn -0.0481841117 -0.162709504 0.985496819
vn -0.187311128 0.981822968 0.0306315944
vn -0.0992246792 0.773259044 -0.626278579
vn -0.0607516728 0.997974813 0.0188556872
vn -0.0466816649 0.764320612 -0.643144548
vn -0.0433492959 0.830104113 -0.55592078
vn -0.0371078067 -0.00322396541 -0.999306083
vn -0.0230923407 0.231314704 -0.972604871
vn -0.031975437 0.223120689 -0.974266291
vn -0.0806928501 0.201660663 -0.976125836
vn -0.0329472832 0.249201387 -0.967891037
vn -0.0415929295 0.822743177 -0.566889465
vn -0.0301919021 0.145705253 -0.988867223
vn -0.0281241033 0.0726129189 -0.996963561
vn -0.045195464 0.847901285 -0.528224111
vn -0.0168658644 -0.0913881212 -0.995672584
vn -0.445272058 0.562011957 -0.697047591
vn -0.552788377 0.225642264 -0.802191138
vn -0.0590097792 0.998227894 0.00767308054
vn -0.0306923743 0.840307891 -0.541239798
vn -0.0116567612 0.861766577 0.507171094
vn -0.193836734 0.876401365 -0.440849245
vn -0.594720304 0.719042718 0.359562844
vn -0.691949725 0.27176562 0.66884166
vn -0.104711704 0.235315338 0.966261983
vn -0.413012683 0.898219824 -0.150404587
vn -0.365635961 0.900152743 -0.236717805
vn -0.116841577 0.836648285 0.535133302
vn -0.051119186 0.222116426 0.973679125
vn -0.0505563654 0.998535037 -0.0192868374
vn -0.0521819182 0.998575568 -0.0111351786
vn -0.45960924 0.88594842 0.0620857924
vn -0.294838816 0.921281517 0.253595203
vn -0.0658035949 0.746474564 0.662152231
vn -0.03534339 0.211526826 0.976733029
vn -0.0676548332 0.884546638 0.461519241
vn -0.0730229616 0.816127777 0.573239088
vn -0.0556108654 0.141219988 0.988415122
vn -0.06946031 0.0217804201 0.997346878
vn -0.102748513 -0.10765145 0.988865018
vn -0.0674221739 0.993075252 -0.0962069184
vn -0.0427822806 0.759365201 0.649256587
vn -0.0457812659 0.998951435 0.000292648008
vn -0.0426836386 -0.0274353586 0.998711824
vn -0.103394717 0.751283824 0.651829839
vn -0.0505235232 0.997635126 -0.0466003641
vn -0.0607891716 0.836883485 0.543995023
vn -0.0441287346 0.156450495 0.986699462
vn -0.0518419407 0.828186691 0.558049381
vn -0.0533675775 0.143451765 0.988217294
vn -0.0554645583 0.222292274 0.973401189
vn -0.0771502703 0.997019351 0.000180217641
vn -0.124103978 0.99226439 0.00310423155
vn -0.0383157954 0.872029126 0.487951994
vn -0.0487700813 -0.0836583525 0.995300293
vn -0.101447359 0.75299561 -0.650158525
vn -0.0426638909 0.730792582 -0.681265056
vn -0.0220509525 0.716681182 -0.697052181
vn -0.0427595675 0.758689523 -0.650047541
vn -0.148299545 0.97709012 -0.152650267
vn -0.409856617 0.909402311 -0.0707465559
vn -0.155337781 0.965747893 -0.207848877
vn -0.0602519214 0.835871816 -0.545608044
vn -0.0448291264 -0.025576381 -0.99866724
vn -0.0375334918 0.211428985 -0.976672411
vn -0.0263276342 0.250740498 -0.96769619
vn -0.0581377856 0.197390124 -0.978599548
vn -0.0441885702 0.264892906 -0.963264823
vn -0.0567754395 0.998374701 -0.0049381745
vn -0.0573024675 0.826359391 -0.560220242
vn -0.0551157221 0.241823629 -0.968753636
vn -0.0654944628 0.240660414 -0.9683972
vn -0.0422751121 0.86918962 -0.49266845
vn -0.046613086 -0.0700948313 -0.996450663
vn -0.0298345666 0.999488235 -0.0115370024
vn -0.219569102 0.43320623 -0.874140561
vn -0.281418979 -0.0772012621 -0.956474423
vn -0.00878230575 0.846823335 -0.53180176
vn -0.0493524671 0.841780066 0.537559867
vn -0.148769557 0.751927316 -0.642240584
vn -0.493091762 0.836238444 0.239928588
vn -0.615537882 -0.0313873589 0.787482023
vn -0.146707669 0.287782907 0.946392059
vn -0.52685225 0.684971511 -0.503230155
vn -0.259667158 0.738325417 -0.62245363
vn -0.0775648206 0.88442719 0.460187197
vn -0.0874752551 0.250741869 0.964093685
vn 0.0139153674 0.999903202 -7.88433681E-05
vn -0.010712578 0.999942303 0.00083670154
vn -0.470937043 0.851103485 -0.232037038
vn -0.247530326 0.933980227 0.257700503
vn -0.0666050762 0.827253103 0.557867408
vn -0.0790302977 0.155722916 0.984634221
vn -0.0272945371 0.855150402 0.517660856
vn -0.0543937907 0.783045232 0.61958164
vn -0.0290909577 0.209102944 0.977460861
vn -0.0645160973 0.0612412393 0.996035755
vn -0.111975171 -0.120377719 0.986392796
vn -0.0392331928 0.997264266 -0.0626489669
vn -0.0561002083 0.818685114 0.571495771
vn -0.0338918976 0.998357236 -0.046195168
vn -0.0518244803 -0.116867393 0.991794527
vn -0.0444430076 0.774512589 0.630995274
vn -0.0288724229 0.998118579 -0.05408822
vn -0.101521775 0.835039556 0.540742278
vn -0.0981840715 0.147039518 0.984245598
vn -0.0850242898 0.829352915 0.552217901
vn -0.093184121 0.200486302 0.975254893
vn -0.0649641231 0.178851396 0.981728971
vn -0.0919352025 0.99464649 -0.0471830629
vn -0.115583815 0.991572142 -0.0585242249
vn -0.0677392483 0.859440267 0.50672859
vn -0.0578823313 -0.103271849 0.992967606
vn -0.0772415027 0.784605503 -0.615165114
vn 0.00126906834 0.762136161 -0.647415519
vn 0.010563124 0.785396039 -0.618903399
vn 0.000287700299 0.805825889 -0.592152476
vn -0.121135578 0.986478508 -0.110391207
vn -0.552712858 0.825486839 0.114367545
vn -0.234072909 0.822964311 -0.517628789
vn -0.0644077435 0.82239902 -0.565253615
vn -0.0206576977 -0.0887563825 -0.995839119
vn 0.00875697285 0.221577331 -0.975103557
vn 0.0147657879 0.244133949 -0.969629049
vn 0.00419373857 0.104653619 -0.994499922
vn -0.0127563411 0.135969162 -0.990630925
vn -0.0474300385 0.200106725 -0.978625417
vn -0.02022833 0.685275137 -0.728003383
vn -0.0228811689 0.0147336479 -0.999629617
vn -0.0672303438 0.997018099 -0.0378813632
vn -0.0409686789 0.829605699 -0.556844652
vn -0.0369931944 0.264454544 -0.963688314
vn -0.0136115393 0.230134383 -0.973063707
vn -0.0226457585 0.851843297 -0.523307025
vn -0.0720121935 -0.0587583147 -0.995671511
vn -0.0503013879 0.998505116 -0.0213861782
vn -0.080066435 0.50377667 -0.860115349
vn -0.0237458479 0.817935765 0.574819267
vn -0.0362751149 0.999260247 0.0127673745
vn -0.0308100302 0.831066489 -0.555319071
vn -0.108914703 0.847197652 0.51999408
vn -0.0652351007 0.163970828 0.984305859
vn -0.127478391 0.810997605 0.570992351
vn -0.0818613842 0.0911710262 0.9924649
vn -0.113881335 -0.112628937 0.987089574
vn -0.106560022 0.994104981 0.0200035572
vn -0.11776194 0.841022372 -0.528027892
vn -0.0908144191 0.212926328 -0.9728387
vn -0.127173245 0.991724193 0.0176101103
vn -0.137961432 0.79854238 -0.585915208
vn -0.15055877 0.678467512 -0.719036818
vn -0.102705888 0.157178879 -0.982214987
vn -0.11073029 -0.00363372383 -0.993843794
vn -0.137108758 -0.0985693708 -0.985639453
vn -0.17153582 0.985035062 0.0167738833
vn -0.125109732 0.708666563 0.694362521
vn -0.108013995 0.462062091 0.880245149
vn -0.185437784 -0.206156895 0.960787296
vn -0.297590613 -0.165260762 0.940281212
vn -0.00457538432 0.999774516 -0.0207394939
vn 0.0285223126 0.97096169 0.237528682
vn 0.0506334528 0.956997871 -0.28564176
vn 0.0447733141 0.956603169 0.287933826
vn -0.0305970628 0.915633738 0.400847405
vn 0.107774213 0.934860706 -0.338260591
vn -0.156197086 0.376883864 0.912995577
vn -0.394434243 0.683320642 0.61440587
vn -0.491285205 0.298078835 0.818405628
vn -0.482183665 -0.161977202 0.860965908
vn -0.0589658543 0.470608652 -0.880369604
vn -0.0798319876 0.369321585 -0.925866306
vn -0.00752741983 0.88611567 -0.463403106
vn -0.404913455 0.495605886 -0.768387794
vn -0.235790029 -0.10371235 -0.966254056
vn -0.353271991 0.3239685 -0.877635062
vn -0.442430079 -0.0549818389 -0.895115972
vn 0.0112716351 -0.376759678 0.926242411
vn 0.0461471826 -0.110034324 0.992855906
vn 0.0460205115 -0.362103909 0.931001067
vn 0.0200791024 -0.0954798982 0.995228767
vn 0.0505792908 0.209505498 0.976498425
vn 0.0263131782 0.227740303 0.97336632
vn -0.050951004 -0.104272708 0.9932428
vn -0.0669509023 0.26222983 0.962680161
vn -0.0256076343 -0.377994359 0.925453663
vn -0.220674828 0.424826354 0.877966583
vn -0.731279492 0.673757434 0.106213383
vn -0.999579966 0.00641041761 -0.028262917
vn -0.0859672576 -0.48774755 0.868741632
vn -0.796195447 -0.604964316 -0.00953521207
vn -0.30676198 -0.452723801 0.83722049
vn -0.408482999 0.314849913 0.856744587
vn -0.47365135 -0.13465941 0.870357037
vn 0.364137501 -0.926628768 0.0936115831
vn 0.519683957 -0.853391945 -0.0406313911
vn 0.534308136 -0.515252233 0.670096993
vn 0.70210892 -0.542664289 0.461040705
vn 0.506544709 -0.858626902 -0.0785633028
vn 0.445326269 -0.140763491 0.88423419
vn 0.686911941 -0.575879455 0.44329989
vn 0.608351827 -0.06517829 0.790986657
vn 0.346660018 0.344400197 0.872476518
vn 0.181081966 0.517899394 0.836055934
vn 0.532112062 -0.732055306 0.425384372
vn 0.122154102 -0.971108496 -0.205003962
vn -0.0503372513 -0.991124332 -0.123038858
vn 0.578579128 -0.0659629479 0.812954545
vn 0.142847568 0.682140648 0.71713233
vn 0.026492808 0.846843302 0.53118217
vn 0.274864852 -0.818950772 0.503754795
vn -0.151107267 -0.984743595 -0.0862938091
vn 0.547031105 -0.106833406 0.830267191
vn 0.375534803 0.351672709 0.857496321
vn 0.424546838 -0.186701596 0.885947227
vn 0.117453031 -0.831967115 0.542250335
vn -0.0957217664 -0.991009712 -0.0934722871
vn 0.292213172 0.375586569 0.879514813
vn 0.0216497462 0.891745687 0.452018559
vn -0.0226707272 0.996917963 0.0751036406
vn 0.0978807509 0.578272998 0.809950411
vn 0.247379154 0.383414119 0.889829814
vn -0.13503328 0.420653641 0.897115648
vn 0.0670511946 0.73507148 0.674665928
vn -0.0326482467 0.99844414 0.0452049747
vn -0.0386458822 0.976819694 -0.21054621
vn 0.120410286 0.367997825 0.921997309
vn -0.468039364 0.62878865 0.620938063
vn -0.223255351 0.909683704 0.350189298
vn 0.00873038359 0.933821142 0.35763365
vn 0.0709489807 0.774173856 0.628984094
vn -0.041556105 0.973801315 -0.223570988
vn 0.000341100182 0.816734791 -0.577013075
vn -0.0786427259 0.496679336 0.864363968
vn -0.140097141 0.981414378 0.131143779
vn 0.0864482969 0.904484212 0.417654127
vn -0.0424856022 0.998904943 0.0195916556
vn 0.0354685858 0.868076682 -0.495161295
vn 0.258747131 0.128057256 -0.957419038
vn 0.0105127422 0.96271342 0.270318985
vn 0.255412042 -0.184262425 0.949111164
vn 0.0278371163 -0.116188787 0.992837012
vn -0.0356929936 -0.0775087401 0.996352553
vn -0.0109737776 -0.753247678 0.657645524
vn -0.115803346 -0.9902125 -0.0779021978
vn -0.0692700297 -0.745695829 0.662675977
vn -0.10436444 -0.993596554 -0.0432889052
vn -0.0595441908 -0.715889931 0.695669532
vn -0.0689084232 -0.995242715 -0.0688744858
vn -0.0774820372 0.624809802 0.776922882
vn -0.0415198393 0.677193522 0.734632611
vn -0.0958271548 0.994538128 -0.0413630456
vn -0.0652347729 0.989717841 -0.127291098
vn -0.00984293129 -0.0300801154 0.999499083
vn -0.0336199701 0.761966705 0.64674294
vn -0.0548023283 0.993257165 -0.102161154
vn -0.0562981814 -0.758006752 0.649812579
vn 0.0139125818 -0.740161359 0.672285259
vn -0.0568876304 -0.996574163 -0.0600316897
vn -0.0426240899 -0.0205993112 0.998878777
vn 0.0359363146 0.74169451 0.669774473
vn -0.0621793829 0.996039271 -0.0635575205
vn 0.0423303619 -0.0483227037 0.997934341
vn 0.0401938111 -0.725629628 0.68691051
vn -0.0625248253 -0.997038722 -0.0447701998
vn 0.00932107586 -0.805370331 0.592698634
vn -0.126128599 -0.986913264 -0.100467257
vn -0.205058426 -0.97298032 -0.106115453
vn 0.0622376092 0.706577897 0.704893053
vn 0.0311754625 0.781005681 0.623745382
vn -0.102931753 0.992623806 -0.0640560091
vn 0.0810275301 -0.0718084276 0.99412173
vn 0.0689458176 -0.0724112839 0.994988978
vn -0.0531920865 0.86843735 0.492937326
vn -0.186474085 0.981705427 -0.0384944454
vn -0.382441759 0.92313379 0.0395272709
vn 0.0460205115 -0.362103909 0.931001067
vn 0.0461471826 -0.110034324 0.992855906
vn 0.0505792908 0.209505498 0.976498425
vn 0.0263131782 0.227740303 0.97336632
vn 0.0112716351 -0.376759678 0.926242411
vn -0.305703849 0.866577506 0.394447237
vn -0.0669509023 0.26222983 0.962680161
vn -0.731279492 0.673757434 0.106213383
vn -0.693028212 0.679736316 -0.240146697
vn -0.0725999624 -0.909999669 0.408203363
vn -0.286878079 -0.893483639 0.345525622
vn -0.0256076343 -0.377994359 0.925453663
vn -0.371539056 -0.922713101 -0.102759086
vn -0.796195447 -0.604964316 -0.00953521207
vn -0.760843396 -0.521097839 -0.386748493
vn 0.99385792 0.104645416 -0.035998784
vn 0.965583384 0.076958999 -0.248447269
vn 0.959878743 0.252464294 -0.122043245
vn 0.77489835 0.328941733 -0.539749742
vn 0.837484002 0.103894897 -0.536494493
vn 0.236171022 0.288797438 -0.927803457
vn 0.933859229 -0.0297663175 -0.356400013
vn 0.999484062 0.00105521909 0.0321005844
vn 0.759143651 -0.0220315456 -0.650550127
vn 0.321076602 -0.0404753871 -0.946187913
vn 0.36695081 0.113302998 -0.923314452
vn -0.265010506 0.104924478 -0.958519816
vn -0.335538775 0.263346344 -0.904468
vn -0.146835983 -0.0589786656 -0.987400949
vn -0.692451954 -0.080786407 -0.716926694
vn -0.723071277 0.23188135 -0.650691152
vn -0.714814901 0.0609758049 -0.696650207
vn -0.783262253 -0.0783366337 -0.616736233
vn -0.867386281 0.0173327345 -0.497333556
vn -0.937987745 0.213839263 -0.272858411
vn -0.995520353 -0.0496142209 -0.0804829672
vn -0.985914826 0.165130377 0.0265321061
vn -0.988185287 0.146389201 -0.0453885719
vn -0.947223127 -0.0826890692 -0.309727073
vn -0.963912547 -0.0184286162 0.265580416
vn -0.942804933 0.107192963 0.315639675
vn -0.743698418 0.0535440072 0.666367471
vn -0.936230481 0.321442872 0.141940266
vn -0.984790981 0.172741696 0.018626608
vn -0.841557205 0.489740461 0.227894217
vn -0.850519717 0.323149264 0.414958775
vn -0.780339122 0.525631905 0.338794857
vn -0.708863497 0.6187464 0.338622689
vn -0.258572131 0.818586648 0.51289016
vn -0.285743356 0.59371984 0.75222832
vn 0.0139387008 0.147312194 0.988991857
vn -0.319003731 0.767671466 0.55580312
vn 0.504266143 0.717262149 0.480885267
vn 0.427079141 0.770568252 0.473104566
vn 0.857010722 0.468409419 0.214767948
vn 0.689050555 0.507062793 0.517780542
vn 0.758517206 0.113115899 0.641760468
vn 0.919740558 0.36065343 0.154940307
vn 0.985614359 0.167822003 -0.0200046543
vn 0.989471436 0.138266549 -0.0427618697
vn 0.99385792 0.104645416 -0.035998784
vn 0.964863062 0.212317333 0.154792517
vn 0.956588745 0.0531094745 0.286561489
vn 0.993552208 -0.0121862777 -0.112718455
vn 0.965583384 0.076958999 -0.248447269
vn 0.985064805 0.111767687 -0.130978644
vn 0.999484062 0.00105521909 0.0321005844
vn -0.124831304 -0.976543725 0.175441161
vn -0.106446721 -0.985264719 0.133874744
vn -0.111277528 -0.767688274 0.631088018
vn -0.0986722037 -0.767040968 0.633965194
vn -0.0462355129 -0.998355925 0.0338767618
vn -0.096130833 0.045456145 0.994330168
vn -0.00354697253 -0.815343678 0.578966379
vn 0.102018304 -0.991142392 -0.0850237235
vn -0.0857282877 0.0438478142 0.995353222
vn -0.0645682588 0.727280021 0.683296859
vn 0.317077994 -0.82122308 0.474398762
vn 0.180153757 -0.959291816 -0.217494443
vn 0.364137501 -0.926628768 0.0936115831
vn 0.534308136 -0.515252233 0.670096993
vn -0.0679207742 0.761981189 0.644027531
vn -0.0749011934 0.967149854 0.24292174
vn -0.0261733234 0.0275912881 0.999276578
vn 0.237452477 0.0762615502 0.968401015
vn 0.445326269 -0.140763491 0.88423419
vn 0.181081966 0.517899394 0.836055934
vn -0.0970138684 0.97856915 0.181633562
vn -0.0924728513 0.959416807 -0.2663984
vn -0.0567203015 0.807707846 0.586848199
vn 0.0633169636 0.800308347 0.59623605
vn 0.026492808 0.846843302 0.53118217
vn -0.112057179 0.952500701 -0.283170342
vn -0.117401101 0.667105496 -0.735654235
vn -0.0894579589 0.988254547 0.123895817
vn 0.000699873664 0.994373202 0.105931573
vn -0.0226707272 0.996917963 0.0751036406
vn -0.0833848119 0.703973651 -0.705314219
vn -0.126011297 -0.103576139 -0.986606836
vn -0.0684904233 0.983904779 -0.165046856
vn -0.0399037711 0.981556535 -0.186961129
vn -0.0386458822 0.976819694 -0.21054621
vn -0.0827372521 -0.0739620924 -0.993823051
vn -0.123853512 -0.692335725 -0.710866809
vn -0.0403082594 0.76537931 -0.642315805
vn -0.032421235 0.729574084 -0.683132827
vn 0.000341100182 0.816734791 -0.577013075
vn 0.0155068971 -0.0925102308 -0.995591044
vn 0.258747131 0.128057256 -0.957419038
vn -0.0963191763 -0.714260101 -0.693220735
vn -0.150613785 -0.937724769 -0.313030183
vn -0.0549113676 -0.0490442291 -0.997286081
vn 0.0523940288 -0.741941571 -0.668414176
vn 0.347087651 -0.586397886 -0.731893241
vn -0.0612351634 -0.762446225 -0.644147515
vn -0.117299713 -0.927557945 -0.354791522
vn -0.124831304 -0.976543725 0.175441161
vn -0.106446721 -0.985264719 0.133874744
vn -0.0807605311 -0.92525661 -0.370645195
vn -0.0462355129 -0.998355925 0.0338767618
vn 0.0424088836 -0.903121114 -0.427286327
vn 0.231205493 -0.869812667 -0.435855508
vn 0.102018304 -0.991142392 -0.0850237235
vn 0.180153757 -0.959291816 -0.217494443
vn -0.578357875 0.278601229 0.766735733
vn -0.840621412 -0.541601896 0.00479759602
vn -0.500505507 0.687650561 0.525957227
vn -0.835675061 0.548261881 -0.0325000025
vn -0.999957442 -0.00788872223 0.00478592049
vn -0.568669736 -0.263772637 0.779126942
vn -0.414088547 0.376439691 -0.828748345
vn -0.49484244 0.595191777 -0.633148968
vn -0.48682791 -0.111723959 -0.866323531
vn -0.667271614 -0.572197616 0.476800263
vn -0.324590772 -0.180287004 0.928513527
vn -0.469931871 -0.674026728 0.569957793
vn -0.187454283 -0.172379836 0.967029512
vn -0.653397739 -0.502538621 -0.566150606
vn -0.469412357 -0.633939803 -0.614631832
vn -0.243543133 -0.0913187936 -0.965581477
vn -0.118501484 -0.020211909 -0.992748201
vn -0.746903539 -0.662453711 0.0573600121
vn -0.550026119 -0.834526777 0.0321918428
vn -0.26288712 -0.712861717 -0.65016818
vn -0.0820408016 0.0161186736 -0.996498585
vn -0.327276051 -0.944700539 -0.0207665376
vn -0.126868829 -0.696769476 -0.705986202
vn -0.290076792 -0.746814966 0.598433673
vn -0.176427439 -0.983723879 -0.0340690836
vn -0.0759728849 -0.996378839 -0.0381752476
vn -0.0458186194 -0.658769786 -0.750948131
vn -0.146603689 -0.725877225 0.672019064
vn -0.102748513 -0.10765145 0.988865018
vn -0.0562672056 -0.683414876 0.727858603
vn -0.00888558477 -0.998581171 -0.0525036752
vn -0.578357875 0.278601229 0.766735733
vn -0.324590772 -0.180287004 0.928513527
vn -0.568669736 -0.263772637 0.779126942
vn -0.197727233 0.329719841 0.923140705
vn -0.0963195562 0.387633413 0.916767597
vn -0.500505507 0.687650561 0.525957227
vn -0.032020241 0.939441979 0.341208786
vn -0.187454283 -0.172379836 0.967029512
vn 0.0505176932 0.972287536 0.228264943
vn 0.0361000001 0.979730785 0.1970388
vn -0.0727897808 0.679223359 0.730313063
vn -0.00226749876 0.999326944 -0.0366124697
vn -0.0553209074 0.998429 -0.00889013335
vn 0.0733609498 0.961632848 -0.264349133
vn -0.0774693266 0.680057883 -0.729054034
vn 0.109660789 0.955363035 -0.274328321
vn -0.0417576991 0.999054968 -0.0120591
vn -0.060059458 0.856152713 -0.513220787
vn -0.0477563441 0.214009315 -0.975663543
vn -0.080919683 0.796461165 -0.599250853
vn -0.0701844096 0.114059627 -0.990991712
vn -0.0820408016 0.0161186736 -0.996498585
vn -0.118501484 -0.020211909 -0.992748201
vn -0.0255483836 0.441426188 -0.896933734
vn -0.103221111 0.396982759 -0.912003398
vn -0.0029175533 0.918025613 -0.396510333
vn -0.49484244 0.595191777 -0.633148968
vn -0.243543133 -0.0913187936 -0.965581477
vn -0.414088547 0.376439691 -0.828748345
vn -0.48682791 -0.111723959 -0.866323531
vn -0.478546709 0.30260998 0.824269593
vn -0.29677999 -0.184168383 0.937018573
vn -0.49009645 -0.186288446 0.851529241
vn -0.117921695 0.369376659 0.921767533
vn -0.0548204333 0.425023139 0.903520942
vn -0.397243142 0.67063725 0.626453161
vn -0.0201683547 0.920448542 0.390343159
vn -0.172237307 -0.239275724 0.955552936
vn 0.0475991704 0.958814979 0.280014694
vn 0.0258838795 0.973034561 0.229202166
vn -0.087310046 0.654752791 0.750783384
vn -0.0242693666 0.999164343 -0.0328885056
vn -0.102735907 0.9947083 -0.000870365067
vn 0.00981067587 0.962127388 -0.272423297
vn -0.0981846675 0.664630711 -0.740692794
vn 0.0818220675 0.940849364 -0.328797281
vn -0.0261929035 0.999656677 -0.000576422259
vn -0.0376791209 0.85311377 -0.520362496
vn -0.0452886596 0.254777133 -0.965938747
vn -0.051440537 0.799603105 -0.598321676
vn -0.0619529746 0.121174537 -0.990695953
vn -0.110109508 -0.0420535617 -0.993029416
vn -0.190464839 -0.123022318 -0.973955214
vn -0.0866526961 0.519686341 -0.849951386
vn -0.0969761163 0.482563466 -0.870475769
vn -0.0226720292 0.888652802 -0.458019853
vn -0.372105122 0.53626281 -0.75760144
vn -0.295897543 -0.0978432074 -0.950195372
vn -0.320090801 0.450650722 -0.833340168
vn -0.460391551 -0.0407748818 -0.88677907
vn -0.491285205 0.298078835 0.818405628
vn -0.830948591 -0.556344569 0.00226743286
vn -0.394434243 0.683320642 0.61440587
vn -0.837354958 0.545511425 -0.0354097821
vn -0.999751389 -0.0152851949 0.0162327122
vn -0.482183665 -0.161977202 0.860965908
vn -0.353271991 0.3239685 -0.877635062
vn -0.404913455 0.495605886 -0.768387794
vn -0.442430079 -0.0549818389 -0.895115972
vn -0.647061765 -0.57694757 0.498440236
vn -0.297590613 -0.165260762 0.940281212
vn -0.41804269 -0.704273403 0.573793769
vn -0.185437784 -0.206156895 0.960787296
vn -0.631610811 -0.556849658 -0.539431334
vn -0.416912973 -0.672189474 -0.611837327
vn -0.235790029 -0.10371235 -0.966254056
vn -0.137108758 -0.0985693708 -0.985639453
vn -0.687912107 -0.724867523 0.0366589278
vn -0.480503708 -0.87688148 -0.013967202
vn -0.232090309 -0.749727905 -0.619711339
vn -0.11073029 -0.00363372383 -0.993843794
vn -0.267490327 -0.963321984 -0.0214385148
vn -0.11498592 -0.747810304 -0.653879166
vn -0.244875848 -0.76774466 0.592118144
vn -0.0508702323 -0.719060242 -0.693083346
vn -0.142403498 -0.989686072 -0.0155775901
vn -0.122268841 -0.765604734 0.631585002
vn -0.113881335 -0.112628937 0.987089574
vn -0.0818613842 0.0911710262 0.9924649
vn -0.0553827584 -0.998351455 -0.0150734391
vn -0.0474490821 -0.738327324 0.672771394
vn -0.0419966094 -0.998649299 -0.0305946376
vn -0.0525685661 -0.70750916 0.704746246
vn -0.0652351007 0.163970828 0.984305859
vn -0.0578823313 -0.103271849 0.992967606
vn -0.0518650115 -0.67359972 0.737274408
vn -0.112387024 -0.641420543 0.758912921
vn -0.0649641231 0.178851396 0.981728971
vn -0.093184121 0.200486302 0.975254893
vn -0.0981840715 0.147039518 0.984245598
vn -0.12904349 -0.99134022 -0.024340013
vn -0.0910903141 -0.64998734 0.754466057
vn -0.0518244803 -0.116867393 0.991794527
vn -0.060773056 -0.618913591 0.783104479
vn -0.0790302977 0.155722916 0.984634221
vn -0.0850307345 -0.996150374 0.0213113017
vn -0.693028212 0.679736316 -0.240146697
vn -0.186474085 0.981705427 -0.0384944454
vn -0.382441759 0.92313379 0.0395272709
vn -0.444001168 0.680888772 -0.582454801
vn -0.614407003 0.0981914178 -0.782855272
vn -0.102931753 0.992623806 -0.0640560091
vn -0.274673492 0.765133739 -0.582344353
vn -0.0621793829 0.996039271 -0.0635575205
vn -0.204669148 0.511287153 -0.834683239
vn -0.360767663 0.0694325641 -0.930067599
vn -0.310823113 -0.634325624 -0.707827687
vn -0.126128599 -0.986913264 -0.100467257
vn -0.48973012 -0.463029683 -0.738761067
vn -0.205058426 -0.97298032 -0.106115453
vn -0.371539056 -0.922713101 -0.102759086
vn -0.760843396 -0.521097839 -0.386748493
vn -0.894362032 0.0654288977 -0.442533195
vn -0.999579966 0.00641041761 -0.028262917
vn -0.796195447 -0.604964316 -0.00953521207
vn -0.731279492 0.673757434 0.106213383
vn -0.308369607 0.166995138 -0.936493814
vn -0.532211483 0.232987955 -0.813921213
vn -0.268880486 0.302749246 -0.914355576
vn -0.181624144 0.151078299 -0.971693337
vn -0.218800932 0.0168753657 -0.975623608
vn 0.811541498 0.1987672 -0.549447119
vn 0.420899659 0.22368224 -0.879095972
vn 0.273337245 0.273962677 -0.922079802
vn 0.370165318 0.253802419 -0.893622994
vn 0.329709411 0.0275969729 -0.943678975
vn 0.784477651 -0.214255258 0.581970394
vn 0.606648505 -0.212338224 0.766087532
vn 0.740118086 -0.385293394 0.551157176
vn 0.729971111 -0.272115678 0.626973212
vn 0.593852758 -0.0853783414 0.800030887
vn 0.882107913 -0.119959228 0.455516577
vn -0.801373184 -0.223268375 0.554934323
vn -0.607369423 -0.292166531 0.738742828
vn -0.644991875 -0.172015637 0.744577765
vn -0.816304266 -0.282436341 0.503862202
vn -0.730617762 -0.228976876 0.643247485
vn -0.859118819 -0.134304971 0.493839025
vn -0.889651537 -0.0276397802 0.455802798
vn -0.822992027 -0.0737439543 0.563245952
vn 0.882107913 -0.119959228 0.455516577
vn 0.853984773 -0.115076341 0.507412493
vn 0.784477651 -0.214255258 0.581970394
vn 0.790739715 -0.146686316 0.594317973
vn 0.606648505 -0.212338224 0.766087532
vn 0.0362542458 0.999247074 0.0138172405
vn -0.00809451193 0.987842441 -0.155247182
vn -0.0545222126 0.97358954 -0.221699432
vn -0.0498469621 0.958889961 0.279365778
vn -0.023496585 0.968705475 -0.247098103
vn -0.0606391095 0.9902035 0.125777692
vn -0.256415129 0.961407661 -0.0997322425
vn -0.130470738 0.90172112 0.412160724
vn -0.355470419 0.878487408 0.319218665
vn -0.383014321 0.852395475 -0.355980456
vn -0.0148027791 0.998108625 -0.0596673638
vn 0.0220056362 0.973058164 -0.229506984
vn -0.0402134061 0.924253821 -0.379654735
vn -0.182050183 0.974904656 0.128135026
vn -0.187759042 0.871681154 -0.452679276
vn -0.0426506214 0.891640663 -0.450730264
vn -0.00224689581 0.864454865 -0.502705455
vn 0.133999735 0.331233442 -0.933985233
vn -0.00213254662 0.755205393 -0.655484617
vn 0.193003103 0.42710945 -0.88336134
vn 0.302197397 -0.0951720923 -0.948482513
vn 0.191370085 -0.21087651 -0.958597183
vn 0.0738276765 0.244790629 -0.966761053
vn 0.113123454 -0.295295 -0.948685348
vn 0.0435278304 -0.341879368 -0.938735187
vn 0.057851512 0.141171679 -0.988293409
vn 0.0245349891 0.480312288 -0.876754403
vn 0.0568876453 0.841270089 -0.537613511
vn -0.18270345 0.749935806 -0.635779679
vn -0.0967302173 0.976899981 -0.190550789
vn -0.432653606 0.895963728 -0.10029871
vn -0.458093554 0.700712621 -0.546947956
vn 0.46408534 -0.184105679 0.866446614
vn 0.347259194 -0.142302066 0.926909506
vn -4.08799622E-07 -0.239409938 0.970918536
vn 0.639060974 -0.158114746 0.752728879
vn 0.605267704 -0.0860999823 0.791351914
vn 0.854755819 -0.103815287 0.508541822
vn 0.820525527 -0.0349986367 0.570537448
vn 0.969535947 -0.0408229977 0.24152337
vn 0.963258862 0.02279553 0.267605662
vn 0.952816069 0.135228187 -0.271762729
vn 0.970104396 0.208611235 -0.124011219
vn -0 -0.169792116 0.985479891
vn 0.250553638 -0.0186229404 0.967923522
vn 0.558520973 0.0122912545 0.829399288
vn 0.809511483 0.0400597304 0.585735738
vn 0.938327849 0.132302403 0.319432139
vn 0.500436902 0.710241973 0.495095313
vn 0.644225955 0.763532639 0.0446184129
vn 0.328129023 0.944471955 -0.0174369868
vn 0.386183411 0.668236792 0.635863185
vn 0.244520873 0.891763866 0.380744994
vn 0.263918281 0.964238286 -0.0243222564
vn 0.201788813 0.930699766 0.305088997
vn 0.120388635 0.94997406 0.28819418
vn 0.121437475 0.902731478 0.412709057
vn 0.119247481 0.802534878 0.584566474
vn 0.0026264675 0.964506149 0.264047354
vn 0.375120044 0.523445964 0.765042067
vn 0.0126339989 0.914643824 0.404063314
vn 0.0626229495 0.827296615 0.558264136
vn 0.172587425 0.409670055 0.895758867
vn 0.0952324867 0.673514009 0.733014166
vn 0.133375019 0.507002532 0.851562977
vn 0.0798558965 0.526058376 0.846691012
vn 0.0100353705 0.870357633 0.492317736
vn 0.0588940419 0.638287723 0.767541587
vn -0.0989826471 0.858860314 0.502554774
vn -0.139553234 0.708744884 0.691524029
vn 0.000543053611 0.541359007 0.840791404
vn 0.0066317115 0.636704803 0.771079183
vn -0 0.725592613 0.688124597
vn -0 0.567604363 0.823301494
vn -0.000542964204 0.541359007 0.840791345
vn 2.67119418E-07 0.766448379 0.642305911
vn 0.139552951 0.708744526 0.691524446
vn -0.0798557922 0.52605927 0.846690476
vn -0 0.500041664 0.866001368
vn -0.00663220696 0.636705399 0.771078765
vn -0 0.280412167 0.959879637
vn -0.172588065 0.409670204 0.895758688
vn -0.119247623 0.802533567 0.584568143
vn 0.0989827663 0.858859777 0.502555847
vn -0.0588941015 0.638287663 0.767541766
vn -0 -0.0389284045 0.999241948
vn -0.250554025 -0.0186227933 0.967923403
vn -0.0952323899 0.673512638 0.733015358
vn -0.133375138 0.507003367 0.85156244
vn -0.0626231208 0.827297509 0.558262587
vn -0.0100354208 0.870354831 0.492322892
vn -0.0126342168 0.914644122 0.40406251
vn -0.00262660137 0.964506805 0.264044911
vn -0.121437453 0.902730882 0.41271022
vn -0.120388553 0.949973166 0.2881971
vn -0.244520754 0.89176333 0.380746305
vn -0.201788843 0.930699646 0.305089295
vn -0.263918221 0.964238405 -0.024320947
vn -0.328129053 0.944471955 -0.017435953
vn -0.386183351 0.668236136 0.6358639
vn -0.500436366 0.710241914 0.495095909
vn -0.644225955 0.763532639 0.0446186326
vn -0.970104516 0.20861119 -0.124010988
vn -0.938327968 0.132302329 0.319431871
vn -0.375119716 0.523444951 0.765042901
vn -0.963258922 0.0227955487 0.267605275
vn -0.952816188 0.135228246 -0.271762222
vn -0.969536006 -0.04082302 0.241522908
vn -0.854755998 -0.103815317 0.508541644
vn -0.809512734 0.0400597006 0.585734129
vn -0.558521748 0.0122912955 0.829398751
vn -0.820525825 -0.0349986777 0.570536852
vn -0.639061272 -0.158114985 0.752728581
vn -0.605267525 -0.0860999897 0.791352034
vn -0.464086205 -0.184106097 0.866446197
vn -0.347258806 -0.142302066 0.926909626
vn 0.982179999 -0.107811734 0.153945073
vn 0.981268942 -0.186274946 0.0491208173
vn 0.963803351 -0.0438622534 -0.262981504
vn 0.921588361 -0.125835806 -0.367205948
vn 0.909277141 -0.17348069 0.378311396
vn 0.889808595 -0.13380377 0.436276525
vn 0.93701762 -0.329483986 -0.115923315
vn 0.836335719 -0.320610166 -0.444692731
vn 0.699246585 -0.219838768 0.680239022
vn 0.661138415 -0.197252542 0.723869801
vn 0.916798174 -0.38215673 0.115919158
vn 0.775057793 -0.573453724 -0.265398085
vn 0.675398111 -0.618661761 -0.401366383
vn 0.495590419 -0.312503785 0.810389698
vn 0.466575831 -0.255998105 0.846623838
vn 0.767561615 -0.300300866 0.566276073
vn 0.729754388 -0.614764929 -0.299203247
vn 0.674312472 -0.667558968 -0.31570214
vn 0.571951151 -0.673805118 -0.467823207
vn -0 -0.384405941 0.923164129
vn -0 -0.312777787 0.94982636
vn -0.466577053 -0.255998373 0.846623063
vn 0.563260138 -0.379096061 0.734182656
vn -0 -0.506046057 0.862506509
vn -0.495589584 -0.312503219 0.810390413
vn -0.66113925 -0.19725284 0.723868847
vn -0.699246228 -0.2198385 0.680239499
vn -0.889808476 -0.13380374 0.436276615
vn -0.563260496 -0.379097104 0.734181881
vn -0.909276843 -0.17348063 0.37831232
vn -0.982179999 -0.107811734 0.153944939
vn -0 -0.89766109 0.440686375
vn 0.34527123 -0.902412295 0.257759273
vn 0.622784078 -0.650733352 0.434380203
vn -0.345271885 -0.902412295 0.257758498
vn 0.672090232 -0.613698721 0.414329261
vn 0.724107862 -0.681989729 0.102751195
vn 0.59768641 -0.766023278 -0.236599609
vn -0.622787833 -0.650735319 0.434371978
vn 0.41670233 -0.707677126 -0.570571899
vn -0.767561138 -0.300300658 0.566276789
vn -0.672085464 -0.613695443 0.414341658
vn -0.724107981 -0.681989908 0.102749243
vn 0.625136971 -0.64427042 -0.440589935
vn 0.545544863 -0.551026881 -0.631466746
vn -0.00804124866 -0.887892902 -0.459979802
vn -0.916798294 -0.382156819 0.115918159
vn -0.597686052 -0.766022682 -0.236602396
vn 0.647637069 -0.704285085 -0.290772796
vn 0.213493571 -0.671064675 -0.709994912
vn 0.659599662 -0.638353705 -0.396777987
vn 0.266621709 -0.465800732 -0.843766868
vn 0.646700025 -0.570461571 -0.506312788
vn 0.768212438 0.112843513 -0.630171299
vn -0.981268942 -0.186274916 0.0491208285
vn -0.96380347 -0.0438620672 -0.262980908
vn -0.921588361 -0.125835687 -0.367205948
vn -0.937017739 -0.329483926 -0.115923285
vn -0.836335719 -0.320610166 -0.444692671
vn -0.729754388 -0.614764869 -0.299203247
vn -0.41670233 -0.707677126 -0.570571899
vn -0.775057733 -0.573453784 -0.265398085
vn -0.675397933 -0.618661582 -0.40136683
vn -0.62513715 -0.644270658 -0.440589309
vn -0.545544147 -0.551026046 -0.631467998
vn 0.00802436192 -0.88788718 -0.459991395
vn -0.674312651 -0.667559028 -0.315701395
vn -0.57195127 -0.673805118 -0.467823088
vn -0.647637367 -0.704285562 -0.290770799
vn -0.213505179 -0.671057522 -0.70999819
vn -0.659599662 -0.638354301 -0.396777064
vn -0.646700084 -0.570461631 -0.506312728
vn -0.266608208 -0.465804011 -0.843769252
vn -0.768213868 0.112842977 -0.630169809
vn 0.0270037837 0.999550283 -0.0130332494
vn 0.107774213 0.934860706 -0.338260591
vn 0.0506334528 0.956997871 -0.28564176
vn -0.00457538432 0.999774516 -0.0207394939
vn 0.0285223126 0.97096169 0.237528682
vn 0.0447733141 0.956603169 0.287933826
vn -0.00752741983 0.88611567 -0.463403106
vn -0.0305970628 0.915633738 0.400847405
vn -0.0208328702 0.880909681 -0.472825676
vn -0.404913455 0.495605886 -0.768387794
vn -0.119151205 0.876518846 -0.466387898
vn -0.830948591 -0.556344569 0.00226743286
vn -0.1762629 0.983674049 -0.0362877958
vn -0.118143022 0.907799065 0.402421504
vn -0.394434243 0.683320642 0.61440587
vn -0.0289007574 0.905610561 0.423124433
vn 0.021290753 0.999711692 -0.0111008845
vn 0.0818220675 0.940849364 -0.328797281
vn 0.00981067587 0.962127388 -0.272423297
vn -0.0242693666 0.999164343 -0.0328885056
vn 0.0258838795 0.973034561 0.229202166
vn 0.0475991704 0.958814979 0.280014694
vn -0.0226720292 0.888652802 -0.458019853
vn -0.0201683547 0.920448542 0.390343159
vn -0.0275833774 0.882273436 -0.469928414
vn -0.372105122 0.53626281 -0.75760144
vn -0.114645481 0.881192505 -0.458646089
vn -0.813252449 -0.581805289 0.011090233
vn -0.166684479 0.9854092 -0.0344262943
vn -0.112623706 0.912796676 0.39257887
vn -0.397243142 0.67063725 0.626453161
vn -0.0213131364 0.912208557 0.409171432
vn 0.0274607819 0.999581397 -0.00910572521
vn 0.109660789 0.955363035 -0.274328321
vn 0.0733609498 0.961632848 -0.264349133
vn -0.00226749876 0.999326944 -0.0366124697
vn 0.0361000001 0.979730785 0.1970388
vn 0.0505176932 0.972287536 0.228264943
vn -0.0029175533 0.918025613 -0.396510333
vn -0.032020241 0.939441979 0.341208786
vn -0.0143545605 0.890724957 -0.45431596
vn -0.49484244 0.595191777 -0.633148968
vn -0.10758473 0.887477219 -0.448117793
vn -0.840621412 -0.541601896 0.00479759602
vn -0.175139368 0.983725488 -0.0401272811
vn -0.129125446 0.911702931 0.390031278
vn -0.500505507 0.687650561 0.525957227
vn -0.0371390805 0.912700236 0.406938493
vn 0.0259236451 0.999618053 -0.00957596581
vn 0.109248087 0.935949445 -0.334758937
vn 0.0684025064 0.954071283 -0.29166618
vn -0.0166878328 0.999237537 -0.0352956839
vn 0.0102600846 0.976711154 0.214313015
vn 0.0444757827 0.961708724 0.270440757
vn -0.0016618045 0.894773901 -0.446516395
vn -0.0328700207 0.920528114 0.389290988
vn -0.0130074183 0.890357673 -0.45507592
vn -0.370751292 0.517461658 -0.771217823
vn -0.100835785 0.889988899 -0.444693208
vn -0.81247139 -0.58270812 0.0184766892
vn -0.162698716 0.985853434 -0.0402766801
vn -0.12188562 0.911600113 0.392592877
vn -0.380057245 0.696559846 0.608572841
vn -0.0329397656 0.910953164 0.411192417
vn -0.0270036329 0.999550045 -0.0130541604
vn -0.0506342128 0.956994712 -0.285652667
vn -0.107772909 0.934854746 -0.338277102
vn 0.00457372051 0.999774039 -0.0207596552
vn -0.0285230223 0.970969439 0.237496912
vn -0.044773601 0.95660913 0.28791371
vn 0.00752740679 0.886110127 -0.463413507
vn 0.0305962618 0.915627837 0.400860757
vn 0.0208323076 0.880894601 -0.47285375
vn 0.40489617 0.49561426 -0.768391609
vn 0.119147763 0.876510322 -0.466404736
vn 0.830931544 -0.55636996 0.00226748385
vn 0.176262662 0.983674526 -0.0362745188
vn 0.118141837 0.907801032 0.402417511
vn 0.394351691 0.683271527 0.614513457
vn 0.0288986433 0.905615449 0.42311424
vn -0.0212908592 0.999711692 -0.0110993087
vn -0.00980819669 0.962128401 -0.272420049
vn -0.0818229839 0.940852284 -0.328788638
vn 0.0242707916 0.999164224 -0.0328919701
vn -0.025885297 0.973036945 0.229192257
vn -0.0475998484 0.958818734 0.280001521
vn 0.0226724558 0.888658285 -0.458009124
vn 0.0201684851 0.920456707 0.390323877
vn 0.0275913924 0.882289946 -0.469897002
vn 0.372124761 0.536346257 -0.757532775
vn 0.114644028 0.88118881 -0.45865348
vn 0.813245296 -0.581814528 0.0111350957
vn 0.166685894 0.985408127 -0.0344480239
vn 0.112623967 0.912793338 0.392586708
vn 0.397282332 0.670662284 0.626401484
vn 0.021312343 0.912213802 0.40915972
vn -0.0274607055 0.999581397 -0.00910343882
vn -0.0733626783 0.961634159 -0.264343768
vn -0.109661244 0.95536238 -0.274330467
vn 0.00226856163 0.999327302 -0.0366021246
vn -0.0360968523 0.97972542 0.197066516
vn -0.0505159087 0.972279608 0.228299022
vn 0.00291753607 0.918026328 -0.396508485
vn 0.032020282 0.939436197 0.341224879
vn 0.0143477283 0.89070642 -0.454352587
vn 0.494781673 0.59520632 -0.633182704
vn 0.107580774 0.887467384 -0.448138267
vn 0.840620041 -0.541604102 0.00480060838
vn 0.175138503 0.983726084 -0.0401176102
vn 0.129126623 0.911689878 0.390061289
vn 0.500512004 0.687663615 0.525933802
vn 0.0371395499 0.912684977 0.406972736
vn -0.0259239729 0.999617934 -0.00958271977
vn -0.0684049502 0.954081178 -0.291633129
vn -0.109249644 0.935958207 -0.334733605
vn 0.0166856479 0.999237657 -0.0352939703
vn -0.0102605587 0.976713657 0.214301571
vn -0.0444760434 0.961708367 0.27044189
vn 0.00166188937 0.89477092 -0.446522355
vn 0.0328697823 0.920526326 0.389295399
vn 0.0130072711 0.890346527 -0.455097705
vn 0.370768785 0.517509103 -0.77117753
vn 0.100835279 0.889996707 -0.444677383
vn 0.81247437 -0.582705855 0.0184218958
vn 0.162698686 0.985855401 -0.0402266122
vn 0.121886164 0.911601663 0.392588943
vn 0.380058408 0.696575046 0.608554661
vn 0.0329402834 0.910956442 0.411185294
g Skin_0
f 3/3/3 2/2/2 1/1/1
f 3/3/3 1/1/1 4/4/4
f 3/3/3 4/4/4 5/5/5
f 6/6/6 5/5/5 4/4/4
f 7/7/7 6/6/6 4/4/4
f 7/7/7 8/8/8 6/6/6
f 7/7/7 9/9/9 8/8/8
f 9/9/9 7/7/7 10/10/10
f 9/9/9 10/10/10 11/11/11
f 12/12/12 11/11/11 10/10/10
f 12/12/12 10/10/10 13/13/13
f 12/12/12 13/13/13 14/14/14
f 15/15/15 14/14/14 13/13/13
f 15/15/15 13/13/13 16/16/16
f 15/15/15 17/17/17 14/14/14
f 18/18/18 15/15/15 16/16/16
f 18/18/18 17/17/17 15/15/15
f 18/18/18 19/19/19 17/17/17
f 18/18/18 16/16/16 20/20/20
f 18/18/18 21/21/21 19/19/19
f 22/22/22 18/18/18 20/20/20
f 22/22/22 21/21/21 18/18/18
f 22/22/22 20/20/20 23/23/23
f 22/22/22 24/24/24 21/21/21
f 22/22/22 23/23/23 25/25/25
f 26/26/26 24/24/24 22/22/22
f 22/22/22 25/25/25 26/26/26
f 26/26/26 27/27/27 24/24/24
f 26/26/26 28/28/28 27/27/27
f 29/29/29 26/26/26 25/25/25
f 26/26/26 29/29/29 28/28/28
f 29/29/29 25/25/25 30/30/30
f 29/29/29 31/31/31 28/28/28
f 29/29/29 30/30/30 32/32/32
f 29/29/29 33/33/33 31/31/31
f 29/29/29 32/32/32 33/33/33
f 34/34/34 31/31/31 33/33/33
f 35/35/35 33/33/33 32/32/32
f 33/33/33 36/36/36 34/34/34
f 35/35/35 37/37/37 33/33/33
f 33/33/33 37/37/37 36/36/36
f 36/36/36 37/37/37 38/38/38
f 37/37/37 35/35/35 39/39/39
f 37/37/37 39/39/39 38/38/38
f 39/39/39 40/40/40 38/38/38
f 41/41/41 40/40/40 39/39/39
f 41/41/41 42/42/42 40/40/40
f 41/41/41 43/43/43 42/42/42
f 41/41/41 44/44/44 43/43/43
f 45/45/45 43/43/43 44/44/44
f 46/46/46 45/45/45 44/44/44
f 46/46/46 44/44/44 47/47/47
f 48/48/48 46/46/46 47/47/47
f 47/47/47 49/49/49 48/48/48
f 47/47/47 50/50/50 49/49/49
f 50/50/50 51/51/51 49/49/49
f 54/54/54 53/53/53 52/52/52
f 54/54/54 52/52/52 55/55/55
f 56/56/56 55/55/55 52/52/52
f 57/57/57 54/54/54 55/55/55
f 56/56/56 58/58/58 55/55/55
f 58/58/58 56/56/56 59/59/59
f 58/58/58 59/59/59 60/60/60
f 57/57/57 55/55/55 61/61/61
f 61/61/61 55/55/55 58/58/58
f 61/61/61 62/62/62 57/57/57
f 63/63/63 58/58/58 60/60/60
f 61/61/61 58/58/58 63/63/63
f 63/63/63 60/60/60 64/64/64
f 61/61/61 65/65/65 62/62/62
f 65/65/65 61/61/61 63/63/63
f 66/66/66 63/63/63 64/64/64
f 65/65/65 63/63/63 66/66/66
f 66/66/66 64/64/64 67/67/67
f 66/66/66 67/67/67 68/68/68
f 69/69/69 66/66/66 68/68/68
f 65/65/65 66/66/66 69/69/69
f 70/70/70 65/65/65 69/69/69
f 62/62/62 65/65/65 70/70/70
f 71/71/71 62/62/62 70/70/70
f 74/74/74 73/73/73 72/72/72
f 74/74/74 75/75/75 73/73/73
f 75/75/75 76/76/76 73/73/73
f 77/77/77 75/75/75 74/74/74
f 75/75/75 78/78/78 76/76/76
f 78/78/78 79/79/79 76/76/76
f 78/78/78 80/80/80 79/79/79
f 77/77/77 81/81/81 75/75/75
f 81/81/81 78/78/78 75/75/75
f 81/81/81 77/77/77 82/82/82
f 83/83/83 80/80/80 78/78/78
f 81/81/81 83/83/83 78/78/78
f 83/83/83 84/84/84 80/80/80
f 81/81/81 82/82/82 85/85/85
f 85/85/85 83/83/83 81/81/81
f 82/82/82 86/86/86 85/85/85
f 86/86/86 87/87/87 85/85/85
f 88/88/88 84/84/84 83/83/83
f 85/85/85 88/88/88 83/83/83
f 85/85/85 87/87/87 88/88/88
f 88/88/88 89/89/89 84/84/84
f 87/87/87 90/90/90 88/88/88
f 89/89/89 88/88/88 90/90/90
f 91/91/91 89/89/89 90/90/90
f 94/94/94 93/93/93 92/92/92
f 94/94/94 95/95/95 93/93/93
f 96/96/96 93/93/93 95/95/95
f 97/97/97 95/95/95 94/94/94
f 98/98/98 96/96/96 95/95/95
f 97/97/97 99/99/99 95/95/95
f 98/98/98 95/95/95 99/99/99
f 99/99/99 97/97/97 100/100/100
f 101/101/101 98/98/98 99/99/99
f 99/99/99 100/100/100 102/102/102
f 101/101/101 99/99/99 102/102/102
f 103/103/103 101/101/101 102/102/102
f 106/106/106 105/105/105 104/104/104
f 106/106/106 104/104/104 107/107/107
f 107/107/107 104/104/104 108/108/108
f 109/109/109 106/106/106 107/107/107
f 109/109/109 110/110/110 106/106/106
f 111/111/111 107/107/107 108/108/108
f 111/111/111 109/109/109 107/107/107
f 111/111/111 108/108/108 112/112/112
f 113/113/113 110/110/110 109/109/109
f 113/113/113 114/114/114 110/110/110
f 115/115/115 113/113/113 109/109/109
f 115/115/115 109/109/109 116/116/116
f 111/111/111 116/116/116 109/109/109
f 115/115/115 116/116/116 117/117/117
f 117/117/117 116/116/116 111/111/111
f 115/115/115 117/117/117 118/118/118
f 117/117/117 119/119/119 118/118/118
f 120/120/120 111/111/111 112/112/112
f 117/117/117 111/111/111 120/120/120
f 120/120/120 112/112/112 121/121/121
f 117/117/117 122/122/122 119/119/119
f 120/120/120 122/122/122 117/117/117
f 123/123/123 119/119/119 122/122/122
f 123/123/123 122/122/122 124/124/124
f 121/121/121 125/125/125 120/120/120
f 120/120/120 125/125/125 122/122/122
f 124/124/124 122/122/122 125/125/125
f 121/121/121 126/126/126 125/125/125
f 124/124/124 125/125/125 127/127/127
f 127/127/127 125/125/125 126/126/126
f 127/127/127 126/126/126 128/128/128
f 131/131/131 130/130/130 129/129/129
f 131/131/131 132/132/132 130/130/130
f 133/133/133 130/130/130 132/132/132
f 132/132/132 131/131/131 134/134/134
f 135/135/135 132/132/132 134/134/134
f 135/135/135 134/134/134 136/136/136
f 137/137/137 135/135/135 136/136/136
f 137/137/137 136/136/136 138/138/138
f 139/139/139 137/137/137 138/138/138
f 140/140/140 139/139/139 138/138/138
f 138/138/138 141/141/141 140/140/140
f 142/142/142 140/140/140 141/141/141
f 143/143/143 140/140/140 142/142/142
f 143/143/143 142/142/142 144/144/144
f 142/142/142 145/145/145 144/144/144
f 144/144/144 145/145/145 146/146/146
f 145/145/145 147/147/147 146/146/146
f 146/146/146 147/147/147 148/148/148
f 147/147/147 149/149/149 148/148/148
f 150/150/150 148/148/148 149/149/149
f 150/150/150 149/149/149 151/151/151
f 152/152/152 148/148/148 150/150/150
f 155/155/155 154/154/154 153/153/153
f 155/155/155 156/156/156 154/154/154
f 155/155/155 157/157/157 156/156/156
f 156/156/156 158/158/158 154/154/154
f 157/157/157 159/159/159 156/156/156
f 156/156/156 160/160/160 158/158/158
f 160/160/160 156/156/156 159/159/159
f 161/161/161 158/158/158 160/160/160
f 162/162/162 160/160/160 159/159/159
f 161/161/161 160/160/160 163/163/163
f 163/163/163 160/160/160 162/162/162
f 164/164/164 163/163/163 162/162/162
f 167/167/167 166/166/166 165/165/165
f 167/167/167 168/168/168 166/166/166
f 166/166/166 168/168/168 169/169/169
f 167/167/167 170/170/170 168/168/168
f 167/167/167 171/171/171 170/170/170
f 169/169/169 168/168/168 172/172/172
f 172/172/172 168/168/168 170/170/170
f 169/169/169 172/172/172 173/173/173
f 171/171/171 174/174/174 170/170/170
f 171/171/171 175/175/175 174/174/174
f 170/170/170 174/174/174 176/176/176
f 170/170/170 176/176/176 177/177/177
f 172/172/172 170/170/170 177/177/177
f 176/176/176 178/178/178 177/177/177
f 172/172/172 177/177/177 178/178/178
f 176/176/176 179/179/179 178/178/178
f 180/180/180 178/178/178 179/179/179
f 173/173/173 172/172/172 181/181/181
f 172/172/172 178/178/178 181/181/181
f 173/173/173 181/181/181 182/182/182
f 180/180/180 183/183/183 178/178/178
f 183/183/183 181/181/181 178/178/178
f 184/184/184 183/183/183 180/180/180
f 184/184/184 185/185/185 183/183/183
f 182/182/182 181/181/181 186/186/186
f 183/183/183 186/186/186 181/181/181
f 185/185/185 186/186/186 183/183/183
f 182/182/182 186/186/186 187/187/187
f 185/185/185 188/188/188 186/186/186
f 187/187/187 186/186/186 188/188/188
f 187/187/187 188/188/188 189/189/189
f 192/192/192 191/191/191 190/190/190
f 193/193/193 192/192/192 190/190/190
f 193/193/193 190/190/190 194/194/194
f 192/192/192 193/193/193 195/195/195
f 196/196/196 193/193/193 194/194/194
f 194/194/194 197/197/197 196/196/196
f 197/197/197 198/198/198 196/196/196
f 197/197/197 199/199/199 198/198/198
f 193/193/193 200/200/200 195/195/195
f 195/195/195 200/200/200 201/201/201
f 202/202/202 195/195/195 201/201/201
f 202/202/202 201/201/201 203/203/203
f 204/204/204 200/200/200 193/193/193
f 196/196/196 204/204/204 193/193/193
f 201/201/201 200/200/200 204/204/204
f 196/196/196 198/198/198 205/205/205
f 204/204/204 196/196/196 205/205/205
f 201/201/201 206/206/206 203/203/203
f 203/203/203 206/206/206 207/207/207
f 199/199/199 208/208/208 198/198/198
f 208/208/208 209/209/209 198/198/198
f 209/209/209 205/205/205 198/198/198
f 208/208/208 199/199/199 210/210/210
f 208/208/208 210/210/210 209/209/209
f 199/199/199 211/211/211 210/210/210
f 210/210/210 211/211/211 212/212/212
f 211/211/211 213/213/213 212/212/212
f 213/213/213 214/214/214 212/212/212
f 210/210/210 215/215/215 209/209/209
f 210/210/210 212/212/212 215/215/215
f 216/216/216 201/201/201 204/204/204
f 217/217/217 206/206/206 201/201/201
f 216/216/216 217/217/217 201/201/201
f 205/205/205 218/218/218 204/204/204
f 218/218/218 216/216/216 204/204/204
f 205/205/205 209/209/209 219/219/219
f 218/218/218 205/205/205 219/219/219
f 218/218/218 220/220/220 216/216/216
f 220/220/220 217/217/217 216/216/216
f 220/220/220 218/218/218 219/219/219
f 209/209/209 215/215/215 221/221/221
f 219/219/219 209/209/209 221/221/221
f 212/212/212 222/222/222 215/215/215
f 221/221/221 215/215/215 222/222/222
f 223/223/223 206/206/206 217/217/217
f 206/206/206 223/223/223 207/207/207
f 224/224/224 217/217/217 220/220/220
f 224/224/224 223/223/223 217/217/217
f 207/207/207 223/223/223 225/225/225
f 226/226/226 207/207/207 225/225/225
f 225/225/225 223/223/223 227/227/227
f 223/223/223 224/224/224 227/227/227
f 226/226/226 225/225/225 228/228/228
f 225/225/225 227/227/227 228/228/228
f 229/229/229 226/226/226 228/228/228
f 212/212/212 230/230/230 222/222/222
f 214/214/214 230/230/230 212/212/212
f 231/231/231 230/230/230 214/214/214
f 231/231/231 214/214/214 232/232/232
f 233/233/233 231/231/231 232/232/232
f 230/230/230 234/234/234 222/222/222
f 234/234/234 230/230/230 231/231/231
f 228/228/228 235/235/235 229/229/229
f 235/235/235 236/236/236 229/229/229
f 222/222/222 234/234/234 237/237/237
f 237/237/237 221/221/221 222/222/222
f 237/237/237 238/238/238 221/221/221
f 235/235/235 239/239/239 236/236/236
f 239/239/239 240/240/240 236/236/236
f 241/241/241 240/240/240 239/239/239
f 242/242/242 241/241/241 239/239/239
f 243/243/243 241/241/241 242/242/242
f 244/244/244 239/239/239 235/235/235
f 242/242/242 239/239/239 244/244/244
f 245/245/245 235/235/235 228/228/228
f 245/245/245 244/244/244 235/235/235
f 234/234/234 246/246/246 237/237/237
f 237/237/237 246/246/246 238/238/238
f 238/238/238 247/247/247 221/221/221
f 221/221/221 247/247/247 219/219/219
f 248/248/248 245/245/245 228/228/228
f 227/227/227 248/248/248 228/228/228
f 248/248/248 227/227/227 249/249/249
f 249/249/249 227/227/227 224/224/224
f 247/247/247 250/250/250 219/219/219
f 250/250/250 220/220/220 219/219/219
f 251/251/251 224/224/224 220/220/220
f 251/251/251 220/220/220 250/250/250
f 251/251/251 249/249/249 224/224/224
f 252/252/252 248/248/248 249/249/249
f 245/245/245 248/248/248 252/252/252
f 253/253/253 250/250/250 247/247/247
f 253/253/253 251/251/251 250/250/250
f 249/249/249 251/251/251 254/254/254
f 249/249/249 254/254/254 252/252/252
f 251/251/251 253/253/253 254/254/254
f 255/255/255 253/253/253 247/247/247
f 255/255/255 247/247/247 238/238/238
f 256/256/256 254/254/254 253/253/253
f 255/255/255 256/256/256 253/253/253
f 257/257/257 245/245/245 252/252/252
f 257/257/257 258/258/258 245/245/245
f 258/258/258 244/244/244 245/245/245
f 254/254/254 259/259/259 252/252/252
f 257/257/257 252/252/252 260/260/260
f 252/252/252 259/259/259 260/260/260
f 258/258/258 257/257/257 261/261/261
f 257/257/257 260/260/260 261/261/261
f 258/258/258 262/262/262 244/244/244
f 258/258/258 261/261/261 262/262/262
f 259/259/259 254/254/254 263/263/263
f 254/254/254 256/256/256 263/263/263
f 260/260/260 259/259/259 264/264/264
f 259/259/259 263/263/263 264/264/264
f 263/263/263 256/256/256 265/265/265
f 264/264/264 263/263/263 265/265/265
f 266/266/266 256/256/256 255/255/255
f 256/256/256 266/266/266 265/265/265
f 262/262/262 267/267/267 244/244/244
f 267/267/267 242/242/242 244/244/244
f 261/261/261 260/260/260 268/268/268
f 260/260/260 264/264/264 268/268/268
f 269/269/269 266/266/266 255/255/255
f 269/269/269 255/255/255 238/238/238
f 267/267/267 270/270/270 242/242/242
f 262/262/262 271/271/271 267/267/267
f 271/271/271 270/270/270 267/267/267
f 270/270/270 272/272/272 242/242/242
f 272/272/272 243/243/243 242/242/242
f 243/243/243 272/272/272 273/273/273
f 274/274/274 243/243/243 273/273/273
f 272/272/272 270/270/270 275/275/275
f 273/273/273 272/272/272 275/275/275
f 274/274/274 273/273/273 276/276/276
f 277/277/277 274/274/274 276/276/276
f 277/277/277 276/276/276 278/278/278
f 279/279/279 277/277/277 278/278/278
f 280/280/280 278/278/278 276/276/276
f 276/276/276 273/273/273 281/281/281
f 281/281/281 280/280/280 276/276/276
f 273/273/273 275/275/275 281/281/281
f 280/280/280 281/281/281 282/282/282
f 281/281/281 283/283/283 282/282/282
f 281/281/281 275/275/275 283/283/283
f 282/282/282 283/283/283 284/284/284
f 285/285/285 275/275/275 270/270/270
f 275/275/275 285/285/285 283/283/283
f 271/271/271 285/285/285 270/270/270
f 283/283/283 286/286/286 284/284/284
f 283/283/283 285/285/285 286/286/286
f 287/287/287 284/284/284 286/286/286
f 285/285/285 271/271/271 288/288/288
f 285/285/285 288/288/288 286/286/286
f 289/289/289 287/287/287 286/286/286
f 289/289/289 286/286/286 288/288/288
f 290/290/290 287/287/287 289/289/289
f 271/271/271 291/291/291 288/288/288
f 271/271/271 262/262/262 291/291/291
f 292/292/292 289/289/289 288/288/288
f 288/288/288 291/291/291 292/292/292
f 293/293/293 290/290/290 289/289/289
f 290/290/290 293/293/293 294/294/294
f 262/262/262 295/295/295 291/291/291
f 261/261/261 295/295/295 262/262/262
f 291/291/291 296/296/296 292/292/292
f 291/291/291 295/295/295 296/296/296
f 292/292/292 297/297/297 289/289/289
f 297/297/297 293/293/293 289/289/289
f 292/292/292 296/296/296 297/297/297
f 293/293/293 297/297/297 298/298/298
f 295/295/295 261/261/261 299/299/299
f 295/295/295 299/299/299 296/296/296
f 261/261/261 268/268/268 299/299/299
f 296/296/296 300/300/300 297/297/297
f 297/297/297 300/300/300 298/298/298
f 296/296/296 299/299/299 300/300/300
f 293/293/293 301/301/301 294/294/294
f 302/302/302 294/294/294 301/301/301
f 293/293/293 303/303/303 301/301/301
f 303/303/303 293/293/293 298/298/298
f 302/302/302 301/301/301 304/304/304
f 305/305/305 302/302/302 304/304/304
f 305/305/305 304/304/304 306/306/306
f 307/307/307 305/305/305 306/306/306
f 308/308/308 307/307/307 306/306/306
f 307/307/307 308/308/308 309/309/309
f 307/307/307 309/309/309 310/310/310
f 310/310/310 309/309/309 311/311/311
f 298/298/298 312/312/312 303/303/303
f 308/308/308 313/313/313 309/309/309
f 309/309/309 314/314/314 311/311/311
f 311/311/311 314/314/314 315/315/315
f 313/313/313 316/316/316 309/309/309
f 309/309/309 317/317/317 314/314/314
f 309/309/309 316/316/316 317/317/317
f 314/314/314 318/318/318 315/315/315
f 314/314/314 317/317/317 318/318/318
f 313/313/313 319/319/319 316/316/316
f 320/320/320 319/319/319 313/313/313
f 315/315/315 318/318/318 321/321/321
f 322/322/322 315/315/315 321/321/321
f 321/321/321 323/323/323 322/322/322
f 323/323/323 324/324/324 322/322/322
f 325/325/325 324/324/324 323/323/323
f 321/321/321 318/318/318 326/326/326
f 321/321/321 326/326/326 323/323/323
f 327/327/327 325/325/325 323/323/323
f 328/328/328 325/325/325 327/327/327
f 317/317/317 329/329/329 318/318/318
f 318/318/318 329/329/329 326/326/326
f 316/316/316 330/330/330 317/317/317
f 319/319/319 330/330/330 316/316/316
f 330/330/330 319/319/319 331/331/331
f 326/326/326 332/332/332 323/323/323
f 323/323/323 332/332/332 327/327/327
f 330/330/330 333/333/333 317/317/317
f 317/317/317 333/333/333 329/329/329
f 326/326/326 329/329/329 334/334/334
f 326/326/326 334/334/334 332/332/332
f 331/331/331 319/319/319 335/335/335
f 320/320/320 335/335/335 319/319/319
f 336/336/336 330/330/330 331/331/331
f 333/333/333 330/330/330 336/336/336
f 333/333/333 337/337/337 329/329/329
f 329/329/329 337/337/337 334/334/334
f 337/337/337 333/333/333 338/338/338
f 338/338/338 333/333/333 336/336/336
f 335/335/335 320/320/320 339/339/339
f 339/339/339 320/320/320 312/312/312
f 339/339/339 312/312/312 340/340/340
f 298/298/298 340/340/340 312/312/312
f 335/335/335 339/339/339 341/341/341
f 341/341/341 339/339/339 340/340/340
f 342/342/342 340/340/340 298/298/298
f 341/341/341 340/340/340 342/342/342
f 331/331/331 335/335/335 343/343/343
f 341/341/341 343/343/343 335/335/335
f 341/341/341 344/344/344 343/343/343
f 341/341/341 345/345/345 344/344/344
f 341/341/341 342/342/342 345/345/345
f 343/343/343 346/346/346 331/331/331
f 342/342/342 347/347/347 345/345/345
f 342/342/342 298/298/298 348/348/348
f 342/342/342 348/348/348 347/347/347
f 300/300/300 348/348/348 298/298/298
f 347/347/347 348/348/348 349/349/349
f 348/348/348 300/300/300 349/349/349
f 299/299/299 349/349/349 300/300/300
f 350/350/350 347/347/347 349/349/349
f 349/349/349 299/299/299 351/351/351
f 351/351/351 350/350/350 349/349/349
f 299/299/299 268/268/268 351/351/351
f 268/268/268 264/264/264 351/351/351
f 264/264/264 352/352/352 351/351/351
f 351/351/351 352/352/352 350/350/350
f 352/352/352 264/264/264 265/265/265
f 352/352/352 353/353/353 350/350/350
f 352/352/352 265/265/265 353/353/353
f 353/353/353 354/354/354 350/350/350
f 265/265/265 355/355/355 353/353/353
f 355/355/355 265/265/265 266/266/266
f 356/356/356 355/355/355 266/266/266
f 356/356/356 266/266/266 269/269/269
f 353/353/353 355/355/355 357/357/357
f 356/356/356 357/357/357 355/355/355
f 358/358/358 354/354/354 353/353/353
f 353/353/353 357/357/357 358/358/358
f 359/359/359 356/356/356 269/269/269
f 269/269/269 238/238/238 359/359/359
f 360/360/360 354/354/354 358/358/358
f 360/360/360 346/346/346 354/354/354
f 346/346/346 360/360/360 331/331/331
f 358/358/358 357/357/357 361/361/361
f 358/358/358 361/361/361 360/360/360
f 356/356/356 362/362/362 357/357/357
f 359/359/359 362/362/362 356/356/356
f 238/238/238 363/363/363 359/359/359
f 246/246/246 363/363/363 238/238/238
f 360/360/360 364/364/364 331/331/331
f 336/336/336 331/331/331 364/364/364
f 365/365/365 364/364/364 360/360/360
f 365/365/365 360/360/360 361/361/361
f 366/366/366 336/336/336 364/364/364
f 364/364/364 365/365/365 366/366/366
f 338/338/338 336/336/336 366/366/366
f 367/367/367 361/361/361 357/357/357
f 367/367/367 357/357/357 362/362/362
f 359/359/359 368/368/368 362/362/362
f 363/363/363 368/368/368 359/359/359
f 369/369/369 367/367/367 362/362/362
f 369/369/369 362/362/362 368/368/368
f 369/369/369 370/370/370 367/367/367
f 361/361/361 367/367/367 370/370/370
f 361/361/361 370/370/370 365/365/365
f 363/363/363 371/371/371 368/368/368
f 371/371/371 372/372/372 368/368/368
f 363/363/363 373/373/373 371/371/371
f 363/363/363 246/246/246 373/373/373
f 234/234/234 373/373/373 246/246/246
f 371/371/371 374/374/374 372/372/372
f 374/374/374 375/375/375 372/372/372
f 371/371/371 373/373/373 376/376/376
f 371/371/371 376/376/376 374/374/374
f 374/374/374 376/376/376 377/377/377
f 234/234/234 378/378/378 373/373/373
f 379/379/379 373/373/373 378/378/378
f 234/234/234 231/231/231 378/378/378
f 379/379/379 378/378/378 380/380/380
f 231/231/231 380/380/380 378/378/378
f 381/381/381 379/379/379 380/380/380
f 231/231/231 382/382/382 380/380/380
f 382/382/382 381/381/381 380/380/380
f 233/233/233 382/382/382 231/231/231
f 383/383/383 382/382/382 233/233/233
f 382/382/382 383/383/383 381/381/381
f 383/383/383 233/233/233 384/384/384
f 374/374/374 377/377/377 385/385/385
f 374/374/374 385/385/385 375/375/375
f 381/381/381 386/386/386 377/377/377
f 377/377/377 386/386/386 385/385/385
f 384/384/384 387/387/387 383/383/383
f 384/384/384 388/388/388 387/387/387
f 383/383/383 389/389/389 381/381/381
f 381/381/381 389/389/389 386/386/386
f 383/383/383 387/387/387 389/389/389
f 385/385/385 390/390/390 375/375/375
f 386/386/386 390/390/390 385/385/385
f 388/388/388 391/391/391 387/387/387
f 388/388/388 392/392/392 391/391/391
f 387/387/387 393/393/393 389/389/389
f 387/387/387 391/391/391 393/393/393
f 394/394/394 386/386/386 389/389/389
f 394/394/394 389/389/389 393/393/393
f 391/391/391 392/392/392 395/395/395
f 392/392/392 396/396/396 395/395/395
f 395/395/395 396/396/396 397/397/397
f 398/398/398 393/393/393 391/391/391
f 398/398/398 391/391/391 395/395/395
f 390/390/390 399/399/399 375/375/375
f 399/399/399 370/370/370 375/375/375
f 400/400/400 390/390/390 386/386/386
f 394/394/394 400/400/400 386/386/386
f 401/401/401 394/394/394 393/393/393
f 398/398/398 401/401/401 393/393/393
f 399/399/399 402/402/402 370/370/370
f 402/402/402 365/365/365 370/370/370
f 403/403/403 399/399/399 390/390/390
f 400/400/400 403/403/403 390/390/390
f 403/403/403 402/402/402 399/399/399
f 404/404/404 400/400/400 394/394/394
f 401/401/401 404/404/404 394/394/394
f 400/400/400 404/404/404 405/405/405
f 403/403/403 400/400/400 405/405/405
f 406/406/406 404/404/404 401/401/401
f 405/405/405 404/404/404 406/406/406
f 407/407/407 401/401/401 398/398/398
f 407/407/407 406/406/406 401/401/401
f 402/402/402 408/408/408 365/365/365
f 365/365/365 408/408/408 366/366/366
f 366/366/366 408/408/408 409/409/409
f 409/409/409 338/338/338 366/366/366
f 410/410/410 408/408/408 402/402/402
f 408/408/408 410/410/410 409/409/409
f 403/403/403 411/411/411 402/402/402
f 411/411/411 410/410/410 402/402/402
f 412/412/412 338/338/338 409/409/409
f 412/412/412 337/337/337 338/338/338
f 334/334/334 337/337/337 412/412/412
f 413/413/413 411/411/411 403/403/403
f 405/405/405 413/413/413 403/403/403
f 409/409/409 410/410/410 414/414/414
f 414/414/414 412/412/412 409/409/409
f 415/415/415 410/410/410 411/411/411
f 413/413/413 415/415/415 411/411/411
f 410/410/410 415/415/415 414/414/414
f 416/416/416 334/334/334 412/412/412
f 416/416/416 412/412/412 414/414/414
f 414/414/414 415/415/415 417/417/417
f 417/417/417 416/416/416 414/414/414
f 418/418/418 415/415/415 413/413/413
f 415/415/415 418/418/418 417/417/417
f 419/419/419 413/413/413 405/405/405
f 419/419/419 418/418/418 413/413/413
f 420/420/420 334/334/334 416/416/416
f 334/334/334 420/420/420 332/332/332
f 421/421/421 419/419/419 405/405/405
f 421/421/421 405/405/405 406/406/406
f 419/419/419 422/422/422 418/418/418
f 422/422/422 419/419/419 421/421/421
f 406/406/406 423/423/423 421/421/421
f 406/406/406 407/407/407 423/423/423
f 418/418/418 424/424/424 417/417/417
f 422/422/422 424/424/424 418/418/418
f 425/425/425 416/416/416 417/417/417
f 425/425/425 420/420/420 416/416/416
f 332/332/332 420/420/420 426/426/426
f 332/332/332 426/426/426 327/327/327
f 420/420/420 427/427/427 426/426/426
f 427/427/427 420/420/420 425/425/425
f 428/428/428 425/425/425 417/417/417
f 424/424/424 428/428/428 417/417/417
f 327/327/327 426/426/426 429/429/429
f 426/426/426 427/427/427 429/429/429
f 430/430/430 425/425/425 428/428/428
f 430/430/430 427/427/427 425/425/425
f 431/431/431 428/428/428 424/424/424
f 431/431/431 430/430/430 428/428/428
f 432/432/432 427/427/427 430/430/430
f 427/427/427 432/432/432 429/429/429
f 433/433/433 424/424/424 422/422/422
f 433/433/433 431/431/431 424/424/424
f 434/434/434 430/430/430 431/431/431
f 434/434/434 432/432/432 430/430/430
f 435/435/435 327/327/327 429/429/429
f 435/435/435 328/328/328 327/327/327
f 328/328/328 435/435/435 436/436/436
f 437/437/437 328/328/328 436/436/436
f 435/435/435 429/429/429 438/438/438
f 436/436/436 435/435/435 438/438/438
f 436/436/436 439/439/439 437/437/437
f 439/439/439 436/436/436 438/438/438
f 439/439/439 440/440/440 437/437/437
f 429/429/429 432/432/432 441/441/441
f 438/438/438 429/429/429 441/441/441
f 439/439/439 442/442/442 440/440/440
f 442/442/442 443/443/443 440/440/440
f 444/444/444 439/439/439 438/438/438
f 439/439/439 444/444/444 442/442/442
f 444/444/444 438/438/438 441/441/441
f 444/444/444 445/445/445 442/442/442
f 444/444/444 446/446/446 445/445/445
f 446/446/446 444/444/444 441/441/441
f 446/446/446 447/447/447 445/445/445
f 441/441/441 432/432/432 448/448/448
f 441/441/441 448/448/448 446/446/446
f 432/432/432 434/434/434 448/448/448
f 446/446/446 449/449/449 447/447/447
f 448/448/448 449/449/449 446/446/446
f 449/449/449 450/450/450 447/447/447
f 448/448/448 434/434/434 451/451/451
f 448/448/448 451/451/451 449/449/449
f 449/449/449 452/452/452 450/450/450
f 451/451/451 452/452/452 449/449/449
f 453/453/453 452/452/452 451/451/451
f 452/452/452 454/454/454 450/450/450
f 452/452/452 453/453/453 454/454/454
f 453/453/453 455/455/455 454/454/454
f 453/453/453 456/456/456 455/455/455
f 434/434/434 457/457/457 451/451/451
f 457/457/457 434/434/434 431/431/431
f 457/457/457 431/431/431 433/433/433
f 451/451/451 457/457/457 458/458/458
f 458/458/458 453/453/453 451/451/451
f 453/453/453 459/459/459 456/456/456
f 459/459/459 460/460/460 456/456/456
f 461/461/461 457/457/457 433/433/433
f 457/457/457 461/461/461 458/458/458
f 453/453/453 458/458/458 462/462/462
f 459/459/459 453/453/453 462/462/462
f 459/459/459 463/463/463 460/460/460
f 463/463/463 459/459/459 462/462/462
f 464/464/464 460/460/460 463/463/463
f 461/461/461 433/433/433 465/465/465
f 465/465/465 433/433/433 422/422/422
f 458/458/458 461/461/461 466/466/466
f 462/462/462 458/458/458 466/466/466
f 466/466/466 461/461/461 465/465/465
f 465/465/465 422/422/422 467/467/467
f 467/467/467 422/422/422 421/421/421
f 423/423/423 467/467/467 421/421/421
f 468/468/468 465/465/465 467/467/467
f 466/466/466 465/465/465 468/468/468
f 468/468/468 467/467/467 423/423/423
f 462/462/462 466/466/466 469/469/469
f 469/469/469 466/466/466 468/468/468
f 470/470/470 463/463/463 462/462/462
f 470/470/470 462/462/462 469/469/469
f 464/464/464 463/463/463 471/471/471
f 463/463/463 470/470/470 471/471/471
f 472/472/472 468/468/468 423/423/423
f 469/469/469 468/468/468 472/472/472
f 470/470/470 469/469/469 473/473/473
f 470/470/470 473/473/473 471/471/471
f 471/471/471 474/474/474 464/464/464
f 474/474/474 475/475/475 464/464/464
f 474/474/474 476/476/476 475/475/475
f 469/469/469 477/477/477 473/473/473
f 477/477/477 469/469/469 472/472/472
f 471/471/471 473/473/473 478/478/478
f 474/474/474 471/471/471 478/478/478
f 473/473/473 477/477/477 478/478/478
f 474/474/474 479/479/479 476/476/476
f 479/479/479 474/474/474 478/478/478
f 479/479/479 480/480/480 476/476/476
f 423/423/423 481/481/481 472/472/472
f 407/407/407 481/481/481 423/423/423
f 472/472/472 482/482/482 477/477/477
f 481/481/481 482/482/482 472/472/472
f 477/477/477 483/483/483 478/478/478
f 482/482/482 483/483/483 477/477/477
f 479/479/479 484/484/484 480/480/480
f 484/484/484 485/485/485 480/480/480
f 484/484/484 486/486/486 485/485/485
f 487/487/487 486/486/486 484/484/484
f 488/488/488 479/479/479 478/478/478
f 484/484/484 479/479/479 488/488/488
f 478/478/478 483/483/483 488/488/488
f 407/407/407 489/489/489 481/481/481
f 489/489/489 407/407/407 398/398/398
f 489/489/489 398/398/398 395/395/395
f 481/481/481 490/490/490 482/482/482
f 489/489/489 490/490/490 481/481/481
f 489/489/489 395/395/395 491/491/491
f 490/490/490 489/489/489 491/491/491
f 491/491/491 395/395/395 397/397/397
f 492/492/492 491/491/491 397/397/397
f 492/492/492 490/490/490 491/491/491
f 493/493/493 492/492/492 397/397/397
f 490/490/490 494/494/494 482/482/482
f 482/482/482 494/494/494 483/483/483
f 494/494/494 490/490/490 492/492/492
f 495/495/495 492/492/492 493/493/493
f 495/495/495 494/494/494 492/492/492
f 496/496/496 495/495/495 493/493/493
f 494/494/494 497/497/497 483/483/483
f 497/497/497 494/494/494 495/495/495
f 483/483/483 497/497/497 488/488/488
f 498/498/498 495/495/495 496/496/496
f 498/498/498 497/497/497 495/495/495
f 499/499/499 498/498/498 496/496/496
f 498/498/498 499/499/499 487/487/487
f 488/488/488 497/497/497 500/500/500
f 497/497/497 498/498/498 500/500/500
f 500/500/500 498/498/498 487/487/487
f 500/500/500 484/484/484 488/488/488
f 500/500/500 487/487/487 484/484/484
f 503/503/503 502/502/502 501/501/501
f 504/504/504 503/503/503 501/501/501
f 501/501/501 505/505/505 504/504/504
f 508/508/508 507/507/507 506/506/506
f 508/508/508 509/509/509 507/507/507
f 509/509/509 508/508/508 510/510/510
f 513/513/513 512/512/512 511/511/511
f 513/513/513 514/514/514 512/512/512
f 512/512/512 514/514/514 515/515/515
f 512/512/512 515/515/515 516/516/516
f 519/519/519 518/518/518 517/517/517
f 520/520/520 519/519/519 517/517/517
f 520/520/520 521/521/521 519/519/519
f 520/520/520 522/522/522 521/521/521
f 521/521/521 522/522/522 523/523/523
f 521/521/521 523/523/523 524/524/524
f 527/527/527 526/526/526 525/525/525
f 526/526/526 527/527/527 528/528/528
f 526/526/526 528/528/528 529/529/529
f 532/532/532 531/531/531 530/530/530
f 533/533/533 532/532/532 530/530/530
f 534/534/534 533/533/533 530/530/530
f 535/535/535 534/534/534 530/530/530
f 532/532/532 533/533/533 536/536/536
f 533/533/533 534/534/534 536/536/536
f 537/537/537 532/532/532 536/536/536
f 534/534/534 538/538/538 536/536/536
f 539/539/539 534/534/534 535/535/535
f 539/539/539 535/535/535 540/540/540
f 541/541/541 539/539/539 540/540/540
f 541/541/541 540/540/540 542/542/542
f 543/543/543 538/538/538 534/534/534
f 538/538/538 543/543/543 544/544/544
f 545/545/545 538/538/538 544/544/544
f 545/545/545 544/544/544 546/546/546
f 547/547/547 543/543/543 534/534/534
f 547/547/547 534/534/534 539/539/539
f 544/544/544 543/543/543 547/547/547
f 548/548/548 547/547/547 539/539/539
f 541/541/541 548/548/548 539/539/539
f 548/548/548 544/544/544 547/547/547
f 544/544/544 549/549/549 546/546/546
f 546/546/546 549/549/549 550/550/550
f 548/548/548 551/551/551 544/544/544
f 548/548/548 541/541/541 551/551/551
f 551/551/551 549/549/549 544/544/544
f 549/549/549 552/552/552 550/550/550
f 552/552/552 549/549/549 551/551/551
f 553/553/553 550/550/550 552/552/552
f 541/541/541 554/554/554 551/551/551
f 554/554/554 541/541/541 542/542/542
f 555/555/555 551/551/551 554/554/554
f 555/555/555 552/552/552 551/551/551
f 555/555/555 556/556/556 552/552/552
f 557/557/557 554/554/554 542/542/542
f 557/557/557 555/555/555 554/554/554
f 555/555/555 557/557/557 556/556/556
f 558/558/558 557/557/557 542/542/542
f 557/557/557 558/558/558 559/559/559
f 560/560/560 553/553/553 552/552/552
f 556/556/556 560/560/560 552/552/552
f 561/561/561 553/553/553 560/560/560
f 556/556/556 561/561/561 560/560/560
f 561/561/561 562/562/562 553/553/553
f 563/563/563 562/562/562 561/561/561
f 564/564/564 557/557/557 559/559/559
f 557/557/557 564/564/564 556/556/556
f 565/565/565 564/564/564 559/559/559
f 556/556/556 564/564/564 565/565/565
f 565/565/565 559/559/559 566/566/566
f 566/566/566 567/567/567 565/565/565
f 556/556/556 568/568/568 561/561/561
f 556/556/556 565/565/565 568/568/568
f 561/561/561 568/568/568 569/569/569
f 569/569/569 568/568/568 565/565/565
f 563/563/563 561/561/561 570/570/570
f 561/561/561 569/569/569 570/570/570
f 570/570/570 571/571/571 563/563/563
f 572/572/572 571/571/571 570/570/570
f 573/573/573 565/565/565 567/567/567
f 569/569/569 565/565/565 573/573/573
f 567/567/567 574/574/574 573/573/573
f 573/573/573 574/574/574 575/575/575
f 572/572/572 570/570/570 576/576/576
f 576/576/576 570/570/570 569/569/569
f 576/576/576 577/577/577 572/572/572
f 573/573/573 575/575/575 578/578/578
f 569/569/569 573/573/573 578/578/578
f 579/579/579 578/578/578 575/575/575
f 576/576/576 580/580/580 577/577/577
f 581/581/581 577/577/577 580/580/580
f 576/576/576 569/569/569 582/582/582
f 569/569/569 578/578/578 582/582/582
f 576/576/576 582/582/582 583/583/583
f 578/578/578 583/583/583 582/582/582
f 576/576/576 583/583/583 580/580/580
f 584/584/584 580/580/580 583/583/583
f 579/579/579 585/585/585 578/578/578
f 578/578/578 585/585/585 583/583/583
f 585/585/585 584/584/584 583/583/583
f 579/579/579 586/586/586 585/585/585
f 581/581/581 580/580/580 587/587/587
f 584/584/584 587/587/587 580/580/580
f 587/587/587 588/588/588 581/581/581
f 587/587/587 589/589/589 588/588/588
f 590/590/590 585/585/585 586/586/586
f 585/585/585 590/590/590 584/584/584
f 586/586/586 591/591/591 590/590/590
f 592/592/592 590/590/590 591/591/591
f 587/587/587 593/593/593 589/589/589
f 593/593/593 587/587/587 584/584/584
f 592/592/592 594/594/594 590/590/590
f 594/594/594 584/584/584 590/590/590
f 589/589/589 593/593/593 595/595/595
f 593/593/593 596/596/596 595/595/595
f 589/589/589 595/595/595 597/597/597
f 595/595/595 598/598/598 597/597/597
f 593/593/593 584/584/584 599/599/599
f 594/594/594 599/599/599 584/584/584
f 593/593/593 599/599/599 596/596/596
f 594/594/594 596/596/596 599/599/599
f 600/600/600 594/594/594 592/592/592
f 594/594/594 600/600/600 596/596/596
f 600/600/600 592/592/592 601/601/601
f 600/600/600 601/601/601 602/602/602
f 603/603/603 600/600/600 602/602/602
f 596/596/596 600/600/600 603/603/603
f 602/602/602 604/604/604 603/603/603
f 598/598/598 595/595/595 605/605/605
f 596/596/596 606/606/606 595/595/595
f 606/606/606 605/605/605 595/595/595
f 607/607/607 605/605/605 606/606/606
f 608/608/608 605/605/605 607/607/607
f 598/598/598 605/605/605 608/608/608
f 608/608/608 609/609/609 598/598/598
f 596/596/596 610/610/610 606/606/606
f 596/596/596 603/603/603 610/610/610
f 611/611/611 606/606/606 610/610/610
f 603/603/603 611/611/611 610/610/610
f 611/611/611 607/607/607 606/606/606
f 612/612/612 603/603/603 604/604/604
f 603/603/603 612/612/612 611/611/611
f 609/609/609 608/608/608 613/613/613
f 608/608/608 607/607/607 613/613/613
f 614/614/614 612/612/612 604/604/604
f 614/614/614 604/604/604 615/615/615
f 612/612/612 616/616/616 611/611/611
f 612/612/612 614/614/614 616/616/616
f 607/607/607 611/611/611 616/616/616
f 614/614/614 615/615/615 617/617/617
f 616/616/616 614/614/614 617/617/617
f 617/617/617 615/615/615 618/618/618
f 619/619/619 609/609/609 613/613/613
f 609/609/609 619/619/619 620/620/620
f 619/619/619 621/621/621 620/620/620
f 617/617/617 618/618/618 622/622/622
f 618/618/618 623/623/623 622/622/622
f 616/616/616 617/617/617 624/624/624
f 617/617/617 622/622/622 624/624/624
f 622/622/622 623/623/623 625/625/625
f 626/626/626 625/625/625 623/623/623
f 626/626/626 627/627/627 625/625/625
f 628/628/628 627/627/627 626/626/626
f 629/629/629 627/627/627 628/628/628
f 630/630/630 622/622/622 625/625/625
f 624/624/624 622/622/622 630/630/630
f 616/616/616 624/624/624 631/631/631
f 607/607/607 616/616/616 631/631/631
f 627/627/627 632/632/632 625/625/625
f 625/625/625 632/632/632 630/630/630
f 629/629/629 633/633/633 627/627/627
f 629/629/629 634/634/634 633/633/633
f 624/624/624 635/635/635 631/631/631
f 635/635/635 624/624/624 630/630/630
f 607/607/607 631/631/631 636/636/636
f 637/637/637 631/631/631 635/635/635
f 636/636/636 631/631/631 637/637/637
f 636/636/636 638/638/638 607/607/607
f 607/607/607 638/638/638 613/613/613
f 619/619/619 613/613/613 638/638/638
f 639/639/639 619/619/619 638/638/638
f 638/638/638 636/636/636 640/640/640
f 636/636/636 637/637/637 640/640/640
f 639/639/639 641/641/641 619/619/619
f 619/619/619 641/641/641 621/621/621
f 638/638/638 640/640/640 642/642/642
f 639/639/639 638/638/638 642/642/642
f 640/640/640 643/643/643 642/642/642
f 639/639/639 642/642/642 643/643/643
f 637/637/637 644/644/644 640/640/640
f 640/640/640 644/644/644 643/643/643
f 645/645/645 643/643/643 644/644/644
f 644/644/644 646/646/646 645/645/645
f 637/637/637 646/646/646 644/644/644
f 647/647/647 621/621/621 641/641/641
f 648/648/648 647/647/647 641/641/641
f 647/647/647 649/649/649 621/621/621
f 650/650/650 649/649/649 647/647/647
f 647/647/647 651/651/651 650/650/650
f 651/651/651 647/647/647 648/648/648
f 652/652/652 650/650/650 651/651/651
f 653/653/653 652/652/652 651/651/651
f 639/639/639 654/654/654 641/641/641
f 648/648/648 641/641/641 654/654/654
f 639/639/639 655/655/655 654/654/654
f 655/655/655 648/648/648 654/654/654
f 646/646/646 637/637/637 656/656/656
f 656/656/656 637/637/637 635/635/635
f 639/639/639 657/657/657 655/655/655
f 639/639/639 643/643/643 657/657/657
f 656/656/656 635/635/635 658/658/658
f 635/635/635 630/630/630 658/658/658
f 643/643/643 659/659/659 657/657/657
f 643/643/643 645/645/645 659/659/659
f 660/660/660 658/658/658 630/630/630
f 632/632/632 660/660/660 630/630/630
f 661/661/661 646/646/646 656/656/656
f 662/662/662 656/656/656 658/658/658
f 662/662/662 661/661/661 656/656/656
f 663/663/663 646/646/646 661/661/661
f 645/645/645 646/646/646 663/663/663
f 664/664/664 658/658/658 660/660/660
f 664/664/664 662/662/662 658/658/658
f 665/665/665 661/661/661 662/662/662
f 665/665/665 663/663/663 661/661/661
f 666/666/666 665/665/665 662/662/662
f 664/664/664 667/667/667 662/662/662
f 666/666/666 662/662/662 667/667/667
f 665/665/665 668/668/668 663/663/663
f 665/665/665 666/666/666 668/668/668
f 669/669/669 660/660/660 632/632/632
f 632/632/632 670/670/670 669/669/669
f 632/632/632 627/627/627 670/670/670
f 670/670/670 671/671/671 669/669/669
f 672/672/672 671/671/671 670/670/670
f 669/669/669 673/673/673 660/660/660
f 674/674/674 672/672/672 670/670/670
f 675/675/675 670/670/670 627/627/627
f 675/675/675 674/674/674 670/670/670
f 675/675/675 627/627/627 633/633/633
f 673/673/673 676/676/676 660/660/660
f 673/673/673 677/677/677 676/676/676
f 676/676/676 664/664/664 660/660/660
f 676/676/676 677/677/677 678/678/678
f 676/676/676 678/678/678 664/664/664
f 677/677/677 679/679/679 678/678/678
f 675/675/675 680/680/680 674/674/674
f 680/680/680 681/681/681 674/674/674
f 681/681/681 680/680/680 682/682/682
f 683/683/683 681/681/681 682/682/682
f 683/683/683 682/682/682 684/684/684
f 675/675/675 633/633/633 685/685/685
f 680/680/680 675/675/675 685/685/685
f 680/680/680 685/685/685 682/682/682
f 634/634/634 685/685/685 633/633/633
f 686/686/686 685/685/685 634/634/634
f 685/685/685 686/686/686 682/682/682
f 687/687/687 686/686/686 634/634/634
f 686/686/686 687/687/687 688/688/688
f 689/689/689 678/678/678 679/679/679
f 689/689/689 679/679/679 690/690/690
f 691/691/691 678/678/678 689/689/689
f 686/686/686 692/692/692 682/682/682
f 692/692/692 686/686/686 688/688/688
f 691/691/691 693/693/693 678/678/678
f 678/678/678 693/693/693 664/664/664
f 664/664/664 693/693/693 667/667/667
f 691/691/691 694/694/694 693/693/693
f 691/691/691 695/695/695 694/694/694
f 667/667/667 693/693/693 696/696/696
f 693/693/693 694/694/694 696/696/696
f 697/697/697 694/694/694 695/695/695
f 697/697/697 695/695/695 698/698/698
f 699/699/699 697/697/697 698/698/698
f 700/700/700 697/697/697 699/699/699
f 701/701/701 694/694/694 697/697/697
f 700/700/700 701/701/701 697/697/697
f 701/701/701 696/696/696 694/694/694
f 702/702/702 667/667/667 696/696/696
f 702/702/702 666/666/666 667/667/667
f 703/703/703 701/701/701 700/700/700
f 703/703/703 700/700/700 704/704/704
f 704/704/704 705/705/705 703/703/703
f 706/706/706 696/696/696 701/701/701
f 706/706/706 701/701/701 703/703/703
f 702/702/702 696/696/696 706/706/706
f 707/707/707 666/666/666 702/702/702
f 707/707/707 668/668/668 666/666/666
f 708/708/708 668/668/668 707/707/707
f 706/706/706 703/703/703 709/709/709
f 703/703/703 705/705/705 709/709/709
f 702/702/702 706/706/706 710/710/710
f 707/707/707 702/702/702 710/710/710
f 710/710/710 706/706/706 709/709/709
f 705/705/705 711/711/711 709/709/709
f 710/710/710 709/709/709 711/711/711
f 705/705/705 712/712/712 711/711/711
f 713/713/713 712/712/712 705/705/705
f 713/713/713 714/714/714 712/712/712
f 712/712/712 714/714/714 715/715/715
f 710/710/710 716/716/716 707/707/707
f 710/710/710 711/711/711 716/716/716
f 708/708/708 707/707/707 716/716/716
f 716/716/716 711/711/711 712/712/712
f 716/716/716 717/717/717 708/708/708
f 668/668/668 708/708/708 718/718/718
f 718/718/718 663/663/663 668/668/668
f 716/716/716 712/712/712 719/719/719
f 716/716/716 719/719/719 717/717/717
f 720/720/720 719/719/719 712/712/712
f 720/720/720 717/717/717 719/719/719
f 721/721/721 712/712/712 715/715/715
f 720/720/720 712/712/712 721/721/721
f 722/722/722 721/721/721 715/715/715
f 720/720/720 721/721/721 722/722/722
f 722/722/722 715/715/715 723/723/723
f 718/718/718 724/724/724 663/663/663
f 645/645/645 663/663/663 724/724/724
f 725/725/725 722/722/722 723/723/723
f 726/726/726 722/722/722 725/725/725
f 725/725/725 723/723/723 727/727/727
f 725/725/725 727/727/727 728/728/728
f 728/728/728 729/729/729 725/725/725
f 726/726/726 725/725/725 729/729/729
f 728/728/728 730/730/730 729/729/729
f 731/731/731 729/729/729 730/730/730
f 731/731/731 730/730/730 732/732/732
f 731/731/731 732/732/732 733/733/733
f 726/726/726 734/734/734 722/722/722
f 720/720/720 722/722/722 734/734/734
f 735/735/735 720/720/720 734/734/734
f 726/726/726 735/735/735 734/734/734
f 726/726/726 729/729/729 736/736/736
f 731/731/731 736/736/736 729/729/729
f 731/731/731 733/733/733 737/737/737
f 738/738/738 731/731/731 737/737/737
f 737/737/737 733/733/733 739/739/739
f 739/739/739 740/740/740 737/737/737
f 740/740/740 738/738/738 737/737/737
f 739/739/739 741/741/741 740/740/740
f 740/740/740 741/741/741 742/742/742
f 735/735/735 743/743/743 720/720/720
f 720/720/720 743/743/743 717/717/717
f 731/731/731 744/744/744 736/736/736
f 738/738/738 744/744/744 731/731/731
f 736/736/736 744/744/744 745/745/745
f 745/745/745 744/744/744 738/738/738
f 736/736/736 745/745/745 746/746/746
f 746/746/746 726/726/726 736/736/736
f 726/726/726 747/747/747 735/735/735
f 746/746/746 747/747/747 726/726/726
f 743/743/743 735/735/735 748/748/748
f 747/747/747 748/748/748 735/735/735
f 743/743/743 748/748/748 749/749/749
f 717/717/717 743/743/743 749/749/749
f 747/747/747 750/750/750 748/748/748
f 751/751/751 750/750/750 747/747/747
f 747/747/747 746/746/746 751/751/751
f 752/752/752 751/751/751 746/746/746
f 745/745/745 752/752/752 746/746/746
f 745/745/745 753/753/753 752/752/752
f 745/745/745 754/754/754 753/753/753
f 717/717/717 749/749/749 755/755/755
f 745/745/745 756/756/756 754/754/754
f 757/757/757 754/754/754 756/756/756
f 745/745/745 738/738/738 756/756/756
f 756/756/756 758/758/758 757/757/757
f 758/758/758 756/756/756 738/738/738
f 759/759/759 757/757/757 758/758/758
f 760/760/760 759/759/759 758/758/758
f 755/755/755 761/761/761 717/717/717
f 717/717/717 761/761/761 708/708/708
f 755/755/755 762/762/762 761/761/761
f 761/761/761 762/762/762 708/708/708
f 762/762/762 755/755/755 763/763/763
f 708/708/708 762/762/762 764/764/764
f 763/763/763 764/764/764 762/762/762
f 764/764/764 718/718/718 708/708/708
f 718/718/718 764/764/764 765/765/765
f 764/764/764 763/763/763 765/765/765
f 765/765/765 724/724/724 718/718/718
f 758/758/758 738/738/738 766/766/766
f 740/740/740 766/766/766 738/738/738
f 760/760/760 758/758/758 767/767/767
f 766/766/766 767/767/767 758/758/758
f 766/766/766 740/740/740 768/768/768
f 740/740/740 742/742/742 768/768/768
f 769/769/769 765/765/765 763/763/763
f 770/770/770 765/765/765 769/769/769
f 769/769/769 763/763/763 771/771/771
f 769/769/769 771/771/771 772/772/772
f 765/765/765 773/773/773 724/724/724
f 770/770/770 773/773/773 765/765/765
f 774/774/774 724/724/724 773/773/773
f 770/770/770 774/774/774 773/773/773
f 774/774/774 645/645/645 724/724/724
f 769/769/769 772/772/772 775/775/775
f 770/770/770 769/769/769 775/775/775
f 766/766/766 776/776/776 767/767/767
f 766/766/766 768/768/768 776/776/776
f 776/776/776 777/777/777 767/767/767
f 776/776/776 768/768/768 777/777/777
f 778/778/778 775/775/775 772/772/772
f 775/775/775 778/778/778 779/779/779
f 778/778/778 772/772/772 780/780/780
f 778/778/778 780/780/780 781/781/781
f 781/781/781 782/782/782 778/778/778
f 782/782/782 779/779/779 778/778/778
f 781/781/781 783/783/783 782/782/782
f 784/784/784 782/782/782 783/783/783
f 784/784/784 783/783/783 785/785/785
f 770/770/770 775/775/775 786/786/786
f 775/775/775 779/779/779 786/786/786
f 787/787/787 770/770/770 786/786/786
f 787/787/787 786/786/786 779/779/779
f 768/768/768 788/788/788 777/777/777
f 768/768/768 742/742/742 788/788/788
f 742/742/742 789/789/789 788/788/788
f 790/790/790 788/788/788 789/789/789
f 791/791/791 790/790/790 789/789/789
f 792/792/792 790/790/790 791/791/791
f 793/793/793 792/792/792 791/791/791
f 793/793/793 794/794/794 792/792/792
f 788/788/788 790/790/790 795/795/795
f 777/777/777 788/788/788 795/795/795
f 795/795/795 790/790/790 792/792/792
f 787/787/787 796/796/796 770/770/770
f 770/770/770 796/796/796 774/774/774
f 796/796/796 797/797/797 774/774/774
f 774/774/774 797/797/797 645/645/645
f 797/797/797 798/798/798 645/645/645
f 645/645/645 798/798/798 659/659/659
f 798/798/798 797/797/797 799/799/799
f 796/796/796 799/799/799 797/797/797
f 799/799/799 796/796/796 800/800/800
f 799/799/799 801/801/801 798/798/798
f 798/798/798 801/801/801 659/659/659
f 796/796/796 802/802/802 800/800/800
f 796/796/796 787/787/787 802/802/802
f 801/801/801 657/657/657 659/659/659
f 657/657/657 801/801/801 803/803/803
f 804/804/804 657/657/657 803/803/803
f 804/804/804 655/655/655 657/657/657
f 802/802/802 787/787/787 805/805/805
f 802/802/802 805/805/805 806/806/806
f 807/807/807 806/806/806 805/805/805
f 787/787/787 779/779/779 805/805/805
f 808/808/808 655/655/655 804/804/804
f 808/808/808 804/804/804 809/809/809
f 808/808/808 809/809/809 810/810/810
f 655/655/655 808/808/808 648/648/648
f 805/805/805 811/811/811 807/807/807
f 811/811/811 805/805/805 779/779/779
f 812/812/812 807/807/807 811/811/811
f 813/813/813 812/812/812 811/811/811
f 810/810/810 814/814/814 808/808/808
f 648/648/648 808/808/808 814/814/814
f 810/810/810 815/815/815 814/814/814
f 814/814/814 815/815/815 816/816/816
f 811/811/811 779/779/779 817/817/817
f 782/782/782 817/817/817 779/779/779
f 784/784/784 817/817/817 782/782/782
f 818/818/818 813/813/813 811/811/811
f 817/817/817 818/818/818 811/811/811
f 648/648/648 814/814/814 819/819/819
f 651/651/651 648/648/648 819/819/819
f 814/814/814 816/816/816 820/820/820
f 820/820/820 819/819/819 814/814/814
f 821/821/821 651/651/651 819/819/819
f 653/653/653 651/651/651 821/821/821
f 784/784/784 822/822/822 817/817/817
f 817/817/817 822/822/822 818/818/818
f 823/823/823 822/822/822 784/784/784
f 823/823/823 818/818/818 822/822/822
f 824/824/824 813/813/813 818/818/818
f 823/823/823 824/824/824 818/818/818
f 823/823/823 825/825/825 824/824/824
f 824/824/824 826/826/826 813/813/813
f 827/827/827 826/826/826 824/824/824
f 824/824/824 825/825/825 827/827/827
f 828/828/828 827/827/827 825/825/825
f 825/825/825 829/829/829 828/828/828
f 821/821/821 819/819/819 830/830/830
f 831/831/831 821/821/821 830/830/830
f 820/820/820 830/830/830 819/819/819
f 820/820/820 831/831/831 830/830/830
f 823/823/823 784/784/784 832/832/832
f 833/833/833 823/823/823 832/832/832
f 785/785/785 832/832/832 784/784/784
f 785/785/785 834/834/834 832/832/832
f 832/832/832 834/834/834 835/835/835
f 835/835/835 833/833/833 832/832/832
f 835/835/835 836/836/836 833/833/833
f 837/837/837 833/833/833 836/836/836
f 823/823/823 838/838/838 825/825/825
f 833/833/833 838/838/838 823/823/823
f 825/825/825 838/838/838 839/839/839
f 833/833/833 839/839/839 838/838/838
f 837/837/837 840/840/840 833/833/833
f 833/833/833 840/840/840 839/839/839
f 825/825/825 839/839/839 841/841/841
f 825/825/825 841/841/841 829/829/829
f 840/840/840 837/837/837 842/842/842
f 837/837/837 843/843/843 842/842/842
f 839/839/839 840/840/840 844/844/844
f 839/839/839 844/844/844 841/841/841
f 840/840/840 842/842/842 844/844/844
f 841/841/841 845/845/845 829/829/829
f 844/844/844 845/845/845 841/841/841
f 845/845/845 846/846/846 829/829/829
f 846/846/846 845/845/845 847/847/847
f 848/848/848 842/842/842 843/843/843
f 849/849/849 848/848/848 843/843/843
f 850/850/850 848/848/848 849/849/849
f 851/851/851 850/850/850 849/849/849
f 851/851/851 852/852/852 850/850/850
f 842/842/842 848/848/848 853/853/853
f 844/844/844 842/842/842 853/853/853
f 853/853/853 848/848/848 850/850/850
f 845/845/845 844/844/844 854/854/854
f 845/845/845 854/854/854 847/847/847
f 844/844/844 853/853/853 854/854/854
f 854/854/854 855/855/855 847/847/847
f 855/855/855 854/854/854 853/853/853
f 855/855/855 856/856/856 847/847/847
f 857/857/857 855/855/855 853/853/853
f 857/857/857 853/853/853 850/850/850
f 855/855/855 858/858/858 856/856/856
f 855/855/855 857/857/857 858/858/858
f 858/858/858 859/859/859 856/856/856
f 858/858/858 860/860/860 859/859/859
f 859/859/859 860/860/860 861/861/861
f 857/857/857 862/862/862 858/858/858
f 857/857/857 850/850/850 862/862/862
f 862/862/862 860/860/860 858/858/858
f 850/850/850 863/863/863 862/862/862
f 862/862/862 863/863/863 860/860/860
f 852/852/852 863/863/863 850/850/850
f 863/863/863 852/852/852 860/860/860
f 860/860/860 852/852/852 864/864/864
f 860/860/860 865/865/865 861/861/861
f 865/865/865 860/860/860 864/864/864
f 865/865/865 866/866/866 861/861/861
f 866/866/866 865/865/865 864/864/864
f 866/866/866 867/867/867 861/861/861
f 868/868/868 866/866/866 864/864/864
f 871/871/871 870/870/870 869/869/869
f 872/872/872 871/871/871 869/869/869
f 872/872/872 873/873/873 871/871/871
f 872/872/872 869/869/869 874/874/874
f 875/875/875 872/872/872 874/874/874
f 873/873/873 872/872/872 875/875/875
f 873/873/873 876/876/876 871/871/871
f 877/877/877 873/873/873 875/875/875
f 877/877/877 878/878/878 873/873/873
f 879/879/879 876/876/876 873/873/873
f 878/878/878 880/880/880 873/873/873
f 880/880/880 879/879/879 873/873/873
f 880/880/880 878/878/878 881/881/881
f 879/879/879 880/880/880 882/882/882
f 883/883/883 879/879/879 882/882/882
f 883/883/883 882/882/882 884/884/884
f 885/885/885 880/880/880 881/881/881
f 885/885/885 881/881/881 886/886/886
f 882/882/882 887/887/887 884/884/884
f 888/888/888 884/884/884 887/887/887
f 889/889/889 882/882/882 880/880/880
f 885/885/885 889/889/889 880/880/880
f 890/890/890 885/885/885 886/886/886
f 890/890/890 886/886/886 891/891/891
f 892/892/892 887/887/887 882/882/882
f 889/889/889 892/892/892 882/882/882
f 888/888/888 887/887/887 893/893/893
f 893/893/893 887/887/887 892/892/892
f 894/894/894 889/889/889 885/885/885
f 890/890/890 894/894/894 885/885/885
f 888/888/888 893/893/893 895/895/895
f 888/888/888 895/895/895 896/896/896
f 897/897/897 892/892/892 889/889/889
f 894/894/894 897/897/897 889/889/889
f 896/896/896 895/895/895 898/898/898
f 899/899/899 896/896/896 898/898/898
f 899/899/899 898/898/898 900/900/900
f 898/898/898 901/901/901 900/900/900
f 902/902/902 900/900/900 901/901/901
f 903/903/903 895/895/895 893/893/893
f 893/893/893 892/892/892 904/904/904
f 903/903/903 893/893/893 904/904/904
f 905/905/905 904/904/904 892/892/892
f 905/905/905 892/892/892 897/897/897
f 905/905/905 903/903/903 904/904/904
f 898/898/898 895/895/895 906/906/906
f 895/895/895 903/903/903 906/906/906
f 901/901/901 898/898/898 907/907/907
f 898/898/898 906/906/906 907/907/907
f 902/902/902 901/901/901 908/908/908
f 908/908/908 901/901/901 907/907/907
f 905/905/905 909/909/909 903/903/903
f 906/906/906 903/903/903 909/909/909
f 910/910/910 905/905/905 897/897/897
f 909/909/909 905/905/905 910/910/910
f 910/910/910 897/897/897 911/911/911
f 911/911/911 897/897/897 894/894/894
f 912/912/912 911/911/911 894/894/894
f 912/912/912 894/894/894 913/913/913
f 894/894/894 890/890/890 913/913/913
f 909/909/909 910/910/910 914/914/914
f 913/913/913 890/890/890 915/915/915
f 916/916/916 909/909/909 914/914/914
f 916/916/916 906/906/906 909/909/909
f 917/917/917 916/916/916 914/914/914
f 917/917/917 918/918/918 916/916/916
f 916/916/916 919/919/919 906/906/906
f 918/918/918 919/919/919 916/916/916
f 919/919/919 907/907/907 906/906/906
f 920/920/920 919/919/919 918/918/918
f 890/890/890 921/921/921 915/915/915
f 921/921/921 890/890/890 891/891/891
f 921/921/921 922/922/922 915/915/915
f 921/921/921 891/891/891 922/922/922
f 891/891/891 923/923/923 922/922/922
f 923/923/923 924/924/924 922/922/922
f 922/922/922 925/925/925 915/915/915
f 924/924/924 926/926/926 922/922/922
f 922/922/922 926/926/926 925/925/925
f 926/926/926 927/927/927 925/925/925
f 928/928/928 907/907/907 919/919/919
f 920/920/920 928/928/928 919/919/919
f 928/928/928 929/929/929 907/907/907
f 908/908/908 907/907/907 929/929/929
f 920/920/920 930/930/930 928/928/928
f 920/920/920 931/931/931 930/930/930
f 930/930/930 931/931/931 932/932/932
f 928/928/928 933/933/933 929/929/929
f 933/933/933 908/908/908 929/929/929
f 928/928/928 930/930/930 933/933/933
f 934/934/934 930/930/930 932/932/932
f 933/933/933 930/930/930 934/934/934
f 935/935/935 934/934/934 932/932/932
f 935/935/935 932/932/932 936/936/936
f 933/933/933 937/937/937 908/908/908
f 902/902/902 908/908/908 937/937/937
f 902/902/902 937/937/937 938/938/938
f 939/939/939 933/933/933 934/934/934
f 937/937/937 933/933/933 939/939/939
f 939/939/939 934/934/934 935/935/935
f 937/937/937 940/940/940 938/938/938
f 940/940/940 937/937/937 939/939/939
f 940/940/940 941/941/941 938/938/938
f 940/940/940 939/939/939 942/942/942
f 942/942/942 939/939/939 935/935/935
f 940/940/940 943/943/943 941/941/941
f 943/943/943 940/940/940 942/942/942
f 943/943/943 944/944/944 941/941/941
f 943/943/943 945/945/945 944/944/944
f 943/943/943 946/946/946 945/945/945
f 943/943/943 942/942/942 946/946/946
f 945/945/945 946/946/946 947/947/947
f 946/946/946 948/948/948 947/947/947
f 949/949/949 947/947/947 948/948/948
f 942/942/942 950/950/950 946/946/946
f 950/950/950 942/942/942 935/935/935
f 948/948/948 946/946/946 950/950/950
f 949/949/949 948/948/948 951/951/951
f 952/952/952 949/949/949 951/951/951
f 953/953/953 950/950/950 935/935/935
f 954/954/954 950/950/950 953/953/953
f 935/935/935 955/955/955 953/953/953
f 955/955/955 954/954/954 953/953/953
f 935/935/935 936/936/936 955/955/955
f 956/956/956 955/955/955 936/936/936
f 955/955/955 956/956/956 957/957/957
f 956/956/956 958/958/958 957/957/957
f 959/959/959 957/957/957 958/958/958
f 948/948/948 950/950/950 960/960/960
f 954/954/954 960/960/960 950/950/950
f 957/957/957 961/961/961 955/955/955
f 955/955/955 961/961/961 954/954/954
f 959/959/959 962/962/962 957/957/957
f 962/962/962 959/959/959 963/963/963
f 964/964/964 961/961/961 957/957/957
f 962/962/962 964/964/964 957/957/957
f 965/965/965 962/962/962 963/963/963
f 965/965/965 963/963/963 966/966/966
f 962/962/962 967/967/967 964/964/964
f 962/962/962 965/965/965 967/967/967
f 968/968/968 965/965/965 966/966/966
f 969/969/969 968/968/968 966/966/966
f 965/965/965 970/970/970 967/967/967
f 965/965/965 968/968/968 970/970/970
f 964/964/964 971/971/971 961/961/961
f 967/967/967 972/972/972 964/964/964
f 972/972/972 971/971/971 964/964/964
f 961/961/961 973/973/973 954/954/954
f 961/961/961 971/971/971 973/973/973
f 967/967/967 970/970/970 974/974/974
f 972/972/972 967/967/967 974/974/974
f 969/969/969 975/975/975 968/968/968
f 968/968/968 976/976/976 970/970/970
f 976/976/976 968/968/968 975/975/975
f 970/970/970 977/977/977 974/974/974
f 970/970/970 976/976/976 977/977/977
f 969/969/969 978/978/978 975/975/975
f 969/969/969 979/979/979 978/978/978
f 980/980/980 978/978/978 979/979/979
f 981/981/981 980/980/980 979/979/979
f 981/981/981 982/982/982 980/980/980
f 983/983/983 975/975/975 978/978/978
f 978/978/978 980/980/980 983/983/983
f 982/982/982 984/984/984 980/980/980
f 985/985/985 984/984/984 982/982/982
f 976/976/976 975/975/975 986/986/986
f 983/983/983 986/986/986 975/975/975
f 987/987/987 976/976/976 986/986/986
f 987/987/987 986/986/986 983/983/983
f 980/980/980 988/988/988 983/983/983
f 980/980/980 984/984/984 988/988/988
f 976/976/976 989/989/989 977/977/977
f 987/987/987 989/989/989 976/976/976
f 987/987/987 983/983/983 990/990/990
f 990/990/990 983/983/983 988/988/988
f 991/991/991 989/989/989 987/987/987
f 991/991/991 987/987/987 990/990/990
f 991/991/991 992/992/992 989/989/989
f 989/989/989 992/992/992 993/993/993
f 977/977/977 989/989/989 993/993/993
f 977/977/977 993/993/993 994/994/994
f 991/991/991 990/990/990 995/995/995
f 974/974/974 977/977/977 994/994/994
f 995/995/995 990/990/990 996/996/996
f 996/996/996 990/990/990 988/988/988
f 997/997/997 995/995/995 996/996/996
f 997/997/997 996/996/996 998/998/998
f 996/996/996 999/999/999 998/998/998
f 996/996/996 988/988/988 999/999/999
f 999/999/999 1000/1000/1000 998/998/998
f 1001/1001/1001 974/974/974 994/994/994
f 1001/1001/1001 994/994/994 1002/1002/1002
f 988/988/988 1003/1003/1003 999/999/999
f 984/984/984 1003/1003/1003 988/988/988
f 999/999/999 1004/1004/1004 1000/1000/1000
f 1004/1004/1004 999/999/999 1003/1003/1003
f 1003/1003/1003 984/984/984 1005/1005/1005
f 985/985/985 1005/1005/1005 984/984/984
f 974/974/974 1001/1001/1001 1006/1006/1006
f 1006/1006/1006 972/972/972 974/974/974
f 1001/1001/1001 1002/1002/1002 1007/1007/1007
f 1002/1002/1002 1008/1008/1008 1007/1007/1007
f 1009/1009/1009 1007/1007/1007 1008/1008/1008
f 1006/1006/1006 1001/1001/1001 1010/1010/1010
f 1007/1007/1007 1010/1010/1010 1001/1001/1001
f 1011/1011/1011 972/972/972 1006/1006/1006
f 1006/1006/1006 1010/1010/1010 1011/1011/1011
f 1009/1009/1009 1012/1012/1012 1007/1007/1007
f 1012/1012/1012 1009/1009/1009 1013/1013/1013
f 1003/1003/1003 1005/1005/1005 1014/1014/1014
f 1004/1004/1004 1003/1003/1003 1014/1014/1014
f 1015/1015/1015 1014/1014/1014 1005/1005/1005
f 1004/1004/1004 1014/1014/1014 1015/1015/1015
f 1011/1011/1011 1016/1016/1016 972/972/972
f 972/972/972 1016/1016/1016 971/971/971
f 1017/1017/1017 1010/1010/1010 1007/1007/1007
f 1012/1012/1012 1017/1017/1017 1007/1007/1007
f 1018/1018/1018 1012/1012/1012 1013/1013/1013
f 1018/1018/1018 1013/1013/1013 1019/1019/1019
f 1015/1015/1015 1005/1005/1005 1020/1020/1020
f 1015/1015/1015 1020/1020/1020 1021/1021/1021
f 1020/1020/1020 1005/1005/1005 985/985/985
f 1020/1020/1020 985/985/985 1022/1022/1022
f 1021/1021/1021 1020/1020/1020 1022/1022/1022
f 1023/1023/1023 1021/1021/1021 1022/1022/1022
f 1023/1023/1023 1024/1024/1024 1021/1021/1021
f 1017/1017/1017 1012/1012/1012 1025/1025/1025
f 1025/1025/1025 1012/1012/1012 1018/1018/1018
f 1026/1026/1026 1018/1018/1018 1019/1019/1019
f 1018/1018/1018 1026/1026/1026 1027/1027/1027
f 1028/1028/1028 1026/1026/1026 1019/1019/1019
f 1028/1028/1028 1029/1029/1029 1026/1026/1026
f 1027/1027/1027 1026/1026/1026 1029/1029/1029
f 1030/1030/1030 1025/1025/1025 1018/1018/1018
f 1030/1030/1030 1018/1018/1018 1027/1027/1027
f 1031/1031/1031 1029/1029/1029 1028/1028/1028
f 1031/1031/1031 1028/1028/1028 1032/1032/1032
f 1033/1033/1033 1031/1031/1031 1032/1032/1032
f 1034/1034/1034 1033/1033/1033 1032/1032/1032
f 1034/1034/1034 1035/1035/1035 1033/1033/1033
f 1036/1036/1036 1029/1029/1029 1031/1031/1031
f 1036/1036/1036 1031/1031/1031 1033/1033/1033
f 1027/1027/1027 1029/1029/1029 1037/1037/1037
f 1036/1036/1036 1037/1037/1037 1029/1029/1029
f 1035/1035/1035 1038/1038/1038 1033/1033/1033
f 1039/1039/1039 1038/1038/1038 1035/1035/1035
f 1040/1040/1040 1027/1027/1027 1037/1037/1037
f 1040/1040/1040 1037/1037/1037 1036/1036/1036
f 1025/1025/1025 1030/1030/1030 1041/1041/1041
f 1030/1030/1030 1027/1027/1027 1042/1042/1042
f 1030/1030/1030 1042/1042/1042 1041/1041/1041
f 1040/1040/1040 1043/1043/1043 1027/1027/1027
f 1027/1027/1027 1043/1043/1043 1042/1042/1042
f 1044/1044/1044 1025/1025/1025 1041/1041/1041
f 1044/1044/1044 1017/1017/1017 1025/1025/1025
f 1045/1045/1045 1017/1017/1017 1044/1044/1044
f 1017/1017/1017 1045/1045/1045 1010/1010/1010
f 1010/1010/1010 1045/1045/1045 1046/1046/1046
f 1046/1046/1046 1011/1011/1011 1010/1010/1010
f 1040/1040/1040 1036/1036/1036 1047/1047/1047
f 1048/1048/1048 1043/1043/1043 1040/1040/1040
f 1048/1048/1048 1040/1040/1040 1047/1047/1047
f 1048/1048/1048 1049/1049/1049 1043/1043/1043
f 1043/1043/1043 1049/1049/1049 1050/1050/1050
f 1042/1042/1042 1043/1043/1043 1050/1050/1050
f 1042/1042/1042 1050/1050/1050 1051/1051/1051
f 1048/1048/1048 1047/1047/1047 1052/1052/1052
f 1041/1041/1041 1042/1042/1042 1051/1051/1051
f 1047/1047/1047 1036/1036/1036 1053/1053/1053
f 1053/1053/1053 1036/1036/1036 1033/1033/1033
f 1052/1052/1052 1047/1047/1047 1054/1054/1054
f 1054/1054/1054 1047/1047/1047 1053/1053/1053
f 1055/1055/1055 1052/1052/1052 1054/1054/1054
f 1055/1055/1055 1054/1054/1054 1056/1056/1056
f 1054/1054/1054 1057/1057/1057 1056/1056/1056
f 1054/1054/1054 1053/1053/1053 1057/1057/1057
f 1058/1058/1058 1056/1056/1056 1057/1057/1057
f 1053/1053/1053 1033/1033/1033 1059/1059/1059
f 1053/1053/1053 1059/1059/1059 1057/1057/1057
f 1033/1033/1033 1038/1038/1038 1059/1059/1059
f 1060/1060/1060 1041/1041/1041 1051/1051/1051
f 1061/1061/1061 1060/1060/1060 1051/1051/1051
f 1058/1058/1058 1057/1057/1057 1062/1062/1062
f 1059/1059/1059 1062/1062/1062 1057/1057/1057
f 1059/1059/1059 1038/1038/1038 1063/1063/1063
f 1039/1039/1039 1063/1063/1063 1038/1038/1038
f 1060/1060/1060 1064/1064/1064 1041/1041/1041
f 1064/1064/1064 1044/1044/1044 1041/1041/1041
f 1061/1061/1061 1065/1065/1065 1060/1060/1060
f 1061/1061/1061 1066/1066/1066 1065/1065/1065
f 1066/1066/1066 1067/1067/1067 1065/1065/1065
f 1068/1068/1068 1064/1064/1064 1060/1060/1060
f 1065/1065/1065 1068/1068/1068 1060/1060/1060
f 1044/1044/1044 1064/1064/1064 1069/1069/1069
f 1068/1068/1068 1069/1069/1069 1064/1064/1064
f 1067/1067/1067 1070/1070/1070 1065/1065/1065
f 1067/1067/1067 1071/1071/1071 1070/1070/1070
f 1059/1059/1059 1063/1063/1063 1072/1072/1072
f 1059/1059/1059 1072/1072/1072 1062/1062/1062
f 1063/1063/1063 1073/1073/1073 1072/1072/1072
f 1062/1062/1062 1072/1072/1072 1073/1073/1073
f 1044/1044/1044 1069/1069/1069 1074/1074/1074
f 1045/1045/1045 1044/1044/1044 1074/1074/1074
f 1075/1075/1075 1068/1068/1068 1065/1065/1065
f 1070/1070/1070 1075/1075/1075 1065/1065/1065
f 1071/1071/1071 1076/1076/1076 1070/1070/1070
f 1071/1071/1071 1077/1077/1077 1076/1076/1076
f 1063/1063/1063 1078/1078/1078 1073/1073/1073
f 1073/1073/1073 1078/1078/1078 1079/1079/1079
f 1078/1078/1078 1063/1063/1063 1039/1039/1039
f 1078/1078/1078 1039/1039/1039 1080/1080/1080
f 1079/1079/1079 1078/1078/1078 1080/1080/1080
f 1081/1081/1081 1079/1079/1079 1080/1080/1080
f 1081/1081/1081 1082/1082/1082 1079/1079/1079
f 1075/1075/1075 1070/1070/1070 1083/1083/1083
f 1083/1083/1083 1070/1070/1070 1076/1076/1076
f 1077/1077/1077 1084/1084/1084 1076/1076/1076
f 1076/1076/1076 1084/1084/1084 1085/1085/1085
f 1086/1086/1086 1084/1084/1084 1077/1077/1077
f 1086/1086/1086 1087/1087/1087 1084/1084/1084
f 1087/1087/1087 1085/1085/1085 1084/1084/1084
f 1088/1088/1088 1083/1083/1083 1076/1076/1076
f 1088/1088/1088 1076/1076/1076 1085/1085/1085
f 1086/1086/1086 1089/1089/1089 1087/1087/1087
f 1086/1086/1086 1090/1090/1090 1089/1089/1089
f 1091/1091/1091 1089/1089/1089 1090/1090/1090
f 1092/1092/1092 1091/1091/1091 1090/1090/1090
f 1092/1092/1092 1093/1093/1093 1091/1091/1091
f 1094/1094/1094 1087/1087/1087 1089/1089/1089
f 1094/1094/1094 1089/1089/1089 1091/1091/1091
f 1087/1087/1087 1095/1095/1095 1085/1085/1085
f 1094/1094/1094 1095/1095/1095 1087/1087/1087
f 1093/1093/1093 1096/1096/1096 1091/1091/1091
f 1097/1097/1097 1096/1096/1096 1093/1093/1093
f 1098/1098/1098 1085/1085/1085 1095/1095/1095
f 1098/1098/1098 1095/1095/1095 1094/1094/1094
f 1083/1083/1083 1088/1088/1088 1099/1099/1099
f 1088/1088/1088 1085/1085/1085 1100/1100/1100
f 1088/1088/1088 1100/1100/1100 1099/1099/1099
f 1098/1098/1098 1101/1101/1101 1085/1085/1085
f 1085/1085/1085 1101/1101/1101 1100/1100/1100
f 1102/1102/1102 1083/1083/1083 1099/1099/1099
f 1102/1102/1102 1075/1075/1075 1083/1083/1083
f 1102/1102/1102 1103/1103/1103 1075/1075/1075
f 1075/1075/1075 1103/1103/1103 1068/1068/1068
f 1068/1068/1068 1103/1103/1103 1104/1104/1104
f 1104/1104/1104 1069/1069/1069 1068/1068/1068
f 1098/1098/1098 1094/1094/1094 1105/1105/1105
f 1106/1106/1106 1101/1101/1101 1098/1098/1098
f 1106/1106/1106 1098/1098/1098 1105/1105/1105
f 1106/1106/1106 1107/1107/1107 1101/1101/1101
f 1101/1101/1101 1107/1107/1107 1108/1108/1108
f 1100/1100/1100 1101/1101/1101 1108/1108/1108
f 1100/1100/1100 1108/1108/1108 1109/1109/1109
f 1099/1099/1099 1100/1100/1100 1109/1109/1109
f 1099/1099/1099 1109/1109/1109 1110/1110/1110
f 1106/1106/1106 1105/1105/1105 1111/1111/1111
f 1112/1112/1112 1099/1099/1099 1110/1110/1110
f 1113/1113/1113 1112/1112/1112 1110/1110/1110
f 1112/1112/1112 1102/1102/1102 1099/1099/1099
f 1105/1105/1105 1094/1094/1094 1114/1114/1114
f 1114/1114/1114 1094/1094/1094 1091/1091/1091
f 1111/1111/1111 1105/1105/1105 1115/1115/1115
f 1115/1115/1115 1105/1105/1105 1114/1114/1114
f 1116/1116/1116 1111/1111/1111 1115/1115/1115
f 1116/1116/1116 1115/1115/1115 1117/1117/1117
f 1115/1115/1115 1118/1118/1118 1117/1117/1117
f 1115/1115/1115 1114/1114/1114 1118/1118/1118
f 1118/1118/1118 1119/1119/1119 1117/1117/1117
f 1114/1114/1114 1091/1091/1091 1120/1120/1120
f 1114/1114/1114 1120/1120/1120 1118/1118/1118
f 1091/1091/1091 1096/1096/1096 1120/1120/1120
f 1121/1121/1121 1112/1112/1112 1113/1113/1113
f 1121/1121/1121 1102/1102/1102 1112/1112/1112
f 1120/1120/1120 1096/1096/1096 1122/1122/1122
f 1097/1097/1097 1122/1122/1122 1096/1096/1096
f 1118/1118/1118 1120/1120/1120 1123/1123/1123
f 1120/1120/1120 1122/1122/1122 1123/1123/1123
f 1118/1118/1118 1124/1124/1124 1119/1119/1119
f 1118/1118/1118 1123/1123/1123 1124/1124/1124
f 1125/1125/1125 1122/1122/1122 1097/1097/1097
f 1125/1125/1125 1097/1097/1097 1126/1126/1126
f 1127/1127/1127 1125/1125/1125 1126/1126/1126
f 1128/1128/1128 1127/1127/1127 1126/1126/1126
f 1128/1128/1128 1129/1129/1129 1127/1127/1127
f 1122/1122/1122 1130/1130/1130 1123/1123/1123
f 1122/1122/1122 1125/1125/1125 1130/1130/1130
f 1124/1124/1124 1123/1123/1123 1130/1130/1130
f 1130/1130/1130 1125/1125/1125 1127/1127/1127
f 1119/1119/1119 1124/1124/1124 1131/1131/1131
f 1124/1124/1124 1130/1130/1130 1131/1131/1131
f 1119/1119/1119 1131/1131/1131 1132/1132/1132
f 1131/1131/1131 1130/1130/1130 1133/1133/1133
f 1133/1133/1133 1130/1130/1130 1127/1127/1127
f 1132/1132/1132 1131/1131/1131 1134/1134/1134
f 1134/1134/1134 1131/1131/1131 1133/1133/1133
f 1134/1134/1134 1133/1133/1133 1135/1135/1135
f 1136/1136/1136 1132/1132/1132 1134/1134/1134
f 1136/1136/1136 1134/1134/1134 1137/1137/1137
f 1134/1134/1134 1135/1135/1135 1137/1137/1137
f 1137/1137/1137 1135/1135/1135 1138/1138/1138
f 1133/1133/1133 1127/1127/1127 1139/1139/1139
f 1133/1133/1133 1139/1139/1139 1135/1135/1135
f 1127/1127/1127 1140/1140/1140 1139/1139/1139
f 1129/1129/1129 1140/1140/1140 1127/1127/1127
f 1140/1140/1140 1129/1129/1129 1141/1141/1141
f 1129/1129/1129 1142/1142/1142 1141/1141/1141
f 1141/1141/1141 1142/1142/1142 1143/1143/1143
f 1139/1139/1139 1140/1140/1140 1144/1144/1144
f 1140/1140/1140 1145/1145/1145 1144/1144/1144
f 1145/1145/1145 1140/1140/1140 1141/1141/1141
f 1139/1139/1139 1144/1144/1144 1146/1146/1146
f 1135/1135/1135 1139/1139/1139 1146/1146/1146
f 1147/1147/1147 1145/1145/1145 1141/1141/1141
f 1147/1147/1147 1141/1141/1141 1148/1148/1148
f 1135/1135/1135 1146/1146/1146 1149/1149/1149
f 1141/1141/1141 1150/1150/1150 1148/1148/1148
f 1150/1150/1150 1141/1141/1141 1143/1143/1143
f 1148/1148/1148 1150/1150/1150 1151/1151/1151
f 1150/1150/1150 1152/1152/1152 1151/1151/1151
f 1150/1150/1150 1143/1143/1143 1152/1152/1152
f 1143/1143/1143 1153/1153/1153 1152/1152/1152
f 1154/1154/1154 1135/1135/1135 1149/1149/1149
f 1135/1135/1135 1154/1154/1154 1138/1138/1138
f 1154/1154/1154 1149/1149/1149 1155/1155/1155
f 1154/1154/1154 1155/1155/1155 1138/1138/1138
f 1149/1149/1149 1156/1156/1156 1155/1155/1155
f 1156/1156/1156 1157/1157/1157 1155/1155/1155
f 1155/1155/1155 1158/1158/1158 1138/1138/1138
f 1157/1157/1157 1159/1159/1159 1155/1155/1155
f 1155/1155/1155 1159/1159/1159 1158/1158/1158
f 1159/1159/1159 1160/1160/1160 1158/1158/1158
f 1163/1163/1163 1162/1162/1162 1161/1161/1161
f 1164/1164/1164 1163/1163/1163 1161/1161/1161
f 1165/1165/1165 1163/1163/1163 1164/1164/1164
f 1166/1166/1166 1165/1165/1165 1164/1164/1164
f 1166/1166/1166 1164/1164/1164 1167/1167/1167
f 1168/1168/1168 1166/1166/1166 1167/1167/1167
f 1164/1164/1164 1161/1161/1161 1169/1169/1169
f 1167/1167/1167 1164/1164/1164 1169/1169/1169
f 1168/1168/1168 1167/1167/1167 1170/1170/1170
f 1168/1168/1168 1170/1170/1170 1171/1171/1171
f 1171/1171/1171 1170/1170/1170 1172/1172/1172
f 1169/1169/1169 1173/1173/1173 1167/1167/1167
f 1174/1174/1174 1173/1173/1173 1169/1169/1169
f 1175/1175/1175 1173/1173/1173 1174/1174/1174
f 1172/1172/1172 1175/1175/1175 1174/1174/1174
f 1173/1173/1173 1175/1175/1175 1167/1167/1167
f 1170/1170/1170 1176/1176/1176 1172/1172/1172
f 1167/1167/1167 1176/1176/1176 1170/1170/1170
f 1175/1175/1175 1177/1177/1177 1167/1167/1167
f 1172/1172/1172 1177/1177/1177 1175/1175/1175
f 1167/1167/1167 1177/1177/1177 1176/1176/1176
f 1176/1176/1176 1177/1177/1177 1172/1172/1172
f 1180/1180/1180 1179/1179/1179 1178/1178/1178
f 1180/1180/1180 1178/1178/1178 1181/1181/1181
f 1181/1181/1181 1182/1182/1182 1180/1180/1180
f 1183/1183/1183 1181/1181/1181 1178/1178/1178
f 1181/1181/1181 1184/1184/1184 1182/1182/1182
f 1183/1183/1183 1185/1185/1185 1181/1181/1181
f 1184/1184/1184 1181/1181/1181 1185/1185/1185
f 1186/1186/1186 1182/1182/1182 1184/1184/1184
f 1186/1186/1186 1187/1187/1187 1182/1182/1182
f 1188/1188/1188 1185/1185/1185 1183/1183/1183
f 1188/1188/1188 1183/1183/1183 1189/1189/1189
f 1190/1190/1190 1188/1188/1188 1189/1189/1189
f 1184/1184/1184 1185/1185/1185 1191/1191/1191
f 1186/1186/1186 1184/1184/1184 1191/1191/1191
f 1192/1192/1192 1187/1187/1187 1186/1186/1186
f 1193/1193/1193 1187/1187/1187 1192/1192/1192
f 1190/1190/1190 1194/1194/1194 1188/1188/1188
f 1190/1190/1190 1195/1195/1195 1194/1194/1194
f 1185/1185/1185 1188/1188/1188 1196/1196/1196
f 1185/1185/1185 1196/1196/1196 1191/1191/1191
f 1197/1197/1197 1186/1186/1186 1191/1191/1191
f 1186/1186/1186 1197/1197/1197 1192/1192/1192
f 1198/1198/1198 1188/1188/1188 1194/1194/1194
f 1198/1198/1198 1196/1196/1196 1188/1188/1188
f 1195/1195/1195 1199/1199/1199 1194/1194/1194
f 1194/1194/1194 1199/1199/1199 1198/1198/1198
f 1195/1195/1195 1200/1200/1200 1199/1199/1199
f 1201/1201/1201 1191/1191/1191 1196/1196/1196
f 1201/1201/1201 1197/1197/1197 1191/1191/1191
f 1193/1193/1193 1192/1192/1192 1202/1202/1202
f 1203/1203/1203 1193/1193/1193 1202/1202/1202
f 1204/1204/1204 1192/1192/1192 1197/1197/1197
f 1204/1204/1204 1197/1197/1197 1201/1201/1201
f 1205/1205/1205 1201/1201/1201 1196/1196/1196
f 1205/1205/1205 1196/1196/1196 1198/1198/1198
f 1206/1206/1206 1201/1201/1201 1205/1205/1205
f 1206/1206/1206 1204/1204/1204 1201/1201/1201
f 1204/1204/1204 1207/1207/1207 1192/1192/1192
f 1207/1207/1207 1202/1202/1202 1192/1192/1192
f 1203/1203/1203 1202/1202/1202 1208/1208/1208
f 1208/1208/1208 1209/1209/1209 1203/1203/1203
f 1205/1205/1205 1198/1198/1198 1210/1210/1210
f 1210/1210/1210 1206/1206/1206 1205/1205/1205
f 1204/1204/1204 1206/1206/1206 952/952/952
f 1204/1204/1204 952/952/952 1207/1207/1207
f 1210/1210/1210 1211/1211/1211 1206/1206/1206
f 1212/1212/1212 1211/1211/1211 1210/1210/1210
f 1207/1207/1207 1213/1213/1213 1202/1202/1202
f 1208/1208/1208 1202/1202/1202 1213/1213/1213
f 1207/1207/1207 952/952/952 1214/1214/1214
f 1213/1213/1213 1207/1207/1207 1214/1214/1214
f 1214/1214/1214 952/952/952 951/951/951
f 1208/1208/1208 1215/1215/1215 1209/1209/1209
f 1215/1215/1215 1216/1216/1216 1209/1209/1209
f 1217/1217/1217 1212/1212/1212 1210/1210/1210
f 1218/1218/1218 1212/1212/1212 1217/1217/1217
f 951/951/951 1219/1219/1219 1214/1214/1214
f 1219/1219/1219 951/951/951 948/948/948
f 1220/1220/1220 1213/1213/1213 1214/1214/1214
f 1219/1219/1219 1220/1220/1220 1214/1214/1214
f 1208/1208/1208 1213/1213/1213 1221/1221/1221
f 1215/1215/1215 1208/1208/1208 1221/1221/1221
f 1215/1215/1215 1222/1222/1222 1216/1216/1216
f 1222/1222/1222 1223/1223/1223 1216/1216/1216
f 1219/1219/1219 948/948/948 1224/1224/1224
f 1224/1224/1224 948/948/948 960/960/960
f 1225/1225/1225 1219/1219/1219 1224/1224/1224
f 1219/1219/1219 1225/1225/1225 1220/1220/1220
f 1226/1226/1226 1224/1224/1224 960/960/960
f 1226/1226/1226 1225/1225/1225 1224/1224/1224
f 954/954/954 1226/1226/1226 960/960/960
f 954/954/954 1225/1225/1225 1226/1226/1226
f 954/954/954 973/973/973 1225/1225/1225
f 1225/1225/1225 973/973/973 1220/1220/1220
f 1227/1227/1227 1213/1213/1213 1220/1220/1220
f 1227/1227/1227 1221/1221/1221 1213/1213/1213
f 1220/1220/1220 973/973/973 1228/1228/1228
f 1228/1228/1228 1227/1227/1227 1220/1220/1220
f 1228/1228/1228 973/973/973 971/971/971
f 971/971/971 1229/1229/1229 1228/1228/1228
f 1229/1229/1229 971/971/971 1016/1016/1016
f 1228/1228/1228 1230/1230/1230 1227/1227/1227
f 1230/1230/1230 1228/1228/1228 1229/1229/1229
f 1231/1231/1231 1229/1229/1229 1016/1016/1016
f 1231/1231/1231 1230/1230/1230 1229/1229/1229
f 1011/1011/1011 1231/1231/1231 1016/1016/1016
f 1011/1011/1011 1230/1230/1230 1231/1231/1231
f 1011/1011/1011 1046/1046/1046 1230/1230/1230
f 1230/1230/1230 1232/1232/1232 1227/1227/1227
f 1221/1221/1221 1227/1227/1227 1232/1232/1232
f 1230/1230/1230 1046/1046/1046 1232/1232/1232
f 1233/1233/1233 1221/1221/1221 1232/1232/1232
f 1215/1215/1215 1221/1221/1221 1233/1233/1233
f 1233/1233/1233 1222/1222/1222 1215/1215/1215
f 1232/1232/1232 1046/1046/1046 1234/1234/1234
f 1046/1046/1046 1045/1045/1045 1234/1234/1234
f 1235/1235/1235 1233/1233/1233 1232/1232/1232
f 1235/1235/1235 1232/1232/1232 1234/1234/1234
f 1235/1235/1235 1236/1236/1236 1233/1233/1233
f 1045/1045/1045 1237/1237/1237 1234/1234/1234
f 1045/1045/1045 1074/1074/1074 1237/1237/1237
f 1234/1234/1234 1238/1238/1238 1235/1235/1235
f 1238/1238/1238 1234/1234/1234 1237/1237/1237
f 1238/1238/1238 1236/1236/1236 1235/1235/1235
f 1239/1239/1239 1237/1237/1237 1074/1074/1074
f 1239/1239/1239 1238/1238/1238 1237/1237/1237
f 1069/1069/1069 1239/1239/1239 1074/1074/1074
f 1069/1069/1069 1238/1238/1238 1239/1239/1239
f 1104/1104/1104 1238/1238/1238 1069/1069/1069
f 1236/1236/1236 1238/1238/1238 1104/1104/1104
f 1233/1233/1233 1240/1240/1240 1222/1222/1222
f 1236/1236/1236 1240/1240/1240 1233/1233/1233
f 1222/1222/1222 1240/1240/1240 1241/1241/1241
f 1242/1242/1242 1240/1240/1240 1236/1236/1236
f 1241/1241/1241 1240/1240/1240 1242/1242/1242
f 1222/1222/1222 1241/1241/1241 1243/1243/1243
f 1222/1222/1222 1243/1243/1243 1223/1223/1223
f 1223/1223/1223 1243/1243/1243 1244/1244/1244
f 1244/1244/1244 1243/1243/1243 1241/1241/1241
f 1244/1244/1244 1241/1241/1241 1245/1245/1245
f 1245/1245/1245 1241/1241/1241 1246/1246/1246
f 1246/1246/1246 1241/1241/1241 1242/1242/1242
f 1245/1245/1245 1246/1246/1246 1247/1247/1247
f 1247/1247/1247 1246/1246/1246 1248/1248/1248
f 1246/1246/1246 1249/1249/1249 1248/1248/1248
f 1249/1249/1249 1246/1246/1246 1242/1242/1242
f 1248/1248/1248 1249/1249/1249 1113/1113/1113
f 1249/1249/1249 1121/1121/1121 1113/1113/1113
f 1249/1249/1249 1242/1242/1242 1250/1250/1250
f 1249/1249/1249 1250/1250/1250 1121/1121/1121
f 1236/1236/1236 1251/1251/1251 1242/1242/1242
f 1242/1242/1242 1251/1251/1251 1250/1250/1250
f 1252/1252/1252 1121/1121/1121 1250/1250/1250
f 1252/1252/1252 1250/1250/1250 1251/1251/1251
f 1253/1253/1253 1251/1251/1251 1236/1236/1236
f 1104/1104/1104 1253/1253/1253 1236/1236/1236
f 1254/1254/1254 1251/1251/1251 1253/1253/1253
f 1254/1254/1254 1253/1253/1253 1104/1104/1104
f 1254/1254/1254 1252/1252/1252 1251/1251/1251
f 1254/1254/1254 1104/1104/1104 1103/1103/1103
f 1121/1121/1121 1252/1252/1252 1255/1255/1255
f 1254/1254/1254 1255/1255/1255 1252/1252/1252
f 1103/1103/1103 1255/1255/1255 1254/1254/1254
f 1121/1121/1121 1255/1255/1255 1102/1102/1102
f 1102/1102/1102 1255/1255/1255 1103/1103/1103
f 1258/1258/1258 1257/1257/1257 1256/1256/1256
f 1258/1258/1258 1259/1259/1259 1257/1257/1257
f 1258/1258/1258 1260/1260/1260 1259/1259/1259
f 1261/1261/1261 1259/1259/1259 1260/1260/1260
f 1260/1260/1260 1258/1258/1258 1262/1262/1262
f 1263/1263/1263 1262/1262/1262 1258/1258/1258
f 1264/1264/1264 1260/1260/1260 1262/1262/1262
f 1264/1264/1264 1265/1265/1265 1260/1260/1260
f 1261/1261/1261 1260/1260/1260 1266/1266/1266
f 1265/1265/1265 1266/1266/1266 1260/1260/1260
f 1261/1261/1261 1266/1266/1266 1267/1267/1267
f 1267/1267/1267 1266/1266/1266 1265/1265/1265
f 1268/1268/1268 1261/1261/1261 1267/1267/1267
f 1269/1269/1269 1267/1267/1267 1265/1265/1265
f 1269/1269/1269 1270/1270/1270 1267/1267/1267
f 1268/1268/1268 1267/1267/1267 1271/1271/1271
f 1270/1270/1270 1272/1272/1272 1267/1267/1267
f 1267/1267/1267 1272/1272/1272 1271/1271/1271
f 1270/1270/1270 1273/1273/1273 1272/1272/1272
f 1271/1271/1271 1272/1272/1272 1274/1274/1274
f 1273/1273/1273 1274/1274/1274 1272/1272/1272
f 1271/1271/1271 1274/1274/1274 1275/1275/1275
f 1276/1276/1276 1274/1274/1274 1273/1273/1273
f 1275/1275/1275 1274/1274/1274 1277/1277/1277
f 1275/1275/1275 1277/1277/1277 1278/1278/1278
f 1276/1276/1276 1279/1279/1279 1274/1274/1274
f 1277/1277/1277 1274/1274/1274 1279/1279/1279
f 1280/1280/1280 1279/1279/1279 1276/1276/1276
f 1280/1280/1280 1281/1281/1281 1279/1279/1279
f 1277/1277/1277 1279/1279/1279 1281/1281/1281
f 1281/1281/1281 1280/1280/1280 1282/1282/1282
f 1278/1278/1278 1277/1277/1277 1283/1283/1283
f 1284/1284/1284 1278/1278/1278 1283/1283/1283
f 1284/1284/1284 1283/1283/1283 1285/1285/1285
f 1286/1286/1286 1277/1277/1277 1281/1281/1281
f 1281/1281/1281 1282/1282/1282 1286/1286/1286
f 1286/1286/1286 1283/1283/1283 1277/1277/1277
f 1287/1287/1287 1285/1285/1285 1283/1283/1283
f 1287/1287/1287 1283/1283/1283 1286/1286/1286
f 1287/1287/1287 1288/1288/1288 1285/1285/1285
f 1289/1289/1289 1288/1288/1288 1287/1287/1287
f 1290/1290/1290 1286/1286/1286 1282/1282/1282
f 1287/1287/1287 1286/1286/1286 1290/1290/1290
f 1290/1290/1290 1282/1282/1282 1291/1291/1291
f 1289/1289/1289 1287/1287/1287 1292/1292/1292
f 1287/1287/1287 1290/1290/1290 1292/1292/1292
f 1289/1289/1289 1292/1292/1292 1293/1293/1293
f 1290/1290/1290 1293/1293/1293 1292/1292/1292
f 1289/1289/1289 1293/1293/1293 1294/1294/1294
f 1293/1293/1293 1295/1295/1295 1294/1294/1294
f 1291/1291/1291 1296/1296/1296 1290/1290/1290
f 1290/1290/1290 1296/1296/1296 1293/1293/1293
f 1291/1291/1291 1297/1297/1297 1296/1296/1296
f 1293/1293/1293 1298/1298/1298 1295/1295/1295
f 1298/1298/1298 1293/1293/1293 1296/1296/1296
f 1299/1299/1299 1295/1295/1295 1298/1298/1298
f 1299/1299/1299 1298/1298/1298 1300/1300/1300
f 1301/1301/1301 1300/1300/1300 1298/1298/1298
f 1302/1302/1302 1296/1296/1296 1297/1297/1297
f 1298/1298/1298 1296/1296/1296 1302/1302/1302
f 1301/1301/1301 1298/1298/1298 1302/1302/1302
f 1302/1302/1302 1297/1297/1297 1303/1303/1303
f 1304/1304/1304 1301/1301/1301 1302/1302/1302
f 1304/1304/1304 1305/1305/1305 1301/1301/1301
f 1306/1306/1306 1302/1302/1302 1303/1303/1303
f 1304/1304/1304 1302/1302/1302 1306/1306/1306
f 1304/1304/1304 1306/1306/1306 1305/1305/1305
f 1307/1307/1307 1306/1306/1306 1303/1303/1303
f 1307/1307/1307 1305/1305/1305 1306/1306/1306
f 1310/1310/1310 1309/1309/1309 1308/1308/1308
f 1309/1309/1309 1311/1311/1311 1308/1308/1308
f 1308/1308/1308 1311/1311/1311 1312/1312/1312
f 1311/1311/1311 1309/1309/1309 1313/1313/1313
f 1311/1311/1311 1314/1314/1314 1312/1312/1312
f 1315/1315/1315 1312/1312/1312 1314/1314/1314
f 1316/1316/1316 1315/1315/1315 1314/1314/1314
f 1317/1317/1317 1315/1315/1315 1316/1316/1316
f 1318/1318/1318 1311/1311/1311 1313/1313/1313
f 1318/1318/1318 1313/1313/1313 1319/1319/1319
f 1313/1313/1313 1320/1320/1320 1319/1319/1319
f 1319/1319/1319 1320/1320/1320 1321/1321/1321
f 1318/1318/1318 1322/1322/1322 1311/1311/1311
f 1322/1322/1322 1314/1314/1314 1311/1311/1311
f 1318/1318/1318 1319/1319/1319 1322/1322/1322
f 1316/1316/1316 1314/1314/1314 1323/1323/1323
f 1314/1314/1314 1322/1322/1322 1323/1323/1323
f 1324/1324/1324 1319/1319/1319 1321/1321/1321
f 1324/1324/1324 1321/1321/1321 1325/1325/1325
f 1326/1326/1326 1317/1317/1317 1316/1316/1316
f 1327/1327/1327 1326/1326/1326 1316/1316/1316
f 1323/1323/1323 1327/1327/1327 1316/1316/1316
f 1317/1317/1317 1326/1326/1326 1328/1328/1328
f 1326/1326/1326 1327/1327/1327 1328/1328/1328
f 1329/1329/1329 1317/1317/1317 1328/1328/1328
f 1329/1329/1329 1328/1328/1328 1330/1330/1330
f 1331/1331/1331 1329/1329/1329 1330/1330/1330
f 1332/1332/1332 1331/1331/1331 1330/1330/1330
f 1327/1327/1327 1333/1333/1333 1328/1328/1328
f 1328/1328/1328 1333/1333/1333 1330/1330/1330
f 1324/1324/1324 1334/1334/1334 1319/1319/1319
f 1335/1335/1335 1324/1324/1324 1325/1325/1325
f 1324/1324/1324 1335/1335/1335 1334/1334/1334
f 1334/1334/1334 1336/1336/1336 1319/1319/1319
f 1319/1319/1319 1336/1336/1336 1322/1322/1322
f 1336/1336/1336 1337/1337/1337 1322/1322/1322
f 1337/1337/1337 1323/1323/1323 1322/1322/1322
f 1327/1327/1327 1323/1323/1323 1338/1338/1338
f 1323/1323/1323 1337/1337/1337 1338/1338/1338
f 1339/1339/1339 1337/1337/1337 1336/1336/1336
f 1334/1334/1334 1339/1339/1339 1336/1336/1336
f 1337/1337/1337 1339/1339/1339 1338/1338/1338
f 1333/1333/1333 1327/1327/1327 1340/1340/1340
f 1327/1327/1327 1338/1338/1338 1340/1340/1340
f 1333/1333/1333 1341/1341/1341 1330/1330/1330
f 1333/1333/1333 1340/1340/1340 1341/1341/1341
f 1335/1335/1335 1325/1325/1325 1342/1342/1342
f 1325/1325/1325 1343/1343/1343 1342/1342/1342
f 1335/1335/1335 1344/1344/1344 1334/1334/1334
f 1334/1334/1334 1344/1344/1344 1339/1339/1339
f 1342/1342/1342 1343/1343/1343 1345/1345/1345
f 1343/1343/1343 1346/1346/1346 1345/1345/1345
f 1335/1335/1335 1342/1342/1342 1347/1347/1347
f 1344/1344/1344 1335/1335/1335 1347/1347/1347
f 1347/1347/1347 1342/1342/1342 1345/1345/1345
f 1330/1330/1330 1341/1341/1341 1348/1348/1348
f 1348/1348/1348 1332/1332/1332 1330/1330/1330
f 1349/1349/1349 1332/1332/1332 1348/1348/1348
f 1349/1349/1349 1350/1350/1350 1332/1332/1332
f 1349/1349/1349 1351/1351/1351 1350/1350/1350
f 1341/1341/1341 1352/1352/1352 1348/1348/1348
f 1349/1349/1349 1348/1348/1348 1352/1352/1352
f 1353/1353/1353 1345/1345/1345 1346/1346/1346
f 1354/1354/1354 1353/1353/1353 1346/1346/1346
f 1352/1352/1352 1341/1341/1341 1355/1355/1355
f 1340/1340/1340 1355/1355/1355 1341/1341/1341
f 1356/1356/1356 1355/1355/1355 1340/1340/1340
f 1357/1357/1357 1353/1353/1353 1354/1354/1354
f 1358/1358/1358 1357/1357/1357 1354/1354/1354
f 1358/1358/1358 1359/1359/1359 1357/1357/1357
f 1359/1359/1359 1360/1360/1360 1357/1357/1357
f 1359/1359/1359 1361/1361/1361 1360/1360/1360
f 1357/1357/1357 1362/1362/1362 1353/1353/1353
f 1357/1357/1357 1360/1360/1360 1362/1362/1362
f 1353/1353/1353 1363/1363/1363 1345/1345/1345
f 1362/1362/1362 1363/1363/1363 1353/1353/1353
f 1364/1364/1364 1352/1352/1352 1355/1355/1355
f 1364/1364/1364 1355/1355/1355 1356/1356/1356
f 1365/1365/1365 1356/1356/1356 1340/1340/1340
f 1365/1365/1365 1340/1340/1340 1338/1338/1338
f 1363/1363/1363 1366/1366/1366 1345/1345/1345
f 1366/1366/1366 1347/1347/1347 1345/1345/1345
f 1347/1347/1347 1366/1366/1366 1367/1367/1367
f 1347/1347/1347 1367/1367/1367 1344/1344/1344
f 1368/1368/1368 1365/1365/1365 1338/1338/1338
f 1339/1339/1339 1368/1368/1368 1338/1338/1338
f 1344/1344/1344 1369/1369/1369 1339/1339/1339
f 1339/1339/1339 1369/1369/1369 1368/1368/1368
f 1367/1367/1367 1369/1369/1369 1344/1344/1344
f 1366/1366/1366 1370/1370/1370 1367/1367/1367
f 1366/1366/1366 1363/1363/1363 1370/1370/1370
f 1368/1368/1368 1371/1371/1371 1365/1365/1365
f 1369/1369/1369 1371/1371/1371 1368/1368/1368
f 1369/1369/1369 1367/1367/1367 1372/1372/1372
f 1372/1372/1372 1367/1367/1367 1370/1370/1370
f 1371/1371/1371 1369/1369/1369 1372/1372/1372
f 1371/1371/1371 1373/1373/1373 1365/1365/1365
f 1365/1365/1365 1373/1373/1373 1356/1356/1356
f 1372/1372/1372 1374/1374/1374 1371/1371/1371
f 1374/1374/1374 1373/1373/1373 1371/1371/1371
f 1363/1363/1363 1375/1375/1375 1370/1370/1370
f 1376/1376/1376 1375/1375/1375 1363/1363/1363
f 1362/1362/1362 1376/1376/1376 1363/1363/1363
f 1377/1377/1377 1372/1372/1372 1370/1370/1370
f 1370/1370/1370 1375/1375/1375 1378/1378/1378
f 1377/1377/1377 1370/1370/1370 1378/1378/1378
f 1375/1375/1375 1376/1376/1376 1379/1379/1379
f 1378/1378/1378 1375/1375/1375 1379/1379/1379
f 1380/1380/1380 1376/1376/1376 1362/1362/1362
f 1379/1379/1379 1376/1376/1376 1380/1380/1380
f 1372/1372/1372 1377/1377/1377 1381/1381/1381
f 1374/1374/1374 1372/1372/1372 1381/1381/1381
f 1377/1377/1377 1378/1378/1378 1382/1382/1382
f 1381/1381/1381 1377/1377/1377 1382/1382/1382
f 1381/1381/1381 1383/1383/1383 1374/1374/1374
f 1381/1381/1381 1382/1382/1382 1383/1383/1383
f 1374/1374/1374 1384/1384/1384 1373/1373/1373
f 1383/1383/1383 1384/1384/1384 1374/1374/1374
f 1385/1385/1385 1380/1380/1380 1362/1362/1362
f 1360/1360/1360 1385/1385/1385 1362/1362/1362
f 1378/1378/1378 1379/1379/1379 1386/1386/1386
f 1382/1382/1382 1378/1378/1378 1386/1386/1386
f 1384/1384/1384 1387/1387/1387 1373/1373/1373
f 1373/1373/1373 1387/1387/1387 1356/1356/1356
f 1388/1388/1388 1385/1385/1385 1360/1360/1360
f 1389/1389/1389 1380/1380/1380 1385/1385/1385
f 1388/1388/1388 1389/1389/1389 1385/1385/1385
f 1390/1390/1390 1388/1388/1388 1360/1360/1360
f 1361/1361/1361 1390/1390/1390 1360/1360/1360
f 1391/1391/1391 1390/1390/1390 1361/1361/1361
f 1392/1392/1392 1391/1391/1391 1361/1361/1361
f 1393/1393/1393 1388/1388/1388 1390/1390/1390
f 1391/1391/1391 1393/1393/1393 1390/1390/1390
f 1391/1391/1391 1392/1392/1392 1394/1394/1394
f 1392/1392/1392 1395/1395/1395 1394/1394/1394
f 1396/1396/1396 1394/1394/1394 1395/1395/1395
f 1397/1397/1397 1396/1396/1396 1395/1395/1395
f 1394/1394/1394 1396/1396/1396 1398/1398/1398
f 1394/1394/1394 1399/1399/1399 1391/1391/1391
f 1399/1399/1399 1394/1394/1394 1398/1398/1398
f 1399/1399/1399 1393/1393/1393 1391/1391/1391
f 1398/1398/1398 1400/1400/1400 1399/1399/1399
f 1400/1400/1400 1401/1401/1401 1399/1399/1399
f 1399/1399/1399 1401/1401/1401 1393/1393/1393
f 1400/1400/1400 1402/1402/1402 1401/1401/1401
f 1393/1393/1393 1403/1403/1403 1388/1388/1388
f 1401/1401/1401 1403/1403/1403 1393/1393/1393
f 1403/1403/1403 1389/1389/1389 1388/1388/1388
f 1402/1402/1402 1404/1404/1404 1401/1401/1401
f 1403/1403/1403 1401/1401/1401 1404/1404/1404
f 1404/1404/1404 1402/1402/1402 1405/1405/1405
f 1389/1389/1389 1403/1403/1403 1406/1406/1406
f 1406/1406/1406 1403/1403/1403 1404/1404/1404
f 1407/1407/1407 1404/1404/1404 1405/1405/1405
f 1404/1404/1404 1407/1407/1407 1406/1406/1406
f 1405/1405/1405 1408/1408/1408 1407/1407/1407
f 1409/1409/1409 1389/1389/1389 1406/1406/1406
f 1380/1380/1380 1389/1389/1389 1409/1409/1409
f 1407/1407/1407 1410/1410/1410 1406/1406/1406
f 1409/1409/1409 1406/1406/1406 1410/1410/1410
f 1408/1408/1408 1411/1411/1411 1407/1407/1407
f 1408/1408/1408 1412/1412/1412 1411/1411/1411
f 1413/1413/1413 1380/1380/1380 1409/1409/1409
f 1413/1413/1413 1379/1379/1379 1380/1380/1380
f 1414/1414/1414 1409/1409/1409 1410/1410/1410
f 1413/1413/1413 1409/1409/1409 1414/1414/1414
f 1415/1415/1415 1410/1410/1410 1407/1407/1407
f 1411/1411/1411 1415/1415/1415 1407/1407/1407
f 1414/1414/1414 1410/1410/1410 1415/1415/1415
f 1415/1415/1415 1411/1411/1411 1416/1416/1416
f 1379/1379/1379 1413/1413/1413 1417/1417/1417
f 1417/1417/1417 1413/1413/1413 1414/1414/1414
f 1386/1386/1386 1379/1379/1379 1417/1417/1417
f 1418/1418/1418 1414/1414/1414 1415/1415/1415
f 1418/1418/1418 1415/1415/1415 1416/1416/1416
f 1417/1417/1417 1414/1414/1414 1418/1418/1418
f 1412/1412/1412 1419/1419/1419 1411/1411/1411
f 1420/1420/1420 1419/1419/1419 1412/1412/1412
f 1421/1421/1421 1411/1411/1411 1419/1419/1419
f 1411/1411/1411 1421/1421/1421 1416/1416/1416
f 1420/1420/1420 1422/1422/1422 1419/1419/1419
f 1423/1423/1423 1422/1422/1422 1420/1420/1420
f 1423/1423/1423 1424/1424/1424 1422/1422/1422
f 1423/1423/1423 1425/1425/1425 1424/1424/1424
f 1425/1425/1425 1426/1426/1426 1424/1424/1424
f 1427/1427/1427 1426/1426/1426 1425/1425/1425
f 1427/1427/1427 1425/1425/1425 1428/1428/1428
f 1427/1427/1427 1428/1428/1428 1429/1429/1429
f 1430/1430/1430 1416/1416/1416 1421/1421/1421
f 1431/1431/1431 1426/1426/1426 1427/1427/1427
f 1432/1432/1432 1427/1427/1427 1429/1429/1429
f 1432/1432/1432 1429/1429/1429 1433/1433/1433
f 1434/1434/1434 1431/1431/1431 1427/1427/1427
f 1435/1435/1435 1427/1427/1427 1432/1432/1432
f 1435/1435/1435 1434/1434/1434 1427/1427/1427
f 1436/1436/1436 1432/1432/1432 1433/1433/1433
f 1435/1435/1435 1432/1432/1432 1436/1436/1436
f 1437/1437/1437 1431/1431/1431 1434/1434/1434
f 1437/1437/1437 1438/1438/1438 1431/1431/1431
f 1436/1436/1436 1433/1433/1433 1439/1439/1439
f 1433/1433/1433 1440/1440/1440 1439/1439/1439
f 1441/1441/1441 1439/1439/1439 1440/1440/1440
f 1442/1442/1442 1441/1441/1441 1440/1440/1440
f 1442/1442/1442 1443/1443/1443 1441/1441/1441
f 1436/1436/1436 1439/1439/1439 1444/1444/1444
f 1444/1444/1444 1439/1439/1439 1441/1441/1441
f 1443/1443/1443 1445/1445/1445 1441/1441/1441
f 1443/1443/1443 1446/1446/1446 1445/1445/1445
f 1447/1447/1447 1435/1435/1435 1436/1436/1436
f 1447/1447/1447 1436/1436/1436 1444/1444/1444
f 1448/1448/1448 1434/1434/1434 1435/1435/1435
f 1448/1448/1448 1437/1437/1437 1434/1434/1434
f 1437/1437/1437 1448/1448/1448 1449/1449/1449
f 1450/1450/1450 1444/1444/1444 1441/1441/1441
f 1450/1450/1450 1441/1441/1441 1445/1445/1445
f 1451/1451/1451 1448/1448/1448 1435/1435/1435
f 1451/1451/1451 1435/1435/1435 1447/1447/1447
f 1447/1447/1447 1444/1444/1444 1452/1452/1452
f 1452/1452/1452 1444/1444/1444 1450/1450/1450
f 1449/1449/1449 1453/1453/1453 1437/1437/1437
f 1437/1437/1437 1453/1453/1453 1438/1438/1438
f 1448/1448/1448 1454/1454/1454 1449/1449/1449
f 1448/1448/1448 1451/1451/1451 1454/1454/1454
f 1455/1455/1455 1451/1451/1451 1447/1447/1447
f 1455/1455/1455 1447/1447/1447 1452/1452/1452
f 1451/1451/1451 1455/1455/1455 1456/1456/1456
f 1451/1451/1451 1456/1456/1456 1454/1454/1454
f 1457/1457/1457 1438/1438/1438 1453/1453/1453
f 1430/1430/1430 1438/1438/1438 1457/1457/1457
f 1430/1430/1430 1457/1457/1457 1458/1458/1458
f 1430/1430/1430 1458/1458/1458 1416/1416/1416
f 1457/1457/1457 1453/1453/1453 1459/1459/1459
f 1459/1459/1459 1458/1458/1458 1457/1457/1457
f 1416/1416/1416 1458/1458/1458 1460/1460/1460
f 1459/1459/1459 1460/1460/1460 1458/1458/1458
f 1449/1449/1449 1461/1461/1461 1453/1453/1453
f 1459/1459/1459 1453/1453/1453 1461/1461/1461
f 1459/1459/1459 1461/1461/1461 1462/1462/1462
f 1459/1459/1459 1462/1462/1462 1463/1463/1463
f 1459/1459/1459 1463/1463/1463 1460/1460/1460
f 1464/1464/1464 1461/1461/1461 1449/1449/1449
f 1460/1460/1460 1463/1463/1463 1465/1465/1465
f 1416/1416/1416 1460/1460/1460 1466/1466/1466
f 1460/1460/1460 1465/1465/1465 1466/1466/1466
f 1466/1466/1466 1418/1418/1418 1416/1416/1416
f 1466/1466/1466 1465/1465/1465 1467/1467/1467
f 1418/1418/1418 1466/1466/1466 1467/1467/1467
f 1467/1467/1467 1417/1417/1417 1418/1418/1418
f 1465/1465/1465 1468/1468/1468 1467/1467/1467
f 1417/1417/1417 1467/1467/1467 1469/1469/1469
f 1468/1468/1468 1469/1469/1469 1467/1467/1467
f 1386/1386/1386 1417/1417/1417 1469/1469/1469
f 1382/1382/1382 1386/1386/1386 1469/1469/1469
f 1470/1470/1470 1382/1382/1382 1469/1469/1469
f 1470/1470/1470 1469/1469/1469 1468/1468/1468
f 1382/1382/1382 1470/1470/1470 1383/1383/1383
f 1471/1471/1471 1470/1470/1470 1468/1468/1468
f 1383/1383/1383 1470/1470/1470 1471/1471/1471
f 1472/1472/1472 1471/1471/1471 1468/1468/1468
f 1473/1473/1473 1383/1383/1383 1471/1471/1471
f 1384/1384/1384 1383/1383/1383 1473/1473/1473
f 1474/1474/1474 1384/1384/1384 1473/1473/1473
f 1384/1384/1384 1474/1474/1474 1387/1387/1387
f 1475/1475/1475 1473/1473/1473 1471/1471/1471
f 1474/1474/1474 1473/1473/1473 1475/1475/1475
f 1472/1472/1472 1476/1476/1476 1471/1471/1471
f 1475/1475/1475 1471/1471/1471 1476/1476/1476
f 1474/1474/1474 1477/1477/1477 1387/1387/1387
f 1356/1356/1356 1387/1387/1387 1477/1477/1477
f 1472/1472/1472 1478/1478/1478 1476/1476/1476
f 1472/1472/1472 1464/1464/1464 1478/1478/1478
f 1478/1478/1478 1464/1464/1464 1449/1449/1449
f 1479/1479/1479 1475/1475/1475 1476/1476/1476
f 1479/1479/1479 1476/1476/1476 1478/1478/1478
f 1474/1474/1474 1475/1475/1475 1480/1480/1480
f 1477/1477/1477 1474/1474/1474 1480/1480/1480
f 1481/1481/1481 1356/1356/1356 1477/1477/1477
f 1481/1481/1481 1364/1364/1364 1356/1356/1356
f 1482/1482/1482 1478/1478/1478 1449/1449/1449
f 1449/1449/1449 1454/1454/1454 1482/1482/1482
f 1478/1478/1478 1482/1482/1482 1483/1483/1483
f 1478/1478/1478 1483/1483/1483 1479/1479/1479
f 1454/1454/1454 1484/1484/1484 1482/1482/1482
f 1483/1483/1483 1482/1482/1482 1484/1484/1484
f 1454/1454/1454 1456/1456/1456 1484/1484/1484
f 1475/1475/1475 1479/1479/1479 1485/1485/1485
f 1475/1475/1475 1485/1485/1485 1480/1480/1480
f 1477/1477/1477 1480/1480/1480 1486/1486/1486
f 1481/1481/1481 1477/1477/1477 1486/1486/1486
f 1480/1480/1480 1485/1485/1485 1487/1487/1487
f 1480/1480/1480 1487/1487/1487 1486/1486/1486
f 1488/1488/1488 1487/1487/1487 1485/1485/1485
f 1479/1479/1479 1488/1488/1488 1485/1485/1485
f 1479/1479/1479 1483/1483/1483 1488/1488/1488
f 1481/1481/1481 1486/1486/1486 1489/1489/1489
f 1489/1489/1489 1486/1486/1486 1490/1490/1490
f 1481/1481/1481 1489/1489/1489 1491/1491/1491
f 1481/1481/1481 1491/1491/1491 1364/1364/1364
f 1352/1352/1352 1364/1364/1364 1491/1491/1491
f 1489/1489/1489 1490/1490/1490 1492/1492/1492
f 1493/1493/1493 1492/1492/1492 1490/1490/1490
f 1489/1489/1489 1494/1494/1494 1491/1491/1491
f 1489/1489/1489 1492/1492/1492 1494/1494/1494
f 1492/1492/1492 1495/1495/1495 1494/1494/1494
f 1352/1352/1352 1491/1491/1491 1496/1496/1496
f 1497/1497/1497 1496/1496/1496 1491/1491/1491
f 1349/1349/1349 1352/1352/1352 1496/1496/1496
f 1497/1497/1497 1498/1498/1498 1496/1496/1496
f 1349/1349/1349 1496/1496/1496 1498/1498/1498
f 1497/1497/1497 1499/1499/1499 1498/1498/1498
f 1349/1349/1349 1498/1498/1498 1500/1500/1500
f 1499/1499/1499 1500/1500/1500 1498/1498/1498
f 1349/1349/1349 1500/1500/1500 1351/1351/1351
f 1351/1351/1351 1500/1500/1500 1501/1501/1501
f 1499/1499/1499 1501/1501/1501 1500/1500/1500
f 1351/1351/1351 1501/1501/1501 1502/1502/1502
f 1492/1492/1492 1503/1503/1503 1495/1495/1495
f 1493/1493/1493 1503/1503/1503 1492/1492/1492
f 1504/1504/1504 1499/1499/1499 1495/1495/1495
f 1504/1504/1504 1495/1495/1495 1503/1503/1503
f 1502/1502/1502 1501/1501/1501 1505/1505/1505
f 1502/1502/1502 1505/1505/1505 1506/1506/1506
f 1501/1501/1501 1499/1499/1499 1507/1507/1507
f 1504/1504/1504 1507/1507/1507 1499/1499/1499
f 1501/1501/1501 1507/1507/1507 1505/1505/1505
f 1508/1508/1508 1503/1503/1503 1493/1493/1493
f 1508/1508/1508 1504/1504/1504 1503/1503/1503
f 1506/1506/1506 1505/1505/1505 1509/1509/1509
f 1506/1506/1506 1509/1509/1509 1510/1510/1510
f 1505/1505/1505 1507/1507/1507 1511/1511/1511
f 1505/1505/1505 1511/1511/1511 1509/1509/1509
f 1512/1512/1512 1507/1507/1507 1504/1504/1504
f 1512/1512/1512 1511/1511/1511 1507/1507/1507
f 1510/1510/1510 1509/1509/1509 1513/1513/1513
f 1514/1514/1514 1510/1510/1510 1513/1513/1513
f 1514/1514/1514 1513/1513/1513 1515/1515/1515
f 1516/1516/1516 1509/1509/1509 1511/1511/1511
f 1516/1516/1516 1513/1513/1513 1509/1509/1509
f 1517/1517/1517 1508/1508/1508 1493/1493/1493
f 1488/1488/1488 1517/1517/1517 1493/1493/1493
f 1508/1508/1508 1518/1518/1518 1504/1504/1504
f 1518/1518/1518 1512/1512/1512 1504/1504/1504
f 1512/1512/1512 1519/1519/1519 1511/1511/1511
f 1519/1519/1519 1516/1516/1516 1511/1511/1511
f 1488/1488/1488 1520/1520/1520 1517/1517/1517
f 1520/1520/1520 1488/1488/1488 1483/1483/1483
f 1517/1517/1517 1521/1521/1521 1508/1508/1508
f 1521/1521/1521 1518/1518/1518 1508/1508/1508
f 1520/1520/1520 1521/1521/1521 1517/1517/1517
f 1518/1518/1518 1522/1522/1522 1512/1512/1512
f 1522/1522/1522 1519/1519/1519 1512/1512/1512
f 1522/1522/1522 1518/1518/1518 1523/1523/1523
f 1518/1518/1518 1521/1521/1521 1523/1523/1523
f 1522/1522/1522 1524/1524/1524 1519/1519/1519
f 1522/1522/1522 1523/1523/1523 1524/1524/1524
f 1519/1519/1519 1525/1525/1525 1516/1516/1516
f 1524/1524/1524 1525/1525/1525 1519/1519/1519
f 1520/1520/1520 1483/1483/1483 1526/1526/1526
f 1526/1526/1526 1483/1483/1483 1484/1484/1484
f 1526/1526/1526 1484/1484/1484 1527/1527/1527
f 1456/1456/1456 1527/1527/1527 1484/1484/1484
f 1526/1526/1526 1528/1528/1528 1520/1520/1520
f 1528/1528/1528 1526/1526/1526 1527/1527/1527
f 1520/1520/1520 1529/1529/1529 1521/1521/1521
f 1528/1528/1528 1529/1529/1529 1520/1520/1520
f 1456/1456/1456 1530/1530/1530 1527/1527/1527
f 1455/1455/1455 1530/1530/1530 1456/1456/1456
f 1455/1455/1455 1452/1452/1452 1530/1530/1530
f 1529/1529/1529 1531/1531/1531 1521/1521/1521
f 1531/1531/1531 1523/1523/1523 1521/1521/1521
f 1528/1528/1528 1527/1527/1527 1532/1532/1532
f 1530/1530/1530 1532/1532/1532 1527/1527/1527
f 1528/1528/1528 1533/1533/1533 1529/1529/1529
f 1533/1533/1533 1531/1531/1531 1529/1529/1529
f 1533/1533/1533 1528/1528/1528 1532/1532/1532
f 1452/1452/1452 1534/1534/1534 1530/1530/1530
f 1530/1530/1530 1534/1534/1534 1532/1532/1532
f 1533/1533/1533 1532/1532/1532 1535/1535/1535
f 1534/1534/1534 1535/1535/1535 1532/1532/1532
f 1533/1533/1533 1536/1536/1536 1531/1531/1531
f 1536/1536/1536 1533/1533/1533 1535/1535/1535
f 1531/1531/1531 1537/1537/1537 1523/1523/1523
f 1536/1536/1536 1537/1537/1537 1531/1531/1531
f 1452/1452/1452 1538/1538/1538 1534/1534/1534
f 1538/1538/1538 1452/1452/1452 1450/1450/1450
f 1537/1537/1537 1539/1539/1539 1523/1523/1523
f 1523/1523/1523 1539/1539/1539 1524/1524/1524
f 1540/1540/1540 1537/1537/1537 1536/1536/1536
f 1537/1537/1537 1540/1540/1540 1539/1539/1539
f 1541/1541/1541 1524/1524/1524 1539/1539/1539
f 1525/1525/1525 1524/1524/1524 1541/1541/1541
f 1542/1542/1542 1536/1536/1536 1535/1535/1535
f 1542/1542/1542 1540/1540/1540 1536/1536/1536
f 1534/1534/1534 1543/1543/1543 1535/1535/1535
f 1538/1538/1538 1543/1543/1543 1534/1534/1534
f 1538/1538/1538 1450/1450/1450 1544/1544/1544
f 1544/1544/1544 1450/1450/1450 1445/1445/1445
f 1545/1545/1545 1538/1538/1538 1544/1544/1544
f 1538/1538/1538 1545/1545/1545 1543/1543/1543
f 1543/1543/1543 1546/1546/1546 1535/1535/1535
f 1546/1546/1546 1542/1542/1542 1535/1535/1535
f 1544/1544/1544 1445/1445/1445 1547/1547/1547
f 1545/1545/1545 1544/1544/1544 1547/1547/1547
f 1543/1543/1543 1548/1548/1548 1546/1546/1546
f 1545/1545/1545 1548/1548/1548 1543/1543/1543
f 1546/1546/1546 1549/1549/1549 1542/1542/1542
f 1548/1548/1548 1549/1549/1549 1546/1546/1546
f 1545/1545/1545 1550/1550/1550 1548/1548/1548
f 1550/1550/1550 1545/1545/1545 1547/1547/1547
f 1542/1542/1542 1551/1551/1551 1540/1540/1540
f 1549/1549/1549 1551/1551/1551 1542/1542/1542
f 1548/1548/1548 1552/1552/1552 1549/1549/1549
f 1550/1550/1550 1552/1552/1552 1548/1548/1548
f 1445/1445/1445 1553/1553/1553 1547/1547/1547
f 1446/1446/1446 1553/1553/1553 1445/1445/1445
f 1553/1553/1553 1446/1446/1446 1554/1554/1554
f 1446/1446/1446 1555/1555/1555 1554/1554/1554
f 1547/1547/1547 1553/1553/1553 1556/1556/1556
f 1553/1553/1553 1554/1554/1554 1556/1556/1556
f 1557/1557/1557 1554/1554/1554 1555/1555/1555
f 1554/1554/1554 1557/1557/1557 1556/1556/1556
f 1558/1558/1558 1557/1557/1557 1555/1555/1555
f 1550/1550/1550 1547/1547/1547 1559/1559/1559
f 1547/1547/1547 1556/1556/1556 1559/1559/1559
f 1557/1557/1557 1560/1560/1560 1556/1556/1556
f 1556/1556/1556 1560/1560/1560 1559/1559/1559
f 1561/1561/1561 1557/1557/1557 1558/1558/1558
f 1560/1560/1560 1557/1557/1557 1561/1561/1561
f 1562/1562/1562 1561/1561/1561 1558/1558/1558
f 1563/1563/1563 1560/1560/1560 1561/1561/1561
f 1564/1564/1564 1560/1560/1560 1563/1563/1563
f 1560/1560/1560 1564/1564/1564 1559/1559/1559
f 1565/1565/1565 1564/1564/1564 1563/1563/1563
f 1550/1550/1550 1559/1559/1559 1566/1566/1566
f 1566/1566/1566 1559/1559/1559 1564/1564/1564
f 1552/1552/1552 1550/1550/1550 1566/1566/1566
f 1567/1567/1567 1564/1564/1564 1565/1565/1565
f 1567/1567/1567 1566/1566/1566 1564/1564/1564
f 1568/1568/1568 1567/1567/1567 1565/1565/1565
f 1552/1552/1552 1566/1566/1566 1569/1569/1569
f 1569/1569/1569 1566/1566/1566 1567/1567/1567
f 1570/1570/1570 1567/1567/1567 1568/1568/1568
f 1570/1570/1570 1569/1569/1569 1567/1567/1567
f 1570/1570/1570 1571/1571/1571 1569/1569/1569
f 1572/1572/1572 1570/1570/1570 1568/1568/1568
f 1571/1571/1571 1570/1570/1570 1572/1572/1572
f 1573/1573/1573 1571/1571/1571 1572/1572/1572
f 1574/1574/1574 1571/1571/1571 1573/1573/1573
f 1575/1575/1575 1552/1552/1552 1569/1569/1569
f 1552/1552/1552 1575/1575/1575 1549/1549/1549
f 1549/1549/1549 1575/1575/1575 1551/1551/1551
f 1575/1575/1575 1569/1569/1569 1576/1576/1576
f 1571/1571/1571 1576/1576/1576 1569/1569/1569
f 1574/1574/1574 1577/1577/1577 1571/1571/1571
f 1578/1578/1578 1577/1577/1577 1574/1574/1574
f 1575/1575/1575 1579/1579/1579 1551/1551/1551
f 1579/1579/1579 1575/1575/1575 1576/1576/1576
f 1571/1571/1571 1577/1577/1577 1580/1580/1580
f 1576/1576/1576 1571/1571/1571 1580/1580/1580
f 1578/1578/1578 1581/1581/1581 1577/1577/1577
f 1577/1577/1577 1581/1581/1581 1580/1580/1580
f 1582/1582/1582 1581/1581/1581 1578/1578/1578
f 1551/1551/1551 1579/1579/1579 1583/1583/1583
f 1551/1551/1551 1583/1583/1583 1540/1540/1540
f 1579/1579/1579 1576/1576/1576 1584/1584/1584
f 1576/1576/1576 1580/1580/1580 1584/1584/1584
f 1579/1579/1579 1584/1584/1584 1583/1583/1583
f 1540/1540/1540 1583/1583/1583 1585/1585/1585
f 1540/1540/1540 1585/1585/1585 1539/1539/1539
f 1585/1585/1585 1541/1541/1541 1539/1539/1539
f 1583/1583/1583 1586/1586/1586 1585/1585/1585
f 1583/1583/1583 1584/1584/1584 1586/1586/1586
f 1585/1585/1585 1586/1586/1586 1541/1541/1541
f 1584/1584/1584 1580/1580/1580 1587/1587/1587
f 1584/1584/1584 1587/1587/1587 1586/1586/1586
f 1581/1581/1581 1588/1588/1588 1580/1580/1580
f 1580/1580/1580 1588/1588/1588 1587/1587/1587
f 1582/1582/1582 1589/1589/1589 1581/1581/1581
f 1588/1588/1588 1581/1581/1581 1589/1589/1589
f 1586/1586/1586 1590/1590/1590 1541/1541/1541
f 1586/1586/1586 1587/1587/1587 1590/1590/1590
f 1587/1587/1587 1588/1588/1588 1591/1591/1591
f 1591/1591/1591 1588/1588/1588 1589/1589/1589
f 1592/1592/1592 1589/1589/1589 1582/1582/1582
f 1593/1593/1593 1592/1592/1592 1582/1582/1582
f 1594/1594/1594 1592/1592/1592 1593/1593/1593
f 1595/1595/1595 1587/1587/1587 1591/1591/1591
f 1587/1587/1587 1595/1595/1595 1590/1590/1590
f 1591/1591/1591 1589/1589/1589 1596/1596/1596
f 1589/1589/1589 1592/1592/1592 1596/1596/1596
f 1595/1595/1595 1591/1591/1591 1596/1596/1596
f 1594/1594/1594 1597/1597/1597 1592/1592/1592
f 1592/1592/1592 1597/1597/1597 1596/1596/1596
f 1598/1598/1598 1597/1597/1597 1594/1594/1594
f 1599/1599/1599 1541/1541/1541 1590/1590/1590
f 1599/1599/1599 1525/1525/1525 1541/1541/1541
f 1600/1600/1600 1590/1590/1590 1595/1595/1595
f 1600/1600/1600 1599/1599/1599 1590/1590/1590
f 1601/1601/1601 1595/1595/1595 1596/1596/1596
f 1601/1601/1601 1600/1600/1600 1595/1595/1595
f 1597/1597/1597 1602/1602/1602 1596/1596/1596
f 1601/1601/1601 1596/1596/1596 1602/1602/1602
f 1598/1598/1598 1603/1603/1603 1597/1597/1597
f 1597/1597/1597 1603/1603/1603 1602/1602/1602
f 1604/1604/1604 1603/1603/1603 1598/1598/1598
f 1604/1604/1604 1605/1605/1605 1603/1603/1603
f 1605/1605/1605 1606/1606/1606 1603/1603/1603
f 1607/1607/1607 1525/1525/1525 1599/1599/1599
f 1525/1525/1525 1607/1607/1607 1516/1516/1516
f 1513/1513/1513 1516/1516/1516 1607/1607/1607
f 1608/1608/1608 1599/1599/1599 1600/1600/1600
f 1608/1608/1608 1607/1607/1607 1599/1599/1599
f 1513/1513/1513 1607/1607/1607 1609/1609/1609
f 1607/1607/1607 1608/1608/1608 1609/1609/1609
f 1513/1513/1513 1609/1609/1609 1515/1515/1515
f 1609/1609/1609 1610/1610/1610 1515/1515/1515
f 1608/1608/1608 1610/1610/1610 1609/1609/1609
f 1610/1610/1610 1611/1611/1611 1515/1515/1515
f 1612/1612/1612 1608/1608/1608 1600/1600/1600
f 1608/1608/1608 1612/1612/1612 1610/1610/1610
f 1612/1612/1612 1600/1600/1600 1601/1601/1601
f 1610/1610/1610 1613/1613/1613 1611/1611/1611
f 1612/1612/1612 1613/1613/1613 1610/1610/1610
f 1613/1613/1613 1614/1614/1614 1611/1611/1611
f 1615/1615/1615 1612/1612/1612 1601/1601/1601
f 1612/1612/1612 1615/1615/1615 1613/1613/1613
f 1615/1615/1615 1601/1601/1601 1602/1602/1602
f 1613/1613/1613 1616/1616/1616 1614/1614/1614
f 1615/1615/1615 1616/1616/1616 1613/1613/1613
f 1616/1616/1616 1617/1617/1617 1614/1614/1614
f 1617/1617/1617 1616/1616/1616 1606/1606/1606
f 1615/1615/1615 1602/1602/1602 1618/1618/1618
f 1616/1616/1616 1615/1615/1615 1618/1618/1618
f 1616/1616/1616 1618/1618/1618 1606/1606/1606
f 1603/1603/1603 1618/1618/1618 1602/1602/1602
f 1606/1606/1606 1618/1618/1618 1603/1603/1603
f 1621/1621/1621 1620/1620/1620 1619/1619/1619
f 1621/1621/1621 1619/1619/1619 1622/1622/1622
f 1623/1623/1623 1621/1621/1621 1622/1622/1622
f 1622/1622/1622 1619/1619/1619 1624/1624/1624
f 1623/1623/1623 1622/1622/1622 1625/1625/1625
f 1626/1626/1626 1623/1623/1623 1625/1625/1625
f 1622/1622/1622 1624/1624/1624 1627/1627/1627
f 1625/1625/1625 1622/1622/1622 1627/1627/1627
f 1628/1628/1628 1627/1627/1627 1624/1624/1624
f 1626/1626/1626 1625/1625/1625 1629/1629/1629
f 1629/1629/1629 1630/1630/1630 1626/1626/1626
f 1628/1628/1628 1631/1631/1631 1627/1627/1627
f 1631/1631/1631 1628/1628/1628 1632/1632/1632
f 1633/1633/1633 1631/1631/1631 1632/1632/1632
f 1631/1631/1631 1633/1633/1633 1634/1634/1634
f 1625/1625/1625 1627/1627/1627 1635/1635/1635
f 1631/1631/1631 1635/1635/1635 1627/1627/1627
f 1629/1629/1629 1625/1625/1625 1635/1635/1635
f 1636/1636/1636 1631/1631/1631 1634/1634/1634
f 1631/1631/1631 1636/1636/1636 1635/1635/1635
f 1636/1636/1636 1634/1634/1634 1637/1637/1637
f 1638/1638/1638 1636/1636/1636 1637/1637/1637
f 1629/1629/1629 1639/1639/1639 1630/1630/1630
f 1640/1640/1640 1630/1630/1630 1639/1639/1639
f 1629/1629/1629 1635/1635/1635 1641/1641/1641
f 1641/1641/1641 1635/1635/1635 1636/1636/1636
f 1641/1641/1641 1639/1639/1639 1629/1629/1629
f 1642/1642/1642 1636/1636/1636 1638/1638/1638
f 1641/1641/1641 1636/1636/1636 1642/1642/1642
f 1642/1642/1642 1638/1638/1638 1643/1643/1643
f 1640/1640/1640 1639/1639/1639 1644/1644/1644
f 1644/1644/1644 1645/1645/1645 1640/1640/1640
f 1641/1641/1641 1646/1646/1646 1639/1639/1639
f 1646/1646/1646 1641/1641/1641 1642/1642/1642
f 1644/1644/1644 1639/1639/1639 1646/1646/1646
f 1647/1647/1647 1642/1642/1642 1643/1643/1643
f 1646/1646/1646 1642/1642/1642 1647/1647/1647
f 1647/1647/1647 1643/1643/1643 1648/1648/1648
f 1644/1644/1644 1649/1649/1649 1645/1645/1645
f 1649/1649/1649 1650/1650/1650 1645/1645/1645
f 1644/1644/1644 1646/1646/1646 1651/1651/1651
f 1651/1651/1651 1646/1646/1646 1647/1647/1647
f 1649/1649/1649 1644/1644/1644 1651/1651/1651
f 1652/1652/1652 1647/1647/1647 1648/1648/1648
f 1651/1651/1651 1647/1647/1647 1652/1652/1652
f 1652/1652/1652 1648/1648/1648 1653/1653/1653
f 1649/1649/1649 1654/1654/1654 1650/1650/1650
f 1654/1654/1654 1655/1655/1655 1650/1650/1650
f 1649/1649/1649 1651/1651/1651 1656/1656/1656
f 1652/1652/1652 1656/1656/1656 1651/1651/1651
f 1654/1654/1654 1649/1649/1649 1656/1656/1656
f 1653/1653/1653 1657/1657/1657 1652/1652/1652
f 1652/1652/1652 1657/1657/1657 1656/1656/1656
f 1653/1653/1653 1658/1658/1658 1657/1657/1657
f 1658/1658/1658 1659/1659/1659 1657/1657/1657
f 1656/1656/1656 1657/1657/1657 1659/1659/1659
f 1658/1658/1658 1660/1660/1660 1659/1659/1659
f 1654/1654/1654 1661/1661/1661 1655/1655/1655
f 1661/1661/1661 1662/1662/1662 1655/1655/1655
f 1654/1654/1654 1656/1656/1656 1663/1663/1663
f 1656/1656/1656 1659/1659/1659 1663/1663/1663
f 1661/1661/1661 1654/1654/1654 1663/1663/1663
f 1664/1664/1664 1659/1659/1659 1660/1660/1660
f 1664/1664/1664 1660/1660/1660 1665/1665/1665
f 1659/1659/1659 1666/1666/1666 1663/1663/1663
f 1661/1661/1661 1663/1663/1663 1666/1666/1666
f 1659/1659/1659 1664/1664/1664 1666/1666/1666
f 1661/1661/1661 1667/1667/1667 1662/1662/1662
f 1667/1667/1667 1661/1661/1661 1666/1666/1666
f 1667/1667/1667 1668/1668/1668 1662/1662/1662
f 1667/1667/1667 1669/1669/1669 1668/1668/1668
f 1667/1667/1667 1666/1666/1666 1670/1670/1670
f 1669/1669/1669 1667/1667/1667 1670/1670/1670
f 1664/1664/1664 1670/1670/1670 1666/1666/1666
f 1669/1669/1669 1670/1670/1670 1671/1671/1671
f 1665/1665/1665 1672/1672/1672 1664/1664/1664
f 1664/1664/1664 1672/1672/1672 1670/1670/1670
f 1672/1672/1672 1671/1671/1671 1670/1670/1670
f 1665/1665/1665 1673/1673/1673 1672/1672/1672
f 1672/1672/1672 1674/1674/1674 1671/1671/1671
f 1674/1674/1674 1672/1672/1672 1673/1673/1673
f 1674/1674/1674 1673/1673/1673 1675/1675/1675
f 1678/1678/1678 1677/1677/1677 1676/1676/1676
f 1677/1677/1677 1679/1679/1679 1676/1676/1676
f 1676/1676/1676 1679/1679/1679 1680/1680/1680
f 1679/1679/1679 1681/1681/1681 1680/1680/1680
f 1682/1682/1682 1681/1681/1681 1679/1679/1679
f 1682/1682/1682 1679/1679/1679 1677/1677/1677
f 1682/1682/1682 1683/1683/1683 1681/1681/1681
f 1682/1682/1682 1684/1684/1684 1683/1683/1683
f 1682/1682/1682 1685/1685/1685 1684/1684/1684
f 1686/1686/1686 1684/1684/1684 1685/1685/1685
f 1687/1687/1687 1682/1682/1682 1677/1677/1677
f 1682/1682/1682 1687/1687/1687 1685/1685/1685
f 1686/1686/1686 1685/1685/1685 1688/1688/1688
f 1686/1686/1686 1688/1688/1688 1689/1689/1689
f 1687/1687/1687 1690/1690/1690 1685/1685/1685
f 1688/1688/1688 1685/1685/1685 1690/1690/1690
f 1687/1687/1687 1677/1677/1677 1691/1691/1691
f 1687/1687/1687 1691/1691/1691 1690/1690/1690
f 1689/1689/1689 1688/1688/1688 1692/1692/1692
f 1689/1689/1689 1692/1692/1692 1693/1693/1693
f 1693/1693/1693 1692/1692/1692 1694/1694/1694
f 1695/1695/1695 1693/1693/1693 1694/1694/1694
f 1696/1696/1696 1692/1692/1692 1688/1688/1688
f 1692/1692/1692 1696/1696/1696 1694/1694/1694
f 1690/1690/1690 1697/1697/1697 1688/1688/1688
f 1696/1696/1696 1688/1688/1688 1697/1697/1697
f 1694/1694/1694 1698/1698/1698 1695/1695/1695
f 1695/1695/1695 1698/1698/1698 1699/1699/1699
f 1694/1694/1694 1696/1696/1696 1700/1700/1700
f 1694/1694/1694 1700/1700/1700 1698/1698/1698
f 1701/1701/1701 1690/1690/1690 1691/1691/1691
f 1690/1690/1690 1701/1701/1701 1697/1697/1697
f 1697/1697/1697 1702/1702/1702 1696/1696/1696
f 1700/1700/1700 1696/1696/1696 1702/1702/1702
f 1698/1698/1698 1703/1703/1703 1699/1699/1699
f 1704/1704/1704 1699/1699/1699 1703/1703/1703
f 1705/1705/1705 1697/1697/1697 1701/1701/1701
f 1697/1697/1697 1705/1705/1705 1702/1702/1702
f 1701/1701/1701 1691/1691/1691 1706/1706/1706
f 1707/1707/1707 1705/1705/1705 1701/1701/1701
f 1707/1707/1707 1701/1701/1701 1706/1706/1706
f 1706/1706/1706 1691/1691/1691 1708/1708/1708
f 1691/1691/1691 1677/1677/1677 1708/1708/1708
f 1709/1709/1709 1708/1708/1708 1677/1677/1677
f 1709/1709/1709 1677/1677/1677 1710/1710/1710
f 1711/1711/1711 1709/1709/1709 1710/1710/1710
f 1711/1711/1711 1712/1712/1712 1709/1709/1709
f 1709/1709/1709 1713/1713/1713 1708/1708/1708
f 1706/1706/1706 1708/1708/1708 1713/1713/1713
f 1709/1709/1709 1712/1712/1712 1713/1713/1713
f 1714/1714/1714 1706/1706/1706 1713/1713/1713
f 1714/1714/1714 1707/1707/1707 1706/1706/1706
f 1712/1712/1712 1715/1715/1715 1713/1713/1713
f 1715/1715/1715 1714/1714/1714 1713/1713/1713
f 1712/1712/1712 1716/1716/1716 1715/1715/1715
f 1717/1717/1717 1715/1715/1715 1716/1716/1716
f 1718/1718/1718 1717/1717/1717 1716/1716/1716
f 1719/1719/1719 1714/1714/1714 1715/1715/1715
f 1717/1717/1717 1719/1719/1719 1715/1715/1715
f 1707/1707/1707 1714/1714/1714 1720/1720/1720
f 1714/1714/1714 1719/1719/1719 1720/1720/1720
f 1719/1719/1719 1721/1721/1721 1720/1720/1720
f 1707/1707/1707 1720/1720/1720 1722/1722/1722
f 1722/1722/1722 1720/1720/1720 1721/1721/1721
f 1707/1707/1707 1722/1722/1722 1705/1705/1705
f 1717/1717/1717 1718/1718/1718 1723/1723/1723
f 1718/1718/1718 1724/1724/1724 1723/1723/1723
f 1725/1725/1725 1719/1719/1719 1717/1717/1717
f 1723/1723/1723 1725/1725/1725 1717/1717/1717
f 1719/1719/1719 1725/1725/1725 1721/1721/1721
f 1726/1726/1726 1723/1723/1723 1724/1724/1724
f 1725/1725/1725 1723/1723/1723 1726/1726/1726
f 1726/1726/1726 1724/1724/1724 1727/1727/1727
f 1726/1726/1726 1727/1727/1727 1728/1728/1728
f 1726/1726/1726 1728/1728/1728 1729/1729/1729
f 1730/1730/1730 1725/1725/1725 1726/1726/1726
f 1729/1729/1729 1730/1730/1730 1726/1726/1726
f 1730/1730/1730 1721/1721/1721 1725/1725/1725
f 1730/1730/1730 1729/1729/1729 1731/1731/1731
f 1730/1730/1730 1731/1731/1731 1732/1732/1732
f 1730/1730/1730 1732/1732/1732 1721/1721/1721
f 1733/1733/1733 1732/1732/1732 1731/1731/1731
f 1733/1733/1733 1734/1734/1734 1732/1732/1732
f 1732/1732/1732 1734/1734/1734 1721/1721/1721
f 1734/1734/1734 1733/1733/1733 1735/1735/1735
f 1734/1734/1734 1736/1736/1736 1721/1721/1721
f 1736/1736/1736 1722/1722/1722 1721/1721/1721
f 1737/1737/1737 1734/1734/1734 1735/1735/1735
f 1736/1736/1736 1734/1734/1734 1737/1737/1737
f 1737/1737/1737 1735/1735/1735 1738/1738/1738
f 1722/1722/1722 1736/1736/1736 1739/1739/1739
f 1736/1736/1736 1737/1737/1737 1739/1739/1739
f 1740/1740/1740 1737/1737/1737 1738/1738/1738
f 1737/1737/1737 1740/1740/1740 1739/1739/1739
f 1738/1738/1738 1741/1741/1741 1740/1740/1740
f 1722/1722/1722 1739/1739/1739 1742/1742/1742
f 1705/1705/1705 1722/1722/1722 1742/1742/1742
f 1705/1705/1705 1742/1742/1742 1702/1702/1702
f 1740/1740/1740 1743/1743/1743 1739/1739/1739
f 1742/1742/1742 1739/1739/1739 1743/1743/1743
f 1741/1741/1741 1744/1744/1744 1740/1740/1740
f 1743/1743/1743 1740/1740/1740 1744/1744/1744
f 1745/1745/1745 1744/1744/1744 1741/1741/1741
f 1746/1746/1746 1702/1702/1702 1742/1742/1742
f 1742/1742/1742 1743/1743/1743 1746/1746/1746
f 1743/1743/1743 1744/1744/1744 1747/1747/1747
f 1743/1743/1743 1747/1747/1747 1746/1746/1746
f 1745/1745/1745 1748/1748/1748 1744/1744/1744
f 1748/1748/1748 1747/1747/1747 1744/1744/1744
f 1748/1748/1748 1745/1745/1745 1749/1749/1749
f 1746/1746/1746 1750/1750/1750 1702/1702/1702
f 1700/1700/1700 1702/1702/1702 1750/1750/1750
f 1700/1700/1700 1750/1750/1750 1751/1751/1751
f 1750/1750/1750 1746/1746/1746 1751/1751/1751
f 1700/1700/1700 1751/1751/1751 1698/1698/1698
f 1747/1747/1747 1752/1752/1752 1746/1746/1746
f 1746/1746/1746 1752/1752/1752 1751/1751/1751
f 1751/1751/1751 1753/1753/1753 1698/1698/1698
f 1751/1751/1751 1752/1752/1752 1753/1753/1753
f 1753/1753/1753 1703/1703/1703 1698/1698/1698
f 1754/1754/1754 1752/1752/1752 1747/1747/1747
f 1748/1748/1748 1754/1754/1754 1747/1747/1747
f 1754/1754/1754 1753/1753/1753 1752/1752/1752
f 1748/1748/1748 1749/1749/1749 1755/1755/1755
f 1754/1754/1754 1748/1748/1748 1755/1755/1755
f 1756/1756/1756 1703/1703/1703 1753/1753/1753
f 1756/1756/1756 1704/1704/1704 1703/1703/1703
f 1753/1753/1753 1754/1754/1754 1757/1757/1757
f 1757/1757/1757 1756/1756/1756 1753/1753/1753
f 1756/1756/1756 1758/1758/1758 1704/1704/1704
f 1758/1758/1758 1756/1756/1756 1757/1757/1757
f 1758/1758/1758 1759/1759/1759 1704/1704/1704
f 1759/1759/1759 1758/1758/1758 1760/1760/1760
f 1754/1754/1754 1761/1761/1761 1757/1757/1757
f 1754/1754/1754 1755/1755/1755 1761/1761/1761
f 1762/1762/1762 1755/1755/1755 1749/1749/1749
f 1762/1762/1762 1749/1749/1749 1763/1763/1763
f 1758/1758/1758 1764/1764/1764 1760/1760/1760
f 1765/1765/1765 1760/1760/1760 1764/1764/1764
f 1758/1758/1758 1757/1757/1757 1766/1766/1766
f 1757/1757/1757 1761/1761/1761 1766/1766/1766
f 1764/1764/1764 1758/1758/1758 1766/1766/1766
f 1767/1767/1767 1761/1761/1761 1755/1755/1755
f 1761/1761/1761 1767/1767/1767 1766/1766/1766
f 1767/1767/1767 1755/1755/1755 1762/1762/1762
f 1768/1768/1768 1762/1762/1762 1763/1763/1763
f 1769/1769/1769 1768/1768/1768 1763/1763/1763
f 1770/1770/1770 1765/1765/1765 1764/1764/1764
f 1765/1765/1765 1770/1770/1770 1771/1771/1771
f 1764/1764/1764 1766/1766/1766 1772/1772/1772
f 1767/1767/1767 1772/1772/1772 1766/1766/1766
f 1764/1764/1764 1772/1772/1772 1770/1770/1770
f 1772/1772/1772 1773/1773/1773 1770/1770/1770
f 1767/1767/1767 1762/1762/1762 1774/1774/1774
f 1767/1767/1767 1774/1774/1774 1772/1772/1772
f 1762/1762/1762 1768/1768/1768 1774/1774/1774
f 1772/1772/1772 1774/1774/1774 1773/1773/1773
f 1770/1770/1770 1775/1775/1775 1771/1771/1771
f 1775/1775/1775 1770/1770/1770 1773/1773/1773
f 1775/1775/1775 1776/1776/1776 1771/1771/1771
f 1775/1775/1775 1777/1777/1777 1776/1776/1776
f 1777/1777/1777 1775/1775/1775 1778/1778/1778
f 1778/1778/1778 1775/1775/1775 1773/1773/1773
f 1777/1777/1777 1778/1778/1778 1779/1779/1779
f 1774/1774/1774 1768/1768/1768 1780/1780/1780
f 1774/1774/1774 1780/1780/1780 1773/1773/1773
f 1779/1779/1779 1778/1778/1778 1781/1781/1781
f 1782/1782/1782 1779/1779/1779 1781/1781/1781
f 1783/1783/1783 1778/1778/1778 1773/1773/1773
f 1778/1778/1778 1783/1783/1783 1781/1781/1781
f 1784/1784/1784 1781/1781/1781 1783/1783/1783
f 1781/1781/1781 1785/1785/1785 1782/1782/1782
f 1784/1784/1784 1785/1785/1785 1781/1781/1781
f 1786/1786/1786 1782/1782/1782 1785/1785/1785
f 1787/1787/1787 1786/1786/1786 1785/1785/1785
f 1783/1783/1783 1773/1773/1773 1788/1788/1788
f 1788/1788/1788 1773/1773/1773 1780/1780/1780
f 1784/1784/1784 1783/1783/1783 1788/1788/1788
f 1785/1785/1785 1789/1789/1789 1787/1787/1787
f 1784/1784/1784 1789/1789/1789 1785/1785/1785
f 1789/1789/1789 1790/1790/1790 1787/1787/1787
f 1768/1768/1768 1791/1791/1791 1780/1780/1780
f 1791/1791/1791 1768/1768/1768 1769/1769/1769
f 1791/1791/1791 1769/1769/1769 1792/1792/1792
f 1793/1793/1793 1788/1788/1788 1780/1780/1780
f 1793/1793/1793 1780/1780/1780 1791/1791/1791
f 1794/1794/1794 1791/1791/1791 1792/1792/1792
f 1794/1794/1794 1793/1793/1793 1791/1791/1791
f 1795/1795/1795 1794/1794/1794 1792/1792/1792
f 1794/1794/1794 1795/1795/1795 1796/1796/1796
f 1797/1797/1797 1790/1790/1790 1789/1789/1789
f 1797/1797/1797 1798/1798/1798 1790/1790/1790
f 1793/1793/1793 1799/1799/1799 1788/1788/1788
f 1799/1799/1799 1784/1784/1784 1788/1788/1788
f 1793/1793/1793 1794/1794/1794 1800/1800/1800
f 1793/1793/1793 1800/1800/1800 1799/1799/1799
f 1794/1794/1794 1796/1796/1796 1801/1801/1801
f 1794/1794/1794 1801/1801/1801 1800/1800/1800
f 1796/1796/1796 1802/1802/1802 1801/1801/1801
f 1801/1801/1801 1802/1802/1802 1800/1800/1800
f 1796/1796/1796 1803/1803/1803 1802/1802/1802
f 1802/1802/1802 1803/1803/1803 1804/1804/1804
f 1784/1784/1784 1805/1805/1805 1789/1789/1789
f 1805/1805/1805 1797/1797/1797 1789/1789/1789
f 1806/1806/1806 1797/1797/1797 1805/1805/1805
f 1797/1797/1797 1807/1807/1807 1798/1798/1798
f 1807/1807/1807 1797/1797/1797 1806/1806/1806
f 1808/1808/1808 1798/1798/1798 1807/1807/1807
f 1808/1808/1808 1807/1807/1807 1809/1809/1809
f 1805/1805/1805 1784/1784/1784 1810/1810/1810
f 1806/1806/1806 1805/1805/1805 1810/1810/1810
f 1784/1784/1784 1799/1799/1799 1810/1810/1810
f 1809/1809/1809 1807/1807/1807 1811/1811/1811
f 1811/1811/1811 1807/1807/1807 1806/1806/1806
f 1812/1812/1812 1809/1809/1809 1811/1811/1811
f 1813/1813/1813 1802/1802/1802 1804/1804/1804
f 1814/1814/1814 1813/1813/1813 1804/1804/1804
f 1799/1799/1799 1815/1815/1815 1810/1810/1810
f 1815/1815/1815 1802/1802/1802 1813/1813/1813
f 1799/1799/1799 1800/1800/1800 1815/1815/1815
f 1802/1802/1802 1815/1815/1815 1800/1800/1800
f 1810/1810/1810 1815/1815/1815 1816/1816/1816
f 1816/1816/1816 1815/1815/1815 1813/1813/1813
f 1806/1806/1806 1810/1810/1810 1816/1816/1816
f 1814/1814/1814 1817/1817/1817 1813/1813/1813
f 1813/1813/1813 1817/1817/1817 1816/1816/1816
f 1817/1817/1817 1814/1814/1814 1818/1818/1818
f 1811/1811/1811 1819/1819/1819 1812/1812/1812
f 1819/1819/1819 1820/1820/1820 1812/1812/1812
f 1806/1806/1806 1821/1821/1821 1811/1811/1811
f 1821/1821/1821 1819/1819/1819 1811/1811/1811
f 1816/1816/1816 1822/1822/1822 1806/1806/1806
f 1817/1817/1817 1822/1822/1822 1816/1816/1816
f 1822/1822/1822 1821/1821/1821 1806/1806/1806
f 1823/1823/1823 1817/1817/1817 1818/1818/1818
f 1817/1817/1817 1823/1823/1823 1822/1822/1822
f 1824/1824/1824 1823/1823/1823 1818/1818/1818
f 1819/1819/1819 1825/1825/1825 1820/1820/1820
f 1825/1825/1825 1826/1826/1826 1820/1820/1820
f 1826/1826/1826 1825/1825/1825 1827/1827/1827
f 1819/1819/1819 1821/1821/1821 1828/1828/1828
f 1819/1819/1819 1828/1828/1828 1825/1825/1825
f 1821/1821/1821 1822/1822/1822 1829/1829/1829
f 1823/1823/1823 1829/1829/1829 1822/1822/1822
f 1821/1821/1821 1829/1829/1829 1828/1828/1828
f 1824/1824/1824 1830/1830/1830 1823/1823/1823
f 1829/1829/1829 1823/1823/1823 1830/1830/1830
f 1829/1829/1829 1831/1831/1831 1828/1828/1828
f 1829/1829/1829 1830/1830/1830 1831/1831/1831
f 1825/1825/1825 1828/1828/1828 1832/1832/1832
f 1831/1831/1831 1832/1832/1832 1828/1828/1828
f 1825/1825/1825 1833/1833/1833 1827/1827/1827
f 1825/1825/1825 1832/1832/1832 1833/1833/1833
f 1834/1834/1834 1830/1830/1830 1824/1824/1824
f 1834/1834/1834 1824/1824/1824 1835/1835/1835
f 1830/1830/1830 1836/1836/1836 1831/1831/1831
f 1831/1831/1831 1836/1836/1836 1832/1832/1832
f 1830/1830/1830 1834/1834/1834 1836/1836/1836
f 1827/1827/1827 1833/1833/1833 1837/1837/1837
f 1838/1838/1838 1827/1827/1827 1837/1837/1837
f 1833/1833/1833 1832/1832/1832 1839/1839/1839
f 1837/1837/1837 1833/1833/1833 1839/1839/1839
f 1836/1836/1836 1839/1839/1839 1832/1832/1832
f 1837/1837/1837 1840/1840/1840 1838/1838/1838
f 1837/1837/1837 1839/1839/1839 1840/1840/1840
f 1840/1840/1840 1841/1841/1841 1838/1838/1838
f 1842/1842/1842 1834/1834/1834 1835/1835/1835
f 1842/1842/1842 1835/1835/1835 1843/1843/1843
f 1844/1844/1844 1836/1836/1836 1834/1834/1834
f 1844/1844/1844 1834/1834/1834 1842/1842/1842
f 1845/1845/1845 1839/1839/1839 1836/1836/1836
f 1845/1845/1845 1836/1836/1836 1844/1844/1844
f 1842/1842/1842 1843/1843/1843 1846/1846/1846
f 1843/1843/1843 1847/1847/1847 1846/1846/1846
f 1845/1845/1845 1848/1848/1848 1839/1839/1839
f 1839/1839/1839 1848/1848/1848 1840/1840/1840
f 1840/1840/1840 1849/1849/1849 1841/1841/1841
f 1841/1841/1841 1849/1849/1849 1850/1850/1850
f 1842/1842/1842 1851/1851/1851 1844/1844/1844
f 1842/1842/1842 1846/1846/1846 1851/1851/1851
f 1845/1845/1845 1844/1844/1844 1852/1852/1852
f 1845/1845/1845 1852/1852/1852 1848/1848/1848
f 1844/1844/1844 1851/1851/1851 1852/1852/1852
f 1853/1853/1853 1846/1846/1846 1847/1847/1847
f 1853/1853/1853 1847/1847/1847 1854/1854/1854
f 1848/1848/1848 1855/1855/1855 1840/1840/1840
f 1855/1855/1855 1849/1849/1849 1840/1840/1840
f 1849/1849/1849 1856/1856/1856 1850/1850/1850
f 1857/1857/1857 1850/1850/1850 1856/1856/1856
f 1846/1846/1846 1858/1858/1858 1851/1851/1851
f 1846/1846/1846 1853/1853/1853 1858/1858/1858
f 1859/1859/1859 1853/1853/1853 1854/1854/1854
f 1860/1860/1860 1859/1859/1859 1854/1854/1854
f 1861/1861/1861 1856/1856/1856 1849/1849/1849
f 1849/1849/1849 1855/1855/1855 1861/1861/1861
f 1857/1857/1857 1856/1856/1856 1862/1862/1862
f 1862/1862/1862 1856/1856/1856 1861/1861/1861
f 1857/1857/1857 1862/1862/1862 1863/1863/1863
f 1864/1864/1864 1851/1851/1851 1858/1858/1858
f 1864/1864/1864 1852/1852/1852 1851/1851/1851
f 1865/1865/1865 1858/1858/1858 1853/1853/1853
f 1865/1865/1865 1853/1853/1853 1859/1859/1859
f 1859/1859/1859 1866/1866/1866 1865/1865/1865
f 1867/1867/1867 1859/1859/1859 1860/1860/1860
f 1859/1859/1859 1867/1867/1867 1866/1866/1866
f 1867/1867/1867 1860/1860/1860 1868/1868/1868
f 1858/1858/1858 1865/1865/1865 1869/1869/1869
f 1858/1858/1858 1869/1869/1869 1864/1864/1864
f 1866/1866/1866 1869/1869/1869 1865/1865/1865
f 1870/1870/1870 1867/1867/1867 1868/1868/1868
f 1867/1867/1867 1870/1870/1870 1866/1866/1866
f 1870/1870/1870 1868/1868/1868 1871/1871/1871
f 1872/1872/1872 1870/1870/1870 1871/1871/1871
f 1872/1872/1872 1871/1871/1871 1873/1873/1873
f 1872/1872/1872 1873/1873/1873 1874/1874/1874
f 1874/1874/1874 1875/1875/1875 1872/1872/1872
f 1875/1875/1875 1876/1876/1876 1872/1872/1872
f 1872/1872/1872 1876/1876/1876 1870/1870/1870
f 1875/1875/1875 1877/1877/1877 1876/1876/1876
f 1876/1876/1876 1878/1878/1878 1870/1870/1870
f 1870/1870/1870 1878/1878/1878 1866/1866/1866
f 1877/1877/1877 1879/1879/1879 1876/1876/1876
f 1878/1878/1878 1876/1876/1876 1879/1879/1879
f 1879/1879/1879 1877/1877/1877 1880/1880/1880
f 1881/1881/1881 1866/1866/1866 1878/1878/1878
f 1881/1881/1881 1878/1878/1878 1879/1879/1879
f 1882/1882/1882 1879/1879/1879 1880/1880/1880
f 1879/1879/1879 1882/1882/1882 1881/1881/1881
f 1882/1882/1882 1880/1880/1880 1883/1883/1883
f 1881/1881/1881 1884/1884/1884 1866/1866/1866
f 1866/1866/1866 1884/1884/1884 1869/1869/1869
f 1882/1882/1882 1885/1885/1885 1881/1881/1881
f 1884/1884/1884 1881/1881/1881 1885/1885/1885
f 1886/1886/1886 1882/1882/1882 1883/1883/1883
f 1882/1882/1882 1886/1886/1886 1885/1885/1885
f 1869/1869/1869 1884/1884/1884 1887/1887/1887
f 1887/1887/1887 1884/1884/1884 1885/1885/1885
f 1888/1888/1888 1886/1886/1886 1883/1883/1883
f 1888/1888/1888 1883/1883/1883 1889/1889/1889
f 1888/1888/1888 1889/1889/1889 1890/1890/1890
f 1891/1891/1891 1888/1888/1888 1890/1890/1890
f 1886/1886/1886 1892/1892/1892 1885/1885/1885
f 1885/1885/1885 1892/1892/1892 1887/1887/1887
f 1888/1888/1888 1893/1893/1893 1886/1886/1886
f 1888/1888/1888 1891/1891/1891 1893/1893/1893
f 1893/1893/1893 1892/1892/1892 1886/1886/1886
f 1869/1869/1869 1887/1887/1887 1894/1894/1894
f 1864/1864/1864 1869/1869/1869 1894/1894/1894
f 1892/1892/1892 1895/1895/1895 1887/1887/1887
f 1894/1894/1894 1887/1887/1887 1895/1895/1895
f 1893/1893/1893 1896/1896/1896 1892/1892/1892
f 1896/1896/1896 1893/1893/1893 1891/1891/1891
f 1896/1896/1896 1895/1895/1895 1892/1892/1892
f 1897/1897/1897 1864/1864/1864 1894/1894/1894
f 1852/1852/1852 1864/1864/1864 1897/1897/1897
f 1894/1894/1894 1895/1895/1895 1898/1898/1898
f 1897/1897/1897 1894/1894/1894 1898/1898/1898
f 1896/1896/1896 1899/1899/1899 1895/1895/1895
f 1898/1898/1898 1895/1895/1895 1899/1899/1899
f 1891/1891/1891 1900/1900/1900 1896/1896/1896
f 1900/1900/1900 1899/1899/1899 1896/1896/1896
f 1852/1852/1852 1897/1897/1897 1901/1901/1901
f 1852/1852/1852 1901/1901/1901 1848/1848/1848
f 1848/1848/1848 1901/1901/1901 1855/1855/1855
f 1855/1855/1855 1901/1901/1901 1897/1897/1897
f 1861/1861/1861 1855/1855/1855 1897/1897/1897
f 1861/1861/1861 1897/1897/1897 1898/1898/1898
f 1898/1898/1898 1862/1862/1862 1861/1861/1861
f 1898/1898/1898 1899/1899/1899 1862/1862/1862
f 1902/1902/1902 1862/1862/1862 1899/1899/1899
f 1900/1900/1900 1902/1902/1902 1899/1899/1899
f 1902/1902/1902 1863/1863/1863 1862/1862/1862
f 1903/1903/1903 1863/1863/1863 1902/1902/1902
f 1900/1900/1900 1904/1904/1904 1902/1902/1902
f 1903/1903/1903 1902/1902/1902 1904/1904/1904
f 1891/1891/1891 1904/1904/1904 1900/1900/1900
f 1903/1903/1903 1904/1904/1904 1905/1905/1905
f 1906/1906/1906 1905/1905/1905 1904/1904/1904
f 1906/1906/1906 1904/1904/1904 1907/1907/1907
f 1891/1891/1891 1907/1907/1907 1904/1904/1904
f 1906/1906/1906 1907/1907/1907 1908/1908/1908
f 1907/1907/1907 1909/1909/1909 1908/1908/1908
f 1907/1907/1907 1891/1891/1891 1909/1909/1909
f 1891/1891/1891 1910/1910/1910 1909/1909/1909
f 1913/1913/1913 1912/1912/1912 1911/1911/1911
f 1914/1914/1914 1913/1913/1913 1911/1911/1911
f 1915/1915/1915 1914/1914/1914 1911/1911/1911
f 1916/1916/1916 1915/1915/1915 1911/1911/1911
f 1913/1913/1913 1914/1914/1914 1917/1917/1917
f 1914/1914/1914 1915/1915/1915 1917/1917/1917
f 1918/1918/1918 1913/1913/1913 1917/1917/1917
f 1915/1915/1915 1919/1919/1919 1917/1917/1917
f 1920/1920/1920 1915/1915/1915 1916/1916/1916
f 1920/1920/1920 1916/1916/1916 1921/1921/1921
f 1922/1922/1922 1920/1920/1920 1921/1921/1921
f 1922/1922/1922 1921/1921/1921 1923/1923/1923
f 1924/1924/1924 1919/1919/1919 1915/1915/1915
f 1919/1919/1919 1924/1924/1924 1925/1925/1925
f 1926/1926/1926 1919/1919/1919 1925/1925/1925
f 1926/1926/1926 1925/1925/1925 1927/1927/1927
f 1928/1928/1928 1924/1924/1924 1915/1915/1915
f 1928/1928/1928 1915/1915/1915 1920/1920/1920
f 1925/1925/1925 1924/1924/1924 1928/1928/1928
f 1929/1929/1929 1928/1928/1928 1920/1920/1920
f 1922/1922/1922 1929/1929/1929 1920/1920/1920
f 1929/1929/1929 1925/1925/1925 1928/1928/1928
f 1925/1925/1925 1930/1930/1930 1927/1927/1927
f 1927/1927/1927 1930/1930/1930 1931/1931/1931
f 1929/1929/1929 1932/1932/1932 1925/1925/1925
f 1929/1929/1929 1922/1922/1922 1932/1932/1932
f 1932/1932/1932 1930/1930/1930 1925/1925/1925
f 1930/1930/1930 1933/1933/1933 1931/1931/1931
f 1933/1933/1933 1930/1930/1930 1932/1932/1932
f 1934/1934/1934 1931/1931/1931 1933/1933/1933
f 1922/1922/1922 1935/1935/1935 1932/1932/1932
f 1935/1935/1935 1922/1922/1922 1923/1923/1923
f 1936/1936/1936 1932/1932/1932 1935/1935/1935
f 1936/1936/1936 1933/1933/1933 1932/1932/1932
f 1936/1936/1936 1937/1937/1937 1933/1933/1933
f 1938/1938/1938 1935/1935/1935 1923/1923/1923
f 1938/1938/1938 1936/1936/1936 1935/1935/1935
f 1936/1936/1936 1938/1938/1938 1937/1937/1937
f 1939/1939/1939 1938/1938/1938 1923/1923/1923
f 1938/1938/1938 1939/1939/1939 1940/1940/1940
f 1941/1941/1941 1934/1934/1934 1933/1933/1933
f 1937/1937/1937 1941/1941/1941 1933/1933/1933
f 1942/1942/1942 1934/1934/1934 1941/1941/1941
f 1937/1937/1937 1942/1942/1942 1941/1941/1941
f 1942/1942/1942 1943/1943/1943 1934/1934/1934
f 1944/1944/1944 1943/1943/1943 1942/1942/1942
f 1945/1945/1945 1938/1938/1938 1940/1940/1940
f 1938/1938/1938 1945/1945/1945 1937/1937/1937
f 1946/1946/1946 1945/1945/1945 1940/1940/1940
f 1937/1937/1937 1945/1945/1945 1946/1946/1946
f 1946/1946/1946 1940/1940/1940 1947/1947/1947
f 1947/1947/1947 1948/1948/1948 1946/1946/1946
f 1944/1944/1944 1942/1942/1942 1949/1949/1949
f 1949/1949/1949 1950/1950/1950 1944/1944/1944
f 816/816/816 1950/1950/1950 1949/1949/1949
f 820/820/820 816/816/816 1949/1949/1949
f 820/820/820 1949/1949/1949 831/831/831
f 1942/1942/1942 831/831/831 1949/1949/1949
f 1937/1937/1937 1951/1951/1951 1942/1942/1942
f 1937/1937/1937 1946/1946/1946 1951/1951/1951
f 1942/1942/1942 1951/1951/1951 831/831/831
f 1946/1946/1946 831/831/831 1951/1951/1951
f 1952/1952/1952 1946/1946/1946 1948/1948/1948
f 1946/1946/1946 1952/1952/1952 831/831/831
f 1948/1948/1948 1953/1953/1953 1952/1952/1952
f 831/831/831 1952/1952/1952 821/821/821
f 1952/1952/1952 1953/1953/1953 653/653/653
f 821/821/821 1952/1952/1952 653/653/653
f 1956/1956/1956 1955/1955/1955 1954/1954/1954
f 1957/1957/1957 1956/1956/1956 1954/1954/1954
f 1957/1957/1957 1958/1958/1958 1956/1956/1956
f 1957/1957/1957 1954/1954/1954 1959/1959/1959
f 1960/1960/1960 1957/1957/1957 1959/1959/1959
f 1958/1958/1958 1957/1957/1957 1960/1960/1960
f 1958/1958/1958 1961/1961/1961 1956/1956/1956
f 1962/1962/1962 1958/1958/1958 1960/1960/1960
f 1024/1024/1024 1961/1961/1961 1958/1958/1958
f 1962/1962/1962 1963/1963/1963 1958/1958/1958
f 1964/1964/1964 1024/1024/1024 1958/1958/1958
f 1963/1963/1963 1964/1964/1964 1958/1958/1958
f 1964/1964/1964 1963/1963/1963 1965/1965/1965
f 1024/1024/1024 1964/1964/1964 1021/1021/1021
f 1966/1966/1966 1964/1964/1964 1965/1965/1965
f 1021/1021/1021 1964/1964/1964 1966/1966/1966
f 1966/1966/1966 1965/1965/1965 1967/1967/1967
f 1968/1968/1968 1966/1966/1966 1967/1967/1967
f 1968/1968/1968 1967/1967/1967 1969/1969/1969
f 1970/1970/1970 1021/1021/1021 1966/1966/1966
f 1970/1970/1970 1966/1966/1966 1968/1968/1968
f 1970/1970/1970 1015/1015/1015 1021/1021/1021
f 1971/1971/1971 1015/1015/1015 1970/1970/1970
f 1004/1004/1004 1015/1015/1015 1971/1971/1971
f 1000/1000/1000 1004/1004/1004 1971/1971/1971
f 1000/1000/1000 1971/1971/1971 1972/1972/1972
f 1973/1973/1973 1971/1971/1971 1970/1970/1970
f 1972/1972/1972 1971/1971/1971 1973/1973/1973
f 1973/1973/1973 1970/1970/1970 1968/1968/1968
f 1974/1974/1974 1972/1972/1972 1973/1973/1973
f 1974/1974/1974 1973/1973/1973 1975/1975/1975
f 1973/1973/1973 1968/1968/1968 1975/1975/1975
f 1975/1975/1975 1968/1968/1968 1976/1976/1976
f 1977/1977/1977 1968/1968/1968 1969/1969/1969
f 1968/1968/1968 1977/1977/1977 1976/1976/1976
f 1977/1977/1977 1969/1969/1969 1978/1978/1978
f 1977/1977/1977 1978/1978/1978 1976/1976/1976
f 1969/1969/1969 1979/1979/1979 1978/1978/1978
f 1979/1979/1979 1980/1980/1980 1978/1978/1978
f 1978/1978/1978 1981/1981/1981 1976/1976/1976
f 1980/1980/1980 1982/1982/1982 1978/1978/1978
f 1978/1978/1978 1982/1982/1982 1981/1981/1981
f 1982/1982/1982 1983/1983/1983 1981/1981/1981
f 1986/1986/1986 1985/1985/1985 1984/1984/1984
f 1987/1987/1987 1986/1986/1986 1984/1984/1984
f 1987/1987/1987 1988/1988/1988 1986/1986/1986
f 1987/1987/1987 1984/1984/1984 1989/1989/1989
f 1990/1990/1990 1987/1987/1987 1989/1989/1989
f 1988/1988/1988 1987/1987/1987 1990/1990/1990
f 1988/1988/1988 1991/1991/1991 1986/1986/1986
f 1992/1992/1992 1988/1988/1988 1990/1990/1990
f 1082/1082/1082 1991/1991/1991 1988/1988/1988
f 1992/1992/1992 1993/1993/1993 1988/1988/1988
f 1994/1994/1994 1082/1082/1082 1988/1988/1988
f 1993/1993/1993 1994/1994/1994 1988/1988/1988
f 1994/1994/1994 1993/1993/1993 1995/1995/1995
f 1082/1082/1082 1994/1994/1994 1079/1079/1079
f 1996/1996/1996 1994/1994/1994 1995/1995/1995
f 1079/1079/1079 1994/1994/1994 1996/1996/1996
f 1996/1996/1996 1995/1995/1995 1997/1997/1997
f 1998/1998/1998 1996/1996/1996 1997/1997/1997
f 1998/1998/1998 1997/1997/1997 1999/1999/1999
f 2000/2000/2000 1079/1079/1079 1996/1996/1996
f 2000/2000/2000 1996/1996/1996 1998/1998/1998
f 2000/2000/2000 1073/1073/1073 1079/1079/1079
f 2001/2001/2001 1073/1073/1073 2000/2000/2000
f 1062/1062/1062 1073/1073/1073 2001/2001/2001
f 1058/1058/1058 1062/1062/1062 2001/2001/2001
f 1058/1058/1058 2001/2001/2001 2002/2002/2002
f 2003/2003/2003 2001/2001/2001 2000/2000/2000
f 2002/2002/2002 2001/2001/2001 2003/2003/2003
f 2003/2003/2003 2000/2000/2000 1998/1998/1998
f 2004/2004/2004 2002/2002/2002 2003/2003/2003
f 2004/2004/2004 2003/2003/2003 2005/2005/2005
f 2003/2003/2003 1998/1998/1998 2005/2005/2005
f 2005/2005/2005 1998/1998/1998 2006/2006/2006
f 2007/2007/2007 1998/1998/1998 1999/1999/1999
f 1998/1998/1998 2007/2007/2007 2006/2006/2006
f 2007/2007/2007 1999/1999/1999 2008/2008/2008
f 2007/2007/2007 2008/2008/2008 2006/2006/2006
f 1999/1999/1999 2009/2009/2009 2008/2008/2008
f 2009/2009/2009 2010/2010/2010 2008/2008/2008
f 2008/2008/2008 2011/2011/2011 2006/2006/2006
f 2010/2010/2010 2012/2012/2012 2008/2008/2008
f 2008/2008/2008 2012/2012/2012 2011/2011/2011
f 2012/2012/2012 2013/2013/2013 2011/2011/2011
f 2016/2016/2016 2015/2015/2015 2014/2014/2014
f 2017/2017/2017 2016/2016/2016 2014/2014/2014
f 2018/2018/2018 2017/2017/2017 2014/2014/2014
f 2019/2019/2019 2018/2018/2018 2014/2014/2014
f 2016/2016/2016 2017/2017/2017 2020/2020/2020
f 2017/2017/2017 2018/2018/2018 2020/2020/2020
f 2021/2021/2021 2016/2016/2016 2020/2020/2020
f 2018/2018/2018 794/794/794 2020/2020/2020
f 2022/2022/2022 2018/2018/2018 2019/2019/2019
f 2022/2022/2022 2019/2019/2019 2023/2023/2023
f 2024/2024/2024 794/794/794 2018/2018/2018
f 794/794/794 2024/2024/2024 792/792/792
f 2025/2025/2025 2024/2024/2024 2018/2018/2018
f 792/792/792 2024/2024/2024 2025/2025/2025
f 2025/2025/2025 2018/2018/2018 2022/2022/2022
f 2026/2026/2026 792/792/792 2025/2025/2025
f 2026/2026/2026 2025/2025/2025 2022/2022/2022
f 2026/2026/2026 795/795/795 792/792/792
f 2027/2027/2027 2022/2022/2022 2023/2023/2023
f 2027/2027/2027 2026/2026/2026 2022/2022/2022
f 2026/2026/2026 2027/2027/2027 795/795/795
f 2027/2027/2027 2023/2023/2023 2028/2028/2028
f 2027/2027/2027 2029/2029/2029 795/795/795
f 2029/2029/2029 2027/2027/2027 2028/2028/2028
f 777/777/777 795/795/795 2029/2029/2029
f 2030/2030/2030 2029/2029/2029 2028/2028/2028
f 2030/2030/2030 777/777/777 2029/2029/2029
f 2031/2031/2031 2030/2030/2030 2028/2028/2028
f 777/777/777 2030/2030/2030 767/767/767
f 2030/2030/2030 2031/2031/2031 760/760/760
f 767/767/767 2030/2030/2030 760/760/760
f 2034/2034/2034 2033/2033/2033 2032/2032/2032
f 2035/2035/2035 2034/2034/2034 2032/2032/2032
f 2035/2035/2035 2032/2032/2032 2036/2036/2036
f 2034/2034/2034 2035/2035/2035 2037/2037/2037
f 2035/2035/2035 2038/2038/2038 2037/2037/2037
f 2035/2035/2035 2036/2036/2036 2038/2038/2038
f 2039/2039/2039 2037/2037/2037 2038/2038/2038
f 2040/2040/2040 2039/2039/2039 2038/2038/2038
f 2039/2039/2039 2040/2040/2040 688/688/688
f 2040/2040/2040 692/692/692 688/688/688
f 2041/2041/2041 2040/2040/2040 2038/2038/2038
f 2036/2036/2036 2041/2041/2041 2038/2038/2038
f 2040/2040/2040 2042/2042/2042 692/692/692
f 2042/2042/2042 2040/2040/2040 2041/2041/2041
f 2043/2043/2043 2041/2041/2041 2036/2036/2036
f 2042/2042/2042 2041/2041/2041 2043/2043/2043
f 2042/2042/2042 2044/2044/2044 692/692/692
f 692/692/692 2044/2044/2044 682/682/682
f 682/682/682 2044/2044/2044 684/684/684
f 2044/2044/2044 2042/2042/2042 684/684/684
f 2042/2042/2042 2045/2045/2045 684/684/684
f 2045/2045/2045 2042/2042/2042 2043/2043/2043
f 2046/2046/2046 2045/2045/2045 2043/2043/2043
f 2043/2043/2043 2047/2047/2047 2046/2046/2046
f 2047/2047/2047 2043/2043/2043 2036/2036/2036
f 2047/2047/2047 2048/2048/2048 2046/2046/2046
f 2048/2048/2048 2047/2047/2047 2049/2049/2049
f 2047/2047/2047 2050/2050/2050 2049/2049/2049
f 2050/2050/2050 2047/2047/2047 2036/2036/2036
f 2051/2051/2051 2050/2050/2050 2036/2036/2036
f 2032/2032/2032 2051/2051/2051 2036/2036/2036
f 2050/2050/2050 2051/2051/2051 2052/2052/2052
f 2051/2051/2051 2032/2032/2032 2052/2052/2052
f 2053/2053/2053 2050/2050/2050 2052/2052/2052
f 2032/2032/2032 2054/2054/2054 2052/2052/2052
f 2057/2057/2057 2056/2056/2056 2055/2055/2055
f 2056/2056/2056 2058/2058/2058 2055/2055/2055
f 2058/2058/2058 2059/2059/2059 2055/2055/2055
f 2060/2060/2060 2059/2059/2059 2058/2058/2058
f 2061/2061/2061 2058/2058/2058 2056/2056/2056
f 2061/2061/2061 2060/2060/2060 2058/2058/2058
f 2062/2062/2062 2061/2061/2061 2056/2056/2056
f 2061/2061/2061 2063/2063/2063 2060/2060/2060
f 2063/2063/2063 2064/2064/2064 2060/2060/2060
f 2062/2062/2062 2065/2065/2065 2061/2061/2061
f 2065/2065/2065 2063/2063/2063 2061/2061/2061
f 2066/2066/2066 2064/2064/2064 2063/2063/2063
f 2063/2063/2063 2065/2065/2065 2067/2067/2067
f 2068/2068/2068 2066/2066/2066 2063/2063/2063
f 2069/2069/2069 2066/2066/2066 2068/2068/2068
f 2070/2070/2070 2069/2069/2069 2068/2068/2068
f 2071/2071/2071 2069/2069/2069 2070/2070/2070
f 2072/2072/2072 2063/2063/2063 2067/2067/2067
f 2073/2073/2073 2068/2068/2068 2063/2063/2063
f 2072/2072/2072 2073/2073/2073 2063/2063/2063
f 2074/2074/2074 2072/2072/2072 2067/2067/2067
f 2075/2075/2075 2074/2074/2074 2067/2067/2067
f 2073/2073/2073 2076/2076/2076 2068/2068/2068
f 2076/2076/2076 2070/2070/2070 2068/2068/2068
f 2073/2073/2073 2072/2072/2072 2077/2077/2077
f 2072/2072/2072 2074/2074/2074 2077/2077/2077
f 2073/2073/2073 2077/2077/2077 2076/2076/2076
f 2074/2074/2074 2075/2075/2075 2078/2078/2078
f 2074/2074/2074 2078/2078/2078 2077/2077/2077
f 2075/2075/2075 2079/2079/2079 2078/2078/2078
f 2078/2078/2078 2079/2079/2079 2080/2080/2080
f 2079/2079/2079 2081/2081/2081 2080/2080/2080
f 2080/2080/2080 2081/2081/2081 1218/1218/1218
f 2082/2082/2082 2080/2080/2080 1218/1218/1218
f 2082/2082/2082 2083/2083/2083 2080/2080/2080
f 2082/2082/2082 1218/1218/1218 1217/1217/1217
f 2082/2082/2082 1217/1217/1217 2083/2083/2083
f 2080/2080/2080 2084/2084/2084 2078/2078/2078
f 2083/2083/2083 2084/2084/2084 2080/2080/2080
f 2078/2078/2078 2085/2085/2085 2077/2077/2077
f 2084/2084/2084 2085/2085/2085 2078/2078/2078
f 2077/2077/2077 2085/2085/2085 2086/2086/2086
f 2077/2077/2077 2086/2086/2086 2076/2076/2076
f 2087/2087/2087 2085/2085/2085 2084/2084/2084
f 2085/2085/2085 2087/2087/2087 2086/2086/2086
f 2088/2088/2088 2087/2087/2087 2084/2084/2084
f 2088/2088/2088 2084/2084/2084 2083/2083/2083
f 2086/2086/2086 2087/2087/2087 2089/2089/2089
f 2087/2087/2087 2088/2088/2088 2089/2089/2089
f 2090/2090/2090 2086/2086/2086 2089/2089/2089
f 2076/2076/2076 2086/2086/2086 2090/2090/2090
f 2091/2091/2091 2076/2076/2076 2090/2090/2090
f 2070/2070/2070 2076/2076/2076 2091/2091/2091
f 2092/2092/2092 2070/2070/2070 2091/2091/2091
f 2088/2088/2088 2093/2093/2093 2089/2089/2089
f 2070/2070/2070 2092/2092/2092 2094/2094/2094
f 2093/2093/2093 2088/2088/2088 2095/2095/2095
f 2095/2095/2095 2088/2088/2088 2083/2083/2083
f 2096/2096/2096 2093/2093/2093 2095/2095/2095
f 2096/2096/2096 2095/2095/2095 2097/2097/2097
f 2095/2095/2095 2083/2083/2083 2097/2097/2097
f 1200/1200/1200 2096/2096/2096 2097/2097/2097
f 1200/1200/1200 2097/2097/2097 1199/1199/1199
f 2083/2083/2083 2098/2098/2098 2097/2097/2097
f 2097/2097/2097 2098/2098/2098 1199/1199/1199
f 1217/1217/1217 2098/2098/2098 2083/2083/2083
f 2098/2098/2098 2099/2099/2099 1199/1199/1199
f 2099/2099/2099 2098/2098/2098 1217/1217/1217
f 1199/1199/1199 2099/2099/2099 1198/1198/1198
f 1210/1210/1210 2099/2099/2099 1217/1217/1217
f 1198/1198/1198 2099/2099/2099 1210/1210/1210
f 2100/2100/2100 2070/2070/2070 2094/2094/2094
f 2100/2100/2100 2071/2071/2071 2070/2070/2070
f 2100/2100/2100 2094/2094/2094 2101/2101/2101
f 2100/2100/2100 2101/2101/2101 2071/2071/2071
f 2101/2101/2101 2102/2102/2102 2071/2071/2071
f 2094/2094/2094 2103/2103/2103 2101/2101/2101
f 2104/2104/2104 2102/2102/2102 2101/2101/2101
f 2104/2104/2104 2101/2101/2101 2103/2103/2103
f 2105/2105/2105 2104/2104/2104 2103/2103/2103
f 2108/2108/2108 2107/2107/2107 2106/2106/2106
f 2107/2107/2107 2109/2109/2109 2106/2106/2106
f 2109/2109/2109 2110/2110/2110 2106/2106/2106
f 2110/2110/2110 2111/2111/2111 2106/2106/2106
f 2109/2109/2109 2107/2107/2107 2112/2112/2112
f 2110/2110/2110 2109/2109/2109 2112/2112/2112
f 2107/2107/2107 2113/2113/2113 2112/2112/2112
f 2114/2114/2114 2110/2110/2110 2112/2112/2112
f 2110/2110/2110 2115/2115/2115 2111/2111/2111
f 2111/2111/2111 2115/2115/2115 2116/2116/2116
f 2115/2115/2115 2117/2117/2117 2116/2116/2116
f 2116/2116/2116 2117/2117/2117 2118/2118/2118
f 2114/2114/2114 2119/2119/2119 2110/2110/2110
f 2119/2119/2119 2114/2114/2114 2120/2120/2120
f 2114/2114/2114 2121/2121/2121 2120/2120/2120
f 2120/2120/2120 2121/2121/2121 2122/2122/2122
f 2110/2110/2110 2119/2119/2119 2123/2123/2123
f 2110/2110/2110 2123/2123/2123 2115/2115/2115
f 2119/2119/2119 2120/2120/2120 2123/2123/2123
f 2123/2123/2123 2124/2124/2124 2115/2115/2115
f 2124/2124/2124 2117/2117/2117 2115/2115/2115
f 2120/2120/2120 2124/2124/2124 2123/2123/2123
f 2125/2125/2125 2120/2120/2120 2122/2122/2122
f 2125/2125/2125 2122/2122/2122 2126/2126/2126
f 2127/2127/2127 2124/2124/2124 2120/2120/2120
f 2117/2117/2117 2124/2124/2124 2127/2127/2127
f 2125/2125/2125 2127/2127/2127 2120/2120/2120
f 2128/2128/2128 2125/2125/2125 2126/2126/2126
f 2125/2125/2125 2128/2128/2128 2127/2127/2127
f 2126/2126/2126 2129/2129/2129 2128/2128/2128
f 2130/2130/2130 2117/2117/2117 2127/2127/2127
f 2117/2117/2117 2130/2130/2130 2118/2118/2118
f 2127/2127/2127 2131/2131/2131 2130/2130/2130
f 2128/2128/2128 2131/2131/2131 2127/2127/2127
f 2132/2132/2132 2131/2131/2131 2128/2128/2128
f 2130/2130/2130 2133/2133/2133 2118/2118/2118
f 2131/2131/2131 2133/2133/2133 2130/2130/2130
f 2133/2133/2133 2131/2131/2131 2132/2132/2132
f 2133/2133/2133 2134/2134/2134 2118/2118/2118
f 2134/2134/2134 2133/2133/2133 2135/2135/2135
f 2129/2129/2129 2136/2136/2136 2128/2128/2128
f 2136/2136/2136 2132/2132/2132 2128/2128/2128
f 2137/2137/2137 2136/2136/2136 2129/2129/2129
f 2137/2137/2137 2132/2132/2132 2136/2136/2136
f 2137/2137/2137 2129/2129/2129 2138/2138/2138
f 2138/2138/2138 2139/2139/2139 2137/2137/2137
f 2133/2133/2133 2140/2140/2140 2135/2135/2135
f 2140/2140/2140 2133/2133/2133 2132/2132/2132
f 2141/2141/2141 2135/2135/2135 2140/2140/2140
f 2141/2141/2141 2140/2140/2140 2132/2132/2132
f 2141/2141/2141 2142/2142/2142 2135/2135/2135
f 2143/2143/2143 2142/2142/2142 2141/2141/2141
f 2137/2137/2137 2144/2144/2144 2132/2132/2132
f 2141/2141/2141 2132/2132/2132 2144/2144/2144
f 2145/2145/2145 2144/2144/2144 2137/2137/2137
f 2145/2145/2145 2141/2141/2141 2144/2144/2144
f 2137/2137/2137 2139/2139/2139 2146/2146/2146
f 2145/2145/2145 2137/2137/2137 2146/2146/2146
f 2147/2147/2147 2146/2146/2146 2139/2139/2139
f 2148/2148/2148 2146/2146/2146 2147/2147/2147
f 2141/2141/2141 2149/2149/2149 2143/2143/2143
f 2145/2145/2145 2149/2149/2149 2141/2141/2141
f 2150/2150/2150 2143/2143/2143 2149/2149/2149
f 2149/2149/2149 2151/2151/2151 2150/2150/2150
f 2148/2148/2148 2152/2152/2152 2146/2146/2146
f 2152/2152/2152 2145/2145/2145 2146/2146/2146
f 2153/2153/2153 2152/2152/2152 2148/2148/2148
f 2149/2149/2149 2154/2154/2154 2151/2151/2151
f 2145/2145/2145 2154/2154/2154 2149/2149/2149
f 2155/2155/2155 2151/2151/2151 2154/2154/2154
f 2152/2152/2152 2156/2156/2156 2145/2145/2145
f 2145/2145/2145 2156/2156/2156 2154/2154/2154
f 2153/2153/2153 2157/2157/2157 2152/2152/2152
f 2153/2153/2153 2158/2158/2158 2157/2157/2157
f 2159/2159/2159 2156/2156/2156 2152/2152/2152
f 2154/2154/2154 2156/2156/2156 2159/2159/2159
f 2159/2159/2159 2152/2152/2152 2157/2157/2157
f 2157/2157/2157 2160/2160/2160 2159/2159/2159
f 2155/2155/2155 2154/2154/2154 2161/2161/2161
f 2154/2154/2154 2159/2159/2159 2161/2161/2161
f 2161/2161/2161 2159/2159/2159 2160/2160/2160
f 2162/2162/2162 2155/2155/2155 2161/2161/2161
f 2157/2157/2157 2158/2158/2158 2163/2163/2163
f 2157/2157/2157 2163/2163/2163 2160/2160/2160
f 2164/2164/2164 2163/2163/2163 2158/2158/2158
f 2165/2165/2165 2163/2163/2163 2164/2164/2164
f 2161/2161/2161 2166/2166/2166 2162/2162/2162
f 2161/2161/2161 2160/2160/2160 2166/2166/2166
f 2167/2167/2167 2162/2162/2162 2166/2166/2166
f 2168/2168/2168 2167/2167/2167 2166/2166/2166
f 2165/2165/2165 2169/2169/2169 2163/2163/2163
f 2169/2169/2169 2160/2160/2160 2163/2163/2163
f 2168/2168/2168 2166/2166/2166 2170/2170/2170
f 2160/2160/2160 2170/2170/2170 2166/2166/2166
f 2165/2165/2165 2171/2171/2171 2169/2169/2169
f 2169/2169/2169 2171/2171/2171 2172/2172/2172
f 2165/2165/2165 2173/2173/2173 2171/2171/2171
f 2174/2174/2174 2171/2171/2171 2173/2173/2173
f 2169/2169/2169 2175/2175/2175 2160/2160/2160
f 2160/2160/2160 2175/2175/2175 2170/2170/2170
f 2169/2169/2169 2172/2172/2172 2175/2175/2175
f 2170/2170/2170 2175/2175/2175 2172/2172/2172
f 2168/2168/2168 2170/2170/2170 2176/2176/2176
f 2170/2170/2170 2172/2172/2172 2176/2176/2176
f 2168/2168/2168 2176/2176/2176 2177/2177/2177
f 2177/2177/2177 2176/2176/2176 2178/2178/2178
f 2176/2176/2176 2179/2179/2179 2178/2178/2178
f 2179/2179/2179 2176/2176/2176 2172/2172/2172
f 2180/2180/2180 2178/2178/2178 2179/2179/2179
f 2171/2171/2171 2174/2174/2174 2181/2181/2181
f 2182/2182/2182 2172/2172/2172 2171/2171/2171
f 2171/2171/2171 2181/2181/2181 2182/2182/2182
f 2181/2181/2181 2183/2183/2183 2182/2182/2182
f 2183/2183/2183 2181/2181/2181 2184/2184/2184
f 2184/2184/2184 2181/2181/2181 2174/2174/2174
f 2184/2184/2184 2174/2174/2174 2185/2185/2185
f 2182/2182/2182 2186/2186/2186 2172/2172/2172
f 2179/2179/2179 2172/2172/2172 2186/2186/2186
f 2182/2182/2182 2187/2187/2187 2186/2186/2186
f 2179/2179/2179 2186/2186/2186 2187/2187/2187
f 2182/2182/2182 2183/2183/2183 2187/2187/2187
f 2179/2179/2179 2188/2188/2188 2180/2180/2180
f 2179/2179/2179 2187/2187/2187 2188/2188/2188
f 2189/2189/2189 2184/2184/2184 2185/2185/2185
f 2183/2183/2183 2184/2184/2184 2189/2189/2189
f 2188/2188/2188 2190/2190/2190 2180/2180/2180
f 2190/2190/2190 2191/2191/2191 2180/2180/2180
f 2188/2188/2188 2187/2187/2187 2192/2192/2192
f 2188/2188/2188 2192/2192/2192 2190/2190/2190
f 2183/2183/2183 2192/2192/2192 2187/2187/2187
f 2190/2190/2190 2193/2193/2193 2191/2191/2191
f 2192/2192/2192 2193/2193/2193 2190/2190/2190
f 2194/2194/2194 2191/2191/2191 2193/2193/2193
f 2189/2189/2189 2185/2185/2185 2195/2195/2195
f 2185/2185/2185 2196/2196/2196 2195/2195/2195
f 2197/2197/2197 2195/2195/2195 2196/2196/2196
f 2194/2194/2194 2193/2193/2193 2198/2198/2198
f 2199/2199/2199 2194/2194/2194 2198/2198/2198
f 2192/2192/2192 2200/2200/2200 2193/2193/2193
f 2198/2198/2198 2193/2193/2193 2200/2200/2200
f 2199/2199/2199 2198/2198/2198 2201/2201/2201
f 2202/2202/2202 2199/2199/2199 2201/2201/2201
f 2202/2202/2202 2201/2201/2201 2203/2203/2203
f 2203/2203/2203 2204/2204/2204 2202/2202/2202
f 2203/2203/2203 2205/2205/2205 2204/2204/2204
f 2198/2198/2198 2206/2206/2206 2201/2201/2201
f 2198/2198/2198 2200/2200/2200 2206/2206/2206
f 2200/2200/2200 2192/2192/2192 2207/2207/2207
f 2183/2183/2183 2207/2207/2207 2192/2192/2192
f 2203/2203/2203 2208/2208/2208 2205/2205/2205
f 2209/2209/2209 2205/2205/2205 2208/2208/2208
f 2210/2210/2210 2203/2203/2203 2201/2201/2201
f 2210/2210/2210 2201/2201/2201 2206/2206/2206
f 2211/2211/2211 2200/2200/2200 2207/2207/2207
f 2200/2200/2200 2211/2211/2211 2206/2206/2206
f 2212/2212/2212 2209/2209/2209 2208/2208/2208
f 2203/2203/2203 2213/2213/2213 2208/2208/2208
f 2208/2208/2208 2213/2213/2213 2212/2212/2212
f 2203/2203/2203 2210/2210/2210 2214/2214/2214
f 2203/2203/2203 2214/2214/2214 2213/2213/2213
f 2212/2212/2212 2215/2215/2215 2209/2209/2209
f 2215/2215/2215 2212/2212/2212 2216/2216/2216
f 2215/2215/2215 2217/2217/2217 2209/2209/2209
f 2217/2217/2217 2215/2215/2215 2218/2218/2218
f 2213/2213/2213 2219/2219/2219 2212/2212/2212
f 2212/2212/2212 2219/2219/2219 2216/2216/2216
f 2215/2215/2215 2220/2220/2220 2218/2218/2218
f 2220/2220/2220 2215/2215/2215 2216/2216/2216
f 2219/2219/2219 2213/2213/2213 2221/2221/2221
f 2221/2221/2221 2213/2213/2213 2214/2214/2214
f 2222/2222/2222 2219/2219/2219 2221/2221/2221
f 2219/2219/2219 2222/2222/2222 2216/2216/2216
f 2223/2223/2223 2221/2221/2221 2214/2214/2214
f 2224/2224/2224 2223/2223/2223 2214/2214/2214
f 2222/2222/2222 2225/2225/2225 2216/2216/2216
f 2224/2224/2224 2214/2214/2214 2226/2226/2226
f 2214/2214/2214 2210/2210/2210 2226/2226/2226
f 2216/2216/2216 2225/2225/2225 2227/2227/2227
f 2228/2228/2228 2226/2226/2226 2210/2210/2210
f 2210/2210/2210 2206/2206/2206 2228/2228/2228
f 2228/2228/2228 2229/2229/2229 2226/2226/2226
f 2230/2230/2230 2216/2216/2216 2227/2227/2227
f 2230/2230/2230 2220/2220/2220 2216/2216/2216
f 2231/2231/2231 2230/2230/2230 2227/2227/2227
f 2230/2230/2230 2231/2231/2231 2220/2220/2220
f 2232/2232/2232 2231/2231/2231 2227/2227/2227
f 2206/2206/2206 2233/2233/2233 2228/2228/2228
f 2206/2206/2206 2211/2211/2211 2233/2233/2233
f 2234/2234/2234 2229/2229/2229 2228/2228/2228
f 2234/2234/2234 2235/2235/2235 2229/2229/2229
f 2236/2236/2236 2234/2234/2234 2228/2228/2228
f 2233/2233/2233 2236/2236/2236 2228/2228/2228
f 2235/2235/2235 2234/2234/2234 2237/2237/2237
f 2237/2237/2237 2234/2234/2234 2236/2236/2236
f 2238/2238/2238 2235/2235/2235 2237/2237/2237
f 2211/2211/2211 2239/2239/2239 2233/2233/2233
f 2211/2211/2211 2207/2207/2207 2239/2239/2239
f 2238/2238/2238 2237/2237/2237 2240/2240/2240
f 2238/2238/2238 2240/2240/2240 2241/2241/2241
f 2242/2242/2242 2240/2240/2240 2237/2237/2237
f 2242/2242/2242 2237/2237/2237 2243/2243/2243
f 2243/2243/2243 2237/2237/2237 2236/2236/2236
f 2244/2244/2244 2236/2236/2236 2233/2233/2233
f 2239/2239/2239 2244/2244/2244 2233/2233/2233
f 2245/2245/2245 2242/2242/2242 2243/2243/2243
f 2245/2245/2245 2246/2246/2246 2242/2242/2242
f 2243/2243/2243 2236/2236/2236 2247/2247/2247
f 2247/2247/2247 2236/2236/2236 2244/2244/2244
f 2245/2245/2245 2248/2248/2248 2246/2246/2246
f 2246/2246/2246 2248/2248/2248 2249/2249/2249
f 2248/2248/2248 2250/2250/2250 2249/2249/2249
f 2248/2248/2248 2251/2251/2251 2250/2250/2250
f 2245/2245/2245 2243/2243/2243 2252/2252/2252
f 2243/2243/2243 2247/2247/2247 2252/2252/2252
f 2253/2253/2253 2248/2248/2248 2245/2245/2245
f 2248/2248/2248 2253/2253/2253 2251/2251/2251
f 2253/2253/2253 2245/2245/2245 2252/2252/2252
f 2254/2254/2254 2251/2251/2251 2253/2253/2253
f 2254/2254/2254 2255/2255/2255 2251/2251/2251
f 2255/2255/2255 2254/2254/2254 2256/2256/2256
f 2253/2253/2253 2252/2252/2252 2257/2257/2257
f 2253/2253/2253 2257/2257/2257 2254/2254/2254
f 2252/2252/2252 2247/2247/2247 2258/2258/2258
f 2257/2257/2257 2252/2252/2252 2258/2258/2258
f 2254/2254/2254 2257/2257/2257 2259/2259/2259
f 2254/2254/2254 2259/2259/2259 2256/2256/2256
f 2257/2257/2257 2260/2260/2260 2259/2259/2259
f 2257/2257/2257 2258/2258/2258 2260/2260/2260
f 2261/2261/2261 2258/2258/2258 2247/2247/2247
f 2247/2247/2247 2244/2244/2244 2261/2261/2261
f 2259/2259/2259 2262/2262/2262 2256/2256/2256
f 2259/2259/2259 2260/2260/2260 2262/2262/2262
f 2263/2263/2263 2256/2256/2256 2262/2262/2262
f 2263/2263/2263 2264/2264/2264 2256/2256/2256
f 2265/2265/2265 2264/2264/2264 2263/2263/2263
f 2265/2265/2265 2263/2263/2263 2266/2266/2266
f 2258/2258/2258 2267/2267/2267 2260/2260/2260
f 2261/2261/2261 2267/2267/2267 2258/2258/2258
f 2268/2268/2268 2262/2262/2262 2260/2260/2260
f 2263/2263/2263 2262/2262/2262 2268/2268/2268
f 2268/2268/2268 2260/2260/2260 2267/2267/2267
f 2269/2269/2269 2268/2268/2268 2267/2267/2267
f 2268/2268/2268 2269/2269/2269 2270/2270/2270
f 2261/2261/2261 2271/2271/2271 2267/2267/2267
f 2269/2269/2269 2267/2267/2267 2271/2271/2271
f 2263/2263/2263 2268/2268/2268 2272/2272/2272
f 2268/2268/2268 2270/2270/2270 2272/2272/2272
f 2263/2263/2263 2272/2272/2272 2273/2273/2273
f 2270/2270/2270 2273/2273/2273 2272/2272/2272
f 2263/2263/2263 2274/2274/2274 2266/2266/2266
f 2263/2263/2263 2273/2273/2273 2274/2274/2274
f 2266/2266/2266 2274/2274/2274 2275/2275/2275
f 2273/2273/2273 2275/2275/2275 2274/2274/2274
f 2266/2266/2266 2275/2275/2275 2276/2276/2276
f 2277/2277/2277 2271/2271/2271 2261/2261/2261
f 2277/2277/2277 2261/2261/2261 2244/2244/2244
f 2276/2276/2276 2275/2275/2275 2278/2278/2278
f 2279/2279/2279 2278/2278/2278 2275/2275/2275
f 2276/2276/2276 2278/2278/2278 2280/2280/2280
f 2280/2280/2280 2278/2278/2278 2281/2281/2281
f 2282/2282/2282 2281/2281/2281 2278/2278/2278
f 2279/2279/2279 2282/2282/2282 2278/2278/2278
f 2283/2283/2283 2281/2281/2281 2282/2282/2282
f 2283/2283/2283 2282/2282/2282 2284/2284/2284
f 2283/2283/2283 2284/2284/2284 2285/2285/2285
f 2286/2286/2286 2285/2285/2285 2284/2284/2284
f 2244/2244/2244 2287/2287/2287 2277/2277/2277
f 2239/2239/2239 2287/2287/2287 2244/2244/2244
f 2239/2239/2239 2288/2288/2288 2287/2287/2287
f 2207/2207/2207 2288/2288/2288 2239/2239/2239
f 2287/2287/2287 2289/2289/2289 2277/2277/2277
f 2288/2288/2288 2289/2289/2289 2287/2287/2287
f 2279/2279/2279 2290/2290/2290 2282/2282/2282
f 2284/2284/2284 2282/2282/2282 2290/2290/2290
f 2286/2286/2286 2284/2284/2284 2291/2291/2291
f 2292/2292/2292 2291/2291/2291 2284/2284/2284
f 2286/2286/2286 2291/2291/2291 2293/2293/2293
f 2294/2294/2294 2293/2293/2293 2291/2291/2291
f 2292/2292/2292 2294/2294/2294 2291/2291/2291
f 2295/2295/2295 2293/2293/2293 2294/2294/2294
f 2294/2294/2294 2296/2296/2296 2295/2295/2295
f 2297/2297/2297 2288/2288/2288 2207/2207/2207
f 2207/2207/2207 2183/2183/2183 2297/2297/2297
f 2297/2297/2297 2183/2183/2183 2298/2298/2298
f 2183/2183/2183 2189/2189/2189 2298/2298/2298
f 2298/2298/2298 2189/2189/2189 2195/2195/2195
f 2298/2298/2298 2195/2195/2195 2299/2299/2299
f 2297/2297/2297 2300/2300/2300 2288/2288/2288
f 2298/2298/2298 2300/2300/2300 2297/2297/2297
f 2299/2299/2299 2195/2195/2195 2301/2301/2301
f 2197/2197/2197 2301/2301/2301 2195/2195/2195
f 2288/2288/2288 2300/2300/2300 2302/2302/2302
f 2288/2288/2288 2302/2302/2302 2289/2289/2289
f 2289/2289/2289 2302/2302/2302 2303/2303/2303
f 2303/2303/2303 2304/2304/2304 2289/2289/2289
f 2289/2289/2289 2304/2304/2304 2277/2277/2277
f 2277/2277/2277 2304/2304/2304 2271/2271/2271
f 2298/2298/2298 2305/2305/2305 2300/2300/2300
f 2298/2298/2298 2299/2299/2299 2305/2305/2305
f 2306/2306/2306 2302/2302/2302 2300/2300/2300
f 2306/2306/2306 2300/2300/2300 2305/2305/2305
f 2306/2306/2306 2303/2303/2303 2302/2302/2302
f 2306/2306/2306 2305/2305/2305 2299/2299/2299
f 2307/2307/2307 2271/2271/2271 2304/2304/2304
f 2269/2269/2269 2271/2271/2271 2307/2307/2307
f 2308/2308/2308 2301/2301/2301 2197/2197/2197
f 2309/2309/2309 2301/2301/2301 2308/2308/2308
f 2308/2308/2308 2197/2197/2197 2310/2310/2310
f 2310/2310/2310 2311/2311/2311 2308/2308/2308
f 2312/2312/2312 2308/2308/2308 2311/2311/2311
f 2312/2312/2312 2309/2309/2309 2308/2308/2308
f 2311/2311/2311 2313/2313/2313 2312/2312/2312
f 2314/2314/2314 2312/2312/2312 2313/2313/2313
f 2299/2299/2299 2301/2301/2301 2315/2315/2315
f 2309/2309/2309 2315/2315/2315 2301/2301/2301
f 2299/2299/2299 2315/2315/2315 2316/2316/2316
f 2316/2316/2316 2315/2315/2315 2309/2309/2309
f 2307/2307/2307 2304/2304/2304 2317/2317/2317
f 2303/2303/2303 2317/2317/2317 2304/2304/2304
f 2299/2299/2299 2316/2316/2316 2318/2318/2318
f 2306/2306/2306 2299/2299/2299 2318/2318/2318
f 2319/2319/2319 2303/2303/2303 2306/2306/2306
f 2318/2318/2318 2319/2319/2319 2306/2306/2306
f 2314/2314/2314 2320/2320/2320 2312/2312/2312
f 2312/2312/2312 2321/2321/2321 2309/2309/2309
f 2320/2320/2320 2321/2321/2321 2312/2312/2312
f 2322/2322/2322 2320/2320/2320 2314/2314/2314
f 2323/2323/2323 2320/2320/2320 2322/2322/2322
f 2324/2324/2324 2323/2323/2323 2322/2322/2322
f 2325/2325/2325 2322/2322/2322 2314/2314/2314
f 2325/2325/2325 2326/2326/2326 2322/2322/2322
f 2324/2324/2324 2322/2322/2322 2326/2326/2326
f 2326/2326/2326 2327/2327/2327 2324/2324/2324
f 2324/2324/2324 2327/2327/2327 2328/2328/2328
f 2320/2320/2320 2329/2329/2329 2321/2321/2321
f 2323/2323/2323 2329/2329/2329 2320/2320/2320
f 2321/2321/2321 2329/2329/2329 2330/2330/2330
f 2330/2330/2330 2329/2329/2329 2323/2323/2323
f 2331/2331/2331 2309/2309/2309 2321/2321/2321
f 2321/2321/2321 2330/2330/2330 2331/2331/2331
f 2331/2331/2331 2332/2332/2332 2309/2309/2309
f 2316/2316/2316 2309/2309/2309 2332/2332/2332
f 2333/2333/2333 2316/2316/2316 2332/2332/2332
f 2333/2333/2333 2318/2318/2318 2316/2316/2316
f 2333/2333/2333 2332/2332/2332 2334/2334/2334
f 2333/2333/2333 2335/2335/2335 2318/2318/2318
f 2334/2334/2334 2332/2332/2332 2336/2336/2336
f 2331/2331/2331 2336/2336/2336 2332/2332/2332
f 2337/2337/2337 2336/2336/2336 2331/2331/2331
f 2338/2338/2338 2318/2318/2318 2335/2335/2335
f 2331/2331/2331 2339/2339/2339 2337/2337/2337
f 2331/2331/2331 2330/2330/2330 2339/2339/2339
f 2318/2318/2318 2338/2338/2338 2319/2319/2319
f 2339/2339/2339 2330/2330/2330 2340/2340/2340
f 2341/2341/2341 2339/2339/2339 2340/2340/2340
f 2341/2341/2341 2340/2340/2340 2342/2342/2342
f 2343/2343/2343 2342/2342/2342 2340/2340/2340
f 2330/2330/2330 2323/2323/2323 2340/2340/2340
f 2323/2323/2323 2343/2343/2343 2340/2340/2340
f 2344/2344/2344 2342/2342/2342 2343/2343/2343
f 2343/2343/2343 2345/2345/2345 2344/2344/2344
f 2346/2346/2346 2319/2319/2319 2338/2338/2338
f 2346/2346/2346 2338/2338/2338 2347/2347/2347
f 2319/2319/2319 2346/2346/2346 2303/2303/2303
f 2347/2347/2347 2348/2348/2348 2346/2346/2346
f 2346/2346/2346 2348/2348/2348 2303/2303/2303
f 2348/2348/2348 2347/2347/2347 2349/2349/2349
f 2347/2347/2347 2350/2350/2350 2349/2349/2349
f 2351/2351/2351 2349/2349/2349 2350/2350/2350
f 2348/2348/2348 2352/2352/2352 2303/2303/2303
f 2352/2352/2352 2348/2348/2348 2349/2349/2349
f 2352/2352/2352 2349/2349/2349 2353/2353/2353
f 2352/2352/2352 2317/2317/2317 2303/2303/2303
f 2351/2351/2351 2354/2354/2354 2349/2349/2349
f 2354/2354/2354 2353/2353/2353 2349/2349/2349
f 2352/2352/2352 2355/2355/2355 2317/2317/2317
f 2352/2352/2352 2353/2353/2353 2355/2355/2355
f 2356/2356/2356 2317/2317/2317 2355/2355/2355
f 2356/2356/2356 2355/2355/2355 2353/2353/2353
f 2356/2356/2356 2307/2307/2307 2317/2317/2317
f 2351/2351/2351 2357/2357/2357 2354/2354/2354
f 2358/2358/2358 2354/2354/2354 2357/2357/2357
f 2351/2351/2351 2359/2359/2359 2357/2357/2357
f 2359/2359/2359 2360/2360/2360 2357/2357/2357
f 2361/2361/2361 2357/2357/2357 2360/2360/2360
f 2361/2361/2361 2358/2358/2358 2357/2357/2357
f 2360/2360/2360 2362/2362/2362 2361/2361/2361
f 2362/2362/2362 2363/2363/2363 2361/2361/2361
f 2354/2354/2354 2364/2364/2364 2353/2353/2353
f 2358/2358/2358 2364/2364/2364 2354/2354/2354
f 2353/2353/2353 2364/2364/2364 2365/2365/2365
f 2365/2365/2365 2364/2364/2364 2358/2358/2358
f 2366/2366/2366 2307/2307/2307 2356/2356/2356
f 2269/2269/2269 2307/2307/2307 2366/2366/2366
f 2356/2356/2356 2353/2353/2353 2367/2367/2367
f 2353/2353/2353 2365/2365/2365 2367/2367/2367
f 2368/2368/2368 2366/2366/2366 2356/2356/2356
f 2368/2368/2368 2356/2356/2356 2367/2367/2367
f 2368/2368/2368 2367/2367/2367 2369/2369/2369
f 2367/2367/2367 2370/2370/2370 2369/2369/2369
f 2367/2367/2367 2365/2365/2365 2370/2370/2370
f 2371/2371/2371 2366/2366/2366 2368/2368/2368
f 2366/2366/2366 2371/2371/2371 2269/2269/2269
f 2371/2371/2371 2368/2368/2368 2372/2372/2372
f 2370/2370/2370 2365/2365/2365 2373/2373/2373
f 2365/2365/2365 2358/2358/2358 2373/2373/2373
f 2370/2370/2370 2373/2373/2373 2374/2374/2374
f 2374/2374/2374 2373/2373/2373 2375/2375/2375
f 2371/2371/2371 2376/2376/2376 2269/2269/2269
f 2376/2376/2376 2371/2371/2371 2372/2372/2372
f 2376/2376/2376 2270/2270/2270 2269/2269/2269
f 2376/2376/2376 2372/2372/2372 2270/2270/2270
f 2377/2377/2377 2270/2270/2270 2372/2372/2372
f 2378/2378/2378 2375/2375/2375 2373/2373/2373
f 2358/2358/2358 2378/2378/2378 2373/2373/2373
f 2379/2379/2379 2375/2375/2375 2378/2378/2378
f 2377/2377/2377 2380/2380/2380 2270/2270/2270
f 2270/2270/2270 2380/2380/2380 2273/2273/2273
f 2381/2381/2381 2380/2380/2380 2377/2377/2377
f 2358/2358/2358 2382/2382/2382 2378/2378/2378
f 2361/2361/2361 2382/2382/2382 2358/2358/2358
f 2379/2379/2379 2378/2378/2378 2383/2383/2383
f 2383/2383/2383 2378/2378/2378 2382/2382/2382
f 2379/2379/2379 2383/2383/2383 2384/2384/2384
f 2385/2385/2385 2273/2273/2273 2380/2380/2380
f 2381/2381/2381 2385/2385/2385 2380/2380/2380
f 2382/2382/2382 2361/2361/2361 2386/2386/2386
f 2363/2363/2363 2386/2386/2386 2361/2361/2361
f 2384/2384/2384 2383/2383/2383 2387/2387/2387
f 2388/2388/2388 2387/2387/2387 2383/2383/2383
f 2388/2388/2388 2389/2389/2389 2387/2387/2387
f 2384/2384/2384 2387/2387/2387 2390/2390/2390
f 2390/2390/2390 2387/2387/2387 2391/2391/2391
f 2389/2389/2389 2391/2391/2391 2387/2387/2387
f 2392/2392/2392 2391/2391/2391 2389/2389/2389
f 2393/2393/2393 2392/2392/2392 2389/2389/2389
f 2383/2383/2383 2382/2382/2382 2394/2394/2394
f 2382/2382/2382 2386/2386/2386 2394/2394/2394
f 2388/2388/2388 2383/2383/2383 2394/2394/2394
f 2386/2386/2386 2388/2388/2388 2394/2394/2394
f 2395/2395/2395 2386/2386/2386 2363/2363/2363
f 2386/2386/2386 2395/2395/2395 2388/2388/2388
f 2388/2388/2388 2395/2395/2395 2396/2396/2396
f 2395/2395/2395 2363/2363/2363 2397/2397/2397
f 2397/2397/2397 2398/2398/2398 2395/2395/2395
f 2396/2396/2396 2395/2395/2395 2398/2398/2398
f 2398/2398/2398 2399/2399/2399 2396/2396/2396
f 2396/2396/2396 2399/2399/2399 2400/2400/2400
f 2388/2388/2388 2401/2401/2401 2389/2389/2389
f 2388/2388/2388 2396/2396/2396 2401/2401/2401
f 2389/2389/2389 2401/2401/2401 2402/2402/2402
f 2396/2396/2396 2402/2402/2402 2401/2401/2401
f 2393/2393/2393 2389/2389/2389 2403/2403/2403
f 2389/2389/2389 2402/2402/2402 2403/2403/2403
f 2396/2396/2396 2400/2400/2400 2404/2404/2404
f 2396/2396/2396 2404/2404/2404 2402/2402/2402
f 2393/2393/2393 2403/2403/2403 2405/2405/2405
f 2406/2406/2406 2393/2393/2393 2405/2405/2405
f 2403/2403/2403 2402/2402/2402 2407/2407/2407
f 2407/2407/2407 2402/2402/2402 2404/2404/2404
f 2405/2405/2405 2403/2403/2403 2407/2407/2407
f 2408/2408/2408 2404/2404/2404 2400/2400/2400
f 2408/2408/2408 2407/2407/2407 2404/2404/2404
f 2409/2409/2409 2408/2408/2408 2400/2400/2400
f 2408/2408/2408 2409/2409/2409 2410/2410/2410
f 2405/2405/2405 2411/2411/2411 2406/2406/2406
f 2411/2411/2411 2412/2412/2412 2406/2406/2406
f 2411/2411/2411 2413/2413/2413 2412/2412/2412
f 2413/2413/2413 2414/2414/2414 2412/2412/2412
f 2415/2415/2415 2414/2414/2414 2413/2413/2413
f 2411/2411/2411 2405/2405/2405 2416/2416/2416
f 2405/2405/2405 2407/2407/2407 2416/2416/2416
f 2411/2411/2411 2416/2416/2416 2413/2413/2413
f 2407/2407/2407 2408/2408/2408 2417/2417/2417
f 2417/2417/2417 2408/2408/2408 2410/2410/2410
f 2416/2416/2416 2407/2407/2407 2417/2417/2417
f 2418/2418/2418 2417/2417/2417 2410/2410/2410
f 2417/2417/2417 2418/2418/2418 2416/2416/2416
f 2419/2419/2419 2418/2418/2418 2410/2410/2410
f 2418/2418/2418 2420/2420/2420 2416/2416/2416
f 2416/2416/2416 2420/2420/2420 2413/2413/2413
f 2421/2421/2421 2418/2418/2418 2419/2419/2419
f 2420/2420/2420 2418/2418/2418 2421/2421/2421
f 2422/2422/2422 2421/2421/2421 2419/2419/2419
f 2423/2423/2423 2421/2421/2421 2422/2422/2422
f 2423/2423/2423 2422/2422/2422 2424/2424/2424
f 2425/2425/2425 2420/2420/2420 2421/2421/2421
f 2413/2413/2413 2420/2420/2420 2425/2425/2425
f 2423/2423/2423 2425/2425/2425 2421/2421/2421
f 2426/2426/2426 2413/2413/2413 2425/2425/2425
f 2423/2423/2423 2426/2426/2426 2425/2425/2425
f 2426/2426/2426 2415/2415/2415 2413/2413/2413
f 2415/2415/2415 2426/2426/2426 2423/2423/2423
f 2415/2415/2415 2423/2423/2423 2427/2427/2427
f 2428/2428/2428 2423/2423/2423 2424/2424/2424
f 2423/2423/2423 2428/2428/2428 2427/2427/2427
f 2429/2429/2429 2428/2428/2428 2424/2424/2424
f 2428/2428/2428 2429/2429/2429 2427/2427/2427
f 2430/2430/2430 2429/2429/2429 2424/2424/2424
f 2429/2429/2429 2431/2431/2431 2427/2427/2427
f 2434/2434/2434 2433/2433/2433 2432/2432/2432
f 2433/2433/2433 2435/2435/2435 2432/2432/2432
f 2436/2436/2436 2435/2435/2435 2433/2433/2433
f 2432/2432/2432 2435/2435/2435 2437/2437/2437
f 2435/2435/2435 2438/2438/2438 2437/2437/2437
f 2435/2435/2435 2436/2436/2436 2438/2438/2438
f 2439/2439/2439 2436/2436/2436 2433/2433/2433
f 2436/2436/2436 2440/2440/2440 2438/2438/2438
f 2441/2441/2441 2440/2440/2440 2436/2436/2436
f 2439/2439/2439 2442/2442/2442 2436/2436/2436
f 2443/2443/2443 2441/2441/2441 2436/2436/2436
f 2442/2442/2442 2443/2443/2443 2436/2436/2436
f 2441/2441/2441 2443/2443/2443 2444/2444/2444
f 2443/2443/2443 2442/2442/2442 2445/2445/2445
f 2442/2442/2442 2446/2446/2446 2445/2445/2445
f 2445/2445/2445 2446/2446/2446 2447/2447/2447
f 2443/2443/2443 2448/2448/2448 2444/2444/2444
f 2444/2444/2444 2448/2448/2448 2449/2449/2449
f 2450/2450/2450 2445/2445/2445 2447/2447/2447
f 2451/2451/2451 2450/2450/2450 2447/2447/2447
f 2445/2445/2445 2452/2452/2452 2443/2443/2443
f 2452/2452/2452 2448/2448/2448 2443/2443/2443
f 2448/2448/2448 2453/2453/2453 2449/2449/2449
f 2449/2449/2449 2453/2453/2453 2454/2454/2454
f 2450/2450/2450 2455/2455/2455 2445/2445/2445
f 2455/2455/2455 2452/2452/2452 2445/2445/2445
f 2451/2451/2451 2456/2456/2456 2450/2450/2450
f 2456/2456/2456 2455/2455/2455 2450/2450/2450
f 2452/2452/2452 2457/2457/2457 2448/2448/2448
f 2457/2457/2457 2453/2453/2453 2448/2448/2448
f 2458/2458/2458 2456/2456/2456 2451/2451/2451
f 2458/2458/2458 2451/2451/2451 2459/2459/2459
f 2455/2455/2455 2460/2460/2460 2452/2452/2452
f 2460/2460/2460 2457/2457/2457 2452/2452/2452
f 2458/2458/2458 2459/2459/2459 2461/2461/2461
f 2459/2459/2459 2462/2462/2462 2461/2461/2461
f 2461/2461/2461 2462/2462/2462 2463/2463/2463
f 2464/2464/2464 2461/2461/2461 2463/2463/2463
f 2465/2465/2465 2464/2464/2464 2463/2463/2463
f 2456/2456/2456 2458/2458/2458 2466/2466/2466
f 2456/2456/2456 2467/2467/2467 2455/2455/2455
f 2456/2456/2456 2466/2466/2466 2467/2467/2467
f 2455/2455/2455 2467/2467/2467 2468/2468/2468
f 2455/2455/2455 2468/2468/2468 2460/2460/2460
f 2468/2468/2468 2467/2467/2467 2466/2466/2466
f 2458/2458/2458 2461/2461/2461 2469/2469/2469
f 2466/2466/2466 2458/2458/2458 2469/2469/2469
f 2461/2461/2461 2464/2464/2464 2470/2470/2470
f 2469/2469/2469 2461/2461/2461 2470/2470/2470
f 2465/2465/2465 2471/2471/2471 2464/2464/2464
f 2470/2470/2470 2464/2464/2464 2471/2471/2471
f 2468/2468/2468 2466/2466/2466 2472/2472/2472
f 2466/2466/2466 2469/2469/2469 2472/2472/2472
f 2460/2460/2460 2468/2468/2468 2473/2473/2473
f 2472/2472/2472 2473/2473/2473 2468/2468/2468
f 2460/2460/2460 2473/2473/2473 2474/2474/2474
f 2460/2460/2460 2474/2474/2474 2457/2457/2457
f 2474/2474/2474 2475/2475/2475 2457/2457/2457
f 2457/2457/2457 2475/2475/2475 2476/2476/2476
f 2453/2453/2453 2457/2457/2457 2476/2476/2476
f 2472/2472/2472 2477/2477/2477 2473/2473/2473
f 2453/2453/2453 2476/2476/2476 2478/2478/2478
f 2472/2472/2472 2479/2479/2479 2477/2477/2477
f 2469/2469/2469 2479/2479/2479 2472/2472/2472
f 2479/2479/2479 2480/2480/2480 2477/2477/2477
f 2481/2481/2481 2480/2480/2480 2479/2479/2479
f 2482/2482/2482 2479/2479/2479 2469/2469/2469
f 2482/2482/2482 2481/2481/2481 2479/2479/2479
f 2470/2470/2470 2482/2482/2482 2469/2469/2469
f 2482/2482/2482 2483/2483/2483 2481/2481/2481
f 2484/2484/2484 2453/2453/2453 2478/2478/2478
f 2453/2453/2453 2484/2484/2484 2454/2454/2454
f 2485/2485/2485 2484/2484/2484 2478/2478/2478
f 2454/2454/2454 2484/2484/2484 2485/2485/2485
f 2486/2486/2486 2454/2454/2454 2485/2485/2485
f 2487/2487/2487 2486/2486/2486 2485/2485/2485
f 2488/2488/2488 2485/2485/2485 2478/2478/2478
f 2489/2489/2489 2487/2487/2487 2485/2485/2485
f 2489/2489/2489 2485/2485/2485 2488/2488/2488
f 2490/2490/2490 2489/2489/2489 2488/2488/2488
f 2470/2470/2470 2491/2491/2491 2482/2482/2482
f 2482/2482/2482 2491/2491/2491 2483/2483/2483
f 2470/2470/2470 2492/2492/2492 2491/2491/2491
f 2470/2470/2470 2471/2471/2471 2492/2492/2492
f 2483/2483/2483 2491/2491/2491 2493/2493/2493
f 2483/2483/2483 2493/2493/2493 2494/2494/2494
f 2494/2494/2494 2493/2493/2493 2495/2495/2495
f 2491/2491/2491 2492/2492/2492 2496/2496/2496
f 2496/2496/2496 2492/2492/2492 2471/2471/2471
f 2491/2491/2491 2496/2496/2496 2493/2493/2493
f 2493/2493/2493 2497/2497/2497 2495/2495/2495
f 2493/2493/2493 2496/2496/2496 2497/2497/2497
f 2495/2495/2495 2497/2497/2497 2498/2498/2498
f 2495/2495/2495 2498/2498/2498 2499/2499/2499
f 2496/2496/2496 2471/2471/2471 2500/2500/2500
f 2500/2500/2500 2471/2471/2471 2465/2465/2465
f 2500/2500/2500 2465/2465/2465 2501/2501/2501
f 2496/2496/2496 2502/2502/2502 2497/2497/2497
f 2496/2496/2496 2500/2500/2500 2502/2502/2502
f 2497/2497/2497 2502/2502/2502 2498/2498/2498
f 2503/2503/2503 2500/2500/2500 2501/2501/2501
f 2500/2500/2500 2503/2503/2503 2502/2502/2502
f 2504/2504/2504 2503/2503/2503 2501/2501/2501
f 2502/2502/2502 2503/2503/2503 2505/2505/2505
f 2502/2502/2502 2505/2505/2505 2498/2498/2498
f 2506/2506/2506 2503/2503/2503 2504/2504/2504
f 2503/2503/2503 2506/2506/2506 2505/2505/2505
f 2507/2507/2507 2506/2506/2506 2504/2504/2504
f 2508/2508/2508 2506/2506/2506 2507/2507/2507
f 2509/2509/2509 2506/2506/2506 2508/2508/2508
f 2505/2505/2505 2506/2506/2506 2509/2509/2509
f 2509/2509/2509 2508/2508/2508 2510/2510/2510
f 2511/2511/2511 2509/2509/2509 2510/2510/2510
f 2511/2511/2511 2510/2510/2510 2512/2512/2512
f 2513/2513/2513 2505/2505/2505 2509/2509/2509
f 2505/2505/2505 2513/2513/2513 2498/2498/2498
f 2513/2513/2513 2509/2509/2509 2511/2511/2511
f 2511/2511/2511 2512/2512/2512 2514/2514/2514
f 2512/2512/2512 2515/2515/2515 2514/2514/2514
f 2513/2513/2513 2516/2516/2516 2498/2498/2498
f 2513/2513/2513 2517/2517/2517 2516/2516/2516
f 2498/2498/2498 2516/2516/2516 2518/2518/2518
f 2518/2518/2518 2516/2516/2516 2517/2517/2517
f 2499/2499/2499 2498/2498/2498 2518/2518/2518
f 2519/2519/2519 2499/2499/2499 2518/2518/2518
f 2519/2519/2519 2518/2518/2518 2520/2520/2520
f 2521/2521/2521 2519/2519/2519 2520/2520/2520
f 2520/2520/2520 2522/2522/2522 2521/2521/2521
f 2513/2513/2513 2511/2511/2511 2523/2523/2523
f 2513/2513/2513 2523/2523/2523 2517/2517/2517
f 2524/2524/2524 2520/2520/2520 2518/2518/2518
f 2518/2518/2518 2517/2517/2517 2524/2524/2524
f 2522/2522/2522 2520/2520/2520 2525/2525/2525
f 2522/2522/2522 2525/2525/2525 2526/2526/2526
f 2527/2527/2527 2520/2520/2520 2524/2524/2524
f 2525/2525/2525 2520/2520/2520 2527/2527/2527
f 2525/2525/2525 2528/2528/2528 2526/2526/2526
f 2526/2526/2526 2528/2528/2528 2529/2529/2529
f 2530/2530/2530 2525/2525/2525 2527/2527/2527
f 2528/2528/2528 2525/2525/2525 2530/2530/2530
f 2528/2528/2528 2531/2531/2531 2529/2529/2529
f 2531/2531/2531 2532/2532/2532 2529/2529/2529
f 2533/2533/2533 2528/2528/2528 2530/2530/2530
f 2531/2531/2531 2528/2528/2528 2533/2533/2533
f 2527/2527/2527 2524/2524/2524 2534/2534/2534
f 2535/2535/2535 2530/2530/2530 2527/2527/2527
f 2535/2535/2535 2527/2527/2527 2534/2534/2534
f 2536/2536/2536 2524/2524/2524 2517/2517/2517
f 2534/2534/2534 2524/2524/2524 2536/2536/2536
f 2533/2533/2533 2530/2530/2530 2537/2537/2537
f 2530/2530/2530 2535/2535/2535 2537/2537/2537
f 2531/2531/2531 2538/2538/2538 2532/2532/2532
f 2539/2539/2539 2531/2531/2531 2533/2533/2533
f 2538/2538/2538 2531/2531/2531 2539/2539/2539
f 2540/2540/2540 2533/2533/2533 2537/2537/2537
f 2539/2539/2539 2533/2533/2533 2540/2540/2540
f 2532/2532/2532 2538/2538/2538 2541/2541/2541
f 2532/2532/2532 2541/2541/2541 2542/2542/2542
f 2541/2541/2541 2543/2543/2543 2542/2542/2542
f 2543/2543/2543 2544/2544/2544 2542/2542/2542
f 2545/2545/2545 2544/2544/2544 2543/2543/2543
f 2546/2546/2546 2541/2541/2541 2538/2538/2538
f 2543/2543/2543 2541/2541/2541 2546/2546/2546
f 2547/2547/2547 2545/2545/2545 2543/2543/2543
f 2547/2547/2547 2548/2548/2548 2545/2545/2545
f 2538/2538/2538 2539/2539/2539 2549/2549/2549
f 2546/2546/2546 2538/2538/2538 2549/2549/2549
f 2550/2550/2550 2549/2549/2549 2539/2539/2539
f 2546/2546/2546 2549/2549/2549 2550/2550/2550
f 2551/2551/2551 2543/2543/2543 2546/2546/2546
f 2547/2547/2547 2543/2543/2543 2551/2551/2551
f 2552/2552/2552 2539/2539/2539 2540/2540/2540
f 2550/2550/2550 2539/2539/2539 2552/2552/2552
f 2546/2546/2546 2550/2550/2550 2553/2553/2553
f 2546/2546/2546 2553/2553/2553 2551/2551/2551
f 2554/2554/2554 2550/2550/2550 2552/2552/2552
f 2553/2553/2553 2550/2550/2550 2554/2554/2554
f 2554/2554/2554 2552/2552/2552 2555/2555/2555
f 2555/2555/2555 2552/2552/2552 2556/2556/2556
f 2552/2552/2552 2540/2540/2540 2556/2556/2556
f 2556/2556/2556 2540/2540/2540 2557/2557/2557
f 2553/2553/2553 2554/2554/2554 2558/2558/2558
f 2540/2540/2540 2537/2537/2537 2557/2557/2557
f 2553/2553/2553 2558/2558/2558 2559/2559/2559
f 2553/2553/2553 2559/2559/2559 2551/2551/2551
f 2558/2558/2558 2560/2560/2560 2559/2559/2559
f 2559/2559/2559 2560/2560/2560 2561/2561/2561
f 2562/2562/2562 2559/2559/2559 2561/2561/2561
f 2551/2551/2551 2559/2559/2559 2562/2562/2562
f 2562/2562/2562 2561/2561/2561 2563/2563/2563
f 2537/2537/2537 2564/2564/2564 2557/2557/2557
f 2565/2565/2565 2557/2557/2557 2564/2564/2564
f 2566/2566/2566 2551/2551/2551 2562/2562/2562
f 2566/2566/2566 2547/2547/2547 2551/2551/2551
f 2562/2562/2562 2563/2563/2563 2567/2567/2567
f 2567/2567/2567 2566/2566/2566 2562/2562/2562
f 2568/2568/2568 2547/2547/2547 2566/2566/2566
f 2547/2547/2547 2568/2568/2568 2548/2548/2548
f 2564/2564/2564 2537/2537/2537 2569/2569/2569
f 2535/2535/2535 2569/2569/2569 2537/2537/2537
f 2565/2565/2565 2564/2564/2564 2570/2570/2570
f 2571/2571/2571 2565/2565/2565 2570/2570/2570
f 2571/2571/2571 2570/2570/2570 2572/2572/2572
f 2569/2569/2569 2573/2573/2573 2564/2564/2564
f 2573/2573/2573 2570/2570/2570 2564/2564/2564
f 2535/2535/2535 2574/2574/2574 2569/2569/2569
f 2569/2569/2569 2574/2574/2574 2573/2573/2573
f 2572/2572/2572 2570/2570/2570 2575/2575/2575
f 2572/2572/2572 2575/2575/2575 2576/2576/2576
f 2568/2568/2568 2566/2566/2566 2577/2577/2577
f 2567/2567/2567 2577/2577/2577 2566/2566/2566
f 2578/2578/2578 2568/2568/2568 2577/2577/2577
f 2578/2578/2578 2577/2577/2577 2567/2567/2567
f 2535/2535/2535 2579/2579/2579 2574/2574/2574
f 2535/2535/2535 2534/2534/2534 2579/2579/2579
f 2580/2580/2580 2570/2570/2570 2573/2573/2573
f 2570/2570/2570 2580/2580/2580 2575/2575/2575
f 2575/2575/2575 2581/2581/2581 2576/2576/2576
f 2576/2576/2576 2581/2581/2581 2582/2582/2582
f 2578/2578/2578 2583/2583/2583 2568/2568/2568
f 2583/2583/2583 2578/2578/2578 2584/2584/2584
f 2583/2583/2583 2548/2548/2548 2568/2568/2568
f 2583/2583/2583 2585/2585/2585 2548/2548/2548
f 2583/2583/2583 2584/2584/2584 2585/2585/2585
f 2584/2584/2584 2586/2586/2586 2585/2585/2585
f 2587/2587/2587 2586/2586/2586 2584/2584/2584
f 2575/2575/2575 2580/2580/2580 2588/2588/2588
f 2575/2575/2575 2588/2588/2588 2581/2581/2581
f 2581/2581/2581 2589/2589/2589 2582/2582/2582
f 2589/2589/2589 2581/2581/2581 2590/2590/2590
f 2589/2589/2589 2591/2591/2591 2582/2582/2582
f 2589/2589/2589 2592/2592/2592 2591/2591/2591
f 2592/2592/2592 2589/2589/2589 2590/2590/2590
f 2588/2588/2588 2593/2593/2593 2581/2581/2581
f 2581/2581/2581 2593/2593/2593 2590/2590/2590
f 2594/2594/2594 2591/2591/2591 2592/2592/2592
f 2594/2594/2594 2595/2595/2595 2591/2591/2591
f 2594/2594/2594 2596/2596/2596 2595/2595/2595
f 2596/2596/2596 2597/2597/2597 2595/2595/2595
f 2598/2598/2598 2597/2597/2597 2596/2596/2596
f 2599/2599/2599 2594/2594/2594 2592/2592/2592
f 2594/2594/2594 2599/2599/2599 2596/2596/2596
f 2592/2592/2592 2590/2590/2590 2600/2600/2600
f 2599/2599/2599 2592/2592/2592 2600/2600/2600
f 2601/2601/2601 2598/2598/2598 2596/2596/2596
f 2601/2601/2601 2602/2602/2602 2598/2598/2598
f 2603/2603/2603 2600/2600/2600 2590/2590/2590
f 2599/2599/2599 2600/2600/2600 2603/2603/2603
f 2593/2593/2593 2588/2588/2588 2604/2604/2604
f 2590/2590/2590 2593/2593/2593 2605/2605/2605
f 2605/2605/2605 2593/2593/2593 2604/2604/2604
f 2603/2603/2603 2590/2590/2590 2606/2606/2606
f 2606/2606/2606 2590/2590/2590 2605/2605/2605
f 2588/2588/2588 2607/2607/2607 2604/2604/2604
f 2580/2580/2580 2607/2607/2607 2588/2588/2588
f 2607/2607/2607 2580/2580/2580 2608/2608/2608
f 2580/2580/2580 2573/2573/2573 2608/2608/2608
f 2608/2608/2608 2573/2573/2573 2609/2609/2609
f 2574/2574/2574 2609/2609/2609 2573/2573/2573
f 2599/2599/2599 2603/2603/2603 2610/2610/2610
f 2611/2611/2611 2603/2603/2603 2606/2606/2606
f 2610/2610/2610 2603/2603/2603 2611/2611/2611
f 2611/2611/2611 2606/2606/2606 2612/2612/2612
f 2612/2612/2612 2606/2606/2606 2613/2613/2613
f 2606/2606/2606 2605/2605/2605 2613/2613/2613
f 2613/2613/2613 2605/2605/2605 2614/2614/2614
f 2610/2610/2610 2611/2611/2611 2615/2615/2615
f 2605/2605/2605 2604/2604/2604 2614/2614/2614
f 2599/2599/2599 2610/2610/2610 2616/2616/2616
f 2599/2599/2599 2616/2616/2616 2596/2596/2596
f 2610/2610/2610 2615/2615/2615 2617/2617/2617
f 2610/2610/2610 2617/2617/2617 2616/2616/2616
f 2615/2615/2615 2618/2618/2618 2617/2617/2617
f 2617/2617/2617 2618/2618/2618 2619/2619/2619
f 2620/2620/2620 2617/2617/2617 2619/2619/2619
f 2616/2616/2616 2617/2617/2617 2620/2620/2620
f 2621/2621/2621 2620/2620/2620 2619/2619/2619
f 2596/2596/2596 2616/2616/2616 2622/2622/2622
f 2622/2622/2622 2616/2616/2616 2620/2620/2620
f 2601/2601/2601 2596/2596/2596 2622/2622/2622
f 2614/2614/2614 2604/2604/2604 2623/2623/2623
f 2624/2624/2624 2614/2614/2614 2623/2623/2623
f 2621/2621/2621 2625/2625/2625 2620/2620/2620
f 2622/2622/2622 2620/2620/2620 2625/2625/2625
f 2626/2626/2626 2601/2601/2601 2622/2622/2622
f 2601/2601/2601 2626/2626/2626 2602/2602/2602
f 2604/2604/2604 2627/2627/2627 2623/2623/2623
f 2607/2607/2607 2627/2627/2627 2604/2604/2604
f 2624/2624/2624 2623/2623/2623 2628/2628/2628
f 2624/2624/2624 2628/2628/2628 2629/2629/2629
f 2629/2629/2629 2628/2628/2628 2630/2630/2630
f 2627/2627/2627 2631/2631/2631 2623/2623/2623
f 2631/2631/2631 2628/2628/2628 2623/2623/2623
f 2632/2632/2632 2627/2627/2627 2607/2607/2607
f 2627/2627/2627 2632/2632/2632 2631/2631/2631
f 2628/2628/2628 2633/2633/2633 2630/2630/2630
f 2634/2634/2634 2630/2630/2630 2633/2633/2633
f 2626/2626/2626 2622/2622/2622 2635/2635/2635
f 2622/2622/2622 2625/2625/2625 2635/2635/2635
f 2626/2626/2626 2635/2635/2635 2636/2636/2636
f 2636/2636/2636 2635/2635/2635 2625/2625/2625
f 2632/2632/2632 2607/2607/2607 2637/2637/2637
f 2607/2607/2607 2608/2608/2608 2637/2637/2637
f 2638/2638/2638 2628/2628/2628 2631/2631/2631
f 2628/2628/2628 2638/2638/2638 2633/2633/2633
f 2639/2639/2639 2634/2634/2634 2633/2633/2633
f 2640/2640/2640 2634/2634/2634 2639/2639/2639
f 2626/2626/2626 2636/2636/2636 2641/2641/2641
f 2641/2641/2641 2636/2636/2636 2642/2642/2642
f 2641/2641/2641 2602/2602/2602 2626/2626/2626
f 2641/2641/2641 2643/2643/2643 2602/2602/2602
f 2641/2641/2641 2642/2642/2642 2643/2643/2643
f 2642/2642/2642 2644/2644/2644 2643/2643/2643
f 2645/2645/2645 2644/2644/2644 2642/2642/2642
f 2633/2633/2633 2638/2638/2638 2646/2646/2646
f 2633/2633/2633 2646/2646/2646 2639/2639/2639
f 2647/2647/2647 2640/2640/2640 2639/2639/2639
f 2647/2647/2647 2639/2639/2639 2648/2648/2648
f 2647/2647/2647 2649/2649/2649 2640/2640/2640
f 2647/2647/2647 2650/2650/2650 2649/2649/2649
f 2648/2648/2648 2650/2650/2650 2647/2647/2647
f 2646/2646/2646 2651/2651/2651 2639/2639/2639
f 2639/2639/2639 2651/2651/2651 2648/2648/2648
f 2649/2649/2649 2650/2650/2650 2652/2652/2652
f 2649/2649/2649 2652/2652/2652 2653/2653/2653
f 2652/2652/2652 2654/2654/2654 2653/2653/2653
f 2654/2654/2654 2655/2655/2655 2653/2653/2653
f 2656/2656/2656 2655/2655/2655 2654/2654/2654
f 2657/2657/2657 2652/2652/2652 2650/2650/2650
f 2652/2652/2652 2657/2657/2657 2654/2654/2654
f 2648/2648/2648 2658/2658/2658 2650/2650/2650
f 2657/2657/2657 2650/2650/2650 2658/2658/2658
f 2659/2659/2659 2656/2656/2656 2654/2654/2654
f 2659/2659/2659 2660/2660/2660 2656/2656/2656
f 2661/2661/2661 2658/2658/2658 2648/2648/2648
f 2657/2657/2657 2658/2658/2658 2661/2661/2661
f 2651/2651/2651 2646/2646/2646 2662/2662/2662
f 2648/2648/2648 2651/2651/2651 2663/2663/2663
f 2663/2663/2663 2651/2651/2651 2662/2662/2662
f 2661/2661/2661 2648/2648/2648 2664/2664/2664
f 2664/2664/2664 2648/2648/2648 2663/2663/2663
f 2646/2646/2646 2665/2665/2665 2662/2662/2662
f 2638/2638/2638 2665/2665/2665 2646/2646/2646
f 2666/2666/2666 2665/2665/2665 2638/2638/2638
f 2638/2638/2638 2631/2631/2631 2666/2666/2666
f 2666/2666/2666 2631/2631/2631 2667/2667/2667
f 2632/2632/2632 2667/2667/2667 2631/2631/2631
f 2657/2657/2657 2661/2661/2661 2668/2668/2668
f 2669/2669/2669 2661/2661/2661 2664/2664/2664
f 2668/2668/2668 2661/2661/2661 2669/2669/2669
f 2669/2669/2669 2664/2664/2664 2670/2670/2670
f 2670/2670/2670 2664/2664/2664 2671/2671/2671
f 2664/2664/2664 2663/2663/2663 2671/2671/2671
f 2671/2671/2671 2663/2663/2663 2672/2672/2672
f 2663/2663/2663 2662/2662/2662 2672/2672/2672
f 2672/2672/2672 2662/2662/2662 2673/2673/2673
f 2668/2668/2668 2669/2669/2669 2674/2674/2674
f 2662/2662/2662 2675/2675/2675 2673/2673/2673
f 2675/2675/2675 2676/2676/2676 2673/2673/2673
f 2665/2665/2665 2675/2675/2675 2662/2662/2662
f 2657/2657/2657 2668/2668/2668 2677/2677/2677
f 2657/2657/2657 2677/2677/2677 2654/2654/2654
f 2668/2668/2668 2674/2674/2674 2678/2678/2678
f 2668/2668/2668 2678/2678/2678 2677/2677/2677
f 2674/2674/2674 2679/2679/2679 2678/2678/2678
f 2678/2678/2678 2679/2679/2679 2680/2680/2680
f 2681/2681/2681 2678/2678/2678 2680/2680/2680
f 2677/2677/2677 2678/2678/2678 2681/2681/2681
f 2681/2681/2681 2680/2680/2680 2682/2682/2682
f 2654/2654/2654 2677/2677/2677 2683/2683/2683
f 2683/2683/2683 2677/2677/2677 2681/2681/2681
f 2659/2659/2659 2654/2654/2654 2683/2683/2683
f 2675/2675/2675 2684/2684/2684 2676/2676/2676
f 2665/2665/2665 2684/2684/2684 2675/2675/2675
f 2685/2685/2685 2659/2659/2659 2683/2683/2683
f 2659/2659/2659 2685/2685/2685 2660/2660/2660
f 2686/2686/2686 2683/2683/2683 2681/2681/2681
f 2685/2685/2685 2683/2683/2683 2686/2686/2686
f 2681/2681/2681 2682/2682/2682 2687/2687/2687
f 2686/2686/2686 2681/2681/2681 2687/2687/2687
f 2688/2688/2688 2660/2660/2660 2685/2685/2685
f 2688/2688/2688 2689/2689/2689 2660/2660/2660
f 2688/2688/2688 2690/2690/2690 2689/2689/2689
f 2690/2690/2690 2691/2691/2691 2689/2689/2689
f 2692/2692/2692 2691/2691/2691 2690/2690/2690
f 2685/2685/2685 2686/2686/2686 2693/2693/2693
f 2685/2685/2685 2693/2693/2693 2688/2688/2688
f 2693/2693/2693 2686/2686/2686 2687/2687/2687
f 2688/2688/2688 2693/2693/2693 2690/2690/2690
f 2694/2694/2694 2687/2687/2687 2682/2682/2682
f 2693/2693/2693 2687/2687/2687 2694/2694/2694
f 2694/2694/2694 2682/2682/2682 2695/2695/2695
f 2693/2693/2693 2694/2694/2694 2696/2696/2696
f 2693/2693/2693 2696/2696/2696 2690/2690/2690
f 2694/2694/2694 2695/2695/2695 2697/2697/2697
f 2694/2694/2694 2697/2697/2697 2696/2696/2696
f 2696/2696/2696 2697/2697/2697 2698/2698/2698
f 2695/2695/2695 2699/2699/2699 2697/2697/2697
f 2697/2697/2697 2699/2699/2699 2700/2700/2700
f 2698/2698/2698 2697/2697/2697 2700/2700/2700
f 2698/2698/2698 2700/2700/2700 2701/2701/2701
f 2690/2690/2690 2696/2696/2696 2702/2702/2702
f 2702/2702/2702 2696/2696/2696 2698/2698/2698
f 2703/2703/2703 2690/2690/2690 2702/2702/2702
f 2703/2703/2703 2692/2692/2692 2690/2690/2690
f 2692/2692/2692 2703/2703/2703 2704/2704/2704
f 2705/2705/2705 2692/2692/2692 2704/2704/2704
f 2705/2705/2705 2704/2704/2704 2706/2706/2706
f 2703/2703/2703 2702/2702/2702 2707/2707/2707
f 2708/2708/2708 2703/2703/2703 2707/2707/2707
f 2703/2703/2703 2708/2708/2708 2704/2704/2704
f 2707/2707/2707 2702/2702/2702 2709/2709/2709
f 2702/2702/2702 2698/2698/2698 2709/2709/2709
f 2708/2708/2708 2710/2710/2710 2704/2704/2704
f 2704/2704/2704 2710/2710/2710 2711/2711/2711
f 2709/2709/2709 2698/2698/2698 2712/2712/2712
f 2713/2713/2713 2704/2704/2704 2711/2711/2711
f 2704/2704/2704 2713/2713/2713 2706/2706/2706
f 2713/2713/2713 2711/2711/2711 2714/2714/2714
f 2715/2715/2715 2713/2713/2713 2714/2714/2714
f 2706/2706/2706 2713/2713/2713 2715/2715/2715
f 2716/2716/2716 2706/2706/2706 2715/2715/2715
f 2698/2698/2698 2717/2717/2717 2712/2712/2712
f 2717/2717/2717 2698/2698/2698 2701/2701/2701
f 2712/2712/2712 2717/2717/2717 2718/2718/2718
f 2718/2718/2718 2717/2717/2717 2701/2701/2701
f 2719/2719/2719 2712/2712/2712 2718/2718/2718
f 2720/2720/2720 2719/2719/2719 2718/2718/2718
f 2721/2721/2721 2718/2718/2718 2701/2701/2701
f 2722/2722/2722 2720/2720/2720 2718/2718/2718
f 2722/2722/2722 2718/2718/2718 2721/2721/2721
f 2723/2723/2723 2722/2722/2722 2721/2721/2721
f 2726/2726/2726 2725/2725/2725 2724/2724/2724
f 2725/2725/2725 2727/2727/2727 2724/2724/2724
f 2725/2725/2725 2728/2728/2728 2727/2727/2727
f 2728/2728/2728 2729/2729/2729 2727/2727/2727
f 2727/2727/2727 2729/2729/2729 2730/2730/2730
f 2729/2729/2729 2731/2731/2731 2730/2730/2730
f 2724/2724/2724 2727/2727/2727 2732/2732/2732
f 2727/2727/2727 2730/2730/2730 2732/2732/2732
f 2730/2730/2730 2731/2731/2731 2733/2733/2733
f 2733/2733/2733 2731/2731/2731 2734/2734/2734
f 2733/2733/2733 2734/2734/2734 2735/2735/2735
f 2736/2736/2736 2732/2732/2732 2730/2730/2730
f 2736/2736/2736 2737/2737/2737 2732/2732/2732
f 2736/2736/2736 2738/2738/2738 2737/2737/2737
f 2738/2738/2738 2735/2735/2735 2737/2737/2737
f 2738/2738/2738 2736/2736/2736 2730/2730/2730
f 2739/2739/2739 2733/2733/2733 2735/2735/2735
f 2739/2739/2739 2730/2730/2730 2733/2733/2733
f 2740/2740/2740 2738/2738/2738 2730/2730/2730
f 2740/2740/2740 2735/2735/2735 2738/2738/2738
f 2740/2740/2740 2730/2730/2730 2739/2739/2739
f 2740/2740/2740 2739/2739/2739 2735/2735/2735
f 2743/2743/2743 2742/2742/2742 2741/2741/2741
f 2743/2743/2743 2744/2744/2744 2742/2742/2742
f 2744/2744/2744 2745/2745/2745 2742/2742/2742
f 2746/2746/2746 2744/2744/2744 2743/2743/2743
f 2744/2744/2744 2747/2747/2747 2745/2745/2745
f 2746/2746/2746 2748/2748/2748 2744/2744/2744
f 2747/2747/2747 2744/2744/2744 2748/2748/2748
f 2746/2746/2746 2749/2749/2749 2748/2748/2748
f 2746/2746/2746 2750/2750/2750 2749/2749/2749
f 2745/2745/2745 2747/2747/2747 2751/2751/2751
f 2745/2745/2745 2751/2751/2751 2752/2752/2752
f 2753/2753/2753 2752/2752/2752 2751/2751/2751
f 2747/2747/2747 2748/2748/2748 2754/2754/2754
f 2748/2748/2748 2749/2749/2749 2754/2754/2754
f 2750/2750/2750 2755/2755/2755 2749/2749/2749
f 2755/2755/2755 2750/2750/2750 2756/2756/2756
f 2753/2753/2753 2751/2751/2751 2757/2757/2757
f 2758/2758/2758 2753/2753/2753 2757/2757/2757
f 2759/2759/2759 2751/2751/2751 2747/2747/2747
f 2759/2759/2759 2747/2747/2747 2754/2754/2754
f 2749/2749/2749 2760/2760/2760 2754/2754/2754
f 2760/2760/2760 2749/2749/2749 2755/2755/2755
f 2761/2761/2761 2757/2757/2757 2751/2751/2751
f 2761/2761/2761 2751/2751/2751 2759/2759/2759
f 2762/2762/2762 2758/2758/2758 2757/2757/2757
f 2762/2762/2762 2757/2757/2757 2761/2761/2761
f 2763/2763/2763 2758/2758/2758 2762/2762/2762
f 2754/2754/2754 2764/2764/2764 2759/2759/2759
f 2754/2754/2754 2760/2760/2760 2764/2764/2764
f 2755/2755/2755 2756/2756/2756 2765/2765/2765
f 2766/2766/2766 2765/2765/2765 2756/2756/2756
f 2760/2760/2760 2755/2755/2755 2767/2767/2767
f 2760/2760/2760 2767/2767/2767 2764/2764/2764
f 2759/2759/2759 2764/2764/2764 2768/2768/2768
f 2759/2759/2759 2768/2768/2768 2761/2761/2761
f 2769/2769/2769 2768/2768/2768 2764/2764/2764
f 2769/2769/2769 2764/2764/2764 2767/2767/2767
f 2770/2770/2770 2767/2767/2767 2755/2755/2755
f 2770/2770/2770 2755/2755/2755 2765/2765/2765
f 2766/2766/2766 2771/2771/2771 2765/2765/2765
f 2772/2772/2772 2771/2771/2771 2766/2766/2766
f 2761/2761/2761 2768/2768/2768 2773/2773/2773
f 2773/2773/2773 2768/2768/2768 2769/2769/2769
f 2515/2515/2515 2769/2769/2769 2767/2767/2767
f 2515/2515/2515 2767/2767/2767 2770/2770/2770
f 2773/2773/2773 2769/2769/2769 2774/2774/2774
f 2774/2774/2774 2775/2775/2775 2773/2773/2773
f 2770/2770/2770 2765/2765/2765 2776/2776/2776
f 2776/2776/2776 2765/2765/2765 2771/2771/2771
f 2515/2515/2515 2770/2770/2770 2777/2777/2777
f 2770/2770/2770 2776/2776/2776 2777/2777/2777
f 2515/2515/2515 2777/2777/2777 2514/2514/2514
f 2772/2772/2772 2778/2778/2778 2771/2771/2771
f 2779/2779/2779 2778/2778/2778 2772/2772/2772
f 2775/2775/2775 2780/2780/2780 2773/2773/2773
f 2775/2775/2775 2781/2781/2781 2780/2780/2780
f 2782/2782/2782 2514/2514/2514 2777/2777/2777
f 2511/2511/2511 2514/2514/2514 2782/2782/2782
f 2776/2776/2776 2771/2771/2771 2783/2783/2783
f 2778/2778/2778 2783/2783/2783 2771/2771/2771
f 2779/2779/2779 2784/2784/2784 2778/2778/2778
f 2784/2784/2784 2779/2779/2779 2785/2785/2785
f 2776/2776/2776 2786/2786/2786 2777/2777/2777
f 2786/2786/2786 2782/2782/2782 2777/2777/2777
f 2787/2787/2787 2773/2773/2773 2780/2780/2780
f 2787/2787/2787 2761/2761/2761 2773/2773/2773
f 2787/2787/2787 2762/2762/2762 2761/2761/2761
f 2787/2787/2787 2788/2788/2788 2762/2762/2762
f 2788/2788/2788 2787/2787/2787 2780/2780/2780
f 2788/2788/2788 2780/2780/2780 2789/2789/2789
f 2788/2788/2788 2790/2790/2790 2762/2762/2762
f 2788/2788/2788 2789/2789/2789 2790/2790/2790
f 2790/2790/2790 2763/2763/2763 2762/2762/2762
f 2791/2791/2791 2763/2763/2763 2790/2790/2790
f 2792/2792/2792 2791/2791/2791 2790/2790/2790
f 2789/2789/2789 2792/2792/2792 2790/2790/2790
f 2793/2793/2793 2791/2791/2791 2792/2792/2792
f 2794/2794/2794 2793/2793/2793 2792/2792/2792
f 2794/2794/2794 2792/2792/2792 2789/2789/2789
f 2793/2793/2793 2794/2794/2794 2795/2795/2795
f 2780/2780/2780 2796/2796/2796 2789/2789/2789
f 2781/2781/2781 2796/2796/2796 2780/2780/2780
f 2797/2797/2797 2796/2796/2796 2781/2781/2781
f 2789/2789/2789 2796/2796/2796 2797/2797/2797
f 2798/2798/2798 2797/2797/2797 2781/2781/2781
f 2798/2798/2798 2799/2799/2799 2797/2797/2797
f 2800/2800/2800 2794/2794/2794 2789/2789/2789
f 2800/2800/2800 2789/2789/2789 2797/2797/2797
f 2799/2799/2799 2801/2801/2801 2797/2797/2797
f 2800/2800/2800 2797/2797/2797 2801/2801/2801
f 2799/2799/2799 2802/2802/2802 2801/2801/2801
f 2794/2794/2794 2803/2803/2803 2795/2795/2795
f 2803/2803/2803 2794/2794/2794 2800/2800/2800
f 2803/2803/2803 2804/2804/2804 2795/2795/2795
f 2804/2804/2804 2805/2805/2805 2795/2795/2795
f 2806/2806/2806 2803/2803/2803 2800/2800/2800
f 2806/2806/2806 2800/2800/2800 2801/2801/2801
f 2803/2803/2803 2806/2806/2806 2804/2804/2804
f 2802/2802/2802 2807/2807/2807 2801/2801/2801
f 2807/2807/2807 2802/2802/2802 2808/2808/2808
f 2806/2806/2806 2801/2801/2801 2809/2809/2809
f 2806/2806/2806 2809/2809/2809 2804/2804/2804
f 2801/2801/2801 2807/2807/2807 2809/2809/2809
f 2804/2804/2804 2810/2810/2810 2805/2805/2805
f 2804/2804/2804 2809/2809/2809 2810/2810/2810
f 2810/2810/2810 2811/2811/2811 2805/2805/2805
f 2810/2810/2810 2812/2812/2812 2811/2811/2811
f 2812/2812/2812 2813/2813/2813 2811/2811/2811
f 2813/2813/2813 2812/2812/2812 2814/2814/2814
f 2815/2815/2815 2807/2807/2807 2808/2808/2808
f 2807/2807/2807 2815/2815/2815 2809/2809/2809
f 2816/2816/2816 2815/2815/2815 2808/2808/2808
f 2817/2817/2817 2816/2816/2816 2808/2808/2808
f 2815/2815/2815 2818/2818/2818 2809/2809/2809
f 2809/2809/2809 2818/2818/2818 2810/2810/2810
f 2818/2818/2818 2815/2815/2815 2816/2816/2816
f 2810/2810/2810 2818/2818/2818 2819/2819/2819
f 2812/2812/2812 2810/2810/2810 2819/2819/2819
f 2819/2819/2819 2818/2818/2818 2816/2816/2816
f 2816/2816/2816 2817/2817/2817 2820/2820/2820
f 2817/2817/2817 2821/2821/2821 2820/2820/2820
f 2820/2820/2820 2821/2821/2821 2822/2822/2822
f 2823/2823/2823 2812/2812/2812 2819/2819/2819
f 2824/2824/2824 2823/2823/2823 2819/2819/2819
f 2824/2824/2824 2819/2819/2819 2816/2816/2816
f 2825/2825/2825 2824/2824/2824 2816/2816/2816
f 2825/2825/2825 2816/2816/2816 2826/2826/2826
f 2816/2816/2816 2820/2820/2820 2826/2826/2826
f 2823/2823/2823 2827/2827/2827 2812/2812/2812
f 2826/2826/2826 2820/2820/2820 2828/2828/2828
f 2828/2828/2828 2820/2820/2820 2822/2822/2822
f 2829/2829/2829 2826/2826/2826 2828/2828/2828
f 2829/2829/2829 2828/2828/2828 2830/2830/2830
f 2828/2828/2828 2822/2822/2822 2830/2830/2830
f 2822/2822/2822 2831/2831/2831 2830/2830/2830
f 2827/2827/2827 2832/2832/2832 2812/2812/2812
f 2812/2812/2812 2832/2832/2832 2814/2814/2814
f 2833/2833/2833 2832/2832/2832 2827/2827/2827
f 2814/2814/2814 2832/2832/2832 2833/2833/2833
f 2834/2834/2834 2833/2833/2833 2827/2827/2827
f 2835/2835/2835 2814/2814/2814 2833/2833/2833
f 2834/2834/2834 2836/2836/2836 2833/2833/2833
f 2833/2833/2833 2836/2836/2836 2835/2835/2835
f 2836/2836/2836 2837/2837/2837 2835/2835/2835
f 2840/2840/2840 2839/2839/2839 2838/2838/2838
f 2839/2839/2839 2840/2840/2840 2841/2841/2841
f 2839/2839/2839 2841/2841/2841 2842/2842/2842
f 2842/2842/2842 2841/2841/2841 2843/2843/2843
f 2839/2839/2839 2842/2842/2842 2844/2844/2844
f 2844/2844/2844 2845/2845/2845 2839/2839/2839
f 2842/2842/2842 2846/2846/2846 2844/2844/2844
f 2847/2847/2847 2846/2846/2846 2842/2842/2842
f 2842/2842/2842 2843/2843/2843 2848/2848/2848
f 2848/2848/2848 2847/2847/2847 2842/2842/2842
f 2848/2848/2848 2843/2843/2843 2849/2849/2849
f 2848/2848/2848 2849/2849/2849 2847/2847/2847
f 2843/2843/2843 2850/2850/2850 2849/2849/2849
f 2849/2849/2849 2851/2851/2851 2847/2847/2847
f 2852/2852/2852 2851/2851/2851 2849/2849/2849
f 2849/2849/2849 2850/2850/2850 2853/2853/2853
f 2854/2854/2854 2852/2852/2852 2849/2849/2849
f 2854/2854/2854 2849/2849/2849 2853/2853/2853
f 2855/2855/2855 2852/2852/2852 2854/2854/2854
f 2853/2853/2853 2856/2856/2856 2854/2854/2854
f 2856/2856/2856 2855/2855/2855 2854/2854/2854
f 2853/2853/2853 2857/2857/2857 2856/2856/2856
f 2856/2856/2856 2858/2858/2858 2855/2855/2855
f 2859/2859/2859 2856/2856/2856 2857/2857/2857
f 2859/2859/2859 2857/2857/2857 2860/2860/2860
f 2861/2861/2861 2858/2858/2858 2856/2856/2856
f 2856/2856/2856 2859/2859/2859 2861/2861/2861
f 2861/2861/2861 2862/2862/2862 2858/2858/2858
f 2863/2863/2863 2862/2862/2862 2861/2861/2861
f 2861/2861/2861 2859/2859/2859 2863/2863/2863
f 2864/2864/2864 2862/2862/2862 2863/2863/2863
f 2859/2859/2859 2860/2860/2860 2865/2865/2865
f 2860/2860/2860 2866/2866/2866 2865/2865/2865
f 2865/2865/2865 2866/2866/2866 2867/2867/2867
f 2868/2868/2868 2863/2863/2863 2859/2859/2859
f 2864/2864/2864 2863/2863/2863 2868/2868/2868
f 2868/2868/2868 2859/2859/2859 2865/2865/2865
f 2865/2865/2865 2867/2867/2867 2869/2869/2869
f 2865/2865/2865 2869/2869/2869 2868/2868/2868
f 2870/2870/2870 2869/2869/2869 2867/2867/2867
f 2869/2869/2869 2870/2870/2870 2871/2871/2871
f 2872/2872/2872 2864/2864/2864 2868/2868/2868
f 2869/2869/2869 2872/2872/2872 2868/2868/2868
f 2872/2872/2872 2873/2873/2873 2864/2864/2864
f 2869/2869/2869 2871/2871/2871 2874/2874/2874
f 2869/2869/2869 2874/2874/2874 2872/2872/2872
f 2871/2871/2871 2875/2875/2875 2874/2874/2874
f 2872/2872/2872 2874/2874/2874 2875/2875/2875
f 2871/2871/2871 2876/2876/2876 2875/2875/2875
f 2875/2875/2875 2876/2876/2876 2877/2877/2877
f 2878/2878/2878 2873/2873/2873 2872/2872/2872
f 2872/2872/2872 2875/2875/2875 2878/2878/2878
f 2878/2878/2878 2879/2879/2879 2873/2873/2873
f 2875/2875/2875 2877/2877/2877 2880/2880/2880
f 2878/2878/2878 2875/2875/2875 2880/2880/2880
f 2880/2880/2880 2877/2877/2877 2881/2881/2881
f 2880/2880/2880 2881/2881/2881 2882/2882/2882
f 2883/2883/2883 2880/2880/2880 2882/2882/2882
f 2884/2884/2884 2879/2879/2879 2878/2878/2878
f 2878/2878/2878 2880/2880/2880 2884/2884/2884
f 2883/2883/2883 2884/2884/2884 2880/2880/2880
f 2884/2884/2884 2885/2885/2885 2879/2879/2879
f 2886/2886/2886 2884/2884/2884 2883/2883/2883
f 2887/2887/2887 2886/2886/2886 2883/2883/2883
f 2884/2884/2884 2888/2888/2888 2885/2885/2885
f 2886/2886/2886 2888/2888/2888 2884/2884/2884
f 2887/2887/2887 2888/2888/2888 2886/2886/2886
f 2888/2888/2888 2889/2889/2889 2885/2885/2885
f 2887/2887/2887 2889/2889/2889 2888/2888/2888
f 2892/2892/2892 2891/2891/2891 2890/2890/2890
f 2892/2892/2892 2893/2893/2893 2891/2891/2891
f 2894/2894/2894 2891/2891/2891 2893/2893/2893
f 2895/2895/2895 2893/2893/2893 2892/2892/2892
f 2894/2894/2894 2893/2893/2893 2896/2896/2896
f 2896/2896/2896 2897/2897/2897 2894/2894/2894
f 2895/2895/2895 2898/2898/2898 2893/2893/2893
f 2896/2896/2896 2893/2893/2893 2898/2898/2898
f 2899/2899/2899 2898/2898/2898 2895/2895/2895
f 2896/2896/2896 2900/2900/2900 2897/2897/2897
f 2901/2901/2901 2897/2897/2897 2900/2900/2900
f 2902/2902/2902 2901/2901/2901 2900/2900/2900
f 2902/2902/2902 2900/2900/2900 2903/2903/2903
f 2899/2899/2899 2904/2904/2904 2898/2898/2898
f 2904/2904/2904 2899/2899/2899 2905/2905/2905
f 2896/2896/2896 2898/2898/2898 2906/2906/2906
f 2906/2906/2906 2900/2900/2900 2896/2896/2896
f 2906/2906/2906 2898/2898/2898 2904/2904/2904
f 2903/2903/2903 2900/2900/2900 2907/2907/2907
f 2906/2906/2906 2907/2907/2907 2900/2900/2900
f 2903/2903/2903 2907/2907/2907 2908/2908/2908
f 2907/2907/2907 2909/2909/2909 2908/2908/2908
f 2904/2904/2904 2905/2905/2905 2910/2910/2910
f 2911/2911/2911 2910/2910/2910 2905/2905/2905
f 2906/2906/2906 2904/2904/2904 2912/2912/2912
f 2907/2907/2907 2906/2906/2906 2912/2912/2912
f 2912/2912/2912 2904/2904/2904 2910/2910/2910
f 2909/2909/2909 2907/2907/2907 2913/2913/2913
f 2907/2907/2907 2912/2912/2912 2913/2913/2913
f 2909/2909/2909 2913/2913/2913 2914/2914/2914
f 2911/2911/2911 2915/2915/2915 2910/2910/2910
f 2915/2915/2915 2911/2911/2911 2916/2916/2916
f 2912/2912/2912 2910/2910/2910 2917/2917/2917
f 2913/2913/2913 2912/2912/2912 2917/2917/2917
f 2915/2915/2915 2917/2917/2917 2910/2910/2910
f 2914/2914/2914 2913/2913/2913 2918/2918/2918
f 2913/2913/2913 2917/2917/2917 2918/2918/2918
f 2914/2914/2914 2918/2918/2918 2919/2919/2919
f 2915/2915/2915 2916/2916/2916 2920/2920/2920
f 2920/2920/2920 2916/2916/2916 2921/2921/2921
f 2915/2915/2915 2922/2922/2922 2917/2917/2917
f 2918/2918/2918 2917/2917/2917 2922/2922/2922
f 2922/2922/2922 2915/2915/2915 2920/2920/2920
f 2923/2923/2923 2919/2919/2919 2918/2918/2918
f 2918/2918/2918 2922/2922/2922 2923/2923/2923
f 2923/2923/2923 2924/2924/2924 2919/2919/2919
f 2920/2920/2920 2921/2921/2921 2925/2925/2925
f 2925/2925/2925 2921/2921/2921 2926/2926/2926
f 2922/2922/2922 2920/2920/2920 2927/2927/2927
f 2927/2927/2927 2923/2923/2923 2922/2922/2922
f 2927/2927/2927 2920/2920/2920 2925/2925/2925
f 2924/2924/2924 2923/2923/2923 2928/2928/2928
f 2927/2927/2927 2928/2928/2928 2923/2923/2923
f 2924/2924/2924 2928/2928/2928 2929/2929/2929
f 2930/2930/2930 2929/2929/2929 2928/2928/2928
f 2927/2927/2927 2930/2930/2930 2928/2928/2928
f 2930/2930/2930 2931/2931/2931 2929/2929/2929
f 2925/2925/2925 2926/2926/2926 2932/2932/2932
f 2932/2932/2932 2926/2926/2926 2933/2933/2933
f 2927/2927/2927 2925/2925/2925 2934/2934/2934
f 2927/2927/2927 2934/2934/2934 2930/2930/2930
f 2934/2934/2934 2925/2925/2925 2932/2932/2932
f 2931/2931/2931 2930/2930/2930 2935/2935/2935
f 2931/2931/2931 2935/2935/2935 2936/2936/2936
f 2937/2937/2937 2930/2930/2930 2934/2934/2934
f 2934/2934/2934 2932/2932/2932 2937/2937/2937
f 2937/2937/2937 2935/2935/2935 2930/2930/2930
f 2932/2932/2932 2933/2933/2933 2938/2938/2938
f 2937/2937/2937 2932/2932/2932 2938/2938/2938
f 2938/2938/2938 2933/2933/2933 2939/2939/2939
f 2938/2938/2938 2939/2939/2939 2940/2940/2940
f 2937/2937/2937 2938/2938/2938 2941/2941/2941
f 2941/2941/2941 2938/2938/2938 2940/2940/2940
f 2941/2941/2941 2935/2935/2935 2937/2937/2937
f 2941/2941/2941 2940/2940/2940 2942/2942/2942
f 2943/2943/2943 2936/2936/2936 2935/2935/2935
f 2941/2941/2941 2943/2943/2943 2935/2935/2935
f 2942/2942/2942 2943/2943/2943 2941/2941/2941
f 2943/2943/2943 2944/2944/2944 2936/2936/2936
f 2942/2942/2942 2945/2945/2945 2943/2943/2943
f 2945/2945/2945 2944/2944/2944 2943/2943/2943
f 2945/2945/2945 2946/2946/2946 2944/2944/2944
f 2949/2949/2949 2948/2948/2948 2947/2947/2947
f 2948/2948/2948 2950/2950/2950 2947/2947/2947
f 2950/2950/2950 2951/2951/2951 2947/2947/2947
f 2951/2951/2951 2952/2952/2952 2947/2947/2947
f 2950/2950/2950 2948/2948/2948 2953/2953/2953
f 2951/2951/2951 2950/2950/2950 2953/2953/2953
f 2948/2948/2948 2954/2954/2954 2953/2953/2953
f 2955/2955/2955 2951/2951/2951 2953/2953/2953
f 2951/2951/2951 2956/2956/2956 2952/2952/2952
f 2952/2952/2952 2956/2956/2956 2957/2957/2957
f 2956/2956/2956 2958/2958/2958 2957/2957/2957
f 2957/2957/2957 2958/2958/2958 2959/2959/2959
f 2955/2955/2955 2960/2960/2960 2951/2951/2951
f 2960/2960/2960 2955/2955/2955 2961/2961/2961
f 2955/2955/2955 2962/2962/2962 2961/2961/2961
f 2961/2961/2961 2962/2962/2962 2963/2963/2963
f 2951/2951/2951 2960/2960/2960 2964/2964/2964
f 2951/2951/2951 2964/2964/2964 2956/2956/2956
f 2960/2960/2960 2961/2961/2961 2964/2964/2964
f 2964/2964/2964 2965/2965/2965 2956/2956/2956
f 2965/2965/2965 2958/2958/2958 2956/2956/2956
f 2961/2961/2961 2965/2965/2965 2964/2964/2964
f 2966/2966/2966 2961/2961/2961 2963/2963/2963
f 2966/2966/2966 2963/2963/2963 2967/2967/2967
f 2968/2968/2968 2965/2965/2965 2961/2961/2961
f 2958/2958/2958 2965/2965/2965 2968/2968/2968
f 2966/2966/2966 2968/2968/2968 2961/2961/2961
f 2969/2969/2969 2966/2966/2966 2967/2967/2967
f 2966/2966/2966 2969/2969/2969 2968/2968/2968
f 2967/2967/2967 2345/2345/2345 2969/2969/2969
f 2970/2970/2970 2958/2958/2958 2968/2968/2968
f 2958/2958/2958 2970/2970/2970 2959/2959/2959
f 2968/2968/2968 2971/2971/2971 2970/2970/2970
f 2969/2969/2969 2971/2971/2971 2968/2968/2968
f 2972/2972/2972 2971/2971/2971 2969/2969/2969
f 2345/2345/2345 2973/2973/2973 2969/2969/2969
f 2973/2973/2973 2972/2972/2972 2969/2969/2969
f 2343/2343/2343 2973/2973/2973 2345/2345/2345
f 2343/2343/2343 2972/2972/2972 2973/2973/2973
f 2970/2970/2970 2974/2974/2974 2959/2959/2959
f 2971/2971/2971 2974/2974/2974 2970/2970/2970
f 2974/2974/2974 2971/2971/2971 2972/2972/2972
f 2974/2974/2974 2975/2975/2975 2959/2959/2959
f 2975/2975/2975 2974/2974/2974 2328/2328/2328
f 2974/2974/2974 2976/2976/2976 2328/2328/2328
f 2976/2976/2976 2974/2974/2974 2972/2972/2972
f 2324/2324/2324 2328/2328/2328 2976/2976/2976
f 2324/2324/2324 2976/2976/2976 2972/2972/2972
f 2343/2343/2343 2977/2977/2977 2972/2972/2972
f 2324/2324/2324 2972/2972/2972 2977/2977/2977
f 2323/2323/2323 2977/2977/2977 2343/2343/2343
f 2324/2324/2324 2977/2977/2977 2323/2323/2323
f 2980/2980/2980 2979/2979/2979 2978/2978/2978
f 2979/2979/2979 2981/2981/2981 2978/2978/2978
f 2982/2982/2982 2981/2981/2981 2979/2979/2979
f 2978/2978/2978 2981/2981/2981 2983/2983/2983
f 2981/2981/2981 2984/2984/2984 2983/2983/2983
f 2981/2981/2981 2982/2982/2982 2984/2984/2984
f 2985/2985/2985 2982/2982/2982 2979/2979/2979
f 2982/2982/2982 2986/2986/2986 2984/2984/2984
f 2985/2985/2985 2587/2587/2587 2982/2982/2982
f 2987/2987/2987 2986/2986/2986 2982/2982/2982
f 2587/2587/2587 2988/2988/2988 2982/2982/2982
f 2988/2988/2988 2987/2987/2987 2982/2982/2982
f 2987/2987/2987 2988/2988/2988 2989/2989/2989
f 2988/2988/2988 2587/2587/2587 2584/2584/2584
f 2988/2988/2988 2990/2990/2990 2989/2989/2989
f 2988/2988/2988 2584/2584/2584 2990/2990/2990
f 2989/2989/2989 2990/2990/2990 2991/2991/2991
f 2990/2990/2990 2992/2992/2992 2991/2991/2991
f 2991/2991/2991 2992/2992/2992 2993/2993/2993
f 2584/2584/2584 2994/2994/2994 2990/2990/2990
f 2990/2990/2990 2994/2994/2994 2992/2992/2992
f 2578/2578/2578 2994/2994/2994 2584/2584/2584
f 2578/2578/2578 2995/2995/2995 2994/2994/2994
f 2578/2578/2578 2567/2567/2567 2995/2995/2995
f 2995/2995/2995 2567/2567/2567 2563/2563/2563
f 2995/2995/2995 2563/2563/2563 2996/2996/2996
f 2995/2995/2995 2997/2997/2997 2994/2994/2994
f 2995/2995/2995 2996/2996/2996 2997/2997/2997
f 2994/2994/2994 2997/2997/2997 2992/2992/2992
f 2996/2996/2996 2998/2998/2998 2997/2997/2997
f 2997/2997/2997 2998/2998/2998 2999/2999/2999
f 2992/2992/2992 2997/2997/2997 2999/2999/2999
f 2992/2992/2992 2999/2999/2999 3000/3000/3000
f 2992/2992/2992 3001/3001/3001 2993/2993/2993
f 3001/3001/3001 2992/2992/2992 3000/3000/3000
f 2993/2993/2993 3001/3001/3001 3002/3002/3002
f 3002/3002/3002 3001/3001/3001 3000/3000/3000
f 3003/3003/3003 2993/2993/2993 3002/3002/3002
f 3004/3004/3004 3003/3003/3003 3002/3002/3002
f 3005/3005/3005 3002/3002/3002 3000/3000/3000
f 3006/3006/3006 3004/3004/3004 3002/3002/3002
f 3006/3006/3006 3002/3002/3002 3005/3005/3005
f 3007/3007/3007 3006/3006/3006 3005/3005/3005
f 3010/3010/3010 3009/3009/3009 3008/3008/3008
f 3009/3009/3009 3011/3011/3011 3008/3008/3008
f 3012/3012/3012 3011/3011/3011 3009/3009/3009
f 3008/3008/3008 3011/3011/3011 3013/3013/3013
f 3011/3011/3011 3014/3014/3014 3013/3013/3013
f 3011/3011/3011 3012/3012/3012 3014/3014/3014
f 3015/3015/3015 3012/3012/3012 3009/3009/3009
f 3012/3012/3012 3016/3016/3016 3014/3014/3014
f 3015/3015/3015 2645/2645/2645 3012/3012/3012
f 3017/3017/3017 3016/3016/3016 3012/3012/3012
f 2645/2645/2645 3018/3018/3018 3012/3012/3012
f 3018/3018/3018 3017/3017/3017 3012/3012/3012
f 3017/3017/3017 3018/3018/3018 3019/3019/3019
f 3018/3018/3018 2645/2645/2645 2642/2642/2642
f 3018/3018/3018 3020/3020/3020 3019/3019/3019
f 3018/3018/3018 2642/2642/2642 3020/3020/3020
f 3019/3019/3019 3020/3020/3020 3021/3021/3021
f 3020/3020/3020 3022/3022/3022 3021/3021/3021
f 3021/3021/3021 3022/3022/3022 3023/3023/3023
f 2642/2642/2642 3024/3024/3024 3020/3020/3020
f 3020/3020/3020 3024/3024/3024 3022/3022/3022
f 2636/2636/2636 3024/3024/3024 2642/2642/2642
f 2636/2636/2636 3025/3025/3025 3024/3024/3024
f 2636/2636/2636 2625/2625/2625 3025/3025/3025
f 3025/3025/3025 2625/2625/2625 2621/2621/2621
f 3025/3025/3025 2621/2621/2621 3026/3026/3026
f 3025/3025/3025 3027/3027/3027 3024/3024/3024
f 3025/3025/3025 3026/3026/3026 3027/3027/3027
f 3024/3024/3024 3027/3027/3027 3022/3022/3022
f 3026/3026/3026 3028/3028/3028 3027/3027/3027
f 3027/3027/3027 3028/3028/3028 3029/3029/3029
f 3022/3022/3022 3027/3027/3027 3029/3029/3029
f 3022/3022/3022 3029/3029/3029 3030/3030/3030
f 3022/3022/3022 3031/3031/3031 3023/3023/3023
f 3031/3031/3031 3022/3022/3022 3030/3030/3030
f 3023/3023/3023 3031/3031/3031 3032/3032/3032
f 3032/3032/3032 3031/3031/3031 3030/3030/3030
f 3033/3033/3033 3023/3023/3023 3032/3032/3032
f 3034/3034/3034 3033/3033/3033 3032/3032/3032
f 3035/3035/3035 3032/3032/3032 3030/3030/3030
f 3036/3036/3036 3034/3034/3034 3032/3032/3032
f 3036/3036/3036 3032/3032/3032 3035/3035/3035
f 3037/3037/3037 3036/3036/3036 3035/3035/3035
f 3040/3040/3040 3039/3039/3039 3038/3038/3038
f 3039/3039/3039 3041/3041/3041 3038/3038/3038
f 3041/3041/3041 3042/3042/3042 3038/3038/3038
f 3042/3042/3042 3043/3043/3043 3038/3038/3038
f 3041/3041/3041 3039/3039/3039 3044/3044/3044
f 3042/3042/3042 3041/3041/3041 3044/3044/3044
f 3039/3039/3039 3045/3045/3045 3044/3044/3044
f 3046/3046/3046 3042/3042/3042 3044/3044/3044
f 3042/3042/3042 3047/3047/3047 3043/3043/3043
f 3043/3043/3043 3047/3047/3047 3048/3048/3048
f 3047/3047/3047 3049/3049/3049 3048/3048/3048
f 3048/3048/3048 3049/3049/3049 3050/3050/3050
f 3046/3046/3046 3051/3051/3051 3042/3042/3042
f 3051/3051/3051 3046/3046/3046 3052/3052/3052
f 3046/3046/3046 3053/3053/3053 3052/3052/3052
f 3052/3052/3052 3053/3053/3053 3054/3054/3054
f 3042/3042/3042 3051/3051/3051 3055/3055/3055
f 3042/3042/3042 3055/3055/3055 3047/3047/3047
f 3051/3051/3051 3052/3052/3052 3055/3055/3055
f 3055/3055/3055 3056/3056/3056 3047/3047/3047
f 3056/3056/3056 3049/3049/3049 3047/3047/3047
f 3052/3052/3052 3056/3056/3056 3055/3055/3055
f 3057/3057/3057 3052/3052/3052 3054/3054/3054
f 3057/3057/3057 3054/3054/3054 3058/3058/3058
f 3059/3059/3059 3056/3056/3056 3052/3052/3052
f 3049/3049/3049 3056/3056/3056 3059/3059/3059
f 3057/3057/3057 3059/3059/3059 3052/3052/3052
f 3060/3060/3060 3057/3057/3057 3058/3058/3058
f 3057/3057/3057 3060/3060/3060 3059/3059/3059
f 3058/3058/3058 2296/2296/2296 3060/3060/3060
f 3061/3061/3061 3049/3049/3049 3059/3059/3059
f 3049/3049/3049 3061/3061/3061 3050/3050/3050
f 2296/2296/2296 3062/3062/3062 3060/3060/3060
f 2294/2294/2294 3062/3062/3062 2296/2296/2296
f 3060/3060/3060 3063/3063/3063 3059/3059/3059
f 3059/3059/3059 3063/3063/3063 3061/3061/3061
f 3060/3060/3060 3062/3062/3062 3063/3063/3063
f 3061/3061/3061 3064/3064/3064 3050/3050/3050
f 3063/3063/3063 3064/3064/3064 3061/3061/3061
f 3064/3064/3064 3065/3065/3065 3050/3050/3050
f 3065/3065/3065 3064/3064/3064 3066/3066/3066
f 3062/3062/3062 2294/2294/2294 3067/3067/3067
f 2292/2292/2292 3067/3067/3067 2294/2294/2294
f 3064/3064/3064 3063/3063/3063 3068/3068/3068
f 3064/3064/3064 3068/3068/3068 3066/3066/3066
f 3062/3062/3062 3069/3069/3069 3063/3063/3063
f 3062/3062/3062 3067/3067/3067 3069/3069/3069
f 3063/3063/3063 3069/3069/3069 3068/3068/3068
f 3068/3068/3068 3069/3069/3069 3067/3067/3067
f 3066/3066/3066 3068/3068/3068 3070/3070/3070
f 3068/3068/3068 3067/3067/3067 3070/3070/3070
f 3070/3070/3070 3067/3067/3067 2292/2292/2292
f 3066/3066/3066 3070/3070/3070 3071/3071/3071
f 3072/3072/3072 3071/3071/3071 3070/3070/3070
f 3070/3070/3070 3073/3073/3073 3072/3072/3072
f 3070/3070/3070 2292/2292/2292 3073/3073/3073
f 2292/2292/2292 3074/3074/3074 3073/3073/3073
f 3075/3075/3075 3072/3072/3072 3073/3073/3073
f 3075/3075/3075 3073/3073/3073 3074/3074/3074
f 3075/3075/3075 3074/3074/3074 3076/3076/3076
f 3077/3077/3077 3076/3076/3076 3074/3074/3074
f 2292/2292/2292 3078/3078/3078 3074/3074/3074
f 2292/2292/2292 2284/2284/2284 3078/3078/3078
f 2284/2284/2284 2290/2290/2290 3078/3078/3078
f 2290/2290/2290 3074/3074/3074 3078/3078/3078
f 3077/3077/3077 3074/3074/3074 3079/3079/3079
f 2290/2290/2290 3079/3079/3079 3074/3074/3074
f 3080/3080/3080 3077/3077/3077 3079/3079/3079
f 3079/3079/3079 2290/2290/2290 2279/2279/2279
f 3079/3079/3079 3081/3081/3081 3080/3080/3080
f 3079/3079/3079 2279/2279/2279 3081/3081/3081
f 3082/3082/3082 3080/3080/3080 3081/3081/3081
f 3081/3081/3081 2381/2381/2381 3082/3082/3082
f 3081/3081/3081 2385/2385/2385 2381/2381/2381
f 2385/2385/2385 3081/3081/3081 2279/2279/2279
f 2385/2385/2385 2279/2279/2279 3083/3083/3083
f 2385/2385/2385 3083/3083/3083 2273/2273/2273
f 2279/2279/2279 2275/2275/2275 3083/3083/3083
f 2273/2273/2273 3083/3083/3083 2275/2275/2275
f 3086/3086/3086 3085/3085/3085 3084/3084/3084
f 3085/3085/3085 3087/3087/3087 3084/3084/3084
f 3084/3084/3084 3087/3087/3087 3088/3088/3088
f 3087/3087/3087 3085/3085/3085 3089/3089/3089
f 3090/3090/3090 3087/3087/3087 3089/3089/3089
f 3088/3088/3088 3087/3087/3087 3090/3090/3090
f 3089/3089/3089 3091/3091/3091 3090/3090/3090
f 3091/3091/3091 3092/3092/3092 3090/3090/3090
f 3092/3092/3092 3091/3091/3091 2218/2218/2218
f 2220/2220/2220 3092/3092/3092 2218/2218/2218
f 2231/2231/2231 3092/3092/3092 2220/2220/2220
f 3092/3092/3092 3093/3093/3093 3090/3090/3090
f 3092/3092/3092 2231/2231/2231 3093/3093/3093
f 3093/3093/3093 3088/3088/3088 3090/3090/3090
f 3093/3093/3093 2231/2231/2231 3094/3094/3094
f 3093/3093/3093 3094/3094/3094 3088/3088/3088
f 2231/2231/2231 2232/2232/2232 3094/3094/3094
f 2232/2232/2232 3095/3095/3095 3094/3094/3094
f 3096/3096/3096 3094/3094/3094 3095/3095/3095
f 3094/3094/3094 3096/3096/3096 3088/3088/3088
f 3097/3097/3097 3096/3096/3096 3095/3095/3095
f 3096/3096/3096 3097/3097/3097 3098/3098/3098
f 3099/3099/3099 3096/3096/3096 3098/3098/3098
f 3096/3096/3096 3099/3099/3099 3088/3088/3088
f 3099/3099/3099 3100/3100/3100 3088/3088/3088
f 3100/3100/3100 3084/3084/3084 3088/3088/3088
f 3100/3100/3100 3099/3099/3099 3101/3101/3101
f 3084/3084/3084 3100/3100/3100 3101/3101/3101
f 3099/3099/3099 3102/3102/3102 3101/3101/3101
f 3103/3103/3103 3084/3084/3084 3101/3101/3101
f 3106/3106/3106 3105/3105/3105 3104/3104/3104
f 3105/3105/3105 3107/3107/3107 3104/3104/3104
f 3108/3108/3108 3104/3104/3104 3107/3107/3107
f 3111/3111/3111 3110/3110/3110 3109/3109/3109
f 3111/3111/3111 3112/3112/3112 3110/3110/3110
f 3110/3110/3110 3112/3112/3112 3113/3113/3113
f 3116/3116/3116 3115/3115/3115 3114/3114/3114
f 3116/3116/3116 3114/3114/3114 3117/3117/3117
f 3118/3118/3118 3117/3117/3117 3114/3114/3114
f 3118/3118/3118 3114/3114/3114 3119/3119/3119
f 3122/3122/3122 3121/3121/3121 3120/3120/3120
f 3121/3121/3121 3123/3123/3123 3120/3120/3120
f 3123/3123/3123 3121/3121/3121 3124/3124/3124
f 3123/3123/3123 3124/3124/3124 3125/3125/3125
f 3126/3126/3126 3125/3125/3125 3124/3124/3124
f 3126/3126/3126 3124/3124/3124 3127/3127/3127
f 3130/3130/3130 3129/3129/3129 3128/3128/3128
f 3130/3130/3130 3131/3131/3131 3129/3129/3129
f 3130/3130/3130 3132/3132/3132 3131/3131/3131
f 3133/3133/3133 2776/2776/2776 2783/2783/2783
f 3133/3133/3133 2786/2786/2786 2776/2776/2776
f 3133/3133/3133 2783/2783/2783 3134/3134/3134
f 2783/2783/2783 3135/3135/3135 3134/3134/3134
f 2778/2778/2778 3135/3135/3135 2783/2783/2783
f 3135/3135/3135 2778/2778/2778 2784/2784/2784
f 3133/3133/3133 3136/3136/3136 2786/2786/2786
f 3134/3134/3134 3137/3137/3137 3133/3133/3133
f 3133/3133/3133 3137/3137/3137 3136/3136/3136
f 2786/2786/2786 3136/3136/3136 2536/2536/2536
f 2536/2536/2536 3138/3138/3138 2786/2786/2786
f 3138/3138/3138 2782/2782/2782 2786/2786/2786
f 2517/2517/2517 3138/3138/3138 2536/2536/2536
f 2536/2536/2536 3136/3136/3136 2534/2534/2534
f 2517/2517/2517 3139/3139/3139 3138/3138/3138
f 2782/2782/2782 3138/3138/3138 3139/3139/3139
f 3139/3139/3139 2517/2517/2517 2523/2523/2523
f 3140/3140/3140 2782/2782/2782 3139/3139/3139
f 3140/3140/3140 3139/3139/3139 2523/2523/2523
f 2511/2511/2511 2782/2782/2782 3140/3140/3140
f 2511/2511/2511 3140/3140/3140 2523/2523/2523
f 2534/2534/2534 3136/3136/3136 3141/3141/3141
f 2534/2534/2534 3141/3141/3141 2579/2579/2579
f 3141/3141/3141 3136/3136/3136 3142/3142/3142
f 3141/3141/3141 3142/3142/3142 2579/2579/2579
f 3136/3136/3136 3137/3137/3137 3142/3142/3142
f 3142/3142/3142 2574/2574/2574 2579/2579/2579
f 3137/3137/3137 2574/2574/2574 3142/3142/3142
f 3137/3137/3137 2609/2609/2609 2574/2574/2574
f 2609/2609/2609 3137/3137/3137 3134/3134/3134
f 3134/3134/3134 3143/3143/3143 2609/2609/2609
f 3143/3143/3143 2608/2608/2608 2609/2609/2609
f 3143/3143/3143 3134/3134/3134 3144/3144/3144
f 3135/3135/3135 3144/3144/3144 3134/3134/3134
f 3145/3145/3145 3144/3144/3144 3135/3135/3135
f 3143/3143/3143 3146/3146/3146 2608/2608/2608
f 3146/3146/3146 2637/2637/2637 2608/2608/2608
f 3146/3146/3146 3147/3147/3147 2637/2637/2637
f 3146/3146/3146 3143/3143/3143 3147/3147/3147
f 3147/3147/3147 2632/2632/2632 2637/2637/2637
f 3148/3148/3148 3143/3143/3143 3144/3144/3144
f 3143/3143/3143 3148/3148/3148 3147/3147/3147
f 3148/3148/3148 2632/2632/2632 3147/3147/3147
f 3145/3145/3145 3148/3148/3148 3144/3144/3144
f 3148/3148/3148 2667/2667/2667 2632/2632/2632
f 2667/2667/2667 3148/3148/3148 3145/3145/3145
f 3149/3149/3149 3145/3145/3145 3135/3135/3135
f 3135/3135/3135 2784/2784/2784 3149/3149/3149
f 2784/2784/2784 3150/3150/3150 3149/3149/3149
f 3149/3149/3149 3151/3151/3151 3145/3145/3145
f 3149/3149/3149 3150/3150/3150 3151/3151/3151
f 2784/2784/2784 3152/3152/3152 3150/3150/3150
f 2784/2784/2784 2785/2785/2785 3152/3152/3152
f 3152/3152/3152 2785/2785/2785 3153/3153/3153
f 3150/3150/3150 3152/3152/3152 3153/3153/3153
f 3150/3150/3150 3153/3153/3153 3154/3154/3154
f 3155/3155/3155 3150/3150/3150 3154/3154/3154
f 3150/3150/3150 3155/3155/3155 3151/3151/3151
f 3155/3155/3155 3154/3154/3154 3156/3156/3156
f 3155/3155/3155 3156/3156/3156 3157/3157/3157
f 3158/3158/3158 3155/3155/3155 3157/3157/3157
f 3158/3158/3158 3151/3151/3151 3155/3155/3155
f 3158/3158/3158 3157/3157/3157 2676/2676/2676
f 2684/2684/2684 3158/3158/3158 2676/2676/2676
f 3158/3158/3158 3159/3159/3159 3151/3151/3151
f 2684/2684/2684 3159/3159/3159 3158/3158/3158
f 3160/3160/3160 3145/3145/3145 3151/3151/3151
f 3160/3160/3160 3151/3151/3151 3159/3159/3159
f 3161/3161/3161 3159/3159/3159 2684/2684/2684
f 3161/3161/3161 3160/3160/3160 3159/3159/3159
f 3160/3160/3160 3162/3162/3162 3145/3145/3145
f 3162/3162/3162 2667/2667/2667 3145/3145/3145
f 3163/3163/3163 3162/3162/3162 3160/3160/3160
f 3163/3163/3163 2667/2667/2667 3162/3162/3162
f 3163/3163/3163 3160/3160/3160 3161/3161/3161
f 3163/3163/3163 2666/2666/2666 2667/2667/2667
f 3161/3161/3161 2684/2684/2684 3164/3164/3164
f 3163/3163/3163 3161/3161/3161 3164/3164/3164
f 3163/3163/3163 3164/3164/3164 2666/2666/2666
f 2665/2665/2665 3164/3164/3164 2684/2684/2684
f 2666/2666/2666 3164/3164/3164 2665/2665/2665
f 3167/3167/3167 3166/3166/3166 3165/3165/3165
f 3165/3165/3165 3166/3166/3166 3168/3168/3168
f 3166/3166/3166 3169/3169/3169 3168/3168/3168
f 3168/3168/3168 3169/3169/3169 3170/3170/3170
f 3169/3169/3169 3171/3171/3171 3170/3170/3170
f 3170/3170/3170 3171/3171/3171 3172/3172/3172
f 3171/3171/3171 3173/3173/3173 3172/3172/3172
f 3174/3174/3174 3172/3172/3172 3173/3173/3173
f 3175/3175/3175 3174/3174/3174 3173/3173/3173
f 3167/3167/3167 3176/3176/3176 3166/3166/3166
f 3177/3177/3177 3169/3169/3169 3166/3166/3166
f 3177/3177/3177 3166/3166/3166 3176/3176/3176
f 3171/3171/3171 3169/3169/3169 3178/3178/3178
f 3177/3177/3177 3178/3178/3178 3169/3169/3169
f 3179/3179/3179 3173/3173/3173 3171/3171/3171
f 3171/3171/3171 3178/3178/3178 3179/3179/3179
f 3173/3173/3173 3180/3180/3180 3175/3175/3175
f 3179/3179/3179 3180/3180/3180 3173/3173/3173
f 3175/3175/3175 3180/3180/3180 3181/3181/3181
f 3175/3175/3175 3181/3181/3181 3182/3182/3182
f 3183/3183/3183 3182/3182/3182 3181/3181/3181
f 3184/3184/3184 3180/3180/3180 3179/3179/3179
f 3184/3184/3184 3181/3181/3181 3180/3180/3180
f 3183/3183/3183 3181/3181/3181 3185/3185/3185
f 3185/3185/3185 3181/3181/3181 3184/3184/3184
f 3185/3185/3185 3186/3186/3186 3183/3183/3183
f 3185/3185/3185 3187/3187/3187 3186/3186/3186
f 3188/3188/3188 3187/3187/3187 3185/3185/3185
f 3188/3188/3188 3185/3185/3185 3189/3189/3189
f 3189/3189/3189 3185/3185/3185 3184/3184/3184
f 3184/3184/3184 3190/3190/3190 3189/3189/3189
f 3191/3191/3191 3188/3188/3188 3189/3189/3189
f 3179/3179/3179 3192/3192/3192 3184/3184/3184
f 3184/3184/3184 3192/3192/3192 3190/3190/3190
f 3179/3179/3179 3178/3178/3178 3192/3192/3192
f 3191/3191/3191 3189/3189/3189 3193/3193/3193
f 3190/3190/3190 3193/3193/3193 3189/3189/3189
f 3193/3193/3193 3194/3194/3194 3191/3191/3191
f 3178/3178/3178 3195/3195/3195 3192/3192/3192
f 3192/3192/3192 3195/3195/3195 3190/3190/3190
f 3178/3178/3178 3177/3177/3177 3195/3195/3195
f 3196/3196/3196 3194/3194/3194 3193/3193/3193
f 3196/3196/3196 3197/3197/3197 3194/3194/3194
f 3197/3197/3197 3196/3196/3196 3198/3198/3198
f 3199/3199/3199 3196/3196/3196 3193/3193/3193
f 3190/3190/3190 3199/3199/3199 3193/3193/3193
f 3196/3196/3196 3200/3200/3200 3198/3198/3198
f 3200/3200/3200 3196/3196/3196 3199/3199/3199
f 3201/3201/3201 3199/3199/3199 3190/3190/3190
f 3201/3201/3201 3200/3200/3200 3199/3199/3199
f 3198/3198/3198 3200/3200/3200 3202/3202/3202
f 3202/3202/3202 3200/3200/3200 3201/3201/3201
f 3198/3198/3198 3202/3202/3202 3203/3203/3203
f 3201/3201/3201 3190/3190/3190 3204/3204/3204
f 3195/3195/3195 3204/3204/3204 3190/3190/3190
f 3202/3202/3202 3201/3201/3201 3204/3204/3204
f 3203/3203/3203 3202/3202/3202 3205/3205/3205
f 3203/3203/3203 3205/3205/3205 3206/3206/3206
f 3207/3207/3207 3206/3206/3206 3205/3205/3205
f 3208/3208/3208 3202/3202/3202 3204/3204/3204
f 3202/3202/3202 3208/3208/3208 3205/3205/3205
f 3207/3207/3207 3205/3205/3205 3209/3209/3209
f 3209/3209/3209 3205/3205/3205 3208/3208/3208
f 3210/3210/3210 3207/3207/3207 3209/3209/3209
f 3211/3211/3211 3204/3204/3204 3195/3195/3195
f 3204/3204/3204 3211/3211/3211 3208/3208/3208
f 3208/3208/3208 3212/3212/3212 3209/3209/3209
f 3211/3211/3211 3212/3212/3212 3208/3208/3208
f 3211/3211/3211 3195/3195/3195 3213/3213/3213
f 3195/3195/3195 3177/3177/3177 3213/3213/3213
f 3214/3214/3214 3212/3212/3212 3211/3211/3211
f 3214/3214/3214 3211/3211/3211 3213/3213/3213
f 3215/3215/3215 3212/3212/3212 3214/3214/3214
f 3216/3216/3216 3209/3209/3209 3212/3212/3212
f 3216/3216/3216 3212/3212/3212 3215/3215/3215
f 3210/3210/3210 3209/3209/3209 3217/3217/3217
f 3217/3217/3217 3209/3209/3209 3216/3216/3216
f 3177/3177/3177 3218/3218/3218 3213/3213/3213
f 3218/3218/3218 3177/3177/3177 3176/3176/3176
f 3218/3218/3218 3219/3219/3219 3213/3213/3213
f 3219/3219/3219 3218/3218/3218 3176/3176/3176
f 3219/3219/3219 3214/3214/3214 3213/3213/3213
f 3217/3217/3217 3220/3220/3220 3210/3210/3210
f 3220/3220/3220 3221/3221/3221 3210/3210/3210
f 3221/3221/3221 3220/3220/3220 3222/3222/3222
f 3217/3217/3217 3216/3216/3216 3223/3223/3223
f 3220/3220/3220 3217/3217/3217 3223/3223/3223
f 3216/3216/3216 3215/3215/3215 3223/3223/3223
f 3222/3222/3222 3220/3220/3220 3224/3224/3224
f 3220/3220/3220 3223/3223/3223 3224/3224/3224
f 3224/3224/3224 3223/3223/3223 3215/3215/3215
f 3222/3222/3222 3224/3224/3224 3225/3225/3225
f 3225/3225/3225 3224/3224/3224 3226/3226/3226
f 3224/3224/3224 3215/3215/3215 3226/3226/3226
f 3225/3225/3225 3226/3226/3226 3227/3227/3227
f 3228/3228/3228 3227/3227/3227 3226/3226/3226
f 3228/3228/3228 3229/3229/3229 3227/3227/3227
f 3230/3230/3230 3229/3229/3229 3228/3228/3228
f 3230/3230/3230 3228/3228/3228 3231/3231/3231
f 3215/3215/3215 3232/3232/3232 3226/3226/3226
f 3228/3228/3228 3226/3226/3226 3232/3232/3232
f 3231/3231/3231 3228/3228/3228 3233/3233/3233
f 3233/3233/3233 3228/3228/3228 3232/3232/3232
f 3231/3231/3231 3233/3233/3233 3234/3234/3234
f 3235/3235/3235 3234/3234/3234 3233/3233/3233
f 3235/3235/3235 3233/3233/3233 3236/3236/3236
f 3236/3236/3236 3233/3233/3233 3232/3232/3232
f 3215/3215/3215 3237/3237/3237 3232/3232/3232
f 3237/3237/3237 3215/3215/3215 3214/3214/3214
f 3235/3235/3235 3236/3236/3236 3238/3238/3238
f 3239/3239/3239 3235/3235/3235 3238/3238/3238
f 3239/3239/3239 3238/3238/3238 3240/3240/3240
f 3241/3241/3241 3240/3240/3240 3238/3238/3238
f 3236/3236/3236 3232/3232/3232 3242/3242/3242
f 3237/3237/3237 3242/3242/3242 3232/3232/3232
f 3238/3238/3238 3236/3236/3236 3242/3242/3242
f 3214/3214/3214 3243/3243/3243 3237/3237/3237
f 3237/3237/3237 3243/3243/3243 3242/3242/3242
f 3214/3214/3214 3219/3219/3219 3243/3243/3243
f 3244/3244/3244 3241/3241/3241 3238/3238/3238
f 3238/3238/3238 3242/3242/3242 3244/3244/3244
f 3243/3243/3243 3244/3244/3244 3242/3242/3242
f 3245/3245/3245 3241/3241/3241 3244/3244/3244
f 3243/3243/3243 3246/3246/3246 3244/3244/3244
f 3246/3246/3246 3245/3245/3245 3244/3244/3244
f 3246/3246/3246 3243/3243/3243 3219/3219/3219
f 3247/3247/3247 3245/3245/3245 3246/3246/3246
f 3246/3246/3246 3219/3219/3219 3248/3248/3248
f 3248/3248/3248 3247/3247/3247 3246/3246/3246
f 3248/3248/3248 3219/3219/3219 3176/3176/3176
f 3247/3247/3247 3248/3248/3248 3167/3167/3167
f 3248/3248/3248 3176/3176/3176 3167/3167/3167
f 3251/3251/3251 3250/3250/3250 3249/3249/3249
f 3251/3251/3251 3252/3252/3252 3250/3250/3250
f 3249/3249/3249 3250/3250/3250 3253/3253/3253
f 3249/3249/3249 3253/3253/3253 3254/3254/3254
f 3255/3255/3255 3250/3250/3250 3252/3252/3252
f 3255/3255/3255 3252/3252/3252 3256/3256/3256
f 3254/3254/3254 3253/3253/3253 3257/3257/3257
f 3254/3254/3254 3257/3257/3257 3258/3258/3258
f 3250/3250/3250 3259/3259/3259 3253/3253/3253
f 3250/3250/3250 3255/3255/3255 3259/3259/3259
f 3256/3256/3256 3260/3260/3260 3255/3255/3255
f 3256/3256/3256 3261/3261/3261 3260/3260/3260
f 3258/3258/3258 3257/3257/3257 3262/3262/3262
f 3258/3258/3258 3262/3262/3262 3263/3263/3263
f 3264/3264/3264 3257/3257/3257 3253/3253/3253
f 3264/3264/3264 3253/3253/3253 3259/3259/3259
f 3255/3255/3255 3265/3265/3265 3259/3259/3259
f 3255/3255/3255 3260/3260/3260 3265/3265/3265
f 3261/3261/3261 3266/3266/3266 3260/3260/3260
f 3261/3261/3261 3267/3267/3267 3266/3266/3266
f 3263/3263/3263 3262/3262/3262 3268/3268/3268
f 3263/3263/3263 3268/3268/3268 3269/3269/3269
f 3270/3270/3270 3269/3269/3269 3268/3268/3268
f 3271/3271/3271 3262/3262/3262 3257/3257/3257
f 3271/3271/3271 3257/3257/3257 3264/3264/3264
f 3272/3272/3272 3268/3268/3268 3262/3262/3262
f 3272/3272/3272 3262/3262/3262 3271/3271/3271
f 3270/3270/3270 3268/3268/3268 3273/3273/3273
f 3272/3272/3272 3273/3273/3273 3268/3268/3268
f 3273/3273/3273 3274/3274/3274 3270/3270/3270
f 3273/3273/3273 3275/3275/3275 3274/3274/3274
f 3275/3275/3275 3276/3276/3276 3274/3274/3274
f 3272/3272/3272 3277/3277/3277 3273/3273/3273
f 3275/3275/3275 3273/3273/3273 3277/3277/3277
f 3275/3275/3275 3278/3278/3278 3276/3276/3276
f 3278/3278/3278 3279/3279/3279 3276/3276/3276
f 3272/3272/3272 3271/3271/3271 3280/3280/3280
f 3272/3272/3272 3280/3280/3280 3277/3277/3277
f 3271/3271/3271 3281/3281/3281 3280/3280/3280
f 3271/3271/3271 3282/3282/3282 3281/3281/3281
f 3280/3280/3280 3283/3283/3283 3277/3277/3277
f 3282/3282/3282 3271/3271/3271 3264/3264/3264
f 3282/3282/3282 3264/3264/3264 3284/3284/3284
f 3264/3264/3264 3285/3285/3285 3284/3284/3284
f 3264/3264/3264 3259/3259/3259 3285/3285/3285
f 3259/3259/3259 3286/3286/3286 3285/3285/3285
f 3265/3265/3265 3286/3286/3286 3259/3259/3259
f 3283/3283/3283 3287/3287/3287 3277/3277/3277
f 3265/3265/3265 3288/3288/3288 3286/3286/3286
f 3289/3289/3289 3277/3277/3277 3287/3287/3287
f 3289/3289/3289 3287/3287/3287 3290/3290/3290
f 3275/3275/3275 3277/3277/3277 3289/3289/3289
f 3291/3291/3291 3289/3289/3289 3290/3290/3290
f 3289/3289/3289 3278/3278/3278 3275/3275/3275
f 3288/3288/3288 3265/3265/3265 3292/3292/3292
f 3288/3288/3288 3292/3292/3292 3293/3293/3293
f 3260/3260/3260 3292/3292/3292 3265/3265/3265
f 3292/3292/3292 3294/3294/3294 3293/3293/3293
f 3260/3260/3260 3266/3266/3266 3292/3292/3292
f 3291/3291/3291 3295/3295/3295 3289/3289/3289
f 3289/3289/3289 3295/3295/3295 3278/3278/3278
f 3296/3296/3296 3295/3295/3295 3291/3291/3291
f 3292/3292/3292 3297/3297/3297 3294/3294/3294
f 3266/3266/3266 3297/3297/3297 3292/3292/3292
f 3297/3297/3297 3298/3298/3298 3294/3294/3294
f 3297/3297/3297 3266/3266/3266 3299/3299/3299
f 3298/3298/3298 3297/3297/3297 3299/3299/3299
f 3267/3267/3267 3299/3299/3299 3266/3266/3266
f 3300/3300/3300 3298/3298/3298 3299/3299/3299
f 3267/3267/3267 3301/3301/3301 3299/3299/3299
f 3300/3300/3300 3299/3299/3299 3302/3302/3302
f 3299/3299/3299 3301/3301/3301 3302/3302/3302
f 3303/3303/3303 3278/3278/3278 3295/3295/3295
f 3278/3278/3278 3303/3303/3303 3279/3279/3279
f 3304/3304/3304 3279/3279/3279 3303/3303/3303
f 3304/3304/3304 3303/3303/3303 3305/3305/3305
f 3305/3305/3305 3303/3303/3303 3306/3306/3306
f 3303/3303/3303 3295/3295/3295 3306/3306/3306
f 3305/3305/3305 3306/3306/3306 3307/3307/3307
f 3308/3308/3308 3306/3306/3306 3295/3295/3295
f 3308/3308/3308 3295/3295/3295 3296/3296/3296
f 3308/3308/3308 3296/3296/3296 3309/3309/3309
f 3307/3307/3307 3306/3306/3306 3310/3310/3310
f 3308/3308/3308 3310/3310/3310 3306/3306/3306
f 3307/3307/3307 3310/3310/3310 3311/3311/3311
f 3312/3312/3312 3308/3308/3308 3309/3309/3309
f 3312/3312/3312 3310/3310/3310 3308/3308/3308
f 3312/3312/3312 3309/3309/3309 3313/3313/3313
f 3312/3312/3312 3313/3313/3313 3314/3314/3314
f 3311/3311/3311 3310/3310/3310 3315/3315/3315
f 3312/3312/3312 3315/3315/3315 3310/3310/3310
f 3311/3311/3311 3315/3315/3315 3316/3316/3316
f 3312/3312/3312 3314/3314/3314 3317/3317/3317
f 3317/3317/3317 3315/3315/3315 3312/3312/3312
f 3318/3318/3318 3317/3317/3317 3314/3314/3314
f 3316/3316/3316 3315/3315/3315 3319/3319/3319
f 3315/3315/3315 3317/3317/3317 3319/3319/3319
f 3319/3319/3319 3317/3317/3317 3318/3318/3318
f 3316/3316/3316 3319/3319/3319 3320/3320/3320
f 3319/3319/3319 3318/3318/3318 3321/3321/3321
f 3320/3320/3320 3319/3319/3319 3322/3322/3322
f 3319/3319/3319 3321/3321/3321 3322/3322/3322
f 3325/3325/3325 3324/3324/3324 3323/3323/3323
f 3326/3326/3326 3325/3325/3325 3323/3323/3323
f 3326/3326/3326 3323/3323/3323 3327/3327/3327
f 3323/3323/3323 3328/3328/3328 3327/3327/3327
f 3324/3324/3324 3329/3329/3329 3323/3323/3323
f 3330/3330/3330 3328/3328/3328 3323/3323/3323
f 3329/3329/3329 3331/3331/3331 3323/3323/3323
f 3331/3331/3331 3329/3329/3329 3332/3332/3332
f 3331/3331/3331 3332/3332/3332 3333/3333/3333
f 3331/3331/3331 3333/3333/3333 3323/3323/3323
f 3333/3333/3333 3332/3332/3332 3334/3334/3334
f 3335/3335/3335 3333/3333/3333 3334/3334/3334
f 3323/3323/3323 3333/3333/3333 3335/3335/3335
f 3335/3335/3335 3334/3334/3334 3336/3336/3336
f 3335/3335/3335 3336/3336/3336 3323/3323/3323
f 3336/3336/3336 3334/3334/3334 3337/3337/3337
f 3330/3330/3330 3338/3338/3338 3337/3337/3337
f 3338/3338/3338 3330/3330/3330 3323/3323/3323
f 3336/3336/3336 3338/3338/3338 3323/3323/3323
f 3338/3338/3338 3336/3336/3336 3337/3337/3337
f 3341/3341/3341 3340/3340/3340 3339/3339/3339
f 3342/3342/3342 3341/3341/3341 3339/3339/3339
f 3342/3342/3342 3339/3339/3339 3343/3343/3343
f 3339/3339/3339 3344/3344/3344 3343/3343/3343
f 3340/3340/3340 3345/3345/3345 3339/3339/3339
f 3346/3346/3346 3344/3344/3344 3339/3339/3339
f 3345/3345/3345 3347/3347/3347 3339/3339/3339
f 3347/3347/3347 3345/3345/3345 3348/3348/3348
f 3347/3347/3347 3348/3348/3348 3349/3349/3349
f 3347/3347/3347 3349/3349/3349 3339/3339/3339
f 3349/3349/3349 3348/3348/3348 3350/3350/3350
f 3351/3351/3351 3349/3349/3349 3350/3350/3350
f 3339/3339/3339 3349/3349/3349 3351/3351/3351
f 3351/3351/3351 3350/3350/3350 3352/3352/3352
f 3351/3351/3351 3352/3352/3352 3339/3339/3339
f 3352/3352/3352 3350/3350/3350 3353/3353/3353
f 3346/3346/3346 3354/3354/3354 3353/3353/3353
f 3354/3354/3354 3346/3346/3346 3339/3339/3339
f 3352/3352/3352 3354/3354/3354 3339/3339/3339
f 3354/3354/3354 3352/3352/3352 3353/3353/3353
f 3357/3357/3357 3356/3356/3356 3355/3355/3355
f 3358/3358/3358 3357/3357/3357 3355/3355/3355
f 3358/3358/3358 3355/3355/3355 3359/3359/3359
f 3355/3355/3355 3360/3360/3360 3359/3359/3359
f 3356/3356/3356 3361/3361/3361 3355/3355/3355
f 3362/3362/3362 3360/3360/3360 3355/3355/3355
f 3361/3361/3361 3363/3363/3363 3355/3355/3355
f 3363/3363/3363 3361/3361/3361 3364/3364/3364
f 3363/3363/3363 3364/3364/3364 3365/3365/3365
f 3363/3363/3363 3365/3365/3365 3355/3355/3355
f 3365/3365/3365 3364/3364/3364 3366/3366/3366
f 3367/3367/3367 3365/3365/3365 3366/3366/3366
f 3355/3355/3355 3365/3365/3365 3367/3367/3367
f 3367/3367/3367 3366/3366/3366 3368/3368/3368
f 3367/3367/3367 3368/3368/3368 3355/3355/3355
f 3368/3368/3368 3366/3366/3366 3369/3369/3369
f 3362/3362/3362 3370/3370/3370 3369/3369/3369
f 3370/3370/3370 3362/3362/3362 3355/3355/3355
f 3368/3368/3368 3370/3370/3370 3355/3355/3355
f 3370/3370/3370 3368/3368/3368 3369/3369/3369
f 3373/3373/3373 3372/3372/3372 3371/3371/3371
f 3374/3374/3374 3373/3373/3373 3371/3371/3371
f 3374/3374/3374 3371/3371/3371 3375/3375/3375
f 3371/3371/3371 3376/3376/3376 3375/3375/3375
f 3372/3372/3372 3377/3377/3377 3371/3371/3371
f 3378/3378/3378 3376/3376/3376 3371/3371/3371
f 3377/3377/3377 3379/3379/3379 3371/3371/3371
f 3379/3379/3379 3377/3377/3377 3380/3380/3380
f 3379/3379/3379 3380/3380/3380 3381/3381/3381
f 3379/3379/3379 3381/3381/3381 3371/3371/3371
f 3381/3381/3381 3380/3380/3380 3382/3382/3382
f 3383/3383/3383 3381/3381/3381 3382/3382/3382
f 3371/3371/3371 3381/3381/3381 3383/3383/3383
f 3383/3383/3383 3382/3382/3382 3384/3384/3384
f 3383/3383/3383 3384/3384/3384 3371/3371/3371
f 3384/3384/3384 3382/3382/3382 3385/3385/3385
f 3378/3378/3378 3386/3386/3386 3385/3385/3385
f 3386/3386/3386 3378/3378/3378 3371/3371/3371
f 3384/3384/3384 3386/3386/3386 3371/3371/3371
f 3386/3386/3386 3384/3384/3384 3385/3385/3385
f 3389/3389/3389 3388/3388/3388 3387/3387/3387
f 3388/3388/3388 3390/3390/3390 3387/3387/3387
f 3387/3387/3387 3390/3390/3390 3391/3391/3391
f 3392/3392/3392 3387/3387/3387 3391/3391/3391
f 3393/3393/3393 3389/3389/3389 3387/3387/3387
f 3392/3392/3392 3394/3394/3394 3387/3387/3387
f 3395/3395/3395 3393/3393/3393 3387/3387/3387
f 3393/3393/3393 3395/3395/3395 3396/3396/3396
f 3396/3396/3396 3395/3395/3395 3397/3397/3397
f 3397/3397/3397 3395/3395/3395 3387/3387/3387
f 3396/3396/3396 3397/3397/3397 3398/3398/3398
f 3397/3397/3397 3399/3399/3399 3398/3398/3398
f 3397/3397/3397 3387/3387/3387 3399/3399/3399
f 3398/3398/3398 3399/3399/3399 3400/3400/3400
f 3400/3400/3400 3399/3399/3399 3387/3387/3387
f 3398/3398/3398 3400/3400/3400 3401/3401/3401
f 3402/3402/3402 3394/3394/3394 3401/3401/3401
f 3394/3394/3394 3402/3402/3402 3387/3387/3387
f 3402/3402/3402 3400/3400/3400 3387/3387/3387
f 3400/3400/3400 3402/3402/3402 3401/3401/3401
f 3405/3405/3405 3404/3404/3404 3403/3403/3403
f 3404/3404/3404 3406/3406/3406 3403/3403/3403
f 3403/3403/3403 3406/3406/3406 3407/3407/3407
f 3408/3408/3408 3403/3403/3403 3407/3407/3407
f 3409/3409/3409 3405/3405/3405 3403/3403/3403
f 3408/3408/3408 3410/3410/3410 3403/3403/3403
f 3411/3411/3411 3409/3409/3409 3403/3403/3403
f 3409/3409/3409 3411/3411/3411 3412/3412/3412
f 3412/3412/3412 3411/3411/3411 3413/3413/3413
f 3413/3413/3413 3411/3411/3411 3403/3403/3403
f 3412/3412/3412 3413/3413/3413 3414/3414/3414
f 3413/3413/3413 3415/3415/3415 3414/3414/3414
f 3413/3413/3413 3403/3403/3403 3415/3415/3415
f 3414/3414/3414 3415/3415/3415 3416/3416/3416
f 3416/3416/3416 3415/3415/3415 3403/3403/3403
f 3414/3414/3414 3416/3416/3416 3417/3417/3417
f 3418/3418/3418 3410/3410/3410 3417/3417/3417
f 3410/3410/3410 3418/3418/3418 3403/3403/3403
f 3418/3418/3418 3416/3416/3416 3403/3403/3403
f 3416/3416/3416 3418/3418/3418 3417/3417/3417
f 3421/3421/3421 3420/3420/3420 3419/3419/3419
f 3420/3420/3420 3422/3422/3422 3419/3419/3419
f 3419/3419/3419 3422/3422/3422 3423/3423/3423
f 3424/3424/3424 3419/3419/3419 3423/3423/3423
f 3425/3425/3425 3421/3421/3421 3419/3419/3419
f 3424/3424/3424 3426/3426/3426 3419/3419/3419
f 3427/3427/3427 3425/3425/3425 3419/3419/3419
f 3425/3425/3425 3427/3427/3427 3428/3428/3428
f 3428/3428/3428 3427/3427/3427 3429/3429/3429
f 3429/3429/3429 3427/3427/3427 3419/3419/3419
f 3428/3428/3428 3429/3429/3429 3430/3430/3430
f 3429/3429/3429 3431/3431/3431 3430/3430/3430
f 3429/3429/3429 3419/3419/3419 3431/3431/3431
f 3430/3430/3430 3431/3431/3431 3432/3432/3432
f 3432/3432/3432 3431/3431/3431 3419/3419/3419
f 3430/3430/3430 3432/3432/3432 3433/3433/3433
f 3434/3434/3434 3426/3426/3426 3433/3433/3433
f 3426/3426/3426 3434/3434/3434 3419/3419/3419
f 3434/3434/3434 3432/3432/3432 3419/3419/3419
f 3432/3432/3432 3434/3434/3434 3433/3433/3433
f 3437/3437/3437 3436/3436/3436 3435/3435/3435
f 3436/3436/3436 3438/3438/3438 3435/3435/3435
f 3435/3435/3435 3438/3438/3438 3439/3439/3439
f 3440/3440/3440 3435/3435/3435 3439/3439/3439
f 3441/3441/3441 3437/3437/3437 3435/3435/3435
f 3440/3440/3440 3442/3442/3442 3435/3435/3435
f 3443/3443/3443 3441/3441/3441 3435/3435/3435
f 3441/3441/3441 3443/3443/3443 3444/3444/3444
f 3444/3444/3444 3443/3443/3443 3445/3445/3445
f 3445/3445/3445 3443/3443/3443 3435/3435/3435
f 3444/3444/3444 3445/3445/3445 3446/3446/3446
f 3445/3445/3445 3447/3447/3447 3446/3446/3446
f 3445/3445/3445 3435/3435/3435 3447/3447/3447
f 3446/3446/3446 3447/3447/3447 3448/3448/3448
f 3448/3448/3448 3447/3447/3447 3435/3435/3435
f 3446/3446/3446 3448/3448/3448 3449/3449/3449
f 3450/3450/3450 3442/3442/3442 3449/3449/3449
f 3442/3442/3442 3450/3450/3450 3435/3435/3435
f 3450/3450/3450 3448/3448/3448 3435/3435/3435
f 3448/3448/3448 3450/3450/3450 3449/3449/3449
